datetime_local,temperature_f,apparent_temperature_f,precipitation_inch,rain_inch,snowfall_inch,snow_depth_inch,weather_code,weather_description,wind_speed_mph,wind_gusts_mph,relative_humidity_pct,visibility_ft
2025-01-01T00:00,45.6,39.5,0.146,0.146,0.0,0.0,63,Moderate rain,10.7,22.4,94,
2025-01-01T01:00,46.9,41.8,0.035,0.035,0.0,0.0,53,Moderate drizzle,9.3,23.7,96,
2025-01-01T02:00,47.6,44.7,0.0,0.0,0.0,0.0,3,Overcast,4.8,18.1,97,
2025-01-01T03:00,48.0,45.1,0.0,0.0,0.0,0.0,3,Overcast,5.4,10.1,99,
2025-01-01T04:00,48.0,45.1,0.0,0.0,0.0,0.0,3,Overcast,5.5,10.3,98,
2025-01-01T05:00,47.0,43.5,0.0,0.0,0.0,0.0,3,Overcast,6.2,11.6,99,
2025-01-01T06:00,46.5,41.5,0.0,0.0,0.0,0.0,1,Mainly clear,9.1,18.1,97,
2025-01-01T07:00,43.9,38.5,0.0,0.0,0.0,0.0,1,Mainly clear,8.6,18.6,96,
2025-01-01T08:00,41.6,36.0,0.0,0.0,0.0,0.0,0,Clear sky,7.8,17.4,96,
2025-01-01T09:00,44.6,39.8,0.0,0.0,0.0,0.0,0,Clear sky,7.7,14.8,96,
2025-01-01T10:00,46.4,41.7,0.0,0.0,0.0,0.0,0,Clear sky,7.6,17.7,92,
2025-01-01T11:00,48.8,44.6,0.0,0.0,0.0,0.0,0,Clear sky,7.3,17.2,88,
2025-01-01T12:00,50.6,44.9,0.0,0.0,0.0,0.0,1,Mainly clear,9.6,22.6,76,
2025-01-01T13:00,51.7,45.6,0.0,0.0,0.0,0.0,2,Partly cloudy,9.8,22.6,69,
2025-01-01T14:00,51.2,43.8,0.0,0.0,0.0,0.0,3,Overcast,12.1,27.3,67,
2025-01-01T15:00,47.1,38.4,0.0,0.0,0.0,0.0,3,Overcast,14.1,32.0,71,
2025-01-01T16:00,43.7,34.2,0.0,0.0,0.0,0.0,2,Partly cloudy,14.4,34.4,70,
2025-01-01T17:00,42.2,32.8,0.004,0.004,0.0,0.0,51,Light drizzle,13.7,35.3,71,
2025-01-01T18:00,41.2,32.0,0.004,0.004,0.0,0.0,51,Light drizzle,12.8,31.3,71,
2025-01-01T19:00,40.6,31.2,0.0,0.0,0.0,0.0,0,Clear sky,12.7,28.9,67,
2025-01-01T20:00,40.2,30.5,0.0,0.0,0.0,0.0,0,Clear sky,12.7,28.9,63,
2025-01-01T21:00,41.1,31.1,0.0,0.0,0.0,0.0,0,Clear sky,13.1,29.3,58,
2025-01-01T22:00,40.0,29.6,0.0,0.0,0.0,0.0,0,Clear sky,13.2,30.0,54,
2025-01-01T23:00,38.8,28.7,0.0,0.0,0.0,0.0,0,Clear sky,12.2,29.8,53,
2025-01-02T00:00,38.1,28.3,0.0,0.0,0.0,0.0,0,Clear sky,11.6,27.3,56,
2025-01-02T01:00,37.5,27.9,0.0,0.0,0.0,0.0,0,Clear sky,11.4,25.9,60,
2025-01-02T02:00,36.7,26.7,0.0,0.0,0.0,0.0,0,Clear sky,12.0,26.8,58,
2025-01-02T03:00,35.9,26.0,0.0,0.0,0.0,0.0,0,Clear sky,11.7,27.1,61,
2025-01-02T04:00,35.3,25.8,0.0,0.0,0.0,0.0,0,Clear sky,11.1,26.4,65,
2025-01-02T05:00,35.1,25.7,0.0,0.0,0.0,0.0,1,Mainly clear,10.7,24.8,66,
2025-01-02T06:00,34.5,25.1,0.0,0.0,0.0,0.0,0,Clear sky,10.7,24.2,65,
2025-01-02T07:00,33.5,23.7,0.0,0.0,0.0,0.0,0,Clear sky,11.4,25.5,65,
2025-01-02T08:00,32.9,23.3,0.0,0.0,0.0,0.0,0,Clear sky,10.6,25.3,65,
2025-01-02T09:00,35.7,25.9,0.0,0.0,0.0,0.0,0,Clear sky,11.3,26.2,60,
2025-01-02T10:00,37.4,27.8,0.0,0.0,0.0,0.0,0,Clear sky,11.2,26.6,59,
2025-01-02T11:00,39.2,29.6,0.0,0.0,0.0,0.0,0,Clear sky,11.3,25.9,56,
2025-01-02T12:00,40.5,29.2,0.0,0.0,0.0,0.0,0,Clear sky,14.9,35.6,50,
2025-01-02T13:00,41.0,29.1,0.0,0.0,0.0,0.0,2,Partly cloudy,16.0,35.8,46,
2025-01-02T14:00,41.5,30.0,0.0,0.0,0.0,0.0,2,Partly cloudy,14.7,36.0,44,
2025-01-02T15:00,41.6,29.7,0.0,0.0,0.0,0.0,2,Partly cloudy,15.4,35.1,40,
2025-01-02T16:00,40.3,29.8,0.0,0.0,0.0,0.0,3,Overcast,12.2,38.7,44,
2025-01-02T17:00,38.3,27.4,0.0,0.0,0.0,0.0,3,Overcast,13.0,29.8,46,
2025-01-02T18:00,36.1,25.6,0.0,0.0,0.0,0.0,1,Mainly clear,12.1,30.0,50,
2025-01-02T19:00,35.2,25.0,0.0,0.0,0.0,0.0,2,Partly cloudy,11.3,27.5,52,
2025-01-02T20:00,34.5,24.5,0.0,0.0,0.0,0.0,1,Mainly clear,11.1,25.7,54,
2025-01-02T21:00,35.0,24.3,0.0,0.0,0.0,0.0,2,Partly cloudy,12.5,28.2,52,
2025-01-02T22:00,34.4,24.0,0.0,0.0,0.0,0.0,2,Partly cloudy,11.9,28.2,53,
2025-01-02T23:00,33.4,23.8,0.0,0.0,0.0,0.0,1,Mainly clear,10.0,26.6,57,
2025-01-03T00:00,32.5,23.3,0.0,0.0,0.0,0.0,0,Clear sky,9.1,22.1,60,
2025-01-03T01:00,31.7,22.2,0.0,0.0,0.0,0.0,0,Clear sky,9.9,21.5,60,
2025-01-03T02:00,30.9,20.8,0.0,0.0,0.0,0.0,0,Clear sky,10.8,24.2,57,
2025-01-03T03:00,30.5,20.3,0.0,0.0,0.0,0.0,0,Clear sky,10.7,25.5,57,
2025-01-03T04:00,30.2,20.3,0.0,0.0,0.0,0.0,0,Clear sky,10.2,24.4,58,
2025-01-03T05:00,29.8,20.1,0.0,0.0,0.0,0.0,0,Clear sky,9.6,22.8,59,
2025-01-03T06:00,29.5,20.3,0.0,0.0,0.0,0.0,0,Clear sky,8.5,21.5,60,
2025-01-03T07:00,29.2,20.4,0.0,0.0,0.0,0.0,0,Clear sky,7.7,19.2,62,
2025-01-03T08:00,28.9,20.4,0.0,0.0,0.0,0.0,0,Clear sky,7.1,17.2,65,
2025-01-03T09:00,31.2,23.0,0.0,0.0,0.0,0.0,0,Clear sky,6.7,14.8,62,
2025-01-03T10:00,33.0,24.5,0.0,0.0,0.0,0.0,0,Clear sky,7.6,20.1,59,
2025-01-03T11:00,34.4,25.5,0.0,0.0,0.0,0.0,0,Clear sky,8.6,20.6,56,
2025-01-03T12:00,36.0,25.9,0.0,0.0,0.0,0.0,1,Mainly clear,11.1,26.4,50,
2025-01-03T13:00,36.4,26.9,0.0,0.0,0.0,0.0,2,Partly cloudy,9.9,26.4,51,
2025-01-03T14:00,37.4,27.8,0.0,0.0,0.0,0.0,2,Partly cloudy,10.1,24.2,49,
2025-01-03T15:00,37.6,28.1,0.0,0.0,0.0,0.0,1,Mainly clear,9.8,24.4,49,
2025-01-03T16:00,37.9,28.3,0.0,0.0,0.0,0.0,3,Overcast,9.9,24.4,47,
2025-01-03T17:00,37.4,29.5,0.0,0.0,0.0,0.0,3,Overcast,6.5,25.1,52,
2025-01-03T18:00,36.0,28.2,0.0,0.0,0.0,0.0,3,Overcast,6.3,14.8,57,
2025-01-03T19:00,34.7,26.9,0.0,0.0,0.0,0.0,3,Overcast,6.4,14.1,60,
2025-01-03T20:00,33.4,25.8,0.0,0.0,0.0,0.0,3,Overcast,5.9,14.3,63,
2025-01-03T21:00,30.7,23.2,0.0,0.0,0.0,0.0,1,Mainly clear,5.5,12.5,67,
2025-01-03T22:00,30.0,22.1,0.0,0.0,0.0,0.0,3,Overcast,6.3,13.9,67,
2025-01-03T23:00,29.6,21.5,0.0,0.0,0.0,0.0,0,Clear sky,6.3,14.1,66,
2025-01-04T00:00,29.3,20.8,0.0,0.0,0.0,0.0,0,Clear sky,7.2,15.7,65,
2025-01-04T01:00,28.9,19.9,0.0,0.0,0.0,0.0,0,Clear sky,8.4,18.3,63,
2025-01-04T02:00,28.9,19.4,0.0,0.0,0.0,0.0,0,Clear sky,9.1,20.4,58,
2025-01-04T03:00,28.5,19.0,0.0,0.0,0.0,0.0,3,Overcast,9.0,20.8,59,
2025-01-04T04:00,29.1,19.6,0.0,0.0,0.0,0.0,3,Overcast,9.2,21.0,59,
2025-01-04T05:00,29.7,19.7,0.0,0.0,0.0,0.0,2,Partly cloudy,9.9,22.6,54,
2025-01-04T06:00,28.8,18.1,0.0,0.0,0.0,0.0,2,Partly cloudy,10.8,24.4,47,
2025-01-04T07:00,28.0,17.4,0.0,0.0,0.0,0.0,0,Clear sky,11.0,25.3,50,
2025-01-04T08:00,27.7,16.9,0.0,0.0,0.0,0.0,0,Clear sky,11.2,25.7,51,
2025-01-04T09:00,29.3,19.3,0.0,0.0,0.0,0.0,1,Mainly clear,9.9,24.2,54,
2025-01-04T10:00,30.7,20.2,0.0,0.0,0.0,0.0,2,Partly cloudy,11.5,22.8,55,
2025-01-04T11:00,31.6,19.6,0.0,0.0,0.0,0.0,2,Partly cloudy,14.3,33.6,48,
2025-01-04T12:00,31.8,20.3,0.0,0.0,0.0,0.0,3,Overcast,13.3,33.6,47,
2025-01-04T13:00,31.2,19.4,0.0,0.0,0.0,0.0,3,Overcast,14.0,32.2,47,
2025-01-04T14:00,31.5,18.7,0.0,0.0,0.0,0.0,2,Partly cloudy,15.7,36.0,41,
2025-01-04T15:00,31.6,19.2,0.0,0.0,0.0,0.0,1,Mainly clear,14.6,37.1,40,
2025-01-04T16:00,31.1,18.6,0.0,0.0,0.0,0.0,3,Overcast,15.1,35.6,41,
2025-01-04T17:00,30.0,18.9,0.0,0.0,0.0,0.0,2,Partly cloudy,11.8,37.1,44,
2025-01-04T18:00,29.0,18.3,0.0,0.0,0.0,0.0,3,Overcast,10.9,26.6,45,
2025-01-04T19:00,28.9,18.5,0.0,0.0,0.0,0.0,2,Partly cloudy,10.1,24.6,45,
2025-01-04T20:00,28.5,18.1,0.0,0.0,0.0,0.0,1,Mainly clear,10.1,23.3,46,
2025-01-04T21:00,28.8,18.5,0.0,0.0,0.0,0.0,0,Clear sky,9.7,21.7,46,
2025-01-04T22:00,28.1,17.8,0.0,0.0,0.0,0.0,0,Clear sky,10.1,23.0,47,
2025-01-04T23:00,27.8,17.4,0.0,0.0,0.0,0.0,0,Clear sky,10.1,23.5,48,
2025-01-05T00:00,27.1,16.9,0.0,0.0,0.0,0.0,1,Mainly clear,9.5,22.8,50,
2025-01-05T01:00,26.5,16.5,0.0,0.0,0.0,0.0,1,Mainly clear,9.2,21.7,49,
2025-01-05T02:00,26.2,15.9,0.0,0.0,0.0,0.0,1,Mainly clear,9.8,22.1,49,
2025-01-05T03:00,25.8,15.9,0.0,0.0,0.0,0.0,0,Clear sky,8.7,21.9,50,
2025-01-05T04:00,25.8,16.1,0.0,0.0,0.0,0.0,0,Clear sky,8.5,20.4,52,
2025-01-05T05:00,25.7,16.3,0.0,0.0,0.0,0.0,0,Clear sky,7.9,19.2,53,
2025-01-05T06:00,25.9,16.3,0.0,0.0,0.0,0.0,0,Clear sky,8.3,18.6,53,
2025-01-05T07:00,26.2,16.7,0.0,0.0,0.0,0.0,1,Mainly clear,8.2,19.0,52,
2025-01-05T08:00,26.2,16.6,0.0,0.0,0.0,0.0,3,Overcast,8.3,18.8,51,
2025-01-05T09:00,26.8,17.4,0.0,0.0,0.0,0.0,2,Partly cloudy,8.2,19.0,57,
2025-01-05T10:00,28.0,18.5,0.0,0.0,0.0,0.0,3,Overcast,8.6,19.7,56,
2025-01-05T11:00,29.4,18.9,0.0,0.0,0.0,0.0,3,Overcast,11.0,25.3,52,
2025-01-05T12:00,30.6,20.0,0.0,0.0,0.0,0.0,3,Overcast,11.3,26.8,51,
2025-01-05T13:00,31.2,20.5,0.0,0.0,0.0,0.0,3,Overcast,11.5,27.1,50,
2025-01-05T14:00,31.6,20.7,0.0,0.0,0.0,0.0,2,Partly cloudy,12.0,28.0,49,
2025-01-05T15:00,32.5,21.7,0.0,0.0,0.0,0.0,0,Clear sky,11.7,29.5,45,
2025-01-05T16:00,32.0,21.4,0.0,0.0,0.0,0.0,0,Clear sky,10.9,27.3,44,
2025-01-05T17:00,30.6,20.7,0.0,0.0,0.0,0.0,1,Mainly clear,9.2,25.3,47,
2025-01-05T18:00,28.9,19.6,0.0,0.0,0.0,0.0,0,Clear sky,8.2,21.7,51,
2025-01-05T19:00,28.4,19.4,0.0,0.0,0.0,0.0,2,Partly cloudy,7.5,17.9,54,
2025-01-05T20:00,28.2,18.9,0.0,0.0,0.0,0.0,2,Partly cloudy,8.3,18.3,56,
2025-01-05T21:00,28.5,19.4,0.0,0.0,0.0,0.0,3,Overcast,7.7,17.2,56,
2025-01-05T22:00,28.1,19.4,0.0,0.0,0.0,0.0,3,Overcast,7.2,17.0,59,
2025-01-05T23:00,28.0,19.5,0.0,0.0,0.0,0.0,3,Overcast,6.7,15.7,61,
2025-01-06T00:00,27.7,19.5,0.0,0.0,0.0,0.0,3,Overcast,6.1,14.8,64,
2025-01-06T01:00,27.4,19.4,0.0,0.0,0.0,0.0,3,Overcast,5.8,13.6,66,
2025-01-06T02:00,27.5,19.5,0.0,0.0,0.0,0.0,3,Overcast,5.9,12.8,67,
2025-01-06T03:00,27.7,19.9,0.0,0.0,0.0,0.0,3,Overcast,5.4,13.4,67,
2025-01-06T04:00,27.7,20.2,0.0,0.0,0.0,0.0,3,Overcast,4.9,11.6,69,
2025-01-06T05:00,27.8,21.0,0.0,0.0,0.0,0.0,3,Overcast,3.3,11.2,70,
2025-01-06T06:00,28.1,21.8,0.0,0.0,0.0,0.0,3,Overcast,2.5,7.2,73,
2025-01-06T07:00,28.3,22.3,0.0,0.0,0.0,0.0,3,Overcast,2.0,5.1,76,
2025-01-06T08:00,28.3,22.4,0.0,0.0,0.0,0.0,3,Overcast,1.9,5.4,78,
2025-01-06T09:00,28.3,22.3,0.004,0.0,0.028,0.0,71,Slight snowfall,2.4,6.7,79,
2025-01-06T10:00,28.5,22.9,0.004,0.0,0.028,0.0,71,Slight snowfall,1.4,6.3,80,
2025-01-06T11:00,28.9,23.7,0.008,0.0,0.055,0.0,71,Slight snowfall,0.6,5.1,79,
2025-01-06T12:00,28.9,23.8,0.012,0.0,0.083,0.0,73,Moderate snowfall,0.6,5.1,81,
2025-01-06T13:00,28.9,23.2,0.02,0.0,0.138,0.033,73,Moderate snowfall,1.8,6.3,83,
2025-01-06T14:00,28.9,23.2,0.012,0.0,0.083,0.033,73,Moderate snowfall,2.0,6.0,83,
2025-01-06T15:00,28.9,22.9,0.004,0.0,0.028,0.033,71,Slight snowfall,2.7,8.1,83,
2025-01-06T16:00,29.2,22.6,0.0,0.0,0.0,0.066,3,Overcast,4.2,9.8,82,
2025-01-06T17:00,29.3,22.3,0.0,0.0,0.0,0.066,3,Overcast,5.1,12.8,80,
2025-01-06T18:00,29.1,22.2,0.0,0.0,0.0,0.066,3,Overcast,4.8,12.1,80,
2025-01-06T19:00,27.9,19.6,0.0,0.0,0.0,0.066,3,Overcast,7.3,15.9,76,
2025-01-06T20:00,26.5,18.1,0.0,0.0,0.0,0.066,3,Overcast,7.2,16.6,74,
2025-01-06T21:00,25.3,16.0,0.0,0.0,0.0,0.066,3,Overcast,8.8,19.0,70,
2025-01-06T22:00,25.2,14.9,0.0,0.0,0.0,0.066,3,Overcast,10.7,23.7,67,
2025-01-06T23:00,23.7,13.1,0.0,0.0,0.0,0.066,3,Overcast,11.3,25.3,66,
2025-01-07T00:00,21.4,10.5,0.0,0.0,0.0,0.066,3,Overcast,11.4,26.6,66,
2025-01-07T01:00,19.1,8.1,0.0,0.0,0.0,0.066,3,Overcast,11.4,25.3,65,
2025-01-07T02:00,17.5,6.1,0.0,0.0,0.0,0.066,3,Overcast,12.1,26.6,64,
2025-01-07T03:00,16.6,4.5,0.0,0.0,0.0,0.066,3,Overcast,13.7,29.8,63,
2025-01-07T04:00,16.7,5.1,0.0,0.0,0.0,0.066,2,Partly cloudy,12.5,30.6,64,
2025-01-07T05:00,17.7,6.7,0.0,0.0,0.0,0.066,2,Partly cloudy,11.2,27.7,66,
2025-01-07T06:00,18.8,8.2,0.0,0.0,0.0,0.033,1,Mainly clear,10.2,24.4,66,
2025-01-07T07:00,19.0,8.9,0.0,0.0,0.0,0.033,3,Overcast,9.3,22.4,65,
2025-01-07T08:00,19.9,9.2,0.0,0.0,0.0,0.033,1,Mainly clear,10.7,23.5,64,
2025-01-07T09:00,21.2,10.3,0.0,0.0,0.0,0.033,0,Clear sky,11.5,25.5,65,
2025-01-07T10:00,22.4,11.5,0.0,0.0,0.0,0.033,3,Overcast,11.5,26.8,63,
2025-01-07T11:00,22.9,9.2,0.0,0.0,0.0,0.033,3,Overcast,18.4,39.6,63,
2025-01-07T12:00,24.4,13.0,0.0,0.0,0.0,0.033,3,Overcast,12.9,44.3,61,
2025-01-07T13:00,26.0,11.9,0.0,0.0,0.0,0.033,3,Overcast,19.4,44.5,58,
2025-01-07T14:00,26.2,12.4,0.0,0.0,0.0,0.033,3,Overcast,18.8,43.8,60,
2025-01-07T15:00,26.9,13.4,0.0,0.0,0.0,0.033,3,Overcast,18.2,41.6,60,
2025-01-07T16:00,26.5,14.2,0.0,0.0,0.0,0.033,3,Overcast,15.7,42.3,63,
2025-01-07T17:00,26.3,15.6,0.0,0.0,0.0,0.033,3,Overcast,11.5,38.9,60,
2025-01-07T18:00,25.8,14.6,0.0,0.0,0.0,0.033,2,Partly cloudy,12.9,30.4,63,
2025-01-07T19:00,25.9,15.1,0.0,0.0,0.0,0.033,3,Overcast,11.9,29.1,62,
2025-01-07T20:00,25.6,13.6,0.0,0.0,0.0,0.033,2,Partly cloudy,14.8,32.4,63,
2025-01-07T21:00,26.7,15.7,0.0,0.0,0.0,0.033,1,Mainly clear,11.8,30.0,54,
2025-01-07T22:00,26.1,15.5,0.0,0.0,0.0,0.033,3,Overcast,10.8,26.4,55,
2025-01-07T23:00,26.2,15.4,0.0,0.0,0.0,0.033,3,Overcast,11.3,25.5,55,
2025-01-08T00:00,26.1,16.1,0.0,0.0,0.0,0.033,3,Overcast,9.3,25.5,54,
2025-01-08T01:00,25.6,14.4,0.0,0.0,0.0,0.033,3,Overcast,12.2,26.4,54,
2025-01-08T02:00,25.4,14.0,0.0,0.0,0.0,0.033,1,Mainly clear,12.7,29.8,53,
2025-01-08T03:00,25.1,13.2,0.0,0.0,0.0,0.033,2,Partly cloudy,13.6,30.0,54,
2025-01-08T04:00,24.4,12.5,0.0,0.0,0.0,0.033,2,Partly cloudy,13.4,31.5,54,
2025-01-08T05:00,24.2,12.7,0.0,0.0,0.0,0.033,3,Overcast,12.5,30.0,53,
2025-01-08T06:00,24.3,13.5,0.0,0.0,0.0,0.033,3,Overcast,11.1,27.5,56,
2025-01-08T07:00,24.2,13.6,0.0,0.0,0.0,0.033,3,Overcast,10.6,24.8,57,
2025-01-08T08:00,23.5,13.0,0.0,0.0,0.0,0.033,1,Mainly clear,10.5,23.7,57,
2025-01-08T09:00,24.4,13.2,0.0,0.0,0.0,0.033,0,Clear sky,11.7,26.8,49,
2025-01-08T10:00,25.3,13.8,0.0,0.0,0.0,0.033,0,Clear sky,12.1,29.8,42,
2025-01-08T11:00,26.3,14.0,0.0,0.0,0.0,0.033,2,Partly cloudy,14.0,33.3,42,
2025-01-08T12:00,26.9,13.5,0.0,0.0,0.0,0.033,3,Overcast,16.6,38.7,43,
2025-01-08T13:00,27.2,14.5,0.0,0.0,0.0,0.033,1,Mainly clear,15.1,38.0,41,
2025-01-08T14:00,27.7,14.3,0.0,0.0,0.0,0.033,2,Partly cloudy,16.5,37.4,39,
2025-01-08T15:00,27.3,14.3,0.0,0.0,0.0,0.033,1,Mainly clear,15.5,38.5,37,
2025-01-08T16:00,26.2,13.3,0.0,0.0,0.0,0.033,1,Mainly clear,15.2,37.4,39,
2025-01-08T17:00,24.1,11.6,0.0,0.0,0.0,0.033,1,Mainly clear,14.3,34.7,43,
2025-01-08T18:00,21.9,10.0,0.0,0.0,0.0,0.033,0,Clear sky,12.9,34.0,46,
2025-01-08T19:00,20.8,9.1,0.0,0.0,0.0,0.033,1,Mainly clear,12.4,29.8,48,
2025-01-08T20:00,20.1,8.4,0.0,0.0,0.0,0.0,1,Mainly clear,12.3,28.6,49,
2025-01-08T21:00,22.1,10.1,0.0,0.0,0.0,0.0,2,Partly cloudy,13.1,29.8,46,
2025-01-08T22:00,21.7,10.6,0.0,0.0,0.0,0.0,2,Partly cloudy,11.1,30.4,49,
2025-01-08T23:00,21.1,10.1,0.0,0.0,0.0,0.0,1,Mainly clear,11.0,25.1,53,
2025-01-09T00:00,20.6,9.4,0.0,0.0,0.0,0.0,2,Partly cloudy,11.4,25.9,54,
2025-01-09T01:00,20.2,9.3,0.0,0.0,0.0,0.0,2,Partly cloudy,10.9,26.8,55,
2025-01-09T02:00,20.8,9.1,0.0,0.0,0.0,0.0,3,Overcast,12.6,28.0,53,
2025-01-09T03:00,21.2,8.7,0.0,0.0,0.0,0.0,3,Overcast,14.6,32.4,53,
2025-01-09T04:00,21.6,9.6,0.0,0.0,0.0,0.0,2,Partly cloudy,13.4,32.2,55,
2025-01-09T05:00,21.7,9.6,0.0,0.0,0.0,0.0,3,Overcast,13.6,30.6,54,
2025-01-09T06:00,21.7,9.5,0.0,0.0,0.0,0.0,3,Overcast,13.7,34.0,53,
2025-01-09T07:00,21.6,9.4,0.0,0.0,0.0,0.0,1,Mainly clear,13.7,33.8,52,
2025-01-09T08:00,21.6,9.5,0.0,0.0,0.0,0.0,1,Mainly clear,13.4,32.0,53,
2025-01-09T09:00,23.6,11.1,0.0,0.0,0.0,0.0,1,Mainly clear,14.8,33.6,52,
2025-01-09T10:00,24.5,12.4,0.0,0.0,0.0,0.0,1,Mainly clear,13.8,34.2,48,
2025-01-09T11:00,25.3,12.7,0.0,0.0,0.0,0.0,3,Overcast,15.0,34.9,44,
2025-01-09T12:00,26.5,14.0,0.0,0.0,0.0,0.0,1,Mainly clear,14.6,34.7,42,
2025-01-09T13:00,28.2,15.3,0.0,0.0,0.0,0.0,0,Clear sky,15.6,37.6,40,
2025-01-09T14:00,28.8,15.3,0.0,0.0,0.0,0.0,1,Mainly clear,17.0,39.8,42,
2025-01-09T15:00,28.9,15.6,0.0,0.0,0.0,0.0,1,Mainly clear,17.0,40.5,44,
2025-01-09T16:00,27.8,13.5,0.0,0.0,0.0,0.0,2,Partly cloudy,19.3,42.3,48,
2025-01-09T17:00,26.8,14.1,0.0,0.0,0.0,0.0,2,Partly cloudy,15.8,43.6,53,
2025-01-09T18:00,25.3,12.0,0.0,0.0,0.0,0.0,2,Partly cloudy,17.3,39.1,59,
2025-01-09T19:00,25.6,13.2,0.0,0.0,0.0,0.0,3,Overcast,15.3,39.8,59,
2025-01-09T20:00,25.3,12.4,0.0,0.0,0.0,0.0,3,Overcast,16.7,40.0,62,
2025-01-09T21:00,27.9,15.8,0.0,0.0,0.0,0.0,1,Mainly clear,14.9,34.4,59,
2025-01-09T22:00,28.2,16.3,0.0,0.0,0.0,0.0,1,Mainly clear,14.8,33.6,59,
2025-01-09T23:00,28.4,16.7,0.0,0.0,0.0,0.0,0,Clear sky,14.4,32.9,60,
2025-01-10T00:00,27.9,16.1,0.0,0.0,0.0,0.0,0,Clear sky,14.3,32.2,60,
2025-01-10T01:00,27.3,15.5,0.0,0.0,0.0,0.0,1,Mainly clear,14.3,32.2,60,
2025-01-10T02:00,26.8,14.9,0.0,0.0,0.0,0.0,1,Mainly clear,14.6,32.7,61,
2025-01-10T03:00,26.3,14.5,0.0,0.0,0.0,0.0,1,Mainly clear,14.3,32.9,62,
2025-01-10T04:00,26.2,14.7,0.0,0.0,0.0,0.0,1,Mainly clear,13.6,31.8,62,
2025-01-10T05:00,26.0,14.7,0.0,0.0,0.0,0.0,0,Clear sky,13.1,30.6,62,
2025-01-10T06:00,25.8,14.9,0.0,0.0,0.0,0.0,0,Clear sky,12.1,28.6,62,
2025-01-10T07:00,25.8,15.2,0.0,0.0,0.0,0.0,1,Mainly clear,11.3,26.6,61,
2025-01-10T08:00,25.4,15.0,0.0,0.0,0.0,0.0,0,Clear sky,10.7,24.8,62,
2025-01-10T09:00,27.5,17.3,0.0,0.0,0.0,0.0,3,Overcast,10.7,23.5,60,
2025-01-10T10:00,29.5,19.5,0.0,0.0,0.0,0.0,3,Overcast,9.9,25.5,54,
2025-01-10T11:00,31.3,21.8,0.0,0.0,0.0,0.0,2,Partly cloudy,8.7,23.5,49,
2025-01-10T12:00,34.2,24.9,0.0,0.0,0.0,0.0,0,Clear sky,7.9,21.5,43,
2025-01-10T13:00,36.5,27.2,0.0,0.0,0.0,0.0,0,Clear sky,8.1,20.4,38,
2025-01-10T14:00,37.7,28.5,0.0,0.0,0.0,0.0,2,Partly cloudy,8.1,21.3,39,
2025-01-10T15:00,37.9,29.1,0.0,0.0,0.0,0.0,3,Overcast,7.3,19.9,39,
2025-01-10T16:00,37.4,28.9,0.0,0.0,0.0,0.0,3,Overcast,6.6,17.7,40,
2025-01-10T17:00,35.5,27.8,0.0,0.0,0.0,0.0,3,Overcast,4.9,15.0,46,
2025-01-10T18:00,33.4,26.0,0.0,0.0,0.0,0.0,3,Overcast,4.2,10.5,51,
2025-01-10T19:00,32.1,24.6,0.0,0.0,0.0,0.0,3,Overcast,4.3,10.1,52,
2025-01-10T20:00,30.7,22.8,0.0,0.0,0.0,0.0,3,Overcast,5.3,10.7,53,
2025-01-10T21:00,32.4,25.0,0.0,0.0,0.0,0.0,3,Overcast,4.6,9.6,57,
2025-01-10T22:00,31.6,24.6,0.0,0.0,0.0,0.0,3,Overcast,3.7,9.8,60,
2025-01-10T23:00,31.5,25.2,0.0,0.0,0.0,0.0,3,Overcast,2.3,7.6,64,
2025-01-11T00:00,30.9,25.1,0.0,0.0,0.0,0.0,3,Overcast,1.7,4.5,71,
2025-01-11T01:00,30.7,24.8,0.0,0.0,0.0,0.0,3,Overcast,1.7,3.4,67,
2025-01-11T02:00,30.8,24.6,0.0,0.0,0.0,0.0,3,Overcast,2.5,5.4,67,
2025-01-11T03:00,29.9,24.7,0.024,0.0,0.165,0.0,73,Moderate snowfall,0.7,10.1,77,
2025-01-11T04:00,29.4,22.6,0.004,0.0,0.028,0.0,71,Slight snowfall,3.6,7.8,70,
2025-01-11T05:00,28.8,21.5,0.004,0.0,0.028,0.0,71,Slight snowfall,4.7,10.5,69,
2025-01-11T06:00,27.3,21.2,0.024,0.0,0.165,0.0,73,Moderate snowfall,2.5,10.3,81,
2025-01-11T07:00,27.1,21.4,0.016,0.0,0.11,0.0,73,Moderate snowfall,1.5,6.0,84,
2025-01-11T08:00,27.0,21.2,0.004,0.0,0.028,0.0,71,Slight snowfall,1.9,5.6,85,
2025-01-11T09:00,27.4,21.5,0.0,0.0,0.0,0.0,3,Overcast,2.2,5.6,83,
2025-01-11T10:00,28.1,22.0,0.0,0.0,0.0,0.0,3,Overcast,2.7,6.9,83,
2025-01-11T11:00,29.7,22.9,0.0,0.0,0.0,0.0,3,Overcast,4.5,10.5,79,
2025-01-11T12:00,31.1,23.9,0.0,0.0,0.0,0.0,3,Overcast,5.6,13.9,77,
2025-01-11T13:00,31.9,24.1,0.0,0.0,0.0,0.0,3,Overcast,6.9,16.8,73,
2025-01-11T14:00,32.2,23.9,0.0,0.0,0.0,0.0,3,Overcast,7.8,18.3,69,
2025-01-11T15:00,32.6,23.7,0.0,0.0,0.0,0.0,3,Overcast,9.5,21.9,68,
2025-01-11T16:00,32.6,24.2,0.0,0.0,0.0,0.0,3,Overcast,8.1,24.6,69,
2025-01-11T17:00,32.5,24.2,0.0,0.0,0.0,0.0,3,Overcast,8.0,18.8,70,
2025-01-11T18:00,31.4,21.9,0.0,0.0,0.0,0.0,3,Overcast,10.1,22.1,67,
2025-01-11T19:00,29.9,20.5,0.0,0.0,0.0,0.0,1,Mainly clear,9.8,22.4,67,
2025-01-11T20:00,28.8,19.0,0.0,0.0,0.0,0.0,0,Clear sky,10.2,22.1,65,
2025-01-11T21:00,29.4,19.3,0.0,0.0,0.0,0.0,0,Clear sky,10.8,24.2,63,
2025-01-11T22:00,29.0,19.0,0.0,0.0,0.0,0.0,0,Clear sky,10.8,23.9,64,
2025-01-11T23:00,28.9,19.1,0.0,0.0,0.0,0.0,0,Clear sky,10.3,23.5,65,
2025-01-12T00:00,29.3,19.8,0.0,0.0,0.0,0.0,0,Clear sky,9.8,22.4,67,
2025-01-12T01:00,29.2,19.9,0.0,0.0,0.0,0.0,2,Partly cloudy,9.5,21.3,70,
2025-01-12T02:00,29.9,20.9,0.0,0.0,0.0,0.0,3,Overcast,9.0,20.8,69,
2025-01-12T03:00,30.6,21.9,0.0,0.0,0.0,0.0,3,Overcast,8.3,19.5,69,
2025-01-12T04:00,30.9,22.3,0.0,0.0,0.0,0.0,1,Mainly clear,8.2,17.9,68,
2025-01-12T05:00,30.4,22.2,0.0,0.0,0.0,0.0,0,Clear sky,7.2,17.7,70,
2025-01-12T06:00,29.8,21.7,0.0,0.0,0.0,0.0,0,Clear sky,7.0,15.2,70,
2025-01-12T07:00,29.5,21.5,0.0,0.0,0.0,0.0,0,Clear sky,6.6,14.8,70,
2025-01-12T08:00,29.1,21.7,0.0,0.0,0.0,0.0,0,Clear sky,5.1,13.6,71,
2025-01-12T09:00,30.4,23.0,0.0,0.0,0.0,0.0,0,Clear sky,5.0,9.8,67,
2025-01-12T10:00,33.6,25.5,0.0,0.0,0.0,0.0,0,Clear sky,6.7,14.5,57,
2025-01-12T11:00,36.1,28.7,0.0,0.0,0.0,0.0,0,Clear sky,4.8,15.9,51,
2025-01-12T12:00,37.9,30.2,0.0,0.0,0.0,0.0,0,Clear sky,5.8,15.4,49,
2025-01-12T13:00,39.7,31.4,0.0,0.0,0.0,0.0,3,Overcast,7.3,18.3,48,
2025-01-12T14:00,40.3,32.4,0.0,0.0,0.0,0.0,3,Overcast,6.7,18.1,49,
2025-01-12T15:00,40.2,32.6,0.0,0.0,0.0,0.0,2,Partly cloudy,6.3,16.6,52,
2025-01-12T16:00,39.5,32.6,0.0,0.0,0.0,0.0,0,Clear sky,4.9,15.0,55,
2025-01-12T17:00,37.2,31.8,0.0,0.0,0.0,0.0,0,Clear sky,2.3,10.5,67,
2025-01-12T18:00,33.7,27.7,0.0,0.0,0.0,0.0,0,Clear sky,2.4,3.6,65,
2025-01-12T19:00,32.3,26.0,0.0,0.0,0.0,0.0,0,Clear sky,3.2,5.1,69,
2025-01-12T20:00,31.4,25.3,0.0,0.0,0.0,0.0,0,Clear sky,2.7,5.4,72,
2025-01-12T21:00,30.8,24.8,0.0,0.0,0.0,0.0,2,Partly cloudy,2.5,4.5,74,
2025-01-12T22:00,29.8,24.0,0.0,0.0,0.0,0.0,0,Clear sky,2.2,4.5,77,
2025-01-12T23:00,29.6,23.7,0.0,0.0,0.0,0.0,3,Overcast,2.2,4.7,79,
2025-01-13T00:00,31.6,25.5,0.0,0.0,0.0,0.0,3,Overcast,2.9,6.0,76,
2025-01-13T01:00,31.8,25.7,0.0,0.0,0.0,0.0,3,Overcast,3.2,6.7,76,
2025-01-13T02:00,32.0,25.7,0.0,0.0,0.0,0.0,2,Partly cloudy,3.7,7.4,75,
2025-01-13T03:00,30.7,24.4,0.0,0.0,0.0,0.0,2,Partly cloudy,3.2,7.4,76,
2025-01-13T04:00,30.3,23.8,0.0,0.0,0.0,0.0,3,Overcast,3.6,7.4,75,
2025-01-13T05:00,29.8,23.2,0.0,0.0,0.0,0.0,1,Mainly clear,3.8,8.1,75,
2025-01-13T06:00,29.2,22.3,0.0,0.0,0.0,0.0,0,Clear sky,4.4,8.5,75,
2025-01-13T07:00,28.9,21.9,0.0,0.0,0.0,0.0,0,Clear sky,4.6,9.6,75,
2025-01-13T08:00,28.6,21.5,0.0,0.0,0.0,0.0,0,Clear sky,4.5,9.4,75,
2025-01-13T09:00,29.9,22.6,0.0,0.0,0.0,0.0,0,Clear sky,5.3,10.5,73,
2025-01-13T10:00,32.4,25.3,0.0,0.0,0.0,0.0,2,Partly cloudy,4.9,11.6,69,
2025-01-13T11:00,34.5,27.6,0.0,0.0,0.0,0.0,3,Overcast,4.9,13.2,65,
2025-01-13T12:00,35.4,28.8,0.0,0.0,0.0,0.0,2,Partly cloudy,4.3,13.0,64,
2025-01-13T13:00,38.6,31.6,0.0,0.0,0.0,0.0,0,Clear sky,5.3,13.9,60,
2025-01-13T14:00,41.0,33.8,0.0,0.0,0.0,0.0,0,Clear sky,6.2,16.6,57,
2025-01-13T15:00,43.4,35.2,0.0,0.0,0.0,0.0,1,Mainly clear,8.5,19.5,50,
2025-01-13T16:00,42.9,33.4,0.0,0.0,0.0,0.0,1,Mainly clear,11.1,25.5,48,
2025-01-13T17:00,40.8,31.5,0.0,0.0,0.0,0.0,2,Partly cloudy,10.4,25.1,50,
2025-01-13T18:00,38.2,29.0,0.0,0.0,0.0,0.0,0,Clear sky,9.5,23.5,51,
2025-01-13T19:00,36.0,27.7,0.0,0.0,0.0,0.0,0,Clear sky,7.0,21.0,52,
2025-01-13T20:00,34.3,25.6,0.0,0.0,0.0,0.0,0,Clear sky,7.5,15.7,52,
2025-01-13T21:00,33.6,26.1,0.0,0.0,0.0,0.0,0,Clear sky,5.8,11.6,62,
2025-01-13T22:00,33.0,25.1,0.0,0.0,0.0,0.0,0,Clear sky,6.2,12.3,61,
2025-01-13T23:00,32.9,24.4,0.0,0.0,0.0,0.0,0,Clear sky,7.5,15.2,59,
2025-01-14T00:00,32.5,23.9,0.0,0.0,0.0,0.0,0,Clear sky,7.5,16.6,58,
2025-01-14T01:00,31.2,23.2,0.0,0.0,0.0,0.0,0,Clear sky,6.0,15.4,60,
2025-01-14T02:00,30.0,22.1,0.0,0.0,0.0,0.0,0,Clear sky,6.0,12.5,63,
2025-01-14T03:00,29.0,20.9,0.0,0.0,0.0,0.0,0,Clear sky,6.2,13.2,63,
2025-01-14T04:00,28.1,19.5,0.0,0.0,0.0,0.0,0,Clear sky,7.1,15.2,62,
2025-01-14T05:00,27.2,18.4,0.0,0.0,0.0,0.0,0,Clear sky,7.4,16.6,61,
2025-01-14T06:00,26.5,17.5,0.0,0.0,0.0,0.0,0,Clear sky,7.6,16.8,59,
2025-01-14T07:00,26.0,16.1,0.0,0.0,0.0,0.0,0,Clear sky,9.0,20.1,54,
2025-01-14T08:00,25.4,15.1,0.0,0.0,0.0,0.0,0,Clear sky,9.6,21.5,48,
2025-01-14T09:00,26.9,16.5,0.0,0.0,0.0,0.0,1,Mainly clear,10.1,23.0,50,
2025-01-14T10:00,28.0,17.5,0.0,0.0,0.0,0.0,0,Clear sky,10.2,23.5,47,
2025-01-14T11:00,28.9,17.0,0.0,0.0,0.0,0.0,0,Clear sky,13.1,30.4,39,
2025-01-14T12:00,29.1,17.1,0.0,0.0,0.0,0.0,0,Clear sky,13.5,32.2,39,
2025-01-14T13:00,31.3,19.1,0.0,0.0,0.0,0.0,3,Overcast,13.8,31.8,35,
2025-01-14T14:00,31.6,20.4,0.0,0.0,0.0,0.0,3,Overcast,11.9,32.7,39,
2025-01-14T15:00,31.9,21.2,0.0,0.0,0.0,0.0,2,Partly cloudy,10.8,28.2,40,
2025-01-14T16:00,32.5,21.7,0.0,0.0,0.0,0.0,0,Clear sky,10.7,25.7,37,
2025-01-14T17:00,31.2,21.3,0.0,0.0,0.0,0.0,0,Clear sky,8.7,25.3,40,
2025-01-14T18:00,29.0,20.0,0.0,0.0,0.0,0.0,1,Mainly clear,7.0,19.9,46,
2025-01-14T19:00,28.0,18.6,0.0,0.0,0.0,0.0,2,Partly cloudy,7.7,16.8,48,
2025-01-14T20:00,27.4,17.9,0.0,0.0,0.0,0.0,3,Overcast,8.0,17.7,47,
2025-01-14T21:00,28.1,18.3,0.0,0.0,0.0,0.0,3,Overcast,9.0,20.4,48,
2025-01-14T22:00,27.3,17.7,0.0,0.0,0.0,0.0,3,Overcast,8.5,20.4,51,
2025-01-14T23:00,27.3,17.7,0.0,0.0,0.0,0.0,2,Partly cloudy,8.7,19.9,53,
2025-01-15T00:00,25.8,15.1,0.0,0.0,0.0,0.0,1,Mainly clear,10.5,27.1,46,
2025-01-15T01:00,24.2,14.1,0.0,0.0,0.0,0.0,0,Clear sky,9.1,24.4,49,
2025-01-15T02:00,23.1,13.5,0.0,0.0,0.0,0.0,0,Clear sky,7.9,23.9,52,
2025-01-15T03:00,22.6,11.6,0.0,0.0,0.0,0.0,0,Clear sky,10.9,25.3,49,
2025-01-15T04:00,22.2,11.5,0.0,0.0,0.0,0.0,0,Clear sky,10.1,25.1,48,
2025-01-15T05:00,22.0,11.9,0.0,0.0,0.0,0.033,0,Clear sky,8.8,23.3,50,
2025-01-15T06:00,22.3,11.7,0.0,0.0,0.0,0.033,1,Mainly clear,10.0,22.6,52,
2025-01-15T07:00,23.1,12.9,0.0,0.0,0.0,0.033,2,Partly cloudy,9.2,22.6,52,
2025-01-15T08:00,23.8,13.4,0.0,0.0,0.0,0.033,2,Partly cloudy,9.9,22.4,53,
2025-01-15T09:00,24.5,13.8,0.0,0.0,0.0,0.033,0,Clear sky,10.8,26.2,53,
2025-01-15T10:00,26.2,15.6,0.0,0.0,0.0,0.033,1,Mainly clear,10.6,24.2,50,
2025-01-15T11:00,28.0,15.2,0.0,0.0,0.0,0.066,2,Partly cloudy,15.7,36.7,44,
2025-01-15T12:00,29.0,17.2,0.0,0.0,0.0,0.066,2,Partly cloudy,13.3,36.2,43,
2025-01-15T13:00,29.7,17.7,0.0,0.0,0.0,0.066,3,Overcast,13.6,32.9,42,
2025-01-15T14:00,29.6,17.8,0.0,0.0,0.0,0.066,1,Mainly clear,13.1,33.1,41,
2025-01-15T15:00,29.8,17.9,0.0,0.0,0.0,0.066,2,Partly cloudy,13.2,32.9,41,
2025-01-15T16:00,29.4,18.1,0.0,0.0,0.0,0.066,2,Partly cloudy,12.0,31.1,41,
2025-01-15T17:00,28.6,17.7,0.0,0.0,0.0,0.066,1,Mainly clear,11.1,28.0,42,
2025-01-15T18:00,27.0,17.0,0.0,0.0,0.0,0.033,0,Clear sky,8.9,25.3,46,
2025-01-15T19:00,26.2,16.8,0.0,0.0,0.0,0.033,1,Mainly clear,7.6,19.7,49,
2025-01-15T20:00,26.3,17.5,0.0,0.0,0.0,0.033,3,Overcast,6.5,17.0,51,
2025-01-15T21:00,26.7,17.7,0.0,0.0,0.0,0.033,0,Clear sky,7.1,17.7,54,
2025-01-15T22:00,26.4,18.0,0.0,0.0,0.0,0.033,0,Clear sky,5.9,15.7,56,
2025-01-15T23:00,26.0,18.3,0.0,0.0,0.0,0.033,0,Clear sky,4.3,13.0,60,
2025-01-16T00:00,25.5,18.3,0.0,0.0,0.0,0.033,2,Partly cloudy,3.3,9.2,63,
2025-01-16T01:00,25.6,18.4,0.0,0.0,0.0,0.033,3,Overcast,3.3,7.2,64,
2025-01-16T02:00,26.3,19.0,0.0,0.0,0.0,0.033,3,Overcast,3.7,8.9,63,
2025-01-16T03:00,26.2,18.6,0.0,0.0,0.0,0.033,1,Mainly clear,4.2,8.5,63,
2025-01-16T04:00,25.6,17.2,0.0,0.0,0.0,0.033,0,Clear sky,6.3,13.2,63,
2025-01-16T05:00,24.6,16.1,0.0,0.0,0.0,0.033,2,Partly cloudy,6.2,14.5,60,
2025-01-16T06:00,23.7,15.6,0.0,0.0,0.0,0.033,3,Overcast,4.9,13.2,60,
2025-01-16T07:00,23.1,15.0,0.0,0.0,0.0,0.033,3,Overcast,4.7,10.3,60,
2025-01-16T08:00,22.2,14.2,0.0,0.0,0.0,0.033,1,Mainly clear,4.4,10.1,60,
2025-01-16T09:00,22.2,13.9,0.0,0.0,0.0,0.033,2,Partly cloudy,5.0,10.7,56,
2025-01-16T10:00,23.5,15.1,0.0,0.0,0.0,0.033,1,Mainly clear,4.9,13.4,50,
2025-01-16T11:00,25.6,17.2,0.0,0.0,0.0,0.033,1,Mainly clear,4.9,14.5,45,
2025-01-16T12:00,27.7,19.2,0.0,0.0,0.0,0.033,3,Overcast,5.1,15.4,41,
2025-01-16T13:00,29.4,20.3,0.0,0.0,0.0,0.033,3,Overcast,6.6,18.3,39,
2025-01-16T14:00,30.7,21.7,0.0,0.0,0.0,0.033,3,Overcast,6.6,18.6,37,
2025-01-16T15:00,30.0,21.1,0.0,0.0,0.0,0.033,3,Overcast,6.7,18.1,43,
2025-01-16T16:00,29.7,21.0,0.0,0.0,0.0,0.033,3,Overcast,6.4,17.0,47,
2025-01-16T17:00,28.6,20.2,0.004,0.0,0.028,0.033,71,Slight snowfall,6.0,15.9,54,
2025-01-16T18:00,27.9,20.1,0.004,0.0,0.028,0.033,71,Slight snowfall,4.7,14.3,58,
2025-01-16T19:00,27.6,20.4,0.0,0.0,0.0,0.033,3,Overcast,3.3,10.5,58,
2025-01-16T20:00,27.7,20.4,0.0,0.0,0.0,0.033,3,Overcast,3.4,7.2,57,
2025-01-16T21:00,27.6,20.0,0.004,0.0,0.028,0.033,71,Slight snowfall,5.2,12.1,70,
2025-01-16T22:00,27.1,19.9,0.004,0.0,0.028,0.033,71,Slight snowfall,4.6,12.1,75,
2025-01-16T23:00,27.1,19.7,0.0,0.0,0.0,0.033,3,Overcast,5.0,10.7,75,
2025-01-17T00:00,26.7,19.2,0.0,0.0,0.0,0.033,2,Partly cloudy,5.3,12.3,77,
2025-01-17T01:00,26.0,18.6,0.0,0.0,0.0,0.033,1,Mainly clear,4.8,11.4,79,
2025-01-17T02:00,25.7,18.3,0.0,0.0,0.0,0.033,0,Clear sky,4.9,10.5,79,
2025-01-17T03:00,25.0,17.7,0.0,0.0,0.0,0.033,0,Clear sky,4.5,10.3,80,
2025-01-17T04:00,24.6,17.3,0.0,0.0,0.0,0.033,0,Clear sky,4.5,9.4,79,
2025-01-17T05:00,24.2,17.0,0.0,0.0,0.0,0.033,0,Clear sky,4.0,9.2,78,
2025-01-17T06:00,24.1,16.4,0.0,0.0,0.0,0.033,0,Clear sky,5.1,9.8,77,
2025-01-17T07:00,24.5,16.1,0.0,0.0,0.0,0.033,0,Clear sky,6.7,13.9,75,
2025-01-17T08:00,24.6,16.5,0.0,0.0,0.0,0.033,0,Clear sky,6.1,14.1,73,
2025-01-17T09:00,24.9,17.1,0.0,0.0,0.0,0.033,0,Clear sky,5.0,11.6,70,
2025-01-17T10:00,28.2,20.6,0.0,0.0,0.0,0.033,0,Clear sky,4.7,11.4,61,
2025-01-17T11:00,31.8,24.6,0.0,0.0,0.0,0.033,0,Clear sky,3.9,11.6,54,
2025-01-17T12:00,35.1,27.7,0.0,0.0,0.0,0.033,0,Clear sky,4.3,13.4,50,
2025-01-17T13:00,37.7,30.3,0.0,0.0,0.0,0.033,0,Clear sky,4.6,14.1,46,
2025-01-17T14:00,40.1,32.2,0.0,0.0,0.0,0.033,3,Overcast,6.1,15.4,45,
2025-01-17T15:00,40.6,32.7,0.0,0.0,0.0,0.033,3,Overcast,6.5,15.9,45,
2025-01-17T16:00,40.6,34.3,0.0,0.0,0.0,0.033,3,Overcast,3.1,16.1,48,
2025-01-17T17:00,39.0,32.9,0.0,0.0,0.0,0.033,3,Overcast,3.1,6.9,57,
2025-01-17T18:00,36.4,29.7,0.0,0.0,0.0,0.033,1,Mainly clear,4.4,8.7,62,
2025-01-17T19:00,34.6,27.5,0.0,0.0,0.0,0.033,0,Clear sky,5.0,9.8,62,
2025-01-17T20:00,33.7,26.4,0.0,0.0,0.0,0.033,1,Mainly clear,5.3,10.3,63,
2025-01-17T21:00,33.5,26.8,0.0,0.0,0.0,0.033,0,Clear sky,4.1,12.3,65,
2025-01-17T22:00,33.0,25.8,0.0,0.0,0.0,0.033,0,Clear sky,5.2,10.3,67,
2025-01-17T23:00,31.8,24.6,0.0,0.0,0.0,0.033,0,Clear sky,5.2,10.7,70,
2025-01-18T00:00,31.6,23.7,0.0,0.0,0.0,0.033,0,Clear sky,6.7,13.4,68,
2025-01-18T01:00,31.2,23.3,0.0,0.0,0.0,0.033,3,Overcast,6.5,13.9,69,
2025-01-18T02:00,30.7,23.0,0.0,0.0,0.0,0.033,3,Overcast,6.0,13.4,71,
2025-01-18T03:00,30.6,22.8,0.0,0.0,0.0,0.033,3,Overcast,6.5,13.4,72,
2025-01-18T04:00,30.6,22.9,0.0,0.0,0.0,0.033,1,Mainly clear,6.3,13.4,72,
2025-01-18T05:00,31.0,23.0,0.0,0.0,0.0,0.033,3,Overcast,6.9,14.1,70,
2025-01-18T06:00,31.6,23.7,0.0,0.0,0.0,0.033,3,Overcast,7.0,14.5,70,
2025-01-18T07:00,32.5,24.7,0.0,0.0,0.0,0.033,3,Overcast,6.7,14.8,71,
2025-01-18T08:00,33.4,25.6,0.0,0.0,0.0,0.033,3,Overcast,7.1,15.0,73,
2025-01-18T09:00,35.8,28.1,0.0,0.0,0.0,0.033,3,Overcast,7.8,17.4,73,
2025-01-18T10:00,38.1,30.7,0.0,0.0,0.0,0.033,3,Overcast,8.0,17.2,73,
2025-01-18T11:00,41.3,34.9,0.0,0.0,0.0,0.033,3,Overcast,6.4,17.9,73,
2025-01-18T12:00,42.8,35.4,0.0,0.0,0.0,0.033,3,Overcast,9.0,19.0,70,
2025-01-18T13:00,43.6,36.7,0.0,0.0,0.0,0.033,3,Overcast,8.9,20.4,75,
2025-01-18T14:00,43.2,37.2,0.004,0.004,0.0,0.033,51,Light drizzle,7.4,19.5,81,
2025-01-18T15:00,42.4,37.5,0.024,0.024,0.0,0.033,53,Moderate drizzle,5.5,15.2,86,
2025-01-18T16:00,41.0,37.2,0.024,0.024,0.0,0.033,53,Moderate drizzle,3.0,9.6,93,
2025-01-18T17:00,41.0,37.5,0.008,0.008,0.0,0.033,51,Light drizzle,2.3,6.5,95,
2025-01-18T18:00,40.3,37.0,0.028,0.028,0.0,0.033,53,Moderate drizzle,1.4,3.4,94,
2025-01-18T19:00,39.4,35.7,0.0,0.0,0.0,0.033,3,Overcast,2.3,3.1,96,
2025-01-18T20:00,39.1,34.7,0.0,0.0,0.0,0.033,2,Partly cloudy,4.0,7.2,97,
2025-01-18T21:00,40.1,36.0,0.0,0.0,0.0,0.033,1,Mainly clear,3.9,6.9,98,
2025-01-18T22:00,38.8,34.5,0.0,0.0,0.0,0.033,3,Overcast,3.4,7.2,97,
2025-01-18T23:00,37.3,32.3,0.0,0.0,0.0,0.033,1,Mainly clear,4.5,7.8,97,
2025-01-19T00:00,35.9,30.0,0.0,0.0,0.0,0.033,1,Mainly clear,6.0,11.4,96,
2025-01-19T01:00,34.7,28.9,0.0,0.0,0.0,0.033,0,Clear sky,5.3,11.4,96,
2025-01-19T02:00,33.8,27.8,0.0,0.0,0.0,0.033,0,Clear sky,5.3,10.3,95,
2025-01-19T03:00,33.2,27.2,0.0,0.0,0.0,0.033,0,Clear sky,4.9,9.8,94,
2025-01-19T04:00,33.4,26.7,0.0,0.0,0.0,0.033,0,Clear sky,6.6,12.3,93,
2025-01-19T05:00,33.4,26.9,0.0,0.0,0.0,0.033,0,Clear sky,6.0,13.0,93,
2025-01-19T06:00,32.8,26.3,0.0,0.0,0.0,0.033,0,Clear sky,6.0,11.6,93,
2025-01-19T07:00,32.3,25.7,0.0,0.0,0.0,0.033,1,Mainly clear,5.9,11.4,93,
2025-01-19T08:00,31.6,24.7,0.0,0.0,0.0,0.033,2,Partly cloudy,6.3,11.9,92,
2025-01-19T09:00,35.1,28.9,0.0,0.0,0.0,0.033,3,Overcast,5.8,11.9,90,
2025-01-19T10:00,36.0,30.6,0.0,0.0,0.0,0.033,3,Overcast,4.0,11.0,89,
2025-01-19T11:00,36.6,30.4,0.0,0.0,0.0,0.033,3,Overcast,6.0,13.6,86,
2025-01-19T12:00,36.2,30.3,0.004,0.004,0.0,0.033,51,Light drizzle,5.2,14.5,86,
2025-01-19T13:00,35.7,29.2,0.008,0.008,0.0,0.033,51,Light drizzle,6.2,14.1,85,
2025-01-19T14:00,35.4,29.0,0.004,0.004,0.0,0.033,51,Light drizzle,5.3,14.3,79,
2025-01-19T15:00,34.6,28.5,0.012,0.0,0.083,0.033,73,Moderate snowfall,4.6,12.3,81,
2025-01-19T16:00,33.8,27.3,0.035,0.0,0.248,0.033,73,Moderate snowfall,5.5,11.2,85,
2025-01-19T17:00,32.7,25.0,0.024,0.0,0.165,0.033,73,Moderate snowfall,8.6,18.6,89,
2025-01-19T18:00,31.9,24.0,0.016,0.004,0.083,0.066,73,Moderate snowfall,8.6,18.8,88,
2025-01-19T19:00,30.3,21.3,0.043,0.0,0.303,0.066,73,Moderate snowfall,10.7,23.3,88,
2025-01-19T20:00,29.0,19.5,0.079,0.0,0.551,0.098,75,Heavy snowfall,11.6,25.1,89,
2025-01-19T21:00,29.6,20.7,0.063,0.0,0.441,0.131,75,Heavy snowfall,10.2,21.7,90,
2025-01-19T22:00,28.8,19.1,0.035,0.0,0.248,0.131,73,Moderate snowfall,11.8,24.8,88,
2025-01-19T23:00,27.8,18.4,0.008,0.0,0.055,0.164,71,Slight snowfall,10.6,25.5,84,
2025-01-20T00:00,27.1,18.0,0.0,0.0,0.0,0.164,3,Overcast,9.5,22.6,83,
2025-01-20T01:00,25.3,16.1,0.004,0.0,0.028,0.164,71,Slight snowfall,9.2,20.4,82,
2025-01-20T02:00,22.9,13.5,0.004,0.0,0.028,0.164,71,Slight snowfall,9.1,20.8,78,
2025-01-20T03:00,21.3,11.5,0.0,0.0,0.0,0.164,3,Overcast,9.4,20.4,74,
2025-01-20T04:00,19.5,8.9,0.0,0.0,0.0,0.164,0,Clear sky,10.6,23.3,70,
2025-01-20T05:00,17.2,6.7,0.0,0.0,0.0,0.164,0,Clear sky,10.0,23.3,67,
2025-01-20T06:00,15.9,5.8,0.0,0.0,0.0,0.164,0,Clear sky,8.9,21.3,65,
2025-01-20T07:00,14.9,5.1,0.0,0.0,0.0,0.164,0,Clear sky,7.9,18.8,65,
2025-01-20T08:00,14.1,4.4,0.0,0.0,0.0,0.164,0,Clear sky,7.6,16.6,65,
2025-01-20T09:00,14.9,5.0,0.0,0.0,0.0,0.164,0,Clear sky,8.2,17.7,68,
2025-01-20T10:00,15.8,6.3,0.0,0.0,0.0,0.164,0,Clear sky,7.5,16.8,67,
2025-01-20T11:00,17.7,9.4,0.0,0.0,0.0,0.164,0,Clear sky,4.8,15.2,66,
2025-01-20T12:00,20.5,12.5,0.0,0.0,0.0,0.164,0,Clear sky,4.2,11.4,61,
2025-01-20T13:00,22.6,12.3,0.0,0.0,0.0,0.164,2,Partly cloudy,9.8,22.1,56,
2025-01-20T14:00,23.5,13.7,0.0,0.0,0.0,0.164,2,Partly cloudy,8.6,24.8,55,
2025-01-20T15:00,23.7,14.4,0.0,0.0,0.0,0.164,3,Overcast,7.4,21.3,53,
2025-01-20T16:00,23.1,14.0,0.0,0.0,0.0,0.164,1,Mainly clear,6.7,18.1,52,
2025-01-20T17:00,21.7,13.2,0.0,0.0,0.0,0.164,2,Partly cloudy,5.4,14.8,56,
2025-01-20T18:00,19.9,11.8,0.0,0.0,0.0,0.164,3,Overcast,4.5,11.4,63,
2025-01-20T19:00,18.7,11.1,0.0,0.0,0.0,0.164,3,Overcast,3.5,9.2,68,
2025-01-20T20:00,18.1,10.5,0.0,0.0,0.0,0.164,3,Overcast,3.6,7.4,73,
2025-01-20T21:00,17.5,8.5,0.0,0.0,0.0,0.164,1,Mainly clear,6.5,13.0,65,
2025-01-20T22:00,15.8,6.7,0.0,0.0,0.0,0.164,0,Clear sky,6.4,13.4,63,
2025-01-20T23:00,14.1,5.2,0.0,0.0,0.0,0.164,0,Clear sky,5.7,13.0,65,
2025-01-21T00:00,12.7,3.9,0.0,0.0,0.0,0.164,0,Clear sky,5.3,11.4,66,
2025-01-21T01:00,11.2,2.4,0.0,0.0,0.0,0.164,0,Clear sky,5.4,10.5,67,
2025-01-21T02:00,10.4,1.2,0.0,0.0,0.0,0.164,0,Clear sky,6.0,11.9,67,
2025-01-21T03:00,9.7,0.6,0.0,0.0,0.0,0.164,0,Clear sky,5.6,12.1,67,
2025-01-21T04:00,8.4,-0.4,0.0,0.0,0.0,0.164,1,Mainly clear,4.9,11.2,68,
2025-01-21T05:00,7.3,-1.3,0.0,0.0,0.0,0.164,1,Mainly clear,4.3,9.8,68,
2025-01-21T06:00,4.6,-3.7,0.0,0.0,0.0,0.164,1,Mainly clear,3.5,8.5,69,
2025-01-21T07:00,4.1,-4.3,0.0,0.0,0.0,0.164,1,Mainly clear,3.7,7.2,69,
2025-01-21T08:00,4.4,-4.2,0.0,0.0,0.0,0.164,2,Partly cloudy,4.2,8.5,70,
2025-01-21T09:00,5.9,-2.8,0.0,0.0,0.0,0.164,1,Mainly clear,4.6,10.3,67,
2025-01-21T10:00,8.0,-0.6,0.0,0.0,0.0,0.164,2,Partly cloudy,4.4,9.6,65,
2025-01-21T11:00,10.6,2.1,0.0,0.0,0.0,0.164,2,Partly cloudy,4.2,10.3,62,
2025-01-21T12:00,13.3,5.2,0.0,0.0,0.0,0.164,3,Overcast,3.5,10.5,59,
2025-01-21T13:00,15.3,7.3,0.0,0.0,0.0,0.164,3,Overcast,3.3,9.2,56,
2025-01-21T14:00,16.5,8.3,0.0,0.0,0.0,0.164,3,Overcast,3.8,10.1,53,
2025-01-21T15:00,17.2,8.7,0.0,0.0,0.0,0.164,3,Overcast,4.5,11.0,50,
2025-01-21T16:00,17.2,8.3,0.0,0.0,0.0,0.164,3,Overcast,5.1,12.8,49,
2025-01-21T17:00,16.7,7.7,0.0,0.0,0.0,0.164,3,Overcast,5.5,13.4,51,
2025-01-21T18:00,16.1,7.3,0.0,0.0,0.0,0.164,3,Overcast,5.2,12.5,57,
2025-01-21T19:00,15.5,6.7,0.004,0.0,0.028,0.164,71,Slight snowfall,5.6,12.3,61,
2025-01-21T20:00,15.0,6.1,0.004,0.0,0.028,0.164,71,Slight snowfall,5.8,12.8,65,
2025-01-21T21:00,15.7,7.0,0.0,0.0,0.0,0.164,3,Overcast,5.4,12.1,63,
2025-01-21T22:00,15.2,6.0,0.004,0.0,0.028,0.164,71,Slight snowfall,6.4,13.4,66,
2025-01-21T23:00,14.6,5.5,0.0,0.0,0.0,0.164,3,Overcast,6.4,13.6,65,
2025-01-22T00:00,13.9,4.5,0.0,0.0,0.0,0.164,3,Overcast,6.9,14.3,64,
2025-01-22T01:00,12.6,3.5,0.0,0.0,0.0,0.164,3,Overcast,5.8,14.5,65,
2025-01-22T02:00,11.1,2.1,0.0,0.0,0.0,0.164,0,Clear sky,5.7,11.9,66,
2025-01-22T03:00,8.4,-0.1,0.0,0.0,0.0,0.164,0,Clear sky,4.3,11.6,67,
2025-01-22T04:00,5.1,-3.2,0.0,0.0,0.0,0.164,0,Clear sky,3.4,8.5,66,
2025-01-22T05:00,4.1,-4.2,0.0,0.0,0.0,0.164,0,Clear sky,3.3,6.7,65,
2025-01-22T06:00,3.6,-4.8,0.0,0.0,0.0,0.164,0,Clear sky,3.5,6.9,65,
2025-01-22T07:00,2.9,-5.5,0.0,0.0,0.0,0.164,0,Clear sky,3.6,6.5,65,
2025-01-22T08:00,2.7,-5.8,0.0,0.0,0.0,0.164,0,Clear sky,3.5,7.2,66,
2025-01-22T09:00,5.6,-2.6,0.0,0.0,0.0,0.164,0,Clear sky,3.3,8.5,61,
2025-01-22T10:00,9.4,0.9,0.0,0.0,0.0,0.164,0,Clear sky,4.0,10.5,57,
2025-01-22T11:00,11.9,2.6,0.0,0.0,0.0,0.164,0,Clear sky,6.0,14.1,53,
2025-01-22T12:00,14.4,5.4,0.0,0.0,0.0,0.164,0,Clear sky,5.1,14.1,48,
2025-01-22T13:00,15.8,7.3,0.0,0.0,0.0,0.164,0,Clear sky,3.9,12.3,43,
2025-01-22T14:00,16.6,8.9,0.0,0.0,0.0,0.164,0,Clear sky,2.0,10.3,40,
2025-01-22T15:00,17.1,9.5,0.0,0.0,0.0,0.164,0,Clear sky,1.6,6.5,39,
2025-01-22T16:00,17.2,10.0,0.0,0.0,0.0,0.164,0,Clear sky,0.7,5.4,38,
2025-01-22T17:00,16.0,9.1,0.0,0.0,0.0,0.164,0,Clear sky,0.2,2.5,44,
2025-01-22T18:00,13.4,6.2,0.0,0.0,0.0,0.164,1,Mainly clear,0.5,2.7,41,
2025-01-22T19:00,12.4,5.2,0.0,0.0,0.0,0.164,3,Overcast,0.5,2.0,42,
2025-01-22T20:00,11.7,4.5,0.0,0.0,0.0,0.164,3,Overcast,0.5,2.0,45,
2025-01-22T21:00,14.6,7.3,0.0,0.0,0.0,0.164,3,Overcast,1.6,3.8,53,
2025-01-22T22:00,14.1,6.9,0.0,0.0,0.0,0.164,3,Overcast,1.0,4.0,51,
2025-01-22T23:00,12.5,5.2,0.0,0.0,0.0,0.164,1,Mainly clear,1.0,2.9,49,
2025-01-23T00:00,11.0,3.2,0.0,0.0,0.0,0.164,2,Partly cloudy,2.4,4.5,51,
2025-01-23T01:00,10.7,3.2,0.0,0.0,0.0,0.164,1,Mainly clear,1.5,4.9,50,
2025-01-23T02:00,9.6,1.6,0.0,0.0,0.0,0.164,0,Clear sky,2.6,4.7,52,
2025-01-23T03:00,9.2,1.0,0.0,0.0,0.0,0.164,3,Overcast,3.2,6.0,54,
2025-01-23T04:00,10.2,2.2,0.0,0.0,0.0,0.164,3,Overcast,2.9,6.0,56,
2025-01-23T05:00,11.3,3.4,0.0,0.0,0.0,0.164,3,Overcast,2.7,6.3,57,
2025-01-23T06:00,13.7,6.4,0.0,0.0,0.0,0.164,3,Overcast,1.8,5.4,60,
2025-01-23T07:00,14.0,7.2,0.0,0.0,0.0,0.164,3,Overcast,0.5,3.6,59,
2025-01-23T08:00,13.2,6.4,0.0,0.0,0.0,0.164,3,Overcast,0.4,1.8,61,
2025-01-23T09:00,11.8,4.7,0.0,0.0,0.0,0.164,3,Overcast,1.2,2.9,62,
2025-01-23T10:00,15.3,8.2,0.0,0.0,0.0,0.164,2,Partly cloudy,1.1,3.6,54,
2025-01-23T11:00,18.1,10.9,0.0,0.0,0.0,0.164,2,Partly cloudy,1.4,4.7,44,
2025-01-23T12:00,20.7,13.4,0.0,0.0,0.0,0.164,3,Overcast,1.8,6.0,46,
2025-01-23T13:00,22.6,14.9,0.0,0.0,0.0,0.164,3,Overcast,3.3,9.2,51,
2025-01-23T14:00,24.5,16.5,0.0,0.0,0.0,0.164,0,Clear sky,4.5,11.9,54,
2025-01-23T15:00,25.3,17.4,0.0,0.0,0.0,0.164,0,Clear sky,4.4,11.9,52,
2025-01-23T16:00,25.4,17.3,0.0,0.0,0.0,0.164,0,Clear sky,4.5,12.1,49,
2025-01-23T17:00,24.1,16.5,0.0,0.0,0.0,0.164,0,Clear sky,3.0,11.6,50,
2025-01-23T18:00,20.4,12.4,0.0,0.0,0.0,0.164,0,Clear sky,3.6,7.6,51,
2025-01-23T19:00,19.0,10.7,0.0,0.0,0.0,0.164,0,Clear sky,4.1,8.3,51,
2025-01-23T20:00,18.1,9.9,0.0,0.0,0.0,0.164,0,Clear sky,4.0,8.5,55,
2025-01-23T21:00,20.4,11.9,0.0,0.0,0.0,0.164,0,Clear sky,5.2,11.2,56,
2025-01-23T22:00,19.5,11.0,0.0,0.0,0.0,0.164,0,Clear sky,5.3,10.7,61,
2025-01-23T23:00,19.0,10.6,0.0,0.0,0.0,0.164,0,Clear sky,5.1,11.0,64,
2025-01-24T00:00,18.7,10.1,0.0,0.0,0.0,0.164,0,Clear sky,5.5,11.0,65,
2025-01-24T01:00,18.6,9.9,0.0,0.0,0.0,0.164,0,Clear sky,5.8,11.9,64,
2025-01-24T02:00,18.7,9.9,0.0,0.0,0.0,0.164,0,Clear sky,6.1,13.0,65,
2025-01-24T03:00,18.0,9.6,0.0,0.0,0.0,0.164,0,Clear sky,5.2,12.3,67,
2025-01-24T04:00,16.8,8.8,0.0,0.0,0.0,0.164,0,Clear sky,4.2,10.5,70,
2025-01-24T05:00,15.9,7.9,0.0,0.0,0.0,0.164,0,Clear sky,4.1,8.5,73,
2025-01-24T06:00,16.0,8.0,0.0,0.0,0.0,0.164,0,Clear sky,4.4,8.7,75,
2025-01-24T07:00,16.4,8.3,0.0,0.0,0.0,0.164,0,Clear sky,4.7,9.6,77,
2025-01-24T08:00,16.2,8.1,0.0,0.0,0.0,0.164,0,Clear sky,4.7,9.6,79,
2025-01-24T09:00,17.4,8.8,0.0,0.0,0.0,0.164,0,Clear sky,5.8,11.9,70,
2025-01-24T10:00,20.2,12.2,0.0,0.0,0.0,0.164,0,Clear sky,4.7,11.6,69,
2025-01-24T11:00,23.9,16.2,0.0,0.0,0.0,0.164,0,Clear sky,4.3,10.3,63,
2025-01-24T12:00,27.0,18.6,0.0,0.0,0.0,0.164,0,Clear sky,6.0,14.1,59,
2025-01-24T13:00,28.5,19.7,0.0,0.0,0.0,0.164,0,Clear sky,6.8,16.6,53,
2025-01-24T14:00,29.5,20.7,0.0,0.0,0.0,0.164,0,Clear sky,6.7,16.3,50,
2025-01-24T15:00,30.2,21.5,0.0,0.0,0.0,0.164,0,Clear sky,6.4,16.3,48,
2025-01-24T16:00,30.4,22.2,0.0,0.0,0.0,0.164,0,Clear sky,4.9,15.4,45,
2025-01-24T17:00,28.4,21.2,0.0,0.0,0.0,0.164,0,Clear sky,2.9,12.1,51,
2025-01-24T18:00,24.4,17.3,0.0,0.0,0.0,0.164,0,Clear sky,1.8,6.9,50,
2025-01-24T19:00,22.1,14.8,0.0,0.0,0.0,0.164,1,Mainly clear,2.6,4.9,55,
2025-01-24T20:00,20.5,13.1,0.0,0.0,0.0,0.164,3,Overcast,2.6,5.4,59,
2025-01-24T21:00,21.1,13.7,0.0,0.0,0.0,0.164,2,Partly cloudy,2.8,6.3,60,
2025-01-24T22:00,19.2,11.9,0.0,0.0,0.0,0.164,2,Partly cloudy,2.5,5.6,62,
2025-01-24T23:00,17.4,9.8,0.0,0.0,0.0,0.164,0,Clear sky,3.2,6.0,67,
2025-01-25T00:00,16.8,9.9,0.0,0.0,0.0,0.164,0,Clear sky,1.5,5.8,68,
2025-01-25T01:00,15.4,8.6,0.0,0.0,0.0,0.164,0,Clear sky,1.1,2.9,71,
2025-01-25T02:00,14.2,7.4,0.0,0.0,0.0,0.164,0,Clear sky,1.0,2.2,74,
2025-01-25T03:00,13.1,6.4,0.0,0.0,0.0,0.164,0,Clear sky,0.9,2.5,77,
2025-01-25T04:00,11.9,5.1,0.0,0.0,0.0,0.164,0,Clear sky,1.2,3.1,80,
2025-01-25T05:00,11.4,4.6,0.0,0.0,0.0,0.164,0,Clear sky,1.0,3.1,82,
2025-01-25T06:00,10.8,3.9,0.0,0.0,0.0,0.164,0,Clear sky,1.1,2.7,83,
2025-01-25T07:00,10.2,3.3,0.0,0.0,0.0,0.164,0,Clear sky,1.3,3.4,83,
2025-01-25T08:00,9.4,2.5,0.0,0.0,0.0,0.164,0,Clear sky,1.3,3.1,85,
2025-01-25T09:00,12.3,4.7,0.0,0.0,0.0,0.164,0,Clear sky,2.9,6.5,74,
2025-01-25T10:00,17.5,10.1,0.0,0.0,0.0,0.164,0,Clear sky,2.8,6.3,68,
2025-01-25T11:00,21.4,13.8,0.0,0.0,0.0,0.164,0,Clear sky,3.5,8.7,62,
2025-01-25T12:00,24.1,16.3,0.0,0.0,0.0,0.164,1,Mainly clear,4.2,10.7,58,
2025-01-25T13:00,25.6,17.1,0.0,0.0,0.0,0.164,0,Clear sky,5.6,14.1,53,
2025-01-25T14:00,26.9,17.8,0.0,0.0,0.0,0.164,2,Partly cloudy,7.0,17.0,51,
2025-01-25T15:00,27.6,18.4,0.0,0.0,0.0,0.164,3,Overcast,7.5,18.1,51,
2025-01-25T16:00,28.1,19.1,0.0,0.0,0.0,0.131,3,Overcast,7.3,17.9,52,
2025-01-25T17:00,27.6,19.3,0.0,0.0,0.0,0.131,2,Partly cloudy,5.7,17.0,55,
2025-01-25T18:00,26.2,18.1,0.0,0.0,0.0,0.131,3,Overcast,5.2,13.2,59,
2025-01-25T19:00,25.9,17.5,0.0,0.0,0.0,0.131,1,Mainly clear,6.1,12.5,60,
2025-01-25T20:00,25.4,16.8,0.0,0.0,0.0,0.131,2,Partly cloudy,6.5,13.2,61,
2025-01-25T21:00,26.5,17.8,0.0,0.0,0.0,0.131,1,Mainly clear,6.7,14.3,56,
2025-01-25T22:00,26.2,17.6,0.0,0.0,0.0,0.131,1,Mainly clear,6.4,14.1,60,
2025-01-25T23:00,25.3,17.3,0.0,0.0,0.0,0.131,3,Overcast,5.1,13.4,64,
2025-01-26T00:00,24.4,16.7,0.0,0.0,0.0,0.131,3,Overcast,4.3,10.7,66,
2025-01-26T01:00,23.2,15.8,0.0,0.0,0.0,0.131,3,Overcast,3.7,8.7,68,
2025-01-26T02:00,22.7,15.5,0.0,0.0,0.0,0.131,3,Overcast,3.4,7.4,70,
2025-01-26T03:00,25.3,17.8,0.0,0.0,0.0,0.131,3,Overcast,4.4,8.7,70,
2025-01-26T04:00,25.7,17.7,0.0,0.0,0.0,0.131,3,Overcast,5.9,11.4,72,
2025-01-26T05:00,26.9,18.2,0.0,0.0,0.0,0.131,3,Overcast,7.7,15.4,72,
2025-01-26T06:00,28.0,19.1,0.0,0.0,0.0,0.131,3,Overcast,8.3,17.0,72,
2025-01-26T07:00,28.6,19.8,0.0,0.0,0.0,0.131,3,Overcast,8.3,17.4,71,
2025-01-26T08:00,28.8,20.2,0.0,0.0,0.0,0.131,3,Overcast,7.9,17.2,71,
2025-01-26T09:00,29.0,20.7,0.0,0.0,0.0,0.131,2,Partly cloudy,6.9,14.5,66,
2025-01-26T10:00,31.1,23.0,0.0,0.0,0.0,0.131,2,Partly cloudy,6.7,14.5,64,
2025-01-26T11:00,34.8,27.9,0.0,0.0,0.0,0.131,3,Overcast,4.4,15.0,62,
2025-01-26T12:00,38.2,29.4,0.0,0.0,0.0,0.131,3,Overcast,9.2,18.6,55,
2025-01-26T13:00,38.8,29.1,0.0,0.0,0.0,0.131,3,Overcast,10.7,24.4,51,
2025-01-26T14:00,39.2,30.1,0.0,0.0,0.0,0.131,3,Overcast,9.1,24.2,48,
2025-01-26T15:00,39.3,30.7,0.0,0.0,0.0,0.131,3,Overcast,8.4,21.9,50,
2025-01-26T16:00,38.7,30.4,0.0,0.0,0.0,0.131,3,Overcast,7.6,19.7,52,
2025-01-26T17:00,37.0,28.9,0.0,0.0,0.0,0.131,3,Overcast,7.1,17.4,55,
2025-01-26T18:00,33.6,26.3,0.0,0.0,0.0,0.131,2,Partly cloudy,5.1,15.7,60,
2025-01-26T19:00,29.3,22.3,0.0,0.0,0.0,0.131,3,Overcast,4.0,10.5,66,
2025-01-26T20:00,25.9,18.8,0.0,0.0,0.0,0.131,1,Mainly clear,3.4,7.8,69,
2025-01-26T21:00,26.7,19.7,0.0,0.0,0.0,0.131,2,Partly cloudy,3.3,7.6,66,
2025-01-26T22:00,26.2,19.8,0.0,0.0,0.0,0.131,3,Overcast,1.8,6.0,64,
2025-01-26T23:00,24.4,17.2,0.0,0.0,0.0,0.131,1,Mainly clear,3.5,6.7,67,
2025-01-27T00:00,24.1,16.8,0.0,0.0,0.0,0.131,3,Overcast,3.5,6.9,67,
2025-01-27T01:00,25.2,17.9,0.0,0.0,0.0,0.131,3,Overcast,3.7,7.6,66,
2025-01-27T02:00,25.2,17.9,0.0,0.0,0.0,0.131,3,Overcast,3.7,7.6,66,
2025-01-27T03:00,26.2,18.3,0.0,0.0,0.0,0.131,3,Overcast,5.2,10.3,67,
2025-01-27T04:00,26.8,18.7,0.0,0.0,0.0,0.131,3,Overcast,6.0,12.3,68,
2025-01-27T05:00,26.7,18.7,0.0,0.0,0.0,0.131,3,Overcast,6.0,12.3,69,
2025-01-27T06:00,26.6,18.2,0.0,0.0,0.0,0.131,1,Mainly clear,6.8,14.1,69,
2025-01-27T07:00,25.3,16.8,0.0,0.0,0.0,0.131,0,Clear sky,6.6,14.3,70,
2025-01-27T08:00,23.5,15.5,0.0,0.0,0.0,0.131,0,Clear sky,5.5,13.6,72,
2025-01-27T09:00,25.6,17.9,0.0,0.0,0.0,0.131,0,Clear sky,4.6,12.3,63,
2025-01-27T10:00,28.0,20.8,0.0,0.0,0.0,0.131,0,Clear sky,3.6,10.1,60,
2025-01-27T11:00,30.7,22.6,0.0,0.0,0.0,0.131,0,Clear sky,5.7,13.9,56,
2025-01-27T12:00,32.8,24.3,0.0,0.0,0.0,0.131,0,Clear sky,7.0,16.8,52,
2025-01-27T13:00,34.0,24.6,0.0,0.0,0.0,0.131,0,Clear sky,9.0,21.3,50,
2025-01-27T14:00,35.1,25.4,0.0,0.0,0.0,0.131,0,Clear sky,9.7,23.0,49,
2025-01-27T15:00,35.5,26.1,0.0,0.0,0.0,0.131,0,Clear sky,9.4,23.0,49,
2025-01-27T16:00,35.4,26.3,0.0,0.0,0.0,0.131,0,Clear sky,9.0,21.9,52,
2025-01-27T17:00,34.4,25.4,0.0,0.0,0.0,0.131,0,Clear sky,8.4,20.8,51,
2025-01-27T18:00,32.6,23.3,0.0,0.0,0.0,0.131,0,Clear sky,8.8,18.6,51,
2025-01-27T19:00,31.6,21.9,0.0,0.0,0.0,0.131,0,Clear sky,9.4,19.7,50,
2025-01-27T20:00,31.0,21.1,0.0,0.0,0.0,0.131,0,Clear sky,9.8,21.0,52,
2025-01-27T21:00,31.8,21.9,0.0,0.0,0.0,0.131,0,Clear sky,9.8,20.4,48,
2025-01-27T22:00,32.5,22.1,0.0,0.0,0.0,0.131,2,Partly cloudy,11.3,24.2,51,
2025-01-27T23:00,33.2,23.0,0.0,0.0,0.0,0.131,1,Mainly clear,11.2,24.8,55,
2025-01-28T00:00,33.2,23.1,0.0,0.0,0.0,0.131,3,Overcast,11.1,24.4,58,
2025-01-28T01:00,33.5,23.5,0.0,0.0,0.0,0.131,3,Overcast,10.8,24.6,54,
2025-01-28T02:00,34.3,24.1,0.0,0.0,0.0,0.131,3,Overcast,10.8,23.5,48,
2025-01-28T03:00,33.9,23.8,0.0,0.0,0.0,0.131,3,Overcast,10.5,23.5,48,
2025-01-28T04:00,33.0,22.8,0.0,0.0,0.0,0.131,3,Overcast,10.9,23.7,51,
2025-01-28T05:00,32.7,22.6,0.0,0.0,0.0,0.131,3,Overcast,10.7,24.2,52,
2025-01-28T06:00,32.2,21.8,0.0,0.0,0.0,0.131,0,Clear sky,11.4,25.3,55,
2025-01-28T07:00,31.6,21.0,0.0,0.0,0.0,0.131,2,Partly cloudy,12.2,26.8,58,
2025-01-28T08:00,31.6,21.0,0.0,0.0,0.0,0.131,2,Partly cloudy,12.3,27.3,61,
2025-01-28T09:00,35.9,25.5,0.0,0.0,0.0,0.131,2,Partly cloudy,11.7,26.2,49,
2025-01-28T10:00,37.5,27.2,0.0,0.0,0.0,0.131,3,Overcast,11.9,26.2,50,
2025-01-28T11:00,38.7,28.8,0.0,0.0,0.0,0.131,0,Clear sky,11.1,26.6,50,
2025-01-28T12:00,39.4,28.0,0.0,0.0,0.0,0.131,1,Mainly clear,14.5,32.7,46,
2025-01-28T13:00,38.1,26.9,0.0,0.0,0.0,0.098,3,Overcast,13.9,33.6,48,
2025-01-28T14:00,34.4,23.5,0.0,0.0,0.0,0.098,0,Clear sky,12.6,32.7,48,
2025-01-28T15:00,33.8,23.8,0.0,0.0,0.0,0.098,1,Mainly clear,10.2,28.9,46,
2025-01-28T16:00,32.8,23.6,0.0,0.0,0.0,0.098,1,Mainly clear,8.1,23.9,47,
2025-01-28T17:00,31.6,22.9,0.0,0.0,0.0,0.098,2,Partly cloudy,6.7,19.2,47,
2025-01-28T18:00,28.6,21.9,0.0,0.0,0.0,0.098,3,Overcast,2.5,14.3,61,
2025-01-28T19:00,27.0,20.3,0.0,0.0,0.0,0.098,3,Overcast,2.4,4.9,65,
2025-01-28T20:00,26.5,20.1,0.0,0.0,0.0,0.098,1,Mainly clear,1.8,4.5,66,
2025-01-28T21:00,28.1,21.4,0.0,0.0,0.0,0.098,2,Partly cloudy,2.7,4.7,64,
2025-01-28T22:00,28.7,21.1,0.0,0.0,0.0,0.098,2,Partly cloudy,4.4,8.1,57,
2025-01-28T23:00,29.7,22.0,0.0,0.0,0.0,0.098,3,Overcast,4.9,10.1,58,
2025-01-29T00:00,31.9,24.0,0.0,0.0,0.0,0.098,3,Overcast,6.3,12.1,62,
2025-01-29T01:00,32.9,24.5,0.0,0.0,0.0,0.098,2,Partly cloudy,7.6,15.4,62,
2025-01-29T02:00,33.3,24.5,0.0,0.0,0.0,0.098,3,Overcast,8.5,17.0,62,
2025-01-29T03:00,34.6,25.6,0.0,0.0,0.0,0.098,3,Overcast,9.1,18.6,59,
2025-01-29T04:00,35.9,26.5,0.0,0.0,0.0,0.098,1,Mainly clear,10.2,21.9,58,
2025-01-29T05:00,35.8,26.1,0.0,0.0,0.0,0.098,0,Clear sky,10.9,23.3,58,
2025-01-29T06:00,36.2,26.6,0.0,0.0,0.0,0.098,1,Mainly clear,10.8,23.5,58,
2025-01-29T07:00,36.5,26.9,0.0,0.0,0.0,0.098,0,Clear sky,11.0,23.7,59,
2025-01-29T08:00,36.3,26.9,0.0,0.0,0.0,0.098,0,Clear sky,10.8,23.7,61,
2025-01-29T09:00,36.3,27.2,0.0,0.0,0.0,0.098,2,Partly cloudy,9.3,19.0,55,
2025-01-29T10:00,39.6,30.2,0.0,0.0,0.0,0.098,3,Overcast,10.0,21.0,50,
2025-01-29T11:00,42.5,34.1,0.0,0.0,0.0,0.098,0,Clear sky,8.1,22.4,46,
2025-01-29T12:00,45.7,37.1,0.0,0.0,0.0,0.098,0,Clear sky,9.1,21.0,44,
2025-01-29T13:00,47.6,37.8,0.0,0.0,0.0,0.098,1,Mainly clear,12.7,28.2,46,
2025-01-29T14:00,47.7,37.6,0.0,0.0,0.0,0.098,1,Mainly clear,13.6,33.6,47,
2025-01-29T15:00,48.1,38.8,0.0,0.0,0.0,0.066,1,Mainly clear,11.9,31.3,46,
2025-01-29T16:00,46.9,36.9,0.0,0.0,0.0,0.066,1,Mainly clear,13.0,30.0,47,
2025-01-29T17:00,45.0,35.0,0.0,0.0,0.0,0.066,0,Clear sky,12.7,29.8,48,
2025-01-29T18:00,42.1,31.0,0.0,0.0,0.0,0.066,0,Clear sky,13.8,31.3,42,
2025-01-29T19:00,38.6,28.0,0.0,0.0,0.0,0.066,0,Clear sky,12.1,30.9,44,
2025-01-29T20:00,36.2,26.1,0.0,0.0,0.0,0.066,0,Clear sky,10.9,27.1,47,
2025-01-29T21:00,36.3,27.0,0.0,0.0,0.0,0.066,3,Overcast,9.6,19.7,53,
2025-01-29T22:00,35.2,25.1,0.0,0.0,0.0,0.066,1,Mainly clear,11.5,25.1,55,
2025-01-29T23:00,32.3,22.3,0.0,0.0,0.0,0.066,2,Partly cloudy,11.3,26.4,64,
2025-01-30T00:00,30.4,21.7,0.0,0.0,0.0,0.066,0,Clear sky,8.1,24.4,65,
2025-01-30T01:00,27.8,18.6,0.0,0.0,0.0,0.066,1,Mainly clear,8.5,22.4,65,
2025-01-30T02:00,26.2,16.6,0.0,0.0,0.0,0.066,0,Clear sky,9.1,22.6,63,
2025-01-30T03:00,24.4,14.4,0.0,0.0,0.0,0.066,0,Clear sky,9.7,21.9,60,
2025-01-30T04:00,23.5,13.3,0.0,0.0,0.0,0.066,0,Clear sky,9.8,22.6,58,
2025-01-30T05:00,22.8,12.6,0.0,0.0,0.0,0.066,0,Clear sky,9.5,21.9,54,
2025-01-30T06:00,21.8,12.1,0.0,0.0,0.0,0.066,0,Clear sky,7.9,21.0,52,
2025-01-30T07:00,21.1,12.0,0.0,0.0,0.0,0.066,0,Clear sky,6.4,17.7,52,
2025-01-30T08:00,20.8,12.2,0.0,0.0,0.0,0.066,0,Clear sky,5.1,13.6,53,
2025-01-30T09:00,24.3,15.9,0.0,0.0,0.0,0.066,0,Clear sky,4.7,10.3,46,
2025-01-30T10:00,26.2,17.4,0.0,0.0,0.0,0.066,0,Clear sky,5.7,13.9,43,
2025-01-30T11:00,27.8,18.5,0.0,0.0,0.0,0.066,0,Clear sky,6.8,17.9,41,
2025-01-30T12:00,29.5,20.6,0.0,0.0,0.0,0.066,0,Clear sky,6.0,17.7,38,
2025-01-30T13:00,31.4,22.3,0.0,0.0,0.0,0.066,0,Clear sky,6.5,20.1,36,
2025-01-30T14:00,32.6,24.0,0.0,0.0,0.0,0.066,1,Mainly clear,5.7,17.9,36,
2025-01-30T15:00,33.2,25.4,0.0,0.0,0.0,0.066,0,Clear sky,4.0,16.1,39,
2025-01-30T16:00,33.6,25.6,0.0,0.0,0.0,0.066,3,Overcast,4.8,13.0,40,
2025-01-30T17:00,33.3,24.8,0.0,0.0,0.0,0.066,3,Overcast,6.1,15.0,44,
2025-01-30T18:00,30.7,23.9,0.0,0.0,0.0,0.066,3,Overcast,3.0,13.2,58,
2025-01-30T19:00,30.1,23.1,0.0,0.0,0.0,0.066,3,Overcast,3.4,6.7,58,
2025-01-30T20:00,30.2,23.3,0.0,0.0,0.0,0.066,3,Overcast,3.1,6.7,57,
2025-01-30T21:00,30.6,22.8,0.0,0.0,0.0,0.066,3,Overcast,4.1,7.6,46,
2025-01-30T22:00,31.5,23.2,0.0,0.0,0.0,0.066,3,Overcast,5.8,11.2,49,
2025-01-30T23:00,32.5,24.4,0.0,0.0,0.0,0.066,3,Overcast,7.1,14.1,63,
2025-01-31T00:00,32.9,25.0,0.0,0.0,0.0,0.066,3,Overcast,7.1,14.5,70,
2025-01-31T01:00,33.5,26.1,0.0,0.0,0.0,0.066,3,Overcast,6.6,14.5,74,
2025-01-31T02:00,33.5,26.7,0.0,0.0,0.0,0.066,3,Overcast,5.5,13.4,77,
2025-01-31T03:00,33.5,27.2,0.0,0.0,0.0,0.066,3,Overcast,4.5,11.0,79,
2025-01-31T04:00,34.5,28.3,0.0,0.0,0.0,0.066,3,Overcast,4.7,9.2,80,
2025-01-31T05:00,35.6,29.0,0.0,0.0,0.0,0.066,3,Overcast,6.0,11.6,81,
2025-01-31T06:00,36.3,29.8,0.016,0.016,0.0,0.066,51,Light drizzle,6.5,13.2,85,
2025-01-31T07:00,36.5,29.9,0.016,0.016,0.0,0.066,51,Light drizzle,7.3,14.1,90,
2025-01-31T08:00,36.2,30.4,0.004,0.004,0.0,0.066,51,Light drizzle,5.8,13.6,93,
2025-01-31T09:00,35.1,30.1,0.016,0.016,0.0,0.066,51,Light drizzle,3.3,8.3,95,
2025-01-31T10:00,35.6,30.9,0.012,0.012,0.0,0.066,51,Light drizzle,3.0,5.8,96,
2025-01-31T11:00,36.3,32.0,0.008,0.008,0.0,0.066,51,Light drizzle,2.5,5.4,97,
2025-01-31T12:00,37.5,33.6,0.008,0.008,0.0,0.066,51,Light drizzle,2.2,4.9,98,
2025-01-31T13:00,39.1,35.3,0.004,0.004,0.0,0.066,51,Light drizzle,2.5,7.6,96,
2025-01-31T14:00,40.6,36.8,0.004,0.004,0.0,0.066,51,Light drizzle,3.0,7.6,95,
2025-01-31T15:00,41.1,37.8,0.012,0.012,0.0,0.066,51,Light drizzle,2.4,7.8,98,
2025-01-31T16:00,39.8,36.4,0.004,0.004,0.0,0.066,51,Light drizzle,2.2,4.7,98,
2025-01-31T17:00,39.8,35.9,0.004,0.004,0.0,0.066,51,Light drizzle,3.1,5.4,97,
2025-01-31T18:00,38.8,34.6,0.02,0.02,0.0,0.066,53,Moderate drizzle,3.4,5.1,98,
2025-01-31T19:00,39.0,35.1,0.047,0.047,0.0,0.066,55,Dense drizzle,2.9,7.8,98,
2025-01-31T20:00,38.7,34.4,0.047,0.047,0.0,0.066,55,Dense drizzle,3.6,5.1,99,
2025-01-31T21:00,41.6,37.3,0.031,0.031,0.0,0.033,53,Moderate drizzle,5.1,11.2,98,
2025-01-31T22:00,41.3,37.0,0.028,0.028,0.0,0.033,53,Moderate drizzle,4.8,10.3,98,
2025-01-31T23:00,41.9,36.7,0.047,0.047,0.0,0.033,55,Dense drizzle,7.2,13.6,98,
2025-02-01T00:00,41.6,37.1,0.028,0.028,0.0,0.033,53,Moderate drizzle,5.5,13.6,97,
2025-02-01T01:00,40.8,36.7,0.012,0.012,0.0,0.033,51,Light drizzle,4.1,10.1,97,
2025-02-01T02:00,40.9,36.7,0.012,0.012,0.0,0.033,51,Light drizzle,4.4,7.6,97,
2025-02-01T03:00,40.8,36.4,0.012,0.012,0.0,0.033,51,Light drizzle,4.8,9.8,97,
2025-02-01T04:00,40.3,34.7,0.004,0.004,0.0,0.033,51,Light drizzle,7.1,12.1,96,
2025-02-01T05:00,39.5,32.0,0.0,0.0,0.0,0.033,3,Overcast,10.8,21.7,93,
2025-02-01T06:00,36.7,28.8,0.0,0.0,0.0,0.033,3,Overcast,10.6,22.1,93,
2025-02-01T07:00,35.6,28.4,0.0,0.0,0.0,0.033,3,Overcast,8.5,22.1,91,
2025-02-01T08:00,34.6,26.3,0.0,0.0,0.0,0.033,3,Overcast,10.6,22.4,89,
2025-02-01T09:00,34.8,26.6,0.0,0.0,0.0,0.033,3,Overcast,10.0,22.6,87,
2025-02-01T10:00,33.9,24.7,0.0,0.0,0.0,0.033,3,Overcast,11.7,25.9,81,
2025-02-01T11:00,33.5,23.9,0.0,0.0,0.0,0.033,3,Overcast,11.5,29.8,70,
2025-02-01T12:00,33.3,23.6,0.0,0.0,0.0,0.033,3,Overcast,10.6,26.6,62,
2025-02-01T13:00,32.3,22.4,0.0,0.0,0.0,0.033,3,Overcast,10.5,25.1,57,
2025-02-01T14:00,31.6,21.6,0.0,0.0,0.0,0.033,2,Partly cloudy,10.2,25.5,53,
2025-02-01T15:00,31.8,21.6,0.0,0.0,0.0,0.033,0,Clear sky,10.0,24.8,45,
2025-02-01T16:00,31.1,20.9,0.0,0.0,0.0,0.033,0,Clear sky,9.7,24.4,42,
2025-02-01T17:00,29.4,18.6,0.0,0.0,0.0,0.033,0,Clear sky,10.7,24.6,41,
2025-02-01T18:00,26.7,15.9,0.0,0.0,0.0,0.033,0,Clear sky,10.7,24.8,45,
2025-02-01T19:00,24.2,13.1,0.0,0.0,0.0,0.033,0,Clear sky,11.1,24.8,46,
2025-02-01T20:00,22.3,11.6,0.0,0.0,0.0,0.033,0,Clear sky,9.8,24.8,46,
2025-02-01T21:00,24.1,13.5,0.0,0.0,0.0,0.033,0,Clear sky,9.7,23.0,43,
2025-02-01T22:00,22.6,12.2,0.0,0.0,0.0,0.033,0,Clear sky,9.1,21.3,43,
2025-02-01T23:00,21.5,11.8,0.0,0.0,0.0,0.033,0,Clear sky,7.3,20.1,42,
2025-02-02T00:00,20.7,11.0,0.0,0.0,0.0,0.033,0,Clear sky,7.1,16.6,40,
2025-02-02T01:00,19.9,10.1,0.0,0.0,0.0,0.033,1,Mainly clear,7.0,16.1,39,
2025-02-02T02:00,18.6,8.6,0.0,0.0,0.0,0.033,0,Clear sky,7.6,17.7,40,
2025-02-02T03:00,17.3,7.7,0.0,0.0,0.0,0.033,1,Mainly clear,6.7,17.2,42,
2025-02-02T04:00,16.3,7.1,0.0,0.0,0.0,0.033,1,Mainly clear,5.9,15.7,44,
2025-02-02T05:00,15.6,6.5,0.0,0.0,0.0,0.033,2,Partly cloudy,5.6,13.6,47,
2025-02-02T06:00,15.1,5.9,0.0,0.0,0.0,0.033,3,Overcast,5.8,13.4,48,
2025-02-02T07:00,14.7,5.9,0.0,0.0,0.0,0.033,3,Overcast,4.8,13.4,48,
2025-02-02T08:00,14.9,6.3,0.0,0.0,0.0,0.033,3,Overcast,4.4,11.2,47,
2025-02-02T09:00,15.7,7.6,0.0,0.0,0.0,0.033,3,Overcast,3.5,9.4,52,
2025-02-02T10:00,18.1,10.6,0.0,0.0,0.0,0.033,3,Overcast,2.2,9.8,50,
2025-02-02T11:00,21.4,13.9,0.0,0.0,0.0,0.033,3,Overcast,2.5,10.1,48,
2025-02-02T12:00,24.4,16.4,0.0,0.0,0.0,0.033,3,Overcast,3.6,12.8,45,
2025-02-02T13:00,27.1,19.0,0.0,0.0,0.0,0.033,3,Overcast,4.3,14.1,46,
2025-02-02T14:00,29.0,20.5,0.0,0.0,0.0,0.033,3,Overcast,6.4,17.0,55,
2025-02-02T15:00,28.1,20.2,0.0,0.0,0.0,0.033,3,Overcast,5.6,17.4,63,
2025-02-02T16:00,28.2,20.7,0.0,0.0,0.0,0.033,3,Overcast,4.8,15.2,66,
2025-02-02T17:00,29.3,22.0,0.0,0.0,0.0,0.033,3,Overcast,4.3,12.5,64,
2025-02-02T18:00,30.4,24.2,0.0,0.0,0.0,0.033,3,Overcast,2.0,10.7,64,
2025-02-02T19:00,31.4,25.2,0.0,0.0,0.0,0.033,3,Overcast,2.2,4.0,65,
2025-02-02T20:00,33.1,26.2,0.0,0.0,0.0,0.033,3,Overcast,4.6,8.5,68,
2025-02-02T21:00,29.0,22.9,0.035,0.0,0.248,0.033,73,Moderate snowfall,3.0,5.8,81,
2025-02-02T22:00,29.5,24.3,0.016,0.0,0.11,0.066,73,Moderate snowfall,1.5,5.4,89,
2025-02-02T23:00,30.4,24.3,0.028,0.0,0.193,0.098,73,Moderate snowfall,4.1,6.9,93,
2025-02-03T00:00,31.6,26.1,0.008,0.0,0.055,0.098,71,Slight snowfall,3.6,8.9,95,
2025-02-03T01:00,31.6,26.2,0.0,0.0,0.0,0.131,3,Overcast,2.9,6.5,94,
2025-02-03T02:00,31.7,26.0,0.0,0.0,0.0,0.131,2,Partly cloudy,3.6,7.4,92,
2025-02-03T03:00,31.8,25.4,0.0,0.0,0.0,0.131,3,Overcast,5.2,10.1,91,
2025-02-03T04:00,32.6,26.2,0.0,0.0,0.0,0.131,3,Overcast,5.5,11.9,90,
2025-02-03T05:00,31.6,25.8,0.0,0.0,0.0,0.131,2,Partly cloudy,3.5,11.0,91,
2025-02-03T06:00,28.6,22.5,0.0,0.0,0.0,0.131,1,Mainly clear,3.4,6.9,91,
2025-02-03T07:00,28.5,22.3,0.0,0.0,0.0,0.131,2,Partly cloudy,3.7,7.6,91,
2025-02-03T08:00,26.6,20.4,0.0,0.0,0.0,0.131,3,Overcast,3.1,7.2,92,
2025-02-03T09:00,28.0,22.3,0.0,0.0,0.0,0.131,3,Overcast,2.7,7.8,93,
2025-02-03T10:00,31.7,26.0,0.0,0.0,0.0,0.131,3,Overcast,3.3,8.1,87,
2025-02-03T11:00,33.9,28.5,0.0,0.0,0.0,0.131,3,Overcast,2.6,8.7,83,
2025-02-03T12:00,35.8,31.1,0.0,0.0,0.0,0.098,3,Overcast,1.4,7.6,80,
2025-02-03T13:00,39.4,34.2,0.0,0.0,0.0,0.098,3,Overcast,2.4,8.7,69,
2025-02-03T14:00,40.4,34.7,0.0,0.0,0.0,0.098,3,Overcast,4.1,10.7,70,
2025-02-03T15:00,41.1,35.2,0.0,0.0,0.0,0.098,2,Partly cloudy,5.4,13.0,73,
2025-02-03T16:00,42.4,36.5,0.0,0.0,0.0,0.098,3,Overcast,5.5,13.9,72,
2025-02-03T17:00,41.9,36.6,0.0,0.0,0.0,0.098,3,Overcast,4.6,13.0,76,
2025-02-03T18:00,38.1,33.2,0.0,0.0,0.0,0.098,2,Partly cloudy,3.3,9.2,85,
2025-02-03T19:00,36.5,32.1,0.0,0.0,0.0,0.098,3,Overcast,1.7,5.4,86,
2025-02-03T20:00,38.3,32.7,0.0,0.0,0.0,0.098,3,Overcast,5.0,8.9,85,
2025-02-03T21:00,40.0,33.2,0.0,0.0,0.0,0.098,3,Overcast,8.3,15.9,83,
2025-02-03T22:00,40.2,33.3,0.0,0.0,0.0,0.098,3,Overcast,8.2,17.0,81,
2025-02-03T23:00,40.6,34.3,0.0,0.0,0.0,0.098,3,Overcast,7.1,17.7,83,
2025-02-04T00:00,39.9,33.9,0.0,0.0,0.0,0.098,3,Overcast,6.6,14.3,86,
2025-02-04T01:00,39.5,33.3,0.0,0.0,0.0,0.098,3,Overcast,7.1,13.9,88,
2025-02-04T02:00,39.8,33.3,0.0,0.0,0.0,0.098,2,Partly cloudy,8.3,16.3,88,
2025-02-04T03:00,40.1,33.8,0.0,0.0,0.0,0.066,3,Overcast,7.8,17.0,89,
2025-02-04T04:00,40.0,34.3,0.0,0.0,0.0,0.066,3,Overcast,6.4,15.4,87,
2025-02-04T05:00,39.9,34.2,0.0,0.0,0.0,0.066,3,Overcast,6.1,12.3,86,
2025-02-04T06:00,41.2,34.6,0.0,0.0,0.0,0.066,3,Overcast,8.1,16.1,81,
2025-02-04T07:00,40.0,33.0,0.0,0.0,0.0,0.066,0,Clear sky,8.6,17.9,82,
2025-02-04T08:00,37.0,30.0,0.0,0.0,0.0,0.066,0,Clear sky,7.9,18.1,85,
2025-02-04T09:00,39.7,31.8,0.0,0.0,0.0,0.066,0,Clear sky,9.7,19.9,76,
2025-02-04T10:00,41.0,33.0,0.0,0.0,0.0,0.066,1,Mainly clear,9.9,24.4,71,
2025-02-04T11:00,42.1,32.9,0.0,0.0,0.0,0.066,2,Partly cloudy,12.1,27.3,62,
2025-02-04T12:00,42.9,33.5,0.0,0.0,0.0,0.066,2,Partly cloudy,12.2,30.0,58,
2025-02-04T13:00,42.1,31.7,0.0,0.0,0.0,0.066,0,Clear sky,12.9,30.9,49,
2025-02-04T14:00,41.2,30.6,0.0,0.0,0.0,0.066,0,Clear sky,13.1,31.3,48,
2025-02-04T15:00,40.6,29.8,0.0,0.0,0.0,0.066,0,Clear sky,13.0,31.3,46,
2025-02-04T16:00,38.7,27.5,0.0,0.0,0.0,0.066,3,Overcast,14.1,33.1,50,
2025-02-04T17:00,36.4,25.6,0.0,0.0,0.0,0.066,2,Partly cloudy,12.6,33.3,48,
2025-02-04T18:00,35.2,25.4,0.0,0.0,0.0,0.066,1,Mainly clear,10.1,32.9,50,
2025-02-04T19:00,32.8,23.4,0.0,0.0,0.0,0.066,0,Clear sky,9.1,23.3,53,
2025-02-04T20:00,31.2,21.9,0.0,0.0,0.0,0.066,1,Mainly clear,8.8,20.6,55,
2025-02-04T21:00,33.4,24.1,0.0,0.0,0.0,0.066,1,Mainly clear,8.9,19.2,52,
2025-02-04T22:00,32.5,23.0,0.0,0.0,0.0,0.066,0,Clear sky,9.2,21.0,54,
2025-02-04T23:00,30.9,21.6,0.0,0.0,0.0,0.066,1,Mainly clear,8.8,20.6,56,
2025-02-05T00:00,29.4,19.8,0.0,0.0,0.0,0.066,1,Mainly clear,9.1,19.9,57,
2025-02-05T01:00,27.7,17.9,0.0,0.0,0.0,0.066,3,Overcast,9.2,22.1,54,
2025-02-05T02:00,26.2,17.1,0.0,0.0,0.0,0.066,3,Overcast,7.5,20.6,57,
2025-02-05T03:00,25.9,17.3,0.0,0.0,0.0,0.066,3,Overcast,6.5,16.8,60,
2025-02-05T04:00,26.0,17.6,0.0,0.0,0.0,0.066,3,Overcast,6.1,14.8,60,
2025-02-05T05:00,26.2,17.6,0.0,0.0,0.0,0.066,3,Overcast,6.4,14.5,56,
2025-02-05T06:00,26.4,17.8,0.0,0.0,0.0,0.066,3,Overcast,6.1,14.5,53,
2025-02-05T07:00,26.3,17.5,0.0,0.0,0.0,0.066,3,Overcast,6.5,15.0,52,
2025-02-05T08:00,26.3,17.3,0.0,0.0,0.0,0.066,3,Overcast,6.8,15.7,51,
2025-02-05T09:00,27.1,17.9,0.0,0.0,0.0,0.066,3,Overcast,7.4,17.0,53,
2025-02-05T10:00,27.8,18.9,0.0,0.0,0.0,0.066,3,Overcast,6.9,17.0,52,
2025-02-05T11:00,29.0,20.5,0.0,0.0,0.0,0.066,3,Overcast,6.1,16.8,50,
2025-02-05T12:00,30.9,22.9,0.0,0.0,0.0,0.066,3,Overcast,4.9,16.1,47,
2025-02-05T13:00,32.6,24.9,0.0,0.0,0.0,0.066,3,Overcast,4.2,14.5,43,
2025-02-05T14:00,34.0,26.4,0.0,0.0,0.0,0.066,1,Mainly clear,4.1,13.6,40,
2025-02-05T15:00,34.8,27.2,0.0,0.0,0.0,0.066,3,Overcast,3.5,13.4,37,
2025-02-05T16:00,35.0,27.6,0.0,0.0,0.0,0.066,3,Overcast,2.8,11.9,34,
2025-02-05T17:00,34.4,27.3,0.0,0.0,0.0,0.066,3,Overcast,2.1,9.6,34,
2025-02-05T18:00,32.2,25.8,0.0,0.0,0.0,0.066,3,Overcast,1.8,6.5,53,
2025-02-05T19:00,29.8,23.1,0.0,0.0,0.0,0.066,3,Overcast,2.2,4.3,55,
2025-02-05T20:00,29.3,22.6,0.0,0.0,0.0,0.066,3,Overcast,2.4,4.9,58,
2025-02-05T21:00,29.7,23.4,0.0,0.0,0.0,0.066,3,Overcast,1.1,3.1,53,
2025-02-05T22:00,28.8,22.3,0.0,0.0,0.0,0.066,3,Overcast,2.1,4.3,61,
2025-02-05T23:00,29.0,22.6,0.0,0.0,0.0,0.066,3,Overcast,2.3,4.7,65,
2025-02-06T00:00,28.8,22.0,0.0,0.0,0.0,0.066,3,Overcast,3.1,6.3,67,
2025-02-06T01:00,29.0,21.7,0.0,0.0,0.0,0.066,3,Overcast,4.7,8.7,68,
2025-02-06T02:00,29.2,21.7,0.004,0.0,0.028,0.066,71,Slight snowfall,5.3,9.8,70,
2025-02-06T03:00,29.9,22.2,0.0,0.0,0.0,0.066,3,Overcast,6.3,10.1,74,
2025-02-06T04:00,30.7,22.7,0.0,0.0,0.0,0.066,3,Overcast,7.2,13.6,73,
2025-02-06T05:00,31.3,23.8,0.004,0.0,0.028,0.066,71,Slight snowfall,5.8,15.0,72,
2025-02-06T06:00,31.0,24.2,0.02,0.0,0.138,0.066,73,Moderate snowfall,5.3,13.6,82,
2025-02-06T07:00,30.9,24.2,0.071,0.0,0.496,0.098,75,Heavy snowfall,5.8,11.6,91,
2025-02-06T08:00,31.8,24.6,0.087,0.004,0.579,0.131,75,Heavy snowfall,7.5,16.8,95,
2025-02-06T09:00,31.4,23.5,0.067,0.028,0.276,0.131,73,Moderate snowfall,8.8,19.9,93,
2025-02-06T10:00,33.3,26.2,0.024,0.012,0.083,0.164,73,Moderate snowfall,7.2,19.7,90,
2025-02-06T11:00,34.4,27.8,0.035,0.035,0.0,0.164,53,Moderate drizzle,6.4,14.3,89,
2025-02-06T12:00,35.4,30.2,0.02,0.02,0.0,0.164,53,Moderate drizzle,3.7,13.6,91,
2025-02-06T13:00,35.6,31.2,0.012,0.012,0.0,0.164,51,Light drizzle,2.0,6.9,94,
2025-02-06T14:00,35.7,31.8,0.035,0.035,0.0,0.164,53,Moderate drizzle,1.1,3.8,95,
2025-02-06T15:00,35.8,32.1,0.004,0.004,0.0,0.131,51,Light drizzle,0.8,2.5,96,
2025-02-06T16:00,37.1,33.0,0.0,0.0,0.0,0.131,3,Overcast,2.1,6.0,95,
2025-02-06T17:00,37.4,32.8,0.0,0.0,0.0,0.131,3,Overcast,3.4,6.9,94,
2025-02-06T18:00,36.9,31.4,0.0,0.0,0.0,0.131,3,Overcast,5.2,11.0,94,
2025-02-06T19:00,36.5,30.9,0.0,0.0,0.0,0.131,3,Overcast,5.5,10.7,95,
2025-02-06T20:00,36.2,30.2,0.0,0.0,0.0,0.131,0,Clear sky,6.4,12.3,95,
2025-02-06T21:00,33.6,26.8,0.0,0.0,0.0,0.131,0,Clear sky,7.2,13.9,95,
2025-02-06T22:00,33.2,26.3,0.0,0.0,0.0,0.131,0,Clear sky,7.3,14.1,95,
2025-02-06T23:00,32.2,25.6,0.0,0.0,0.0,0.131,3,Overcast,6.4,14.1,97,
2025-02-07T00:00,32.5,25.7,0.0,0.0,0.0,0.131,3,Overcast,6.8,13.4,97,
2025-02-07T01:00,33.4,26.8,0.0,0.0,0.0,0.131,3,Overcast,6.7,13.4,97,
2025-02-07T02:00,33.9,27.7,0.0,0.0,0.0,0.131,3,Overcast,6.2,13.4,99,
2025-02-07T03:00,35.2,28.6,0.0,0.0,0.0,0.131,3,Overcast,7.5,16.3,99,
2025-02-07T04:00,36.1,29.4,0.0,0.0,0.0,0.131,3,Overcast,8.3,16.3,98,
2025-02-07T05:00,37.0,29.9,0.0,0.0,0.0,0.131,3,Overcast,9.2,18.6,95,
2025-02-07T06:00,36.2,28.5,0.0,0.0,0.0,0.131,3,Overcast,9.6,18.6,88,
2025-02-07T07:00,36.4,27.2,0.0,0.0,0.0,0.131,2,Partly cloudy,11.9,24.4,76,
2025-02-07T08:00,36.1,26.7,0.0,0.0,0.0,0.131,0,Clear sky,10.7,26.4,62,
2025-02-07T09:00,37.1,28.3,0.0,0.0,0.0,0.131,1,Mainly clear,10.3,21.3,67,
2025-02-07T10:00,39.8,30.8,0.0,0.0,0.0,0.131,3,Overcast,9.8,22.4,52,
2025-02-07T11:00,40.5,30.5,0.0,0.0,0.0,0.131,3,Overcast,11.5,27.7,49,
2025-02-07T12:00,38.5,26.6,0.0,0.0,0.0,0.098,1,Mainly clear,15.0,35.3,42,
2025-02-07T13:00,36.1,23.3,0.0,0.0,0.0,0.098,0,Clear sky,16.3,38.3,37,
2025-02-07T14:00,35.7,24.2,0.0,0.0,0.0,0.098,0,Clear sky,13.8,38.0,37,
2025-02-07T15:00,34.7,23.6,0.0,0.0,0.0,0.098,0,Clear sky,12.4,32.2,42,
2025-02-07T16:00,33.1,21.9,0.0,0.0,0.0,0.098,0,Clear sky,12.5,30.0,43,
2025-02-07T17:00,31.6,20.6,0.0,0.0,0.0,0.098,1,Mainly clear,11.8,29.8,42,
2025-02-07T18:00,30.2,20.7,0.0,0.0,0.0,0.098,2,Partly cloudy,8.2,26.6,46,
2025-02-07T19:00,29.0,20.2,0.0,0.0,0.0,0.098,3,Overcast,6.6,18.3,49,
2025-02-07T20:00,28.5,19.8,0.0,0.0,0.0,0.098,0,Clear sky,6.4,14.5,51,
2025-02-07T21:00,29.3,21.3,0.0,0.0,0.0,0.098,1,Mainly clear,5.2,12.8,52,
2025-02-07T22:00,28.2,20.7,0.0,0.0,0.0,0.098,0,Clear sky,4.1,10.7,56,
2025-02-07T23:00,27.7,20.1,0.0,0.0,0.0,0.098,0,Clear sky,4.2,8.9,57,
2025-02-08T00:00,27.2,19.5,0.0,0.0,0.0,0.098,1,Mainly clear,4.3,9.4,55,
2025-02-08T01:00,26.7,19.1,0.0,0.0,0.0,0.098,1,Mainly clear,3.8,9.2,55,
2025-02-08T02:00,26.3,18.5,0.0,0.0,0.0,0.098,1,Mainly clear,4.3,9.2,54,
2025-02-08T03:00,25.8,17.5,0.0,0.0,0.0,0.098,1,Mainly clear,5.2,11.2,52,
2025-02-08T04:00,25.1,16.5,0.0,0.0,0.0,0.098,0,Clear sky,5.6,12.3,51,
2025-02-08T05:00,24.4,15.5,0.0,0.0,0.0,0.098,3,Overcast,6.3,13.6,51,
2025-02-08T06:00,23.9,15.0,0.0,0.0,0.0,0.098,3,Overcast,6.3,14.8,51,
2025-02-08T07:00,23.9,15.7,0.0,0.0,0.0,0.098,3,Overcast,4.5,13.6,50,
2025-02-08T08:00,23.9,16.3,0.0,0.0,0.0,0.098,3,Overcast,3.3,9.8,50,
2025-02-08T09:00,25.2,17.9,0.0,0.0,0.0,0.098,3,Overcast,2.8,7.8,55,
2025-02-08T10:00,26.7,19.7,0.0,0.0,0.0,0.098,3,Overcast,2.4,8.7,54,
2025-02-08T11:00,29.0,22.2,0.0,0.0,0.0,0.098,3,Overcast,2.2,9.6,52,
2025-02-08T12:00,31.1,24.7,0.0,0.0,0.0,0.098,3,Overcast,1.3,9.4,48,
2025-02-08T13:00,32.5,26.0,0.0,0.0,0.0,0.098,3,Overcast,1.9,9.2,48,
2025-02-08T14:00,33.6,26.8,0.0,0.0,0.0,0.098,3,Overcast,2.7,10.3,49,
2025-02-08T15:00,33.4,26.2,0.0,0.0,0.0,0.098,3,Overcast,3.9,11.6,50,
2025-02-08T16:00,33.2,25.9,0.0,0.0,0.0,0.098,3,Overcast,3.9,12.3,50,
2025-02-08T17:00,32.3,25.2,0.0,0.0,0.0,0.098,3,Overcast,3.5,11.2,53,
2025-02-08T18:00,31.0,23.7,0.0,0.0,0.0,0.098,3,Overcast,4.4,10.3,60,
2025-02-08T19:00,30.4,23.2,0.0,0.0,0.0,0.098,3,Overcast,4.5,11.2,66,
2025-02-08T20:00,30.4,23.3,0.0,0.0,0.0,0.098,3,Overcast,4.7,10.3,70,
2025-02-08T21:00,30.8,24.8,0.008,0.0,0.055,0.098,71,Slight snowfall,2.5,11.4,72,
2025-02-08T22:00,29.3,22.6,0.087,0.0,0.606,0.131,75,Heavy snowfall,5.0,12.1,89,
2025-02-08T23:00,29.4,23.5,0.15,0.008,0.992,0.164,75,Heavy snowfall,3.6,14.3,95,
2025-02-09T00:00,29.2,23.0,0.091,0.02,0.496,0.197,75,Heavy snowfall,4.6,14.1,98,
2025-02-09T01:00,29.3,22.4,0.075,0.02,0.386,0.23,75,Heavy snowfall,6.0,11.6,97,
2025-02-09T02:00,29.9,23.1,0.039,0.039,0.0,0.295,55,Dense drizzle,6.2,11.2,97,
2025-02-09T03:00,30.7,24.7,0.012,0.012,0.0,0.295,51,Light drizzle,4.3,11.4,98,
2025-02-09T04:00,31.5,25.8,0.008,0.008,0.0,0.295,51,Light drizzle,3.9,8.3,97,
2025-02-09T05:00,31.4,26.6,0.004,0.004,0.0,0.328,51,Light drizzle,2.0,7.2,99,
2025-02-09T06:00,31.3,25.7,0.008,0.004,0.028,0.328,71,Slight snowfall,4.0,7.6,100,
2025-02-09T07:00,31.5,25.9,0.008,0.008,0.0,0.328,51,Light drizzle,3.7,8.3,99,
2025-02-09T08:00,31.7,26.2,0.004,0.004,0.0,0.328,51,Light drizzle,3.7,7.6,98,
2025-02-09T09:00,31.2,25.4,0.0,0.0,0.0,0.328,3,Overcast,3.9,7.8,96,
2025-02-09T10:00,32.5,25.7,0.0,0.0,0.0,0.328,2,Partly cloudy,6.3,13.0,89,
2025-02-09T11:00,33.0,26.1,0.0,0.0,0.0,0.328,3,Overcast,6.3,13.6,85,
2025-02-09T12:00,34.0,26.7,0.0,0.0,0.0,0.328,3,Overcast,6.7,14.1,77,
2025-02-09T13:00,34.3,26.4,0.0,0.0,0.0,0.328,3,Overcast,7.8,16.3,73,
2025-02-09T14:00,34.1,26.2,0.0,0.0,0.0,0.328,2,Partly cloudy,7.8,17.2,73,
2025-02-09T15:00,34.2,26.5,0.0,0.0,0.0,0.295,2,Partly cloudy,7.2,16.6,72,
2025-02-09T16:00,34.1,26.5,0.0,0.0,0.0,0.295,2,Partly cloudy,6.8,15.4,72,
2025-02-09T17:00,33.2,25.7,0.0,0.0,0.0,0.295,0,Clear sky,6.5,14.5,74,
2025-02-09T18:00,31.6,24.6,0.0,0.0,0.0,0.295,3,Overcast,5.1,13.4,76,
2025-02-09T19:00,28.9,22.5,0.0,0.0,0.0,0.295,3,Overcast,3.5,9.6,81,
2025-02-09T20:00,29.7,23.7,0.0,0.0,0.0,0.295,3,Overcast,2.8,5.8,82,
2025-02-09T21:00,30.9,25.1,0.0,0.0,0.0,0.295,3,Overcast,3.0,5.1,83,
2025-02-09T22:00,31.2,24.4,0.0,0.0,0.0,0.295,2,Partly cloudy,5.0,8.7,81,
2025-02-09T23:00,30.7,23.0,0.0,0.0,0.0,0.295,1,Mainly clear,6.8,13.0,75,
2025-02-10T00:00,29.7,22.6,0.0,0.0,0.0,0.295,2,Partly cloudy,4.7,13.0,73,
2025-02-10T01:00,28.9,21.8,0.0,0.0,0.0,0.295,3,Overcast,4.6,8.5,73,
2025-02-10T02:00,28.5,21.2,0.0,0.0,0.0,0.295,3,Overcast,5.1,9.8,76,
2025-02-10T03:00,28.9,21.4,0.0,0.0,0.0,0.295,3,Overcast,5.7,11.2,77,
2025-02-10T04:00,28.2,20.4,0.0,0.0,0.0,0.295,3,Overcast,6.6,12.8,79,
2025-02-10T05:00,27.0,18.9,0.0,0.0,0.0,0.295,3,Overcast,7.0,13.9,80,
2025-02-10T06:00,25.0,17.1,0.0,0.0,0.0,0.295,3,Overcast,6.0,13.9,80,
2025-02-10T07:00,23.8,16.3,0.0,0.0,0.0,0.295,2,Partly cloudy,4.9,11.6,80,
2025-02-10T08:00,22.6,15.1,0.0,0.0,0.0,0.295,0,Clear sky,4.5,9.4,80,
2025-02-10T09:00,23.7,16.6,0.0,0.0,0.0,0.295,0,Clear sky,3.6,6.7,74,
2025-02-10T10:00,26.4,19.9,0.0,0.0,0.0,0.295,1,Mainly clear,2.9,7.2,76,
2025-02-10T11:00,29.5,23.3,0.0,0.0,0.0,0.295,3,Overcast,2.4,6.3,70,
2025-02-10T12:00,31.7,24.7,0.0,0.0,0.0,0.295,3,Overcast,4.4,8.9,65,
2025-02-10T13:00,32.4,23.9,0.0,0.0,0.0,0.295,3,Overcast,7.8,18.6,64,
2025-02-10T14:00,32.5,24.1,0.0,0.0,0.0,0.295,2,Partly cloudy,7.6,19.9,64,
2025-02-10T15:00,32.4,24.2,0.0,0.0,0.0,0.295,0,Clear sky,7.0,17.9,63,
2025-02-10T16:00,31.9,24.2,0.0,0.0,0.0,0.295,0,Clear sky,5.5,15.4,60,
2025-02-10T17:00,30.8,23.7,0.0,0.0,0.0,0.295,0,Clear sky,4.2,12.1,63,
2025-02-10T18:00,26.8,19.6,0.0,0.0,0.0,0.295,0,Clear sky,3.9,8.9,67,
2025-02-10T19:00,24.6,17.0,0.0,0.0,0.0,0.295,0,Clear sky,4.4,8.1,67,
2025-02-10T20:00,23.9,16.0,0.0,0.0,0.0,0.295,0,Clear sky,4.9,9.2,68,
2025-02-10T21:00,25.1,17.2,0.0,0.0,0.0,0.295,3,Overcast,5.2,9.6,66,
2025-02-10T22:00,23.8,16.0,0.0,0.0,0.0,0.295,3,Overcast,4.9,10.3,69,
2025-02-10T23:00,21.6,14.1,0.0,0.0,0.0,0.295,3,Overcast,3.9,9.4,73,
2025-02-11T00:00,19.4,12.0,0.0,0.0,0.0,0.295,2,Partly cloudy,3.5,7.2,75,
2025-02-11T01:00,18.1,10.8,0.0,0.0,0.0,0.295,1,Mainly clear,3.1,6.3,75,
2025-02-11T02:00,17.9,11.3,0.0,0.0,0.0,0.295,2,Partly cloudy,1.3,5.4,75,
2025-02-11T03:00,16.9,10.4,0.0,0.0,0.0,0.295,3,Overcast,1.0,2.9,77,
2025-02-11T04:00,15.5,9.0,0.0,0.0,0.0,0.295,3,Overcast,0.9,2.2,79,
2025-02-11T05:00,14.8,8.2,0.0,0.0,0.0,0.295,3,Overcast,1.0,2.2,81,
2025-02-11T06:00,15.0,8.4,0.0,0.0,0.0,0.295,3,Overcast,1.2,2.9,81,
2025-02-11T07:00,15.2,8.6,0.0,0.0,0.0,0.295,3,Overcast,1.0,2.5,81,
2025-02-11T08:00,15.9,9.3,0.0,0.0,0.0,0.295,3,Overcast,1.3,2.7,81,
2025-02-11T09:00,19.3,12.8,0.0,0.0,0.0,0.295,3,Overcast,1.6,3.6,79,
2025-02-11T10:00,22.9,16.3,0.0,0.0,0.0,0.295,3,Overcast,2.2,4.7,75,
2025-02-11T11:00,25.5,19.5,0.0,0.0,0.0,0.295,3,Overcast,1.2,4.9,73,
2025-02-11T12:00,27.8,22.0,0.0,0.0,0.0,0.295,3,Overcast,0.5,4.3,65,
2025-02-11T13:00,29.6,23.4,0.0,0.0,0.0,0.295,3,Overcast,1.5,4.9,60,
2025-02-11T14:00,30.6,24.1,0.0,0.0,0.0,0.295,3,Overcast,2.2,6.0,59,
2025-02-11T15:00,31.3,24.6,0.0,0.0,0.0,0.295,3,Overcast,3.0,7.6,60,
2025-02-11T16:00,31.3,24.8,0.0,0.0,0.0,0.262,3,Overcast,2.8,8.1,64,
2025-02-11T17:00,31.0,25.6,0.0,0.0,0.0,0.262,3,Overcast,1.1,7.2,73,
2025-02-11T18:00,29.9,24.6,0.0,0.0,0.0,0.262,3,Overcast,0.6,2.7,74,
2025-02-11T19:00,28.9,23.6,0.004,0.0,0.028,0.262,71,Slight snowfall,0.7,1.6,78,
2025-02-11T20:00,28.6,23.2,0.004,0.0,0.028,0.262,71,Slight snowfall,1.1,2.7,83,
2025-02-11T21:00,29.3,23.7,0.008,0.0,0.055,0.262,71,Slight snowfall,1.7,2.7,80,
2025-02-11T22:00,29.2,24.2,0.016,0.0,0.11,0.295,73,Moderate snowfall,0.5,3.1,82,
2025-02-11T23:00,28.9,23.6,0.012,0.0,0.083,0.295,73,Moderate snowfall,1.5,2.5,87,
2025-02-12T00:00,28.9,23.3,0.028,0.0,0.193,0.295,73,Moderate snowfall,2.0,3.8,88,
2025-02-12T01:00,28.7,22.5,0.028,0.0,0.193,0.295,73,Moderate snowfall,3.7,7.2,90,
2025-02-12T02:00,28.4,22.1,0.028,0.0,0.193,0.328,73,Moderate snowfall,3.9,8.7,91,
2025-02-12T03:00,28.2,21.7,0.028,0.0,0.193,0.328,73,Moderate snowfall,4.5,9.2,93,
2025-02-12T04:00,28.1,21.0,0.016,0.0,0.11,0.361,73,Moderate snowfall,6.2,12.3,95,
2025-02-12T05:00,28.6,21.5,0.008,0.0,0.055,0.361,71,Slight snowfall,6.1,12.8,94,
2025-02-12T06:00,28.9,21.9,0.0,0.0,0.0,0.361,3,Overcast,5.9,12.1,94,
2025-02-12T07:00,28.9,21.6,0.0,0.0,0.0,0.361,3,Overcast,6.8,13.6,93,
2025-02-12T08:00,29.2,22.1,0.004,0.0,0.028,0.361,71,Slight snowfall,6.2,14.1,92,
2025-02-12T09:00,30.2,23.3,0.0,0.0,0.0,0.361,3,Overcast,5.6,12.3,88,
2025-02-12T10:00,31.0,23.9,0.0,0.0,0.0,0.361,3,Overcast,6.1,12.8,85,
2025-02-12T11:00,31.9,25.1,0.0,0.0,0.0,0.361,3,Overcast,5.6,13.6,84,
2025-02-12T12:00,32.6,25.7,0.0,0.0,0.0,0.361,3,Overcast,5.9,12.5,82,
2025-02-12T13:00,32.5,24.5,0.0,0.0,0.0,0.361,3,Overcast,8.4,17.9,82,
2025-02-12T14:00,32.1,24.1,0.0,0.0,0.0,0.361,3,Overcast,8.1,19.0,80,
2025-02-12T15:00,32.0,24.4,0.0,0.0,0.0,0.328,3,Overcast,7.0,17.4,79,
2025-02-12T16:00,31.9,24.3,0.0,0.0,0.0,0.328,3,Overcast,7.0,15.0,79,
2025-02-12T17:00,31.6,23.9,0.0,0.0,0.0,0.328,3,Overcast,7.4,15.0,80,
2025-02-12T18:00,31.6,24.3,0.0,0.0,0.0,0.328,3,Overcast,6.6,15.2,83,
2025-02-12T19:00,32.0,24.9,0.0,0.0,0.0,0.328,3,Overcast,6.5,13.4,85,
2025-02-12T20:00,32.6,25.3,0.004,0.0,0.028,0.361,71,Slight snowfall,7.3,14.8,85,
2025-02-12T21:00,32.7,25.0,0.012,0.0,0.083,0.361,73,Moderate snowfall,8.1,16.8,85,
2025-02-12T22:00,32.9,25.4,0.012,0.0,0.083,0.361,73,Moderate snowfall,7.9,16.6,87,
2025-02-12T23:00,33.0,25.6,0.012,0.0,0.083,0.361,73,Moderate snowfall,8.1,17.2,91,
2025-02-13T00:00,33.3,26.2,0.008,0.0,0.055,0.394,71,Slight snowfall,7.4,16.6,93,
2025-02-13T01:00,33.5,26.8,0.016,0.016,0.0,0.394,51,Light drizzle,6.8,15.0,94,
2025-02-13T02:00,34.6,27.8,0.02,0.02,0.0,0.394,53,Moderate drizzle,7.5,15.0,94,
2025-02-13T03:00,35.8,29.0,0.02,0.02,0.0,0.361,53,Moderate drizzle,7.7,15.2,93,
2025-02-13T04:00,36.2,29.8,0.035,0.035,0.0,0.361,53,Moderate drizzle,7.3,15.7,94,
2025-02-13T05:00,36.2,29.8,0.047,0.047,0.0,0.361,55,Dense drizzle,7.4,15.2,95,
2025-02-13T06:00,36.1,30.3,0.035,0.035,0.0,0.361,53,Moderate drizzle,5.6,14.3,96,
2025-02-13T07:00,36.0,30.2,0.02,0.02,0.0,0.361,53,Moderate drizzle,5.7,11.0,96,
2025-02-13T08:00,36.0,30.8,0.028,0.028,0.0,0.328,53,Moderate drizzle,4.3,11.2,97,
2025-02-13T09:00,34.9,28.8,0.008,0.008,0.0,0.328,51,Light drizzle,6.1,13.0,97,
2025-02-13T10:00,35.3,30.3,0.0,0.0,0.0,0.328,3,Overcast,3.7,12.1,97,
2025-02-13T11:00,35.4,31.4,0.004,0.004,0.0,0.328,51,Light drizzle,1.6,7.2,98,
2025-02-13T12:00,36.3,33.0,0.004,0.004,0.0,0.295,51,Light drizzle,0.3,2.5,98,
2025-02-13T13:00,37.5,33.0,0.0,0.0,0.0,0.295,3,Overcast,3.6,7.4,98,
2025-02-13T14:00,39.0,33.2,0.0,0.0,0.0,0.262,3,Overcast,7.3,15.0,97,
2025-02-13T15:00,39.9,33.5,0.0,0.0,0.0,0.262,3,Overcast,8.6,17.7,94,
2025-02-13T16:00,41.4,34.8,0.0,0.0,0.0,0.262,3,Overcast,9.1,19.2,90,
2025-02-13T17:00,42.4,35.3,0.0,0.0,0.0,0.23,3,Overcast,10.4,23.0,85,
2025-02-13T18:00,42.3,35.0,0.0,0.0,0.0,0.23,3,Overcast,10.1,22.6,82,
2025-02-13T19:00,41.5,32.9,0.0,0.0,0.0,0.23,1,Mainly clear,11.9,25.7,75,
2025-02-13T20:00,39.4,31.3,0.0,0.0,0.0,0.197,2,Partly cloudy,9.9,26.6,73,
2025-02-13T21:00,38.3,30.5,0.0,0.0,0.0,0.197,0,Clear sky,8.6,22.4,71,
2025-02-13T22:00,37.2,27.9,0.0,0.0,0.0,0.197,1,Mainly clear,11.4,24.2,66,
2025-02-13T23:00,34.8,25.1,0.0,0.0,0.0,0.197,1,Mainly clear,11.6,24.2,66,
2025-02-14T00:00,32.5,22.5,0.0,0.0,0.0,0.197,0,Clear sky,11.8,25.9,67,
2025-02-14T01:00,30.7,20.9,0.0,0.0,0.0,0.197,0,Clear sky,10.6,26.2,67,
2025-02-14T02:00,29.8,20.2,0.0,0.0,0.0,0.197,0,Clear sky,10.0,23.7,67,
2025-02-14T03:00,29.2,19.5,0.0,0.0,0.0,0.197,0,Clear sky,10.2,22.8,66,
2025-02-14T04:00,28.2,18.7,0.0,0.0,0.0,0.197,0,Clear sky,9.4,22.8,66,
2025-02-14T05:00,27.3,18.0,0.0,0.0,0.0,0.197,1,Mainly clear,8.7,21.0,63,
2025-02-14T06:00,26.7,17.3,0.0,0.0,0.0,0.197,0,Clear sky,8.7,19.5,63,
2025-02-14T07:00,26.9,17.2,0.0,0.0,0.0,0.197,0,Clear sky,9.7,21.3,66,
2025-02-14T08:00,26.9,17.3,0.0,0.0,0.0,0.197,0,Clear sky,9.4,21.9,67,
2025-02-14T09:00,29.1,19.6,0.0,0.0,0.0,0.197,0,Clear sky,8.9,22.4,54,
2025-02-14T10:00,30.1,20.3,0.0,0.0,0.0,0.197,0,Clear sky,9.3,20.6,51,
2025-02-14T11:00,30.4,20.3,0.0,0.0,0.0,0.197,0,Clear sky,10.1,24.6,51,
2025-02-14T12:00,31.2,20.9,0.0,0.0,0.0,0.197,1,Mainly clear,10.7,26.2,50,
2025-02-14T13:00,32.2,22.1,0.0,0.0,0.0,0.197,3,Overcast,11.7,27.5,49,
2025-02-14T14:00,32.1,22.7,0.0,0.0,0.0,0.197,0,Clear sky,9.8,27.5,49,
2025-02-14T15:00,31.8,22.1,0.0,0.0,0.0,0.197,0,Clear sky,10.1,24.6,50,
2025-02-14T16:00,32.3,22.4,0.0,0.0,0.0,0.197,1,Mainly clear,9.4,23.9,46,
2025-02-14T17:00,31.0,21.1,0.0,0.0,0.0,0.197,2,Partly cloudy,9.5,22.1,47,
2025-02-14T18:00,29.3,20.4,0.0,0.0,0.0,0.197,3,Overcast,7.2,21.3,53,
2025-02-14T19:00,27.4,19.0,0.0,0.0,0.0,0.197,3,Overcast,5.9,15.4,56,
2025-02-14T20:00,26.2,18.5,0.0,0.0,0.0,0.197,3,Overcast,4.4,12.1,59,
2025-02-14T21:00,27.4,20.3,0.0,0.0,0.0,0.197,3,Overcast,2.9,7.4,55,
2025-02-14T22:00,27.6,19.6,0.0,0.0,0.0,0.197,3,Overcast,4.7,9.4,52,
2025-02-14T23:00,26.9,19.2,0.0,0.0,0.0,0.197,3,Overcast,3.9,10.1,54,
2025-02-15T00:00,27.0,19.3,0.0,0.0,0.0,0.197,3,Overcast,3.9,8.3,53,
2025-02-15T01:00,26.8,19.1,0.0,0.0,0.0,0.197,3,Overcast,3.8,8.3,52,
2025-02-15T02:00,26.6,18.9,0.0,0.0,0.0,0.197,3,Overcast,3.8,8.1,50,
2025-02-15T03:00,26.2,18.8,0.0,0.0,0.0,0.197,3,Overcast,3.1,7.6,50,
2025-02-15T04:00,26.0,18.8,0.0,0.0,0.0,0.197,3,Overcast,2.5,6.5,50,
2025-02-15T05:00,25.8,18.6,0.0,0.0,0.0,0.197,3,Overcast,2.5,5.8,51,
2025-02-15T06:00,25.3,18.0,0.0,0.0,0.0,0.197,3,Overcast,2.9,6.3,53,
2025-02-15T07:00,25.2,18.1,0.0,0.0,0.0,0.197,3,Overcast,2.3,6.5,53,
2025-02-15T08:00,24.9,18.1,0.0,0.0,0.0,0.197,3,Overcast,1.7,5.1,55,
2025-02-15T09:00,26.8,19.5,0.0,0.0,0.0,0.197,3,Overcast,2.8,7.8,51,
2025-02-15T10:00,29.3,21.8,0.0,0.0,0.0,0.197,3,Overcast,3.3,10.5,44,
2025-02-15T11:00,31.6,23.8,0.0,0.0,0.0,0.197,3,Overcast,4.5,12.5,46,
2025-02-15T12:00,32.6,24.5,0.0,0.0,0.0,0.197,3,Overcast,6.3,15.2,55,
2025-02-15T13:00,34.0,25.5,0.0,0.0,0.0,0.197,3,Overcast,7.7,18.6,58,
2025-02-15T14:00,34.7,26.6,0.0,0.0,0.0,0.197,3,Overcast,7.4,19.2,62,
2025-02-15T15:00,33.9,26.0,0.012,0.0,0.083,0.197,73,Moderate snowfall,7.5,19.9,72,
2025-02-15T16:00,33.2,26.9,0.024,0.0,0.165,0.197,73,Moderate snowfall,4.8,16.8,84,
2025-02-15T17:00,33.4,26.6,0.02,0.0,0.138,0.197,73,Moderate snowfall,6.1,13.6,87,
2025-02-15T18:00,33.2,26.7,0.024,0.0,0.165,0.23,73,Moderate snowfall,5.9,13.9,92,
2025-02-15T19:00,33.1,26.5,0.024,0.0,0.165,0.23,73,Moderate snowfall,6.6,13.6,95,
2025-02-15T20:00,33.1,27.2,0.024,0.004,0.138,0.262,73,Moderate snowfall,5.1,14.3,97,
2025-02-15T21:00,32.3,26.5,0.035,0.024,0.083,0.262,73,Moderate snowfall,4.6,8.9,98,
2025-02-15T22:00,32.6,26.0,0.043,0.043,0.0,0.295,55,Dense drizzle,6.5,12.8,97,
2025-02-15T23:00,33.1,26.7,0.055,0.055,0.0,0.295,61,Slight rain,6.0,13.2,96,
2025-02-16T00:00,33.4,26.7,0.055,0.055,0.0,0.295,61,Slight rain,6.8,13.2,96,
2025-02-16T01:00,33.8,27.4,0.039,0.039,0.0,0.295,55,Dense drizzle,6.5,13.4,96,
2025-02-16T02:00,34.2,28.0,0.028,0.028,0.0,0.295,53,Moderate drizzle,6.1,13.0,97,
2025-02-16T03:00,34.7,29.2,0.016,0.016,0.0,0.262,51,Light drizzle,4.8,11.9,97,
2025-02-16T04:00,34.7,29.4,0.02,0.02,0.0,0.262,53,Moderate drizzle,4.4,16.3,98,
2025-02-16T05:00,34.7,29.2,0.012,0.012,0.0,0.262,51,Light drizzle,4.7,10.7,98,
2025-02-16T06:00,34.8,28.9,0.016,0.016,0.0,0.262,51,Light drizzle,5.9,11.4,98,
2025-02-16T07:00,35.2,28.9,0.031,0.031,0.0,0.262,53,Moderate drizzle,6.8,13.6,98,
2025-02-16T08:00,35.1,28.6,0.094,0.094,0.0,0.262,61,Slight rain,7.2,25.9,99,
2025-02-16T09:00,33.1,25.5,0.02,0.02,0.0,0.262,53,Moderate drizzle,9.0,31.8,98,
2025-02-16T10:00,33.3,25.9,0.008,0.008,0.0,0.262,51,Light drizzle,8.7,18.6,98,
2025-02-16T11:00,34.6,27.2,0.008,0.008,0.0,0.262,51,Light drizzle,9.5,18.8,99,
2025-02-16T12:00,36.7,31.2,0.016,0.016,0.0,0.23,51,Light drizzle,5.7,18.3,99,
2025-02-16T13:00,37.4,32.2,0.071,0.071,0.0,0.23,61,Slight rain,5.4,10.1,99,
2025-02-16T14:00,38.1,32.4,0.134,0.134,0.0,0.23,63,Moderate rain,6.9,24.4,100,
2025-02-16T15:00,36.3,30.5,0.157,0.157,0.0,0.23,63,Moderate rain,6.5,18.6,100,
2025-02-16T16:00,38.3,34.1,0.008,0.008,0.0,0.197,51,Light drizzle,3.1,12.1,98,
2025-02-16T17:00,38.2,33.8,0.012,0.012,0.0,0.197,51,Light drizzle,3.8,8.1,98,
2025-02-16T18:00,36.7,33.4,0.043,0.043,0.0,0.164,55,Dense drizzle,0.7,13.2,100,
2025-02-16T19:00,39.9,34.1,0.039,0.039,0.0,0.164,55,Dense drizzle,8.0,10.7,100,
2025-02-16T20:00,44.9,35.3,0.0,0.0,0.0,0.131,2,Partly cloudy,17.9,37.8,88,
2025-02-16T21:00,40.6,30.8,0.0,0.0,0.0,0.131,2,Partly cloudy,16.2,37.4,86,
2025-02-16T22:00,39.8,30.2,0.0,0.0,0.0,0.131,3,Overcast,14.9,36.0,83,
2025-02-16T23:00,38.0,27.0,0.0,0.0,0.0,0.131,1,Mainly clear,15.9,36.2,68,
2025-02-17T00:00,34.5,23.8,0.0,0.0,0.0,0.131,3,Overcast,13.9,35.6,67,
2025-02-17T01:00,31.9,20.4,0.0,0.0,0.0,0.131,3,Overcast,14.9,35.8,63,
2025-02-17T02:00,30.0,19.1,0.0,0.0,0.0,0.131,1,Mainly clear,12.8,35.3,59,
2025-02-17T03:00,28.3,18.2,0.0,0.0,0.0,0.131,1,Mainly clear,10.3,31.3,59,
2025-02-17T04:00,28.1,18.2,0.0,0.0,0.0,0.131,2,Partly cloudy,10.2,24.8,62,
2025-02-17T05:00,28.0,16.8,0.0,0.0,0.0,0.131,2,Partly cloudy,12.8,29.3,56,
2025-02-17T06:00,26.8,15.6,0.0,0.0,0.0,0.131,1,Mainly clear,12.3,29.8,54,
2025-02-17T07:00,26.2,15.0,0.0,0.0,0.0,0.131,3,Overcast,12.0,29.8,53,
2025-02-17T08:00,26.4,15.2,0.0,0.0,0.0,0.131,3,Overcast,12.2,29.3,53,
2025-02-17T09:00,29.9,19.6,0.0,0.0,0.0,0.131,1,Mainly clear,10.8,24.6,54,
2025-02-17T10:00,30.4,18.2,0.0,0.0,0.0,0.131,3,Overcast,14.9,35.1,50,
2025-02-17T11:00,30.5,17.8,0.0,0.0,0.0,0.131,3,Overcast,16.0,36.2,49,
2025-02-17T12:00,30.3,17.3,0.0,0.0,0.0,0.131,3,Overcast,16.4,39.6,46,
2025-02-17T13:00,30.8,17.2,0.0,0.0,0.0,0.131,3,Overcast,17.7,39.6,42,
2025-02-17T14:00,31.3,18.1,0.0,0.0,0.0,0.131,1,Mainly clear,16.6,40.9,39,
2025-02-17T15:00,31.3,18.0,0.0,0.0,0.0,0.131,3,Overcast,16.8,39.8,39,
2025-02-17T16:00,30.7,18.0,0.0,0.0,0.0,0.131,1,Mainly clear,15.4,38.9,40,
2025-02-17T17:00,29.9,17.4,0.0,0.0,0.0,0.131,3,Overcast,15.1,36.0,42,
2025-02-17T18:00,28.7,17.9,0.0,0.0,0.0,0.131,1,Mainly clear,11.1,37.4,46,
2025-02-17T19:00,27.5,16.8,0.0,0.0,0.0,0.098,1,Mainly clear,10.8,25.3,47,
2025-02-17T20:00,26.7,15.0,0.0,0.0,0.0,0.098,0,Clear sky,13.0,29.3,45,
2025-02-17T21:00,29.6,17.2,0.0,0.0,0.0,0.098,0,Clear sky,14.3,33.3,39,
2025-02-17T22:00,28.7,17.7,0.0,0.0,0.0,0.098,0,Clear sky,11.1,32.2,42,
2025-02-17T23:00,27.3,17.7,0.0,0.0,0.0,0.098,0,Clear sky,8.1,24.6,45,
2025-02-18T00:00,25.8,16.8,0.0,0.0,0.0,0.098,1,Mainly clear,6.4,18.1,48,
2025-02-18T01:00,24.9,16.2,0.0,0.0,0.0,0.098,2,Partly cloudy,5.8,14.1,49,
2025-02-18T02:00,24.2,14.7,0.0,0.0,0.0,0.098,1,Mainly clear,7.6,16.3,48,
2025-02-18T03:00,22.3,12.1,0.0,0.0,0.0,0.098,1,Mainly clear,8.9,20.4,47,
2025-02-18T04:00,20.8,11.3,0.0,0.0,0.0,0.098,1,Mainly clear,7.2,20.8,47,
2025-02-18T05:00,19.7,9.5,0.0,0.0,0.0,0.098,0,Clear sky,8.4,19.0,48,
2025-02-18T06:00,18.5,6.6,0.0,0.0,0.0,0.098,0,Clear sky,12.5,28.0,45,
2025-02-18T07:00,17.4,5.4,0.0,0.0,0.0,0.098,0,Clear sky,12.3,29.5,40,
2025-02-18T08:00,16.4,5.0,0.0,0.0,0.0,0.098,0,Clear sky,10.9,29.1,39,
2025-02-18T09:00,19.0,7.2,0.0,0.0,0.0,0.098,0,Clear sky,11.5,26.6,31,
2025-02-18T10:00,20.2,8.2,0.0,0.0,0.0,0.098,0,Clear sky,12.0,28.9,29,
2025-02-18T11:00,21.7,9.7,0.0,0.0,0.0,0.098,0,Clear sky,12.1,30.6,27,
2025-02-18T12:00,23.2,10.9,0.0,0.0,0.0,0.098,0,Clear sky,13.1,32.4,27,
2025-02-18T13:00,24.5,12.8,0.0,0.0,0.0,0.098,1,Mainly clear,13.4,35.8,24,
2025-02-18T14:00,25.7,13.9,0.0,0.0,0.0,0.098,2,Partly cloudy,13.5,34.7,23,
2025-02-18T15:00,26.3,13.9,0.0,0.0,0.0,0.098,0,Clear sky,13.8,33.3,22,
2025-02-18T16:00,26.1,13.8,0.0,0.0,0.0,0.098,3,Overcast,12.8,33.1,25,
2025-02-18T17:00,25.3,12.9,0.0,0.0,0.0,0.098,3,Overcast,13.0,32.2,25,
2025-02-18T18:00,23.7,11.7,0.0,0.0,0.0,0.098,0,Clear sky,12.2,30.2,27,
2025-02-18T19:00,22.4,11.0,0.0,0.0,0.0,0.098,0,Clear sky,10.7,28.0,31,
2025-02-18T20:00,21.4,10.0,0.0,0.0,0.0,0.098,0,Clear sky,10.6,24.6,33,
2025-02-18T21:00,22.2,10.9,0.0,0.0,0.0,0.098,0,Clear sky,10.8,25.1,37,
2025-02-18T22:00,21.7,10.5,0.0,0.0,0.0,0.098,0,Clear sky,10.9,24.8,38,
2025-02-18T23:00,21.1,10.3,0.0,0.0,0.0,0.098,0,Clear sky,9.8,24.6,40,
2025-02-19T00:00,20.0,9.3,0.0,0.0,0.0,0.098,1,Mainly clear,9.5,22.1,43,
2025-02-19T01:00,19.0,8.3,0.0,0.0,0.0,0.098,0,Clear sky,9.4,21.7,42,
2025-02-19T02:00,18.1,7.5,0.0,0.0,0.0,0.098,0,Clear sky,8.9,21.3,41,
2025-02-19T03:00,17.2,6.9,0.0,0.0,0.0,0.098,0,Clear sky,8.3,20.4,42,
2025-02-19T04:00,16.6,6.6,0.0,0.0,0.0,0.098,1,Mainly clear,7.6,19.2,44,
2025-02-19T05:00,16.1,6.3,0.0,0.0,0.0,0.098,1,Mainly clear,7.3,17.9,46,
2025-02-19T06:00,15.7,6.0,0.0,0.0,0.0,0.098,1,Mainly clear,7.1,16.6,48,
2025-02-19T07:00,15.4,5.6,0.0,0.0,0.0,0.098,3,Overcast,7.6,16.1,50,
2025-02-19T08:00,15.4,5.4,0.0,0.0,0.0,0.098,3,Overcast,7.9,17.9,52,
2025-02-19T09:00,19.0,8.7,0.0,0.0,0.0,0.098,3,Overcast,8.8,21.0,48,
2025-02-19T10:00,21.3,10.7,0.0,0.0,0.0,0.098,3,Overcast,9.6,23.3,45,
2025-02-19T11:00,24.0,13.0,0.0,0.0,0.0,0.098,3,Overcast,10.4,28.0,39,
2025-02-19T12:00,26.5,16.0,0.0,0.0,0.0,0.098,3,Overcast,9.4,25.3,37,
2025-02-19T13:00,28.4,18.9,0.0,0.0,0.0,0.098,3,Overcast,8.5,24.4,35,
2025-02-19T14:00,29.7,20.2,0.0,0.0,0.0,0.098,3,Overcast,8.1,23.0,35,
2025-02-19T15:00,29.8,20.1,0.0,0.0,0.0,0.098,3,Overcast,8.1,21.9,39,
2025-02-19T16:00,29.7,20.2,0.0,0.0,0.0,0.098,3,Overcast,7.7,21.3,42,
2025-02-19T17:00,28.5,19.1,0.0,0.0,0.0,0.098,3,Overcast,7.8,19.9,45,
2025-02-19T18:00,27.3,18.0,0.0,0.0,0.0,0.098,3,Overcast,7.6,19.0,48,
2025-02-19T19:00,25.9,16.8,0.0,0.0,0.0,0.098,1,Mainly clear,7.1,17.2,53,
2025-02-19T20:00,24.9,16.0,0.0,0.0,0.0,0.098,0,Clear sky,6.6,16.3,54,
2025-02-19T21:00,25.2,16.9,0.0,0.0,0.0,0.098,0,Clear sky,5.5,13.0,59,
2025-02-19T22:00,24.4,15.7,0.0,0.0,0.0,0.098,0,Clear sky,6.3,13.9,60,
2025-02-19T23:00,23.3,14.7,0.0,0.0,0.0,0.098,3,Overcast,6.1,14.3,62,
2025-02-20T00:00,22.2,13.8,0.0,0.0,0.0,0.098,3,Overcast,5.6,13.6,63,
2025-02-20T01:00,21.4,13.0,0.0,0.0,0.0,0.098,2,Partly cloudy,5.5,12.8,64,
2025-02-20T02:00,20.6,11.9,0.0,0.0,0.0,0.098,3,Overcast,5.9,13.6,64,
2025-02-20T03:00,19.9,11.6,0.0,0.0,0.0,0.098,1,Mainly clear,5.1,13.6,63,
2025-02-20T04:00,19.3,11.1,0.0,0.0,0.0,0.098,0,Clear sky,4.7,12.1,62,
2025-02-20T05:00,18.6,10.3,0.0,0.0,0.0,0.098,3,Overcast,4.7,11.4,63,
2025-02-20T06:00,17.9,9.4,0.0,0.0,0.0,0.098,0,Clear sky,5.1,12.3,64,
2025-02-20T07:00,16.8,8.3,0.0,0.0,0.0,0.098,0,Clear sky,5.1,12.3,65,
2025-02-20T08:00,15.9,7.6,0.0,0.0,0.0,0.098,0,Clear sky,4.5,12.1,66,
2025-02-20T09:00,19.3,11.2,0.0,0.0,0.0,0.098,0,Clear sky,4.1,11.6,57,
2025-02-20T10:00,21.6,12.8,0.0,0.0,0.0,0.098,0,Clear sky,5.8,16.1,53,
2025-02-20T11:00,24.4,15.3,0.0,0.0,0.0,0.098,2,Partly cloudy,6.4,18.3,48,
2025-02-20T12:00,27.0,18.2,0.0,0.0,0.0,0.098,2,Partly cloudy,6.3,18.6,43,
2025-02-20T13:00,29.8,21.3,0.0,0.0,0.0,0.098,3,Overcast,7.5,20.8,40,
2025-02-20T14:00,29.5,20.5,0.0,0.0,0.0,0.098,3,Overcast,6.7,20.6,45,
2025-02-20T15:00,29.1,19.9,0.0,0.0,0.0,0.098,3,Overcast,7.5,19.2,48,
2025-02-20T16:00,28.1,18.5,0.004,0.0,0.028,0.098,71,Slight snowfall,8.7,21.0,53,
2025-02-20T17:00,26.9,16.8,0.004,0.0,0.028,0.098,71,Slight snowfall,9.9,23.0,57,
2025-02-20T18:00,25.9,15.6,0.004,0.0,0.028,0.098,71,Slight snowfall,10.5,24.2,59,
2025-02-20T19:00,24.8,14.2,0.004,0.0,0.028,0.098,71,Slight snowfall,11.0,24.6,61,
2025-02-20T20:00,24.1,13.3,0.008,0.0,0.055,0.098,71,Slight snowfall,11.3,25.5,60,
2025-02-20T21:00,24.4,14.1,0.004,0.0,0.028,0.098,71,Slight snowfall,10.4,23.3,61,
2025-02-20T22:00,23.9,13.7,0.004,0.0,0.028,0.131,71,Slight snowfall,10.1,23.7,61,
2025-02-20T23:00,23.3,12.2,0.004,0.0,0.028,0.131,71,Slight snowfall,11.8,27.3,59,
2025-02-21T00:00,22.4,11.1,0.0,0.0,0.0,0.131,3,Overcast,12.1,27.7,58,
2025-02-21T01:00,21.6,10.6,0.0,0.0,0.0,0.131,3,Overcast,11.3,27.3,58,
2025-02-21T02:00,21.0,10.1,0.0,0.0,0.0,0.131,3,Overcast,11.2,25.9,59,
2025-02-21T03:00,20.8,10.0,0.0,0.0,0.0,0.131,2,Partly cloudy,11.1,26.6,60,
2025-02-21T04:00,20.8,10.5,0.0,0.0,0.0,0.131,2,Partly cloudy,9.8,24.8,62,
2025-02-21T05:00,20.9,11.1,0.0,0.0,0.0,0.131,2,Partly cloudy,8.7,21.9,63,
2025-02-21T06:00,21.3,11.4,0.0,0.0,0.0,0.131,3,Overcast,9.0,20.4,63,
2025-02-21T07:00,21.4,11.1,0.0,0.0,0.0,0.131,2,Partly cloudy,9.9,22.4,63,
2025-02-21T08:00,20.9,10.2,0.0,0.0,0.0,0.131,1,Mainly clear,11.0,25.1,63,
2025-02-21T09:00,23.9,13.3,0.0,0.0,0.0,0.131,0,Clear sky,10.7,27.1,55,
2025-02-21T10:00,25.4,14.3,0.0,0.0,0.0,0.131,0,Clear sky,11.9,28.0,53,
2025-02-21T11:00,27.4,15.8,0.0,0.0,0.0,0.131,1,Mainly clear,13.0,31.3,48,
2025-02-21T12:00,29.0,18.2,0.0,0.0,0.0,0.131,0,Clear sky,11.6,31.1,44,
2025-02-21T13:00,30.4,20.0,0.0,0.0,0.0,0.131,0,Clear sky,12.0,30.0,43,
2025-02-21T14:00,31.1,20.6,0.0,0.0,0.0,0.098,0,Clear sky,12.8,31.1,44,
2025-02-21T15:00,31.1,20.3,0.0,0.0,0.0,0.098,0,Clear sky,12.7,31.1,46,
2025-02-21T16:00,30.1,18.8,0.0,0.0,0.0,0.098,0,Clear sky,12.9,30.9,49,
2025-02-21T17:00,28.2,17.0,0.0,0.0,0.0,0.098,0,Clear sky,12.5,30.4,52,
2025-02-21T18:00,25.8,14.8,0.0,0.0,0.0,0.098,0,Clear sky,11.8,29.1,56,
2025-02-21T19:00,23.9,13.5,0.0,0.0,0.0,0.098,0,Clear sky,10.4,26.8,59,
2025-02-21T20:00,22.8,12.6,0.0,0.0,0.0,0.098,0,Clear sky,9.7,23.7,59,
2025-02-21T21:00,26.5,16.0,0.0,0.0,0.0,0.098,0,Clear sky,10.3,22.4,48,
2025-02-21T22:00,24.7,13.9,0.0,0.0,0.0,0.098,0,Clear sky,10.8,24.4,52,
2025-02-21T23:00,22.9,12.4,0.0,0.0,0.0,0.098,0,Clear sky,10.2,24.4,55,
2025-02-22T00:00,21.6,11.3,0.0,0.0,0.0,0.098,0,Clear sky,9.5,22.8,58,
2025-02-22T01:00,20.6,10.6,0.0,0.0,0.0,0.098,0,Clear sky,8.9,21.3,60,
2025-02-22T02:00,19.7,10.0,0.0,0.0,0.0,0.098,0,Clear sky,8.1,19.7,61,
2025-02-22T03:00,19.1,9.8,0.0,0.0,0.0,0.098,0,Clear sky,7.2,17.9,63,
2025-02-22T04:00,19.0,10.2,0.0,0.0,0.0,0.098,0,Clear sky,6.1,15.9,65,
2025-02-22T05:00,19.2,10.6,0.0,0.0,0.0,0.098,1,Mainly clear,5.7,13.4,66,
2025-02-22T06:00,19.5,11.2,0.0,0.0,0.0,0.098,1,Mainly clear,5.1,12.3,67,
2025-02-22T07:00,19.5,11.4,0.0,0.0,0.0,0.098,1,Mainly clear,4.7,11.0,68,
2025-02-22T08:00,19.5,11.4,0.0,0.0,0.0,0.098,0,Clear sky,4.6,9.6,69,
2025-02-22T09:00,24.0,16.2,0.0,0.0,0.0,0.098,0,Clear sky,4.0,10.5,56,
2025-02-22T10:00,26.9,19.0,0.0,0.0,0.0,0.098,0,Clear sky,4.3,13.0,51,
2025-02-22T11:00,29.8,21.8,0.0,0.0,0.0,0.098,0,Clear sky,4.6,14.5,46,
2025-02-22T12:00,32.5,25.0,0.0,0.0,0.0,0.098,0,Clear sky,4.6,15.2,42,
2025-02-22T13:00,34.7,28.4,0.0,0.0,0.0,0.098,0,Clear sky,4.1,15.2,43,
2025-02-22T14:00,36.4,30.6,0.0,0.0,0.0,0.098,0,Clear sky,3.8,13.9,45,
2025-02-22T15:00,37.6,30.7,0.0,0.0,0.0,0.098,0,Clear sky,5.2,15.0,46,
2025-02-22T16:00,37.9,29.9,0.0,0.0,0.0,0.098,1,Mainly clear,6.1,16.1,46,
2025-02-22T17:00,38.3,30.2,0.0,0.0,0.0,0.098,3,Overcast,6.5,15.9,46,
2025-02-22T18:00,36.6,29.1,0.0,0.0,0.0,0.098,3,Overcast,5.4,15.0,53,
2025-02-22T19:00,34.0,26.3,0.0,0.0,0.0,0.098,3,Overcast,5.9,12.1,60,
2025-02-22T20:00,33.3,25.1,0.0,0.0,0.0,0.098,3,Overcast,7.1,14.8,62,
2025-02-22T21:00,32.9,24.6,0.0,0.0,0.0,0.098,3,Overcast,7.3,15.7,61,
2025-02-22T22:00,32.3,23.9,0.0,0.0,0.0,0.098,3,Overcast,7.5,16.1,64,
2025-02-22T23:00,31.5,23.3,0.0,0.0,0.0,0.098,3,Overcast,7.0,16.1,64,
2025-02-23T00:00,31.1,22.8,0.0,0.0,0.0,0.098,2,Partly cloudy,7.1,15.0,63,
2025-02-23T01:00,30.4,22.1,0.0,0.0,0.0,0.098,3,Overcast,6.7,15.0,63,
2025-02-23T02:00,30.2,22.0,0.0,0.0,0.0,0.098,3,Overcast,6.5,14.1,62,
2025-02-23T03:00,29.8,21.7,0.0,0.0,0.0,0.098,3,Overcast,6.4,13.9,62,
2025-02-23T04:00,30.1,21.9,0.0,0.0,0.0,0.098,3,Overcast,6.5,13.6,60,
2025-02-23T05:00,29.9,21.8,0.0,0.0,0.0,0.098,2,Partly cloudy,5.9,13.6,59,
2025-02-23T06:00,29.8,21.6,0.0,0.0,0.0,0.098,1,Mainly clear,5.7,12.3,56,
2025-02-23T07:00,29.2,21.2,0.0,0.0,0.0,0.098,1,Mainly clear,5.4,11.9,55,
2025-02-23T08:00,29.1,21.0,0.0,0.0,0.0,0.098,2,Partly cloudy,5.5,11.2,55,
2025-02-23T09:00,32.8,25.5,0.0,0.0,0.0,0.098,0,Clear sky,5.2,11.6,63,
2025-02-23T10:00,35.8,28.7,0.0,0.0,0.0,0.098,0,Clear sky,4.8,13.0,59,
2025-02-23T11:00,38.4,30.5,0.0,0.0,0.0,0.098,0,Clear sky,6.2,16.3,48,
2025-02-23T12:00,40.5,32.9,0.0,0.0,0.0,0.098,0,Clear sky,6.1,17.2,44,
2025-02-23T13:00,42.2,35.4,0.0,0.0,0.0,0.098,0,Clear sky,6.2,17.2,42,
2025-02-23T14:00,43.8,37.3,0.0,0.0,0.0,0.098,2,Partly cloudy,6.0,17.4,42,
2025-02-23T15:00,45.1,38.3,0.0,0.0,0.0,0.066,3,Overcast,5.7,17.0,41,
2025-02-23T16:00,46.0,39.1,0.0,0.0,0.0,0.066,3,Overcast,4.5,15.4,40,
2025-02-23T17:00,45.7,39.1,0.0,0.0,0.0,0.066,3,Overcast,4.0,12.5,42,
2025-02-23T18:00,43.8,38.9,0.0,0.0,0.0,0.066,3,Overcast,1.8,9.4,59,
2025-02-23T19:00,41.1,36.4,0.0,0.0,0.0,0.066,3,Overcast,0.7,3.4,59,
2025-02-23T20:00,38.8,33.3,0.0,0.0,0.0,0.066,3,Overcast,2.6,3.8,66,
2025-02-23T21:00,37.6,32.2,0.0,0.0,0.0,0.066,3,Overcast,2.4,4.7,68,
2025-02-23T22:00,36.3,31.0,0.0,0.0,0.0,0.066,3,Overcast,1.7,4.3,67,
2025-02-23T23:00,34.9,29.3,0.0,0.0,0.0,0.066,3,Overcast,2.3,4.3,72,
2025-02-24T00:00,33.5,28.2,0.0,0.0,0.0,0.066,3,Overcast,1.6,4.3,74,
2025-02-24T01:00,32.4,26.7,0.0,0.0,0.0,0.066,3,Overcast,2.3,4.0,78,
2025-02-24T02:00,32.1,26.3,0.0,0.0,0.0,0.066,3,Overcast,2.6,4.7,78,
2025-02-24T03:00,32.5,26.5,0.0,0.0,0.0,0.066,3,Overcast,3.1,6.5,76,
2025-02-24T04:00,32.0,26.1,0.0,0.0,0.0,0.066,3,Overcast,3.0,6.7,78,
2025-02-24T05:00,31.2,25.2,0.0,0.0,0.0,0.066,1,Mainly clear,3.1,6.5,80,
2025-02-24T06:00,29.9,24.2,0.0,0.0,0.0,0.066,2,Partly cloudy,2.5,6.5,83,
2025-02-24T07:00,29.4,23.7,0.0,0.0,0.0,0.066,2,Partly cloudy,2.3,4.9,85,
2025-02-24T08:00,30.3,25.0,0.0,0.0,0.0,0.066,0,Clear sky,1.7,4.7,85,
2025-02-24T09:00,33.6,28.1,0.0,0.0,0.0,0.066,0,Clear sky,2.3,6.7,76,
2025-02-24T10:00,36.9,31.7,0.0,0.0,0.0,0.066,0,Clear sky,1.6,7.2,68,
2025-02-24T11:00,40.6,35.3,0.0,0.0,0.0,0.066,0,Clear sky,2.9,10.3,65,
2025-02-24T12:00,44.0,37.9,0.0,0.0,0.0,0.066,3,Overcast,5.9,16.6,62,
2025-02-24T13:00,45.3,38.2,0.0,0.0,0.0,0.066,3,Overcast,7.9,20.6,56,
2025-02-24T14:00,46.1,38.8,0.0,0.0,0.0,0.066,0,Clear sky,8.4,21.5,53,
2025-02-24T15:00,46.6,39.1,0.0,0.0,0.0,0.033,3,Overcast,9.0,23.0,51,
2025-02-24T16:00,46.0,38.0,0.0,0.0,0.0,0.033,3,Overcast,9.0,22.4,51,
2025-02-24T17:00,44.1,36.1,0.0,0.0,0.0,0.033,3,Overcast,8.9,21.7,55,
2025-02-24T18:00,42.2,33.2,0.0,0.0,0.0,0.033,3,Overcast,10.9,22.8,58,
2025-02-24T19:00,40.8,32.3,0.0,0.0,0.0,0.033,3,Overcast,9.7,23.5,59,
2025-02-24T20:00,40.6,32.3,0.0,0.0,0.0,0.033,3,Overcast,9.2,20.8,61,
2025-02-24T21:00,41.2,32.8,0.0,0.0,0.0,0.033,3,Overcast,8.8,19.7,54,
2025-02-24T22:00,41.0,32.8,0.0,0.0,0.0,0.033,3,Overcast,8.4,18.8,56,
2025-02-24T23:00,40.8,32.7,0.0,0.0,0.0,0.033,3,Overcast,8.5,18.6,58,
2025-02-25T00:00,40.7,32.8,0.0,0.0,0.0,0.033,3,Overcast,8.4,18.3,61,
2025-02-25T01:00,40.6,32.8,0.0,0.0,0.0,0.033,3,Overcast,8.1,17.9,61,
2025-02-25T02:00,40.2,32.6,0.0,0.0,0.0,0.033,3,Overcast,7.7,17.0,62,
2025-02-25T03:00,39.9,32.6,0.0,0.0,0.0,0.033,3,Overcast,7.2,16.1,64,
2025-02-25T04:00,39.1,32.3,0.0,0.0,0.0,0.033,3,Overcast,6.2,14.8,68,
2025-02-25T05:00,38.6,32.1,0.0,0.0,0.0,0.033,3,Overcast,5.5,12.5,71,
2025-02-25T06:00,38.4,32.2,0.0,0.0,0.0,0.033,3,Overcast,5.0,11.2,73,
2025-02-25T07:00,38.5,32.3,0.0,0.0,0.0,0.033,3,Overcast,5.0,10.3,73,
2025-02-25T08:00,38.4,32.6,0.0,0.0,0.0,0.033,3,Overcast,4.3,10.1,75,
2025-02-25T09:00,40.2,34.7,0.0,0.0,0.0,0.033,3,Overcast,3.7,7.8,71,
2025-02-25T10:00,43.7,38.3,0.0,0.0,0.0,0.033,2,Partly cloudy,4.0,10.3,66,
2025-02-25T11:00,46.8,41.6,0.0,0.0,0.0,0.033,3,Overcast,4.1,12.1,62,
2025-02-25T12:00,49.6,45.0,0.0,0.0,0.0,0.033,3,Overcast,3.5,12.1,59,
2025-02-25T13:00,52.5,49.2,0.0,0.0,0.0,0.033,3,Overcast,3.2,12.1,56,
2025-02-25T14:00,54.3,49.6,0.0,0.0,0.0,0.033,3,Overcast,4.9,13.2,55,
2025-02-25T15:00,51.5,45.5,0.0,0.0,0.0,0.033,3,Overcast,7.3,19.9,57,
2025-02-25T16:00,51.4,47.0,0.0,0.0,0.0,0.033,3,Overcast,3.8,17.4,61,
2025-02-25T17:00,51.3,48.7,0.0,0.0,0.0,0.033,2,Partly cloudy,0.3,10.1,64,
2025-02-25T18:00,49.7,47.3,0.0,0.0,0.0,0.033,3,Overcast,1.2,3.4,76,
2025-02-25T19:00,47.6,44.7,0.0,0.0,0.0,0.033,0,Clear sky,1.3,2.0,77,
2025-02-25T20:00,47.1,41.6,0.0,0.0,0.0,0.033,0,Clear sky,6.3,11.9,70,
2025-02-25T21:00,45.0,39.4,0.0,0.0,0.0,0.033,0,Clear sky,5.3,11.2,69,
2025-02-25T22:00,42.6,37.4,0.0,0.0,0.0,0.033,0,Clear sky,4.5,10.7,75,
2025-02-25T23:00,40.7,35.6,0.0,0.0,0.0,0.033,0,Clear sky,4.0,8.9,79,
2025-02-26T00:00,38.8,33.7,0.0,0.0,0.0,0.033,0,Clear sky,3.6,8.1,82,
2025-02-26T01:00,38.4,32.6,0.0,0.0,0.0,0.033,0,Clear sky,5.3,10.1,83,
2025-02-26T02:00,38.1,32.0,0.0,0.0,0.0,0.033,0,Clear sky,6.0,12.1,83,
2025-02-26T03:00,37.6,31.7,0.0,0.0,0.0,0.033,0,Clear sky,5.3,12.1,84,
2025-02-26T04:00,37.0,31.1,0.0,0.0,0.0,0.033,0,Clear sky,5.4,10.5,85,
2025-02-26T05:00,36.5,30.5,0.0,0.0,0.0,0.033,0,Clear sky,5.4,11.0,87,
2025-02-26T06:00,36.3,30.0,0.0,0.0,0.0,0.033,0,Clear sky,6.1,12.3,87,
2025-02-26T07:00,36.2,29.7,0.0,0.0,0.0,0.033,0,Clear sky,6.8,13.9,88,
2025-02-26T08:00,36.1,29.5,0.0,0.0,0.0,0.033,0,Clear sky,6.8,14.3,89,
2025-02-26T09:00,40.6,34.3,0.0,0.0,0.0,0.033,0,Clear sky,7.0,15.7,81,
2025-02-26T10:00,44.5,38.4,0.0,0.0,0.0,0.033,0,Clear sky,7.2,20.6,73,
2025-02-26T11:00,47.2,40.8,0.0,0.0,0.0,0.033,0,Clear sky,8.1,20.1,67,
2025-02-26T12:00,49.4,41.9,0.0,0.0,0.0,0.0,1,Mainly clear,10.2,23.3,53,
2025-02-26T13:00,51.5,43.4,0.0,0.0,0.0,0.0,0,Clear sky,10.9,26.6,44,
2025-02-26T14:00,53.0,44.9,0.0,0.0,0.0,0.0,2,Partly cloudy,11.8,28.6,41,
2025-02-26T15:00,54.0,45.8,0.0,0.0,0.0,0.0,2,Partly cloudy,9.7,28.4,38,
2025-02-26T16:00,55.1,46.4,0.0,0.0,0.0,0.0,3,Overcast,10.1,23.7,35,
2025-02-26T17:00,53.9,46.9,0.0,0.0,0.0,0.0,3,Overcast,6.9,23.3,41,
2025-02-26T18:00,51.0,47.0,0.0,0.0,0.0,0.0,3,Overcast,2.4,15.2,59,
2025-02-26T19:00,47.4,43.1,0.0,0.0,0.0,0.0,1,Mainly clear,1.8,3.8,59,
2025-02-26T20:00,44.5,39.4,0.0,0.0,0.0,0.0,3,Overcast,3.5,5.8,64,
2025-02-26T21:00,44.6,40.3,0.0,0.0,0.0,0.0,2,Partly cloudy,1.7,2.2,66,
2025-02-26T22:00,43.0,38.8,0.0,0.0,0.0,0.0,3,Overcast,1.6,6.0,70,
2025-02-26T23:00,43.1,39.0,0.004,0.004,0.0,0.0,51,Light drizzle,1.9,3.4,75,
2025-02-27T00:00,42.5,38.1,0.004,0.004,0.0,0.0,51,Light drizzle,2.8,3.6,76,
2025-02-27T01:00,41.8,36.9,0.0,0.0,0.0,0.0,3,Overcast,3.6,6.5,75,
2025-02-27T02:00,41.7,36.3,0.0,0.0,0.0,0.0,3,Overcast,5.1,10.5,78,
2025-02-27T03:00,41.1,35.5,0.0,0.0,0.0,0.0,3,Overcast,5.3,10.1,79,
2025-02-27T04:00,40.7,35.1,0.0,0.0,0.0,0.0,3,Overcast,5.4,11.9,80,
2025-02-27T05:00,39.4,33.8,0.0,0.0,0.0,0.0,3,Overcast,5.6,11.6,87,
2025-02-27T06:00,40.5,35.8,0.0,0.0,0.0,0.0,3,Overcast,4.0,11.0,87,
2025-02-27T07:00,41.5,36.9,0.0,0.0,0.0,0.0,3,Overcast,3.9,8.7,85,
2025-02-27T08:00,41.5,37.5,0.0,0.0,0.0,0.0,3,Overcast,2.7,7.6,86,
2025-02-27T09:00,43.3,39.8,0.008,0.008,0.0,0.0,51,Light drizzle,1.7,5.1,81,
2025-02-27T10:00,45.1,41.5,0.008,0.008,0.0,0.0,51,Light drizzle,3.1,6.9,85,
2025-02-27T11:00,47.3,44.9,0.0,0.0,0.0,0.0,3,Overcast,1.4,7.6,84,
2025-02-27T12:00,49.7,46.5,0.028,0.028,0.0,0.0,53,Moderate drizzle,4.0,11.6,80,
2025-02-27T13:00,49.4,46.3,0.02,0.02,0.0,0.0,53,Moderate drizzle,4.6,11.9,87,
2025-02-27T14:00,51.0,47.7,0.004,0.004,0.0,0.0,51,Light drizzle,5.9,11.9,87,
2025-02-27T15:00,53.1,48.5,0.004,0.004,0.0,0.0,51,Light drizzle,8.5,19.0,78,
2025-02-27T16:00,53.1,49.4,0.0,0.0,0.0,0.0,3,Overcast,6.7,19.2,80,
2025-02-27T17:00,53.2,49.9,0.004,0.004,0.0,0.0,51,Light drizzle,6.9,15.4,83,
2025-02-27T18:00,53.3,49.0,0.0,0.0,0.0,0.0,3,Overcast,8.4,21.7,79,
2025-02-27T19:00,52.2,47.8,0.0,0.0,0.0,0.0,3,Overcast,8.0,17.7,80,
2025-02-27T20:00,51.8,46.0,0.0,0.0,0.0,0.0,3,Overcast,9.4,20.1,72,
2025-02-27T21:00,47.8,44.1,0.0,0.0,0.0,0.0,3,Overcast,3.4,11.4,75,
2025-02-27T22:00,47.6,41.9,0.0,0.0,0.0,0.0,3,Overcast,7.2,13.6,72,
2025-02-27T23:00,46.0,39.9,0.0,0.0,0.0,0.0,3,Overcast,7.4,17.7,71,
2025-02-28T00:00,44.1,37.5,0.0,0.0,0.0,0.0,3,Overcast,8.3,18.1,75,
2025-02-28T01:00,42.4,36.2,0.0,0.0,0.0,0.0,2,Partly cloudy,7.1,18.1,75,
2025-02-28T02:00,40.5,34.0,0.0,0.0,0.0,0.0,0,Clear sky,6.9,15.2,76,
2025-02-28T03:00,38.5,32.4,0.0,0.0,0.0,0.0,0,Clear sky,5.4,15.0,78,
2025-02-28T04:00,37.3,31.2,0.0,0.0,0.0,0.0,0,Clear sky,5.3,11.6,80,
2025-02-28T05:00,36.2,30.3,0.0,0.0,0.0,0.0,0,Clear sky,4.9,11.0,83,
2025-02-28T06:00,35.6,29.1,0.0,0.0,0.0,0.0,0,Clear sky,5.9,12.1,84,
2025-02-28T07:00,35.3,28.3,0.0,0.0,0.0,0.0,0,Clear sky,7.0,14.5,83,
2025-02-28T08:00,35.2,28.3,0.0,0.0,0.0,0.0,0,Clear sky,6.7,15.4,82,
2025-02-28T09:00,41.8,33.7,0.0,0.0,0.0,0.0,0,Clear sky,9.4,22.4,63,
2025-02-28T10:00,43.9,34.8,0.0,0.0,0.0,0.0,0,Clear sky,10.9,27.5,53,
2025-02-28T11:00,44.6,35.1,0.0,0.0,0.0,0.0,0,Clear sky,11.0,26.4,44,
2025-02-28T12:00,45.3,36.6,0.0,0.0,0.0,0.0,0,Clear sky,10.0,26.8,39,
2025-02-28T13:00,46.1,38.5,0.0,0.0,0.0,0.0,1,Mainly clear,8.9,24.6,36,
2025-02-28T14:00,47.2,39.8,0.0,0.0,0.0,0.0,1,Mainly clear,8.6,22.6,34,
2025-02-28T15:00,47.6,39.5,0.0,0.0,0.0,0.0,1,Mainly clear,8.9,23.5,33,
2025-02-28T16:00,48.4,40.1,0.0,0.0,0.0,0.0,3,Overcast,7.1,22.6,32,
2025-02-28T17:00,48.7,40.9,0.0,0.0,0.0,0.0,3,Overcast,6.2,17.9,33,
2025-02-28T18:00,47.3,39.7,0.0,0.0,0.0,0.0,3,Overcast,6.4,15.7,39,
2025-02-28T19:00,44.1,38.5,0.0,0.0,0.0,0.0,3,Overcast,3.0,14.5,54,
2025-02-28T20:00,43.3,37.0,0.0,0.0,0.0,0.0,3,Overcast,4.4,8.3,52,
2025-02-28T21:00,43.4,36.5,0.0,0.0,0.0,0.0,3,Overcast,5.5,11.4,51,
2025-02-28T22:00,42.5,35.6,0.0,0.0,0.0,0.0,3,Overcast,5.8,12.1,55,
2025-02-28T23:00,41.5,34.0,0.0,0.0,0.0,0.0,3,Overcast,7.0,14.3,54,
2025-03-01T00:00,41.5,33.6,0.0,0.0,0.0,0.0,3,Overcast,7.5,15.7,54,
2025-03-01T01:00,41.6,32.7,0.0,0.0,0.0,0.0,2,Partly cloudy,10.0,21.5,53,
2025-03-01T02:00,41.2,32.5,0.0,0.0,0.0,0.0,2,Partly cloudy,9.8,22.4,57,
2025-03-01T03:00,41.3,33.1,0.0,0.0,0.0,0.0,0,Clear sky,9.0,21.3,60,
2025-03-01T04:00,41.1,33.6,0.0,0.0,0.0,0.0,0,Clear sky,7.7,19.5,62,
2025-03-01T05:00,41.3,34.0,0.0,0.0,0.0,0.0,3,Overcast,7.3,16.6,63,
2025-03-01T06:00,42.2,34.7,0.0,0.0,0.0,0.0,2,Partly cloudy,7.9,16.6,63,
2025-03-01T07:00,42.6,35.0,0.0,0.0,0.0,0.0,3,Overcast,8.4,17.7,61,
2025-03-01T08:00,43.6,36.1,0.0,0.0,0.0,0.0,3,Overcast,8.4,18.1,61,
2025-03-01T09:00,45.1,38.5,0.0,0.0,0.0,0.0,3,Overcast,7.2,14.8,63,
2025-03-01T10:00,47.4,40.5,0.0,0.0,0.0,0.0,3,Overcast,8.0,17.2,59,
2025-03-01T11:00,51.4,45.2,0.0,0.0,0.0,0.0,0,Clear sky,7.1,17.7,55,
2025-03-01T12:00,54.8,48.9,0.0,0.0,0.0,0.0,0,Clear sky,7.2,18.8,51,
2025-03-01T13:00,57.7,53.1,0.0,0.0,0.0,0.0,0,Clear sky,7.8,19.9,49,
2025-03-01T14:00,59.9,52.9,0.0,0.0,0.0,0.0,1,Mainly clear,12.2,27.1,41,
2025-03-01T15:00,57.2,46.5,0.0,0.0,0.0,0.0,3,Overcast,16.9,38.3,40,
2025-03-01T16:00,49.4,39.4,0.0,0.0,0.0,0.0,3,Overcast,14.9,39.1,53,
2025-03-01T17:00,45.6,34.9,0.0,0.0,0.0,0.0,3,Overcast,15.0,34.9,51,
2025-03-01T18:00,41.5,31.2,0.0,0.0,0.0,0.0,0,Clear sky,12.1,34.9,44,
2025-03-01T19:00,35.7,23.9,0.0,0.0,0.0,0.0,0,Clear sky,14.2,32.2,42,
2025-03-01T20:00,32.0,19.8,0.0,0.0,0.0,0.0,0,Clear sky,14.6,34.2,43,
2025-03-01T21:00,34.8,22.5,0.0,0.0,0.0,0.0,0,Clear sky,14.8,34.2,38,
2025-03-01T22:00,32.4,20.9,0.0,0.0,0.0,0.0,0,Clear sky,12.9,34.0,44,
2025-03-01T23:00,29.6,18.3,0.0,0.0,0.0,0.0,0,Clear sky,12.6,29.8,49,
2025-03-02T00:00,26.3,15.6,0.0,0.0,0.0,0.0,1,Mainly clear,10.8,28.9,50,
2025-03-02T01:00,24.5,13.9,0.0,0.0,0.0,0.0,1,Mainly clear,10.4,26.2,50,
2025-03-02T02:00,23.2,12.1,0.0,0.0,0.0,0.0,2,Partly cloudy,11.0,27.7,47,
2025-03-02T03:00,22.1,10.9,0.0,0.0,0.0,0.0,3,Overcast,11.3,29.1,47,
2025-03-02T04:00,21.9,10.7,0.0,0.0,0.0,0.0,3,Overcast,11.3,26.8,47,
2025-03-02T05:00,20.9,9.6,0.0,0.0,0.0,0.0,1,Mainly clear,11.2,25.7,45,
2025-03-02T06:00,19.2,8.1,0.0,0.0,0.0,0.0,0,Clear sky,10.3,25.7,41,
2025-03-02T07:00,18.5,7.8,0.0,0.0,0.0,0.0,0,Clear sky,9.4,23.5,41,
2025-03-02T08:00,19.4,8.4,0.0,0.0,0.0,0.0,1,Mainly clear,10.0,23.0,40,
2025-03-02T09:00,21.8,10.5,0.0,0.0,0.0,0.0,3,Overcast,11.2,28.0,43,
2025-03-02T10:00,23.7,12.2,0.0,0.0,0.0,0.0,1,Mainly clear,11.8,27.7,41,
2025-03-02T11:00,26.1,14.2,0.0,0.0,0.0,0.0,1,Mainly clear,12.6,31.1,37,
2025-03-02T12:00,27.7,17.6,0.0,0.0,0.0,0.0,0,Clear sky,10.7,30.4,36,
2025-03-02T13:00,29.4,20.2,0.0,0.0,0.0,0.0,0,Clear sky,10.1,27.1,34,
2025-03-02T14:00,30.8,21.8,0.0,0.0,0.0,0.0,0,Clear sky,9.9,26.2,32,
2025-03-02T15:00,32.2,22.7,0.0,0.0,0.0,0.0,0,Clear sky,9.6,25.9,29,
2025-03-02T16:00,32.5,21.7,0.0,0.0,0.0,0.0,0,Clear sky,9.9,24.8,28,
2025-03-02T17:00,31.6,21.1,0.0,0.0,0.0,0.0,0,Clear sky,9.4,24.8,28,
2025-03-02T18:00,30.0,19.8,0.0,0.0,0.0,0.0,0,Clear sky,8.7,22.8,31,
2025-03-02T19:00,28.0,18.8,0.0,0.0,0.0,0.0,0,Clear sky,6.5,20.1,38,
2025-03-02T20:00,26.4,16.5,0.0,0.0,0.0,0.0,0,Clear sky,8.2,17.9,40,
2025-03-02T21:00,26.2,16.1,0.0,0.0,0.0,0.0,1,Mainly clear,8.7,19.2,39,
2025-03-02T22:00,24.3,13.8,0.0,0.0,0.0,0.0,0,Clear sky,9.5,21.5,43,
2025-03-02T23:00,23.0,12.9,0.0,0.0,0.0,0.0,0,Clear sky,8.7,21.5,46,
2025-03-03T00:00,22.4,13.0,0.0,0.0,0.0,0.0,2,Partly cloudy,7.1,20.1,49,
2025-03-03T01:00,22.1,13.6,0.0,0.0,0.0,0.0,0,Clear sky,5.2,16.1,51,
2025-03-03T02:00,22.2,14.3,0.0,0.0,0.0,0.0,0,Clear sky,3.7,11.6,51,
2025-03-03T03:00,22.4,14.5,0.0,0.0,0.0,0.0,0,Clear sky,3.5,8.5,50,
2025-03-03T04:00,22.5,14.6,0.0,0.0,0.0,0.0,0,Clear sky,3.5,8.3,49,
2025-03-03T05:00,22.6,14.9,0.0,0.0,0.0,0.0,0,Clear sky,3.0,8.1,49,
2025-03-03T06:00,22.6,15.0,0.0,0.0,0.0,0.0,0,Clear sky,3.0,6.9,49,
2025-03-03T07:00,22.7,14.6,0.0,0.0,0.0,0.0,0,Clear sky,4.1,8.9,49,
2025-03-03T08:00,22.9,14.4,0.0,0.0,0.0,0.0,0,Clear sky,4.9,10.5,48,
2025-03-03T09:00,25.8,17.1,0.0,0.0,0.0,0.0,1,Mainly clear,5.6,13.6,43,
2025-03-03T10:00,27.8,18.9,0.0,0.0,0.0,0.0,1,Mainly clear,5.7,17.2,39,
2025-03-03T11:00,30.0,21.7,0.0,0.0,0.0,0.0,2,Partly cloudy,4.4,16.1,34,
2025-03-03T12:00,32.0,24.8,0.0,0.0,0.0,0.0,2,Partly cloudy,3.6,14.3,33,
2025-03-03T13:00,34.9,27.0,0.0,0.0,0.0,0.0,2,Partly cloudy,5.2,15.0,28,
2025-03-03T14:00,36.3,28.5,0.0,0.0,0.0,0.0,2,Partly cloudy,6.5,17.7,30,
2025-03-03T15:00,36.7,28.8,0.0,0.0,0.0,0.0,3,Overcast,6.5,18.3,33,
2025-03-03T16:00,37.4,28.4,0.0,0.0,0.0,0.0,2,Partly cloudy,6.9,18.1,33,
2025-03-03T17:00,38.1,28.9,0.0,0.0,0.0,0.0,0,Clear sky,7.5,18.1,32,
2025-03-03T18:00,37.8,29.5,0.0,0.0,0.0,0.0,0,Clear sky,5.5,17.9,35,
2025-03-03T19:00,33.5,26.5,0.0,0.0,0.0,0.0,0,Clear sky,3.4,12.1,51,
2025-03-03T20:00,32.3,24.5,0.0,0.0,0.0,0.0,0,Clear sky,5.1,10.3,53,
2025-03-03T21:00,32.3,24.6,0.0,0.0,0.0,0.0,0,Clear sky,4.8,13.0,51,
2025-03-03T22:00,31.2,23.4,0.0,0.0,0.0,0.0,0,Clear sky,5.4,11.2,57,
2025-03-03T23:00,30.4,22.5,0.0,0.0,0.0,0.0,0,Clear sky,5.6,11.4,59,
2025-03-04T00:00,29.8,21.9,0.0,0.0,0.0,0.0,0,Clear sky,5.5,11.9,60,
2025-03-04T01:00,29.5,21.6,0.0,0.0,0.0,0.0,0,Clear sky,5.5,11.4,60,
2025-03-04T02:00,29.3,21.5,0.0,0.0,0.0,0.0,0,Clear sky,5.4,11.2,61,
2025-03-04T03:00,29.1,21.2,0.0,0.0,0.0,0.0,1,Mainly clear,5.6,11.4,61,
2025-03-04T04:00,28.9,21.4,0.0,0.0,0.0,0.0,0,Clear sky,4.5,11.4,63,
2025-03-04T05:00,28.5,21.4,0.0,0.0,0.0,0.0,0,Clear sky,3.9,9.2,65,
2025-03-04T06:00,28.5,21.1,0.0,0.0,0.0,0.0,0,Clear sky,4.6,9.4,65,
2025-03-04T07:00,28.6,21.2,0.0,0.0,0.0,0.0,1,Mainly clear,4.5,9.6,66,
2025-03-04T08:00,29.5,21.9,0.0,0.0,0.0,0.0,1,Mainly clear,5.1,9.8,64,
2025-03-04T09:00,33.5,26.4,0.0,0.0,0.0,0.0,3,Overcast,5.0,11.6,66,
2025-03-04T10:00,36.6,29.6,0.0,0.0,0.0,0.0,3,Overcast,5.4,13.6,63,
2025-03-04T11:00,40.8,33.8,0.0,0.0,0.0,0.0,3,Overcast,6.3,17.0,60,
2025-03-04T12:00,44.5,37.4,0.0,0.0,0.0,0.0,3,Overcast,7.3,19.0,58,
2025-03-04T13:00,47.9,41.5,0.0,0.0,0.0,0.0,2,Partly cloudy,8.0,20.8,56,
2025-03-04T14:00,51.2,46.0,0.0,0.0,0.0,0.0,3,Overcast,7.3,21.3,53,
2025-03-04T15:00,53.1,46.7,0.0,0.0,0.0,0.0,1,Mainly clear,7.2,19.5,50,
2025-03-04T16:00,54.5,48.3,0.0,0.0,0.0,0.0,3,Overcast,6.9,19.2,48,
2025-03-04T17:00,53.2,47.9,0.0,0.0,0.0,0.0,0,Clear sky,5.1,17.4,51,
2025-03-04T18:00,51.4,46.7,0.0,0.0,0.0,0.0,0,Clear sky,4.6,11.9,61,
2025-03-04T19:00,47.7,43.2,0.0,0.0,0.0,0.0,0,Clear sky,4.4,10.3,71,
2025-03-04T20:00,48.3,42.5,0.0,0.0,0.0,0.0,0,Clear sky,6.1,12.1,62,
2025-03-04T21:00,46.4,39.6,0.0,0.0,0.0,0.0,0,Clear sky,8.2,17.0,64,
2025-03-04T22:00,45.9,39.1,0.0,0.0,0.0,0.0,0,Clear sky,7.5,16.8,61,
2025-03-04T23:00,44.7,38.1,0.0,0.0,0.0,0.0,0,Clear sky,6.8,15.4,62,
2025-03-05T00:00,43.4,37.5,0.0,0.0,0.0,0.0,0,Clear sky,5.4,14.1,66,
2025-03-05T01:00,42.6,37.1,0.0,0.0,0.0,0.0,0,Clear sky,4.7,11.0,70,
2025-03-05T02:00,42.1,36.9,0.0,0.0,0.0,0.0,0,Clear sky,4.1,9.4,75,
2025-03-05T03:00,42.4,37.1,0.0,0.0,0.0,0.0,1,Mainly clear,5.0,9.4,77,
2025-03-05T04:00,43.6,38.3,0.0,0.0,0.0,0.0,3,Overcast,5.8,11.4,79,
2025-03-05T05:00,44.6,39.5,0.0,0.0,0.0,0.0,3,Overcast,6.0,11.9,81,
2025-03-05T06:00,46.0,41.1,0.0,0.0,0.0,0.0,3,Overcast,6.1,11.9,81,
2025-03-05T07:00,46.9,42.3,0.0,0.0,0.0,0.0,3,Overcast,6.1,12.3,83,
2025-03-05T08:00,48.5,44.2,0.0,0.0,0.0,0.0,3,Overcast,6.6,13.2,84,
2025-03-05T09:00,52.6,46.8,0.0,0.0,0.0,0.0,3,Overcast,10.4,22.8,74,
2025-03-05T10:00,53.7,48.1,0.0,0.0,0.0,0.0,3,Overcast,10.5,23.0,73,
2025-03-05T11:00,54.2,48.3,0.0,0.0,0.0,0.0,3,Overcast,11.2,23.9,72,
2025-03-05T12:00,53.2,46.8,0.004,0.004,0.0,0.0,51,Light drizzle,12.2,27.5,74,
2025-03-05T13:00,53.2,48.5,0.0,0.0,0.0,0.0,3,Overcast,8.6,27.5,76,
2025-03-05T14:00,53.0,47.6,0.0,0.0,0.0,0.0,3,Overcast,9.8,23.0,75,
2025-03-05T15:00,53.2,44.5,0.004,0.004,0.0,0.0,51,Light drizzle,18.0,39.1,77,
2025-03-05T16:00,52.9,45.1,0.0,0.0,0.0,0.0,3,Overcast,16.1,39.1,79,
2025-03-05T17:00,52.5,45.2,0.012,0.012,0.0,0.0,51,Light drizzle,15.6,36.7,83,
2025-03-05T18:00,50.1,43.9,0.087,0.087,0.0,0.0,61,Slight rain,13.4,34.4,92,
2025-03-05T19:00,49.9,43.1,0.276,0.276,0.0,0.0,63,Moderate rain,14.7,35.1,93,
2025-03-05T20:00,50.4,43.2,0.303,0.303,0.0,0.0,65,Heavy rain,16.0,37.6,93,
2025-03-05T21:00,51.8,48.7,0.264,0.264,0.0,0.0,63,Moderate rain,7.9,23.5,96,
2025-03-05T22:00,50.5,45.2,0.299,0.299,0.0,0.0,65,Heavy rain,12.1,25.1,96,
2025-03-05T23:00,49.1,42.2,0.256,0.256,0.0,0.0,63,Moderate rain,15.3,30.6,97,
2025-03-06T00:00,50.1,44.3,0.122,0.122,0.0,0.0,63,Moderate rain,13.0,40.0,95,
2025-03-06T01:00,52.6,46.8,0.008,0.008,0.0,0.0,51,Light drizzle,14.1,29.3,92,
2025-03-06T02:00,52.6,48.5,0.0,0.0,0.0,0.0,3,Overcast,10.3,29.1,94,
2025-03-06T03:00,52.6,49.5,0.0,0.0,0.0,0.0,3,Overcast,8.6,20.8,96,
2025-03-06T04:00,53.2,50.5,0.0,0.0,0.0,0.0,3,Overcast,8.3,17.2,97,
2025-03-06T05:00,53.2,49.9,0.0,0.0,0.0,0.0,3,Overcast,9.2,18.3,96,
2025-03-06T06:00,51.3,47.1,0.0,0.0,0.0,0.0,3,Overcast,9.3,19.0,92,
2025-03-06T07:00,48.4,43.1,0.0,0.0,0.0,0.0,3,Overcast,9.2,19.2,86,
2025-03-06T08:00,46.0,40.2,0.0,0.0,0.0,0.0,3,Overcast,8.4,19.2,82,
2025-03-06T09:00,51.6,48.2,0.0,0.0,0.0,0.0,2,Partly cloudy,6.3,15.2,85,
2025-03-06T10:00,51.8,47.1,0.0,0.0,0.0,0.0,0,Clear sky,7.6,17.9,75,
2025-03-06T11:00,52.8,47.0,0.0,0.0,0.0,0.0,3,Overcast,8.8,21.9,65,
2025-03-06T12:00,53.0,46.3,0.0,0.0,0.0,0.0,1,Mainly clear,9.2,23.0,57,
2025-03-06T13:00,53.5,47.2,0.0,0.0,0.0,0.0,0,Clear sky,10.2,25.3,53,
2025-03-06T14:00,53.2,46.8,0.0,0.0,0.0,0.0,0,Clear sky,10.7,26.6,52,
2025-03-06T15:00,53.4,46.9,0.0,0.0,0.0,0.0,0,Clear sky,10.2,26.6,51,
2025-03-06T16:00,53.5,45.9,0.0,0.0,0.0,0.0,1,Mainly clear,10.0,25.1,49,
2025-03-06T17:00,52.4,43.8,0.0,0.0,0.0,0.0,3,Overcast,11.3,28.2,46,
2025-03-06T18:00,48.3,38.7,0.0,0.0,0.0,0.0,3,Overcast,13.0,29.8,50,
2025-03-06T19:00,43.6,32.6,0.0,0.0,0.0,0.0,2,Partly cloudy,14.7,33.6,47,
2025-03-06T20:00,39.2,27.4,0.0,0.0,0.0,0.0,0,Clear sky,15.6,35.8,48,
2025-03-06T21:00,39.5,28.8,0.0,0.0,0.0,0.0,2,Partly cloudy,13.4,30.4,52,
2025-03-06T22:00,37.4,27.2,0.0,0.0,0.0,0.0,3,Overcast,12.4,30.4,57,
2025-03-06T23:00,36.2,25.5,0.0,0.0,0.0,0.0,3,Overcast,13.5,28.9,58,
2025-03-07T00:00,34.3,24.0,0.0,0.0,0.0,0.0,2,Partly cloudy,11.9,30.4,56,
2025-03-07T01:00,33.1,24.6,0.0,0.0,0.0,0.0,1,Mainly clear,7.5,27.3,58,
2025-03-07T02:00,32.5,23.7,0.0,0.0,0.0,0.0,1,Mainly clear,8.4,23.3,61,
2025-03-07T03:00,33.0,24.2,0.0,0.0,0.0,0.0,3,Overcast,8.6,24.6,62,
2025-03-07T04:00,33.0,23.3,0.0,0.0,0.0,0.0,1,Mainly clear,10.6,23.5,61,
2025-03-07T05:00,32.4,21.2,0.0,0.0,0.0,0.0,1,Mainly clear,13.7,27.1,59,
2025-03-07T06:00,31.4,20.9,0.0,0.0,0.0,0.0,0,Clear sky,11.9,33.3,60,
2025-03-07T07:00,30.8,20.9,0.0,0.0,0.0,0.0,0,Clear sky,10.6,28.0,59,
2025-03-07T08:00,30.6,20.9,0.0,0.0,0.0,0.0,0,Clear sky,9.8,25.9,59,
2025-03-07T09:00,35.2,25.6,0.0,0.0,0.0,0.0,0,Clear sky,9.3,28.4,47,
2025-03-07T10:00,37.5,26.5,0.0,0.0,0.0,0.0,0,Clear sky,12.7,30.0,43,
2025-03-07T11:00,39.9,27.9,0.0,0.0,0.0,0.0,2,Partly cloudy,15.6,32.2,43,
2025-03-07T12:00,41.3,27.7,0.0,0.0,0.0,0.0,2,Partly cloudy,19.1,45.4,39,
2025-03-07T13:00,43.0,29.3,0.0,0.0,0.0,0.0,0,Clear sky,19.1,44.5,35,
2025-03-07T14:00,44.4,31.4,0.0,0.0,0.0,0.0,2,Partly cloudy,18.8,45.2,32,
2025-03-07T15:00,45.1,33.3,0.0,0.0,0.0,0.0,0,Clear sky,15.7,44.1,32,
2025-03-07T16:00,45.8,34.2,0.0,0.0,0.0,0.0,0,Clear sky,14.6,36.9,32,
2025-03-07T17:00,45.9,34.2,0.0,0.0,0.0,0.0,0,Clear sky,14.1,33.8,29,
2025-03-07T18:00,45.1,35.2,0.0,0.0,0.0,0.0,0,Clear sky,10.3,32.0,33,
2025-03-07T19:00,43.2,33.4,0.0,0.0,0.0,0.0,1,Mainly clear,9.7,23.3,33,
2025-03-07T20:00,41.3,32.4,0.0,0.0,0.0,0.0,2,Partly cloudy,7.8,21.5,37,
2025-03-07T21:00,40.6,33.2,0.0,0.0,0.0,0.0,3,Overcast,5.4,13.2,48,
2025-03-07T22:00,40.6,31.7,0.0,0.0,0.0,0.0,2,Partly cloudy,8.1,17.0,42,
2025-03-07T23:00,40.5,31.8,0.0,0.0,0.0,0.0,3,Overcast,7.5,17.4,40,
2025-03-08T00:00,39.2,31.4,0.0,0.0,0.0,0.0,3,Overcast,5.8,16.1,45,
2025-03-08T01:00,38.0,30.8,0.0,0.0,0.0,0.0,3,Overcast,4.7,12.3,50,
2025-03-08T02:00,36.1,29.9,0.0,0.0,0.0,0.0,3,Overcast,3.0,9.6,59,
2025-03-08T03:00,36.1,30.3,0.0,0.0,0.0,0.0,3,Overcast,2.5,6.0,62,
2025-03-08T04:00,36.1,30.3,0.0,0.0,0.0,0.0,3,Overcast,2.2,4.9,64,
2025-03-08T05:00,35.5,29.5,0.0,0.0,0.0,0.0,3,Overcast,2.7,5.6,64,
2025-03-08T06:00,35.3,28.9,0.0,0.0,0.0,0.0,2,Partly cloudy,3.8,7.6,65,
2025-03-08T07:00,34.0,27.0,0.0,0.0,0.0,0.0,1,Mainly clear,5.1,10.1,69,
2025-03-08T08:00,33.9,26.3,0.0,0.0,0.0,0.0,2,Partly cloudy,6.9,14.3,71,
2025-03-08T09:00,39.1,31.7,0.0,0.0,0.0,0.0,0,Clear sky,6.2,15.4,57,
2025-03-08T10:00,41.9,33.0,0.0,0.0,0.0,0.0,3,Overcast,10.0,21.0,53,
2025-03-08T11:00,42.4,31.5,0.0,0.0,0.0,0.0,3,Overcast,14.3,33.1,46,
2025-03-08T12:00,40.4,29.6,0.0,0.0,0.0,0.0,1,Mainly clear,13.3,33.1,47,
2025-03-08T13:00,40.7,29.5,0.0,0.0,0.0,0.0,0,Clear sky,14.2,34.4,42,
2025-03-08T14:00,40.6,30.8,0.0,0.0,0.0,0.0,0,Clear sky,13.4,34.4,36,
2025-03-08T15:00,41.8,31.7,0.0,0.0,0.0,0.0,0,Clear sky,13.1,32.4,32,
2025-03-08T16:00,42.0,30.8,0.0,0.0,0.0,0.0,0,Clear sky,13.3,31.8,32,
2025-03-08T17:00,40.6,29.2,0.0,0.0,0.0,0.0,0,Clear sky,13.4,31.8,34,
2025-03-08T18:00,40.0,29.5,0.0,0.0,0.0,0.0,0,Clear sky,11.2,31.1,34,
2025-03-08T19:00,37.9,27.7,0.0,0.0,0.0,0.0,0,Clear sky,10.5,25.5,39,
2025-03-08T20:00,36.2,26.1,0.0,0.0,0.0,0.0,0,Clear sky,10.4,24.4,42,
2025-03-08T21:00,37.0,27.9,0.0,0.0,0.0,0.0,0,Clear sky,8.2,19.7,41,
2025-03-08T22:00,36.2,26.3,0.0,0.0,0.0,0.0,0,Clear sky,9.7,21.9,41,
2025-03-08T23:00,35.2,25.5,0.0,0.0,0.0,0.0,0,Clear sky,9.3,21.7,44,
2025-03-09T00:00,34.0,24.3,0.0,0.0,0.0,0.0,0,Clear sky,9.4,20.8,48,
2025-03-09T01:00,32.8,23.4,0.0,0.0,0.0,0.0,0,Clear sky,9.0,20.8,52,
2025-03-09T02:00,31.6,22.4,0.0,0.0,0.0,0.0,0,Clear sky,8.4,19.7,56,
2025-03-09T03:00,30.5,21.6,0.0,0.0,0.0,0.0,0,Clear sky,8.0,18.6,59,
2025-03-09T04:00,29.7,21.1,0.0,0.0,0.0,0.0,0,Clear sky,7.3,17.4,61,
2025-03-09T05:00,29.1,21.1,0.0,0.0,0.0,0.0,0,Clear sky,6.1,15.9,63,
2025-03-09T06:00,28.5,21.1,0.0,0.0,0.0,0.0,0,Clear sky,4.7,13.2,67,
2025-03-09T07:00,28.1,20.6,0.0,0.0,0.0,0.0,0,Clear sky,5.0,11.0,69,
2025-03-09T08:00,28.6,20.9,0.0,0.0,0.0,0.0,0,Clear sky,5.5,11.9,69,
2025-03-09T09:00,32.3,24.6,0.0,0.0,0.0,0.0,1,Mainly clear,5.3,13.2,59,
2025-03-09T10:00,35.2,27.3,0.0,0.0,0.0,0.0,1,Mainly clear,6.0,15.9,55,
2025-03-09T11:00,38.3,30.0,0.0,0.0,0.0,0.0,0,Clear sky,7.4,19.2,49,
2025-03-09T12:00,41.5,33.7,0.0,0.0,0.0,0.0,3,Overcast,9.1,23.3,46,
2025-03-09T13:00,43.3,34.4,0.0,0.0,0.0,0.0,1,Mainly clear,9.5,23.7,46,
2025-03-09T14:00,48.3,39.9,0.0,0.0,0.0,0.0,2,Partly cloudy,12.0,26.4,44,
2025-03-09T15:00,48.1,37.5,0.0,0.0,0.0,0.0,3,Overcast,14.3,33.6,43,
2025-03-09T16:00,49.2,38.3,0.0,0.0,0.0,0.0,3,Overcast,14.0,37.1,37,
2025-03-09T17:00,50.3,41.8,0.0,0.0,0.0,0.0,0,Clear sky,9.0,34.2,38,
2025-03-09T18:00,49.8,43.0,0.0,0.0,0.0,0.0,0,Clear sky,5.4,19.7,41,
2025-03-09T19:00,45.5,39.5,0.0,0.0,0.0,0.0,0,Clear sky,3.9,11.6,51,
2025-03-09T20:00,43.3,37.1,0.0,0.0,0.0,0.0,0,Clear sky,4.0,8.5,54,
2025-03-09T21:00,43.1,36.7,0.0,0.0,0.0,0.0,0,Clear sky,4.6,8.9,54,
2025-03-09T22:00,42.3,35.7,0.0,0.0,0.0,0.0,1,Mainly clear,4.9,10.3,54,
2025-03-09T23:00,41.5,34.4,0.0,0.0,0.0,0.0,3,Overcast,5.9,11.6,55,
2025-03-10T00:00,40.9,34.0,0.0,0.0,0.0,0.0,2,Partly cloudy,5.4,12.3,56,
2025-03-10T01:00,39.9,33.0,0.0,0.0,0.0,0.0,1,Mainly clear,5.6,11.4,58,
2025-03-10T02:00,39.4,32.5,0.0,0.0,0.0,0.0,0,Clear sky,5.4,11.4,59,
2025-03-10T03:00,38.8,31.5,0.0,0.0,0.0,0.0,0,Clear sky,6.4,13.2,60,
2025-03-10T04:00,38.5,30.6,0.0,0.0,0.0,0.0,0,Clear sky,7.7,15.7,61,
2025-03-10T05:00,38.8,30.7,0.0,0.0,0.0,0.0,1,Mainly clear,8.3,17.4,61,
2025-03-10T06:00,38.9,31.0,0.0,0.0,0.0,0.0,0,Clear sky,8.1,17.4,62,
2025-03-10T07:00,39.2,31.5,0.0,0.0,0.0,0.0,0,Clear sky,7.6,16.8,63,
2025-03-10T08:00,39.7,32.3,0.0,0.0,0.0,0.0,0,Clear sky,7.3,15.7,64,
2025-03-10T09:00,44.5,37.9,0.0,0.0,0.0,0.0,0,Clear sky,6.2,13.6,59,
2025-03-10T10:00,49.1,43.8,0.0,0.0,0.0,0.0,0,Clear sky,4.1,11.4,55,
2025-03-10T11:00,53.3,48.5,0.0,0.0,0.0,0.0,0,Clear sky,3.8,11.6,50,
2025-03-10T12:00,56.4,52.8,0.0,0.0,0.0,0.0,0,Clear sky,4.4,13.2,48,
2025-03-10T13:00,58.7,56.2,0.0,0.0,0.0,0.0,0,Clear sky,4.0,13.4,45,
2025-03-10T14:00,60.8,58.4,0.0,0.0,0.0,0.0,0,Clear sky,4.1,13.0,43,
2025-03-10T15:00,62.2,59.1,0.0,0.0,0.0,0.0,0,Clear sky,4.2,12.8,41,
2025-03-10T16:00,62.9,57.9,0.0,0.0,0.0,0.0,0,Clear sky,5.6,14.5,39,
2025-03-10T17:00,61.9,56.9,0.0,0.0,0.0,0.0,0,Clear sky,5.7,14.8,43,
2025-03-10T18:00,57.1,52.6,0.0,0.0,0.0,0.0,0,Clear sky,6.7,14.5,60,
2025-03-10T19:00,52.8,48.8,0.0,0.0,0.0,0.0,0,Clear sky,6.1,14.8,73,
2025-03-10T20:00,52.7,48.3,0.0,0.0,0.0,0.0,0,Clear sky,6.2,12.5,69,
2025-03-10T21:00,52.5,48.4,0.0,0.0,0.0,0.0,0,Clear sky,4.3,12.5,63,
2025-03-10T22:00,50.9,46.6,0.0,0.0,0.0,0.0,0,Clear sky,4.3,8.7,65,
2025-03-10T23:00,48.6,44.3,0.0,0.0,0.0,0.0,0,Clear sky,3.9,8.7,70,
2025-03-11T00:00,48.2,43.5,0.0,0.0,0.0,0.0,0,Clear sky,4.8,9.4,69,
2025-03-11T01:00,46.5,41.9,0.0,0.0,0.0,0.0,0,Clear sky,4.1,9.6,71,
2025-03-11T02:00,43.9,39.4,0.0,0.0,0.0,0.0,0,Clear sky,3.2,8.3,75,
2025-03-11T03:00,42.6,38.3,0.0,0.0,0.0,0.0,0,Clear sky,2.3,5.8,74,
2025-03-11T04:00,41.5,37.1,0.0,0.0,0.0,0.0,0,Clear sky,2.1,3.6,75,
2025-03-11T05:00,40.0,35.7,0.0,0.0,0.0,0.0,0,Clear sky,2.0,4.9,79,
2025-03-11T06:00,38.8,34.4,0.0,0.0,0.0,0.0,0,Clear sky,1.6,3.8,80,
2025-03-11T07:00,37.2,32.5,0.0,0.0,0.0,0.0,0,Clear sky,2.3,4.0,84,
2025-03-11T08:00,39.3,33.7,0.0,0.0,0.0,0.0,0,Clear sky,4.9,9.2,81,
2025-03-11T09:00,42.7,37.2,0.0,0.0,0.0,0.0,0,Clear sky,4.9,11.0,73,
2025-03-11T10:00,47.2,42.9,0.0,0.0,0.0,0.0,0,Clear sky,3.0,10.3,66,
2025-03-11T11:00,52.3,48.5,0.0,0.0,0.0,0.0,0,Clear sky,2.8,10.1,61,
2025-03-11T12:00,56.7,53.6,0.0,0.0,0.0,0.0,0,Clear sky,4.7,13.6,54,
2025-03-11T13:00,59.5,55.4,0.0,0.0,0.0,0.0,0,Clear sky,7.4,19.2,45,
2025-03-11T14:00,60.4,56.4,0.0,0.0,0.0,0.0,0,Clear sky,7.6,20.1,44,
2025-03-11T15:00,60.9,56.8,0.0,0.0,0.0,0.0,0,Clear sky,7.2,19.9,45,
2025-03-11T16:00,59.9,54.7,0.0,0.0,0.0,0.0,0,Clear sky,7.7,19.0,49,
2025-03-11T17:00,57.0,51.8,0.0,0.0,0.0,0.0,0,Clear sky,7.1,19.0,55,
2025-03-11T18:00,53.5,49.1,0.0,0.0,0.0,0.0,0,Clear sky,5.3,16.8,63,
2025-03-11T19:00,50.8,46.5,0.0,0.0,0.0,0.0,1,Mainly clear,4.8,13.4,68,
2025-03-11T20:00,49.6,45.8,0.0,0.0,0.0,0.0,2,Partly cloudy,3.8,10.1,72,
2025-03-11T21:00,50.3,46.1,0.0,0.0,0.0,0.0,1,Mainly clear,4.2,10.3,67,
2025-03-11T22:00,50.8,46.1,0.0,0.0,0.0,0.0,1,Mainly clear,5.6,10.7,67,
2025-03-11T23:00,49.8,46.2,0.0,0.0,0.0,0.0,1,Mainly clear,3.3,11.2,72,
2025-03-12T00:00,51.2,45.4,0.0,0.0,0.0,0.0,0,Clear sky,7.8,14.5,64,
2025-03-12T01:00,48.7,41.8,0.0,0.0,0.0,0.0,0,Clear sky,7.7,17.9,55,
2025-03-12T02:00,46.3,38.7,0.0,0.0,0.0,0.0,0,Clear sky,7.8,16.1,49,
2025-03-12T03:00,44.2,35.5,0.0,0.0,0.0,0.0,2,Partly cloudy,8.7,18.3,42,
2025-03-12T04:00,42.1,33.1,0.0,0.0,0.0,0.0,2,Partly cloudy,8.7,18.8,42,
2025-03-12T05:00,40.2,31.8,0.0,0.0,0.0,0.0,3,Overcast,7.7,18.3,48,
2025-03-12T06:00,38.6,30.7,0.0,0.0,0.0,0.0,2,Partly cloudy,7.0,16.6,54,
2025-03-12T07:00,37.5,29.7,0.0,0.0,0.0,0.0,3,Overcast,7.0,15.2,59,
2025-03-12T08:00,37.5,29.4,0.0,0.0,0.0,0.0,3,Overcast,8.0,17.0,63,
2025-03-12T09:00,43.2,35.9,0.0,0.0,0.0,0.0,3,Overcast,5.5,13.9,45,
2025-03-12T10:00,45.1,37.3,0.0,0.0,0.0,0.0,3,Overcast,6.9,17.4,44,
2025-03-12T11:00,46.9,39.0,0.0,0.0,0.0,0.0,2,Partly cloudy,7.4,19.2,44,
2025-03-12T12:00,48.5,42.5,0.0,0.0,0.0,0.0,2,Partly cloudy,5.8,19.5,40,
2025-03-12T13:00,50.2,45.6,0.0,0.0,0.0,0.0,3,Overcast,4.2,16.8,39,
2025-03-12T14:00,51.4,46.1,0.0,0.0,0.0,0.0,3,Overcast,4.0,13.9,38,
2025-03-12T15:00,51.9,46.0,0.0,0.0,0.0,0.0,3,Overcast,3.3,13.2,38,
2025-03-12T16:00,51.9,46.2,0.0,0.0,0.0,0.0,3,Overcast,3.3,11.0,40,
2025-03-12T17:00,51.8,45.7,0.0,0.0,0.0,0.0,1,Mainly clear,4.5,12.3,42,
2025-03-12T18:00,50.1,44.2,0.0,0.0,0.0,0.0,0,Clear sky,4.4,12.3,47,
2025-03-12T19:00,46.3,41.3,0.0,0.0,0.0,0.0,1,Mainly clear,3.6,10.3,62,
2025-03-12T20:00,43.9,38.9,0.0,0.0,0.0,0.0,0,Clear sky,3.7,8.3,69,
2025-03-12T21:00,42.4,38.2,0.0,0.0,0.0,0.0,0,Clear sky,2.0,5.1,75,
2025-03-12T22:00,41.2,36.3,0.0,0.0,0.0,0.0,1,Mainly clear,2.9,6.3,73,
2025-03-12T23:00,39.9,34.7,0.0,0.0,0.0,0.0,0,Clear sky,3.3,6.7,73,
2025-03-13T00:00,39.2,33.8,0.0,0.0,0.0,0.0,1,Mainly clear,4.0,8.3,77,
2025-03-13T01:00,39.0,33.1,0.0,0.0,0.0,0.0,2,Partly cloudy,5.7,11.6,82,
2025-03-13T02:00,39.0,33.0,0.0,0.0,0.0,0.0,2,Partly cloudy,6.1,13.4,83,
2025-03-13T03:00,37.9,31.7,0.0,0.0,0.0,0.0,1,Mainly clear,6.1,13.2,82,
2025-03-13T04:00,37.4,30.9,0.0,0.0,0.0,0.0,0,Clear sky,6.1,13.2,79,
2025-03-13T05:00,36.6,29.9,0.0,0.0,0.0,0.0,0,Clear sky,6.0,13.2,76,
2025-03-13T06:00,36.1,29.5,0.0,0.0,0.0,0.0,0,Clear sky,5.6,12.5,74,
2025-03-13T07:00,35.4,28.6,0.0,0.0,0.0,0.0,0,Clear sky,5.8,12.1,75,
2025-03-13T08:00,36.0,29.1,0.0,0.0,0.0,0.0,2,Partly cloudy,6.2,12.8,76,
2025-03-13T09:00,39.0,32.4,0.0,0.0,0.0,0.0,3,Overcast,6.3,14.8,74,
2025-03-13T10:00,42.0,34.8,0.0,0.0,0.0,0.0,1,Mainly clear,7.6,19.0,66,
2025-03-13T11:00,44.7,37.8,0.0,0.0,0.0,0.0,2,Partly cloudy,7.2,19.9,60,
2025-03-13T12:00,46.9,41.9,0.0,0.0,0.0,0.0,2,Partly cloudy,6.2,19.0,60,
2025-03-13T13:00,49.8,45.7,0.0,0.0,0.0,0.0,1,Mainly clear,6.2,17.7,56,
2025-03-13T14:00,50.6,46.5,0.0,0.0,0.0,0.0,2,Partly cloudy,6.3,18.3,54,
2025-03-13T15:00,51.0,46.3,0.0,0.0,0.0,0.0,0,Clear sky,6.4,18.1,54,
2025-03-13T16:00,50.4,44.5,0.0,0.0,0.0,0.0,2,Partly cloudy,6.6,17.9,56,
2025-03-13T17:00,48.5,42.2,0.0,0.0,0.0,0.0,3,Overcast,7.5,19.0,63,
2025-03-13T18:00,45.0,38.3,0.0,0.0,0.0,0.0,3,Overcast,8.1,19.9,70,
2025-03-13T19:00,41.7,35.6,0.0,0.0,0.0,0.0,1,Mainly clear,6.5,19.0,77,
2025-03-13T20:00,40.2,34.4,0.0,0.0,0.0,0.0,0,Clear sky,5.8,14.5,81,
2025-03-13T21:00,39.7,34.3,0.0,0.0,0.0,0.0,0,Clear sky,4.4,12.1,79,
2025-03-13T22:00,38.8,33.8,0.0,0.0,0.0,0.0,1,Mainly clear,3.4,9.4,81,
2025-03-13T23:00,38.0,33.0,0.0,0.0,0.0,0.0,1,Mainly clear,3.3,7.4,83,
2025-03-14T00:00,37.3,31.8,0.0,0.0,0.0,0.0,1,Mainly clear,4.1,8.5,83,
2025-03-14T01:00,36.6,30.9,0.0,0.0,0.0,0.0,1,Mainly clear,4.3,8.9,83,
2025-03-14T02:00,36.1,30.1,0.0,0.0,0.0,0.0,2,Partly cloudy,5.0,10.1,84,
2025-03-14T03:00,35.8,29.8,0.0,0.0,0.0,0.0,1,Mainly clear,5.1,10.5,86,
2025-03-14T04:00,35.4,29.4,0.0,0.0,0.0,0.0,2,Partly cloudy,4.8,10.5,84,
2025-03-14T05:00,34.7,28.9,0.0,0.0,0.0,0.0,1,Mainly clear,4.0,9.8,84,
2025-03-14T06:00,34.1,28.1,0.0,0.0,0.0,0.0,1,Mainly clear,4.2,8.7,84,
2025-03-14T07:00,33.4,27.4,0.0,0.0,0.0,0.0,0,Clear sky,4.0,8.7,84,
2025-03-14T08:00,34.1,27.9,0.0,0.0,0.0,0.0,0,Clear sky,4.6,8.5,83,
2025-03-14T09:00,39.6,34.5,0.0,0.0,0.0,0.0,0,Clear sky,2.9,9.2,73,
2025-03-14T10:00,43.3,38.2,0.0,0.0,0.0,0.0,0,Clear sky,3.3,11.2,67,
2025-03-14T11:00,46.7,42.4,0.0,0.0,0.0,0.0,0,Clear sky,2.6,11.2,66,
2025-03-14T12:00,49.7,47.3,0.0,0.0,0.0,0.0,3,Overcast,2.9,11.6,66,
2025-03-14T13:00,52.1,50.6,0.0,0.0,0.0,0.0,0,Clear sky,3.1,12.3,65,
2025-03-14T14:00,54.1,53.5,0.0,0.0,0.0,0.0,3,Overcast,2.2,12.1,64,
2025-03-14T15:00,55.2,54.2,0.0,0.0,0.0,0.0,1,Mainly clear,2.3,10.3,65,
2025-03-14T16:00,55.3,52.4,0.0,0.0,0.0,0.0,3,Overcast,3.9,12.3,65,
2025-03-14T17:00,52.8,48.1,0.0,0.0,0.0,0.0,3,Overcast,6.5,16.8,67,
2025-03-14T18:00,48.7,44.0,0.0,0.0,0.0,0.0,3,Overcast,5.9,17.0,73,
2025-03-14T19:00,45.7,41.1,0.0,0.0,0.0,0.0,3,Overcast,5.0,14.1,80,
2025-03-14T20:00,43.8,39.6,0.0,0.0,0.0,0.0,3,Overcast,4.1,11.2,85,
2025-03-14T21:00,42.4,38.0,0.0,0.0,0.0,0.0,2,Partly cloudy,4.2,11.4,87,
2025-03-14T22:00,41.6,37.3,0.0,0.0,0.0,0.0,3,Overcast,4.1,8.9,90,
2025-03-14T23:00,40.9,36.6,0.0,0.0,0.0,0.0,3,Overcast,3.8,8.9,92,
2025-03-15T00:00,40.3,36.1,0.0,0.0,0.0,0.0,3,Overcast,3.6,8.1,93,
2025-03-15T01:00,39.7,35.6,0.0,0.0,0.0,0.0,3,Overcast,3.3,7.6,95,
2025-03-15T02:00,39.2,35.2,0.0,0.0,0.0,0.0,3,Overcast,2.9,6.7,96,
2025-03-15T03:00,39.7,35.7,0.0,0.0,0.0,0.0,3,Overcast,3.2,7.4,97,
2025-03-15T04:00,40.6,36.9,0.0,0.0,0.0,0.0,3,Overcast,3.0,6.7,97,
2025-03-15T05:00,40.8,36.9,0.0,0.0,0.0,0.0,3,Overcast,3.7,8.1,98,
2025-03-15T06:00,40.8,36.8,0.0,0.0,0.0,0.0,3,Overcast,4.1,8.9,98,
2025-03-15T07:00,40.8,36.9,0.0,0.0,0.0,0.0,3,Overcast,3.8,8.9,98,
2025-03-15T08:00,41.6,38.0,0.0,0.0,0.0,0.0,3,Overcast,3.3,8.1,96,
2025-03-15T09:00,42.2,36.9,0.0,0.0,0.0,0.0,3,Overcast,6.7,15.9,90,
2025-03-15T10:00,43.3,37.9,0.0,0.0,0.0,0.0,3,Overcast,7.3,17.4,88,
2025-03-15T11:00,44.1,38.5,0.0,0.0,0.0,0.0,3,Overcast,7.5,18.1,86,
2025-03-15T12:00,45.6,40.6,0.0,0.0,0.0,0.0,3,Overcast,6.5,17.9,83,
2025-03-15T13:00,47.4,43.0,0.0,0.0,0.0,0.0,3,Overcast,5.7,16.3,82,
2025-03-15T14:00,48.4,43.6,0.0,0.0,0.0,0.0,3,Overcast,7.0,17.7,81,
2025-03-15T15:00,48.9,44.4,0.0,0.0,0.0,0.0,3,Overcast,6.8,17.9,82,
2025-03-15T16:00,48.2,43.7,0.0,0.0,0.0,0.0,3,Overcast,7.0,17.2,85,
2025-03-15T17:00,47.6,43.1,0.0,0.0,0.0,0.0,3,Overcast,7.3,16.8,89,
2025-03-15T18:00,47.1,43.1,0.0,0.0,0.0,0.0,3,Overcast,6.5,17.7,92,
2025-03-15T19:00,46.4,43.3,0.004,0.004,0.0,0.0,51,Light drizzle,4.4,14.3,95,
2025-03-15T20:00,46.0,43.0,0.012,0.012,0.0,0.0,51,Light drizzle,4.2,9.8,97,
2025-03-15T21:00,44.8,40.7,0.004,0.004,0.0,0.0,51,Light drizzle,5.7,14.8,94,
2025-03-15T22:00,45.0,41.3,0.0,0.0,0.0,0.0,3,Overcast,5.1,12.5,96,
2025-03-15T23:00,45.6,42.4,0.0,0.0,0.0,0.0,3,Overcast,4.5,11.0,98,
2025-03-16T00:00,45.6,42.5,0.0,0.0,0.0,0.0,3,Overcast,4.5,9.8,99,
2025-03-16T01:00,46.0,43.3,0.0,0.0,0.0,0.0,3,Overcast,3.7,9.2,100,
2025-03-16T02:00,46.2,43.6,0.0,0.0,0.0,0.0,3,Overcast,3.9,7.8,100,
2025-03-16T03:00,47.1,44.2,0.0,0.0,0.0,0.0,3,Overcast,5.0,9.8,99,
2025-03-16T04:00,48.2,45.5,0.0,0.0,0.0,0.0,3,Overcast,5.3,10.7,100,
2025-03-16T05:00,49.7,47.0,0.0,0.0,0.0,0.0,3,Overcast,6.2,11.6,100,
2025-03-16T06:00,51.1,48.6,0.0,0.0,0.0,0.0,3,Overcast,6.6,13.2,100,
2025-03-16T07:00,51.8,49.3,0.0,0.0,0.0,0.0,3,Overcast,7.2,14.1,99,
2025-03-16T08:00,53.1,50.0,0.0,0.0,0.0,0.0,3,Overcast,9.2,17.7,99,
2025-03-16T09:00,53.7,50.5,0.0,0.0,0.0,0.0,3,Overcast,10.0,20.1,99,
2025-03-16T10:00,55.8,53.1,0.0,0.0,0.0,0.0,3,Overcast,9.8,20.1,96,
2025-03-16T11:00,57.0,54.7,0.0,0.0,0.0,0.0,3,Overcast,9.7,22.6,95,
2025-03-16T12:00,57.1,54.5,0.0,0.0,0.0,0.0,3,Overcast,10.0,22.8,93,
2025-03-16T13:00,56.9,54.7,0.0,0.0,0.0,0.0,3,Overcast,8.5,22.6,91,
2025-03-16T14:00,58.5,56.3,0.0,0.0,0.0,0.0,3,Overcast,8.6,19.9,87,
2025-03-16T15:00,58.4,56.2,0.0,0.0,0.0,0.0,3,Overcast,8.7,19.9,88,
2025-03-16T16:00,58.4,55.8,0.0,0.0,0.0,0.0,3,Overcast,9.9,21.0,88,
2025-03-16T17:00,57.7,51.6,0.0,0.0,0.0,0.0,3,Overcast,17.1,42.3,87,
2025-03-16T18:00,57.8,52.2,0.0,0.0,0.0,0.0,3,Overcast,15.9,40.9,85,
2025-03-16T19:00,58.6,53.8,0.0,0.0,0.0,0.0,3,Overcast,14.1,35.1,84,
2025-03-16T20:00,58.7,54.0,0.0,0.0,0.0,0.0,3,Overcast,14.1,32.4,84,
2025-03-16T21:00,60.0,56.4,0.008,0.008,0.0,0.0,51,Light drizzle,13.2,38.0,88,
2025-03-16T22:00,60.4,56.9,0.016,0.016,0.0,0.0,51,Light drizzle,13.5,38.0,89,
2025-03-16T23:00,60.2,56.2,0.004,0.004,0.0,0.0,51,Light drizzle,15.0,33.1,90,
2025-03-17T00:00,58.7,54.6,0.008,0.008,0.0,0.0,51,Light drizzle,14.8,32.9,92,
2025-03-17T01:00,58.4,55.4,0.055,0.055,0.0,0.0,61,Slight rain,12.1,32.4,94,
2025-03-17T02:00,57.9,55.5,0.126,0.126,0.0,0.0,63,Moderate rain,11.0,30.9,96,
2025-03-17T03:00,57.7,58.0,0.295,0.295,0.0,0.0,63,Moderate rain,4.3,26.2,97,
2025-03-17T04:00,56.8,57.6,0.307,0.307,0.0,0.0,65,Heavy rain,2.7,15.0,98,
2025-03-17T05:00,56.4,56.0,0.138,0.138,0.0,0.0,63,Moderate rain,5.1,6.5,97,
2025-03-17T06:00,56.2,55.4,0.024,0.024,0.0,0.0,53,Moderate drizzle,5.3,13.9,94,
2025-03-17T07:00,55.0,54.5,0.035,0.035,0.0,0.0,53,Moderate drizzle,3.7,9.4,95,
2025-03-17T08:00,54.1,53.3,0.051,0.051,0.0,0.0,61,Slight rain,4.1,8.1,96,
2025-03-17T09:00,55.3,54.6,0.004,0.004,0.0,0.0,51,Light drizzle,4.3,7.8,94,
2025-03-17T10:00,56.2,55.4,0.004,0.004,0.0,0.0,51,Light drizzle,5.1,9.8,94,
2025-03-17T11:00,57.5,56.0,0.0,0.0,0.0,0.0,3,Overcast,6.3,15.9,88,
2025-03-17T12:00,57.3,55.5,0.0,0.0,0.0,0.0,3,Overcast,6.1,15.9,84,
2025-03-17T13:00,57.3,52.5,0.0,0.0,0.0,0.0,3,Overcast,10.6,24.4,73,
2025-03-17T14:00,53.9,48.0,0.0,0.0,0.0,0.0,3,Overcast,10.5,25.5,70,
2025-03-17T15:00,54.2,47.9,0.0,0.0,0.0,0.0,3,Overcast,9.7,24.8,60,
2025-03-17T16:00,53.0,45.6,0.0,0.0,0.0,0.0,3,Overcast,10.8,25.3,57,
2025-03-17T17:00,50.8,42.7,0.0,0.0,0.0,0.0,3,Overcast,11.3,26.4,55,
2025-03-17T18:00,49.1,41.2,0.0,0.0,0.0,0.0,3,Overcast,10.3,26.4,55,
2025-03-17T19:00,46.0,37.5,0.0,0.0,0.0,0.0,2,Partly cloudy,11.1,25.5,58,
2025-03-17T20:00,43.4,35.0,0.0,0.0,0.0,0.0,1,Mainly clear,10.6,25.3,61,
2025-03-17T21:00,41.9,34.0,0.0,0.0,0.0,0.0,2,Partly cloudy,9.4,21.9,66,
2025-03-17T22:00,40.0,31.9,0.0,0.0,0.0,0.0,1,Mainly clear,9.5,21.9,67,
2025-03-17T23:00,38.1,29.3,0.0,0.0,0.0,0.0,1,Mainly clear,10.7,23.9,68,
2025-03-18T00:00,36.9,27.8,0.0,0.0,0.0,0.0,0,Clear sky,11.0,25.3,69,
2025-03-18T01:00,36.1,27.0,0.0,0.0,0.0,0.0,2,Partly cloudy,10.7,24.4,67,
2025-03-18T02:00,35.4,25.8,0.0,0.0,0.0,0.0,0,Clear sky,11.5,26.2,64,
2025-03-18T03:00,35.0,25.2,0.0,0.0,0.0,0.0,0,Clear sky,11.3,25.9,63,
2025-03-18T04:00,34.7,25.4,0.0,0.0,0.0,0.0,0,Clear sky,10.2,25.3,62,
2025-03-18T05:00,34.3,24.7,0.0,0.0,0.0,0.0,3,Overcast,10.6,23.7,62,
2025-03-18T06:00,33.8,24.0,0.0,0.0,0.0,0.0,0,Clear sky,11.2,25.1,62,
2025-03-18T07:00,33.4,24.0,0.0,0.0,0.0,0.0,0,Clear sky,10.1,24.8,63,
2025-03-18T08:00,34.1,25.2,0.0,0.0,0.0,0.0,0,Clear sky,8.8,22.4,61,
2025-03-18T09:00,37.5,29.0,0.0,0.0,0.0,0.0,0,Clear sky,8.6,20.8,57,
2025-03-18T10:00,40.6,31.8,0.0,0.0,0.0,0.0,0,Clear sky,9.4,23.0,53,
2025-03-18T11:00,44.2,35.7,0.0,0.0,0.0,0.0,0,Clear sky,9.9,25.1,47,
2025-03-18T12:00,47.7,41.4,0.0,0.0,0.0,0.0,0,Clear sky,8.2,24.6,43,
2025-03-18T13:00,51.2,45.9,0.0,0.0,0.0,0.0,0,Clear sky,7.8,21.5,39,
2025-03-18T14:00,53.6,48.7,0.0,0.0,0.0,0.0,0,Clear sky,6.3,20.8,36,
2025-03-18T15:00,55.6,51.7,0.0,0.0,0.0,0.0,0,Clear sky,4.0,17.0,36,
2025-03-18T16:00,56.8,52.4,0.0,0.0,0.0,0.0,0,Clear sky,2.5,12.8,35,
2025-03-18T17:00,57.4,52.0,0.0,0.0,0.0,0.0,0,Clear sky,2.6,9.2,34,
2025-03-18T18:00,56.7,53.3,0.0,0.0,0.0,0.0,0,Clear sky,1.2,7.6,49,
2025-03-18T19:00,53.3,49.6,0.0,0.0,0.0,0.0,0,Clear sky,0.2,2.2,46,
2025-03-18T20:00,50.5,46.4,0.0,0.0,0.0,0.0,0,Clear sky,1.3,1.8,51,
2025-03-18T21:00,49.5,45.3,0.0,0.0,0.0,0.0,0,Clear sky,1.6,6.3,56,
2025-03-18T22:00,48.7,44.8,0.0,0.0,0.0,0.0,0,Clear sky,0.6,2.0,55,
2025-03-18T23:00,46.7,42.5,0.0,0.0,0.0,0.0,0,Clear sky,1.5,3.1,60,
2025-03-19T00:00,44.3,40.0,0.0,0.0,0.0,0.0,0,Clear sky,2.0,3.4,68,
2025-03-19T01:00,42.2,37.6,0.0,0.0,0.0,0.0,0,Clear sky,2.8,5.1,75,
2025-03-19T02:00,40.8,36.6,0.0,0.0,0.0,0.0,0,Clear sky,1.7,5.1,77,
2025-03-19T03:00,39.4,34.8,0.0,0.0,0.0,0.0,0,Clear sky,2.5,4.7,80,
2025-03-19T04:00,38.8,34.1,0.0,0.0,0.0,0.0,0,Clear sky,2.3,4.7,80,
2025-03-19T05:00,38.1,33.3,0.0,0.0,0.0,0.0,0,Clear sky,2.6,4.9,81,
2025-03-19T06:00,37.4,32.8,0.0,0.0,0.0,0.0,0,Clear sky,2.0,5.1,82,
2025-03-19T07:00,37.0,32.7,0.0,0.0,0.0,0.0,0,Clear sky,1.1,3.6,84,
2025-03-19T08:00,39.2,35.6,0.0,0.0,0.0,0.0,1,Mainly clear,0.2,2.0,82,
2025-03-19T09:00,41.8,38.1,0.0,0.0,0.0,0.0,0,Clear sky,1.2,6.0,78,
2025-03-19T10:00,46.8,43.2,0.0,0.0,0.0,0.0,0,Clear sky,1.5,7.8,69,
2025-03-19T11:00,51.0,47.6,0.0,0.0,0.0,0.0,0,Clear sky,2.4,10.1,60,
2025-03-19T12:00,54.5,52.2,0.0,0.0,0.0,0.0,0,Clear sky,3.2,11.9,54,
2025-03-19T13:00,57.1,55.2,0.0,0.0,0.0,0.0,0,Clear sky,4.0,13.2,49,
2025-03-19T14:00,58.5,55.9,0.0,0.0,0.0,0.0,0,Clear sky,4.9,15.0,45,
2025-03-19T15:00,58.4,54.6,0.0,0.0,0.0,0.0,1,Mainly clear,5.5,15.9,42,
2025-03-19T16:00,57.4,51.8,0.0,0.0,0.0,0.0,3,Overcast,6.0,16.3,40,
2025-03-19T17:00,55.5,49.2,0.0,0.0,0.0,0.0,3,Overcast,5.9,16.1,41,
2025-03-19T18:00,52.3,46.6,0.0,0.0,0.0,0.0,3,Overcast,5.2,15.0,49,
2025-03-19T19:00,48.3,42.4,0.0,0.0,0.0,0.0,3,Overcast,5.9,13.4,60,
2025-03-19T20:00,45.5,40.6,0.0,0.0,0.0,0.0,3,Overcast,4.5,13.2,72,
2025-03-19T21:00,46.6,41.5,0.0,0.0,0.0,0.0,3,Overcast,5.1,11.9,69,
2025-03-19T22:00,45.9,40.8,0.0,0.0,0.0,0.0,3,Overcast,5.5,11.6,75,
2025-03-19T23:00,44.6,39.4,0.0,0.0,0.0,0.0,3,Overcast,6.2,13.4,82,
2025-03-20T00:00,43.2,38.5,0.0,0.0,0.0,0.0,3,Overcast,5.4,13.2,88,
2025-03-20T01:00,42.0,37.7,0.0,0.0,0.0,0.0,3,Overcast,4.8,11.4,95,
2025-03-20T02:00,42.2,38.3,0.0,0.0,0.0,0.0,3,Overcast,4.1,11.0,97,
2025-03-20T03:00,42.8,39.3,0.0,0.0,0.0,0.0,3,Overcast,3.6,8.5,98,
2025-03-20T04:00,43.4,40.2,0.0,0.0,0.0,0.0,3,Overcast,3.3,7.8,97,
2025-03-20T05:00,43.7,40.0,0.0,0.0,0.0,0.0,3,Overcast,4.6,8.9,97,
2025-03-20T06:00,43.8,40.4,0.0,0.0,0.0,0.0,3,Overcast,4.0,9.8,97,
2025-03-20T07:00,43.8,40.1,0.0,0.0,0.0,0.0,3,Overcast,4.6,10.5,97,
2025-03-20T08:00,44.1,39.7,0.0,0.0,0.0,0.0,3,Overcast,6.1,13.2,96,
2025-03-20T09:00,44.5,39.5,0.0,0.0,0.0,0.0,3,Overcast,7.3,16.6,92,
2025-03-20T10:00,46.3,41.4,0.0,0.0,0.0,0.0,3,Overcast,7.8,18.3,90,
2025-03-20T11:00,48.5,43.3,0.0,0.0,0.0,0.0,3,Overcast,9.2,21.5,88,
2025-03-20T12:00,49.6,44.7,0.0,0.0,0.0,0.0,3,Overcast,9.2,21.9,87,
2025-03-20T13:00,50.4,45.2,0.0,0.0,0.0,0.0,3,Overcast,10.3,24.6,87,
2025-03-20T14:00,50.5,45.7,0.0,0.0,0.0,0.0,3,Overcast,9.5,24.8,89,
2025-03-20T15:00,49.8,44.8,0.0,0.0,0.0,0.0,3,Overcast,10.0,23.7,90,
2025-03-20T16:00,48.7,43.6,0.0,0.0,0.0,0.0,3,Overcast,10.0,24.2,93,
2025-03-20T17:00,47.8,42.9,0.0,0.0,0.0,0.0,3,Overcast,9.3,23.7,95,
2025-03-20T18:00,47.7,42.9,0.0,0.0,0.0,0.0,3,Overcast,8.9,21.5,94,
2025-03-20T19:00,46.8,42.7,0.0,0.0,0.0,0.0,3,Overcast,7.0,20.4,96,
2025-03-20T20:00,46.2,42.7,0.012,0.012,0.0,0.0,51,Light drizzle,5.5,13.9,97,
2025-03-20T21:00,47.8,45.9,0.004,0.004,0.0,0.0,51,Light drizzle,2.8,11.4,98,
2025-03-20T22:00,47.8,45.6,0.134,0.134,0.0,0.0,63,Moderate rain,3.7,8.9,98,
2025-03-20T23:00,48.2,45.7,0.272,0.272,0.0,0.0,63,Moderate rain,4.3,7.6,97,
2025-03-21T00:00,48.2,44.9,0.169,0.169,0.0,0.0,63,Moderate rain,6.1,12.8,96,
2025-03-21T01:00,48.3,44.1,0.059,0.059,0.0,0.0,61,Slight rain,7.3,14.3,91,
2025-03-21T02:00,47.3,41.4,0.043,0.043,0.0,0.0,55,Dense drizzle,10.7,21.9,91,
2025-03-21T03:00,47.2,40.1,0.028,0.028,0.0,0.0,53,Moderate drizzle,13.2,25.9,89,
2025-03-21T04:00,43.6,35.5,0.016,0.016,0.0,0.0,51,Light drizzle,13.3,29.5,85,
2025-03-21T05:00,40.4,30.7,0.004,0.004,0.0,0.0,51,Light drizzle,14.9,33.3,80,
2025-03-21T06:00,37.5,27.6,0.0,0.0,0.0,0.0,2,Partly cloudy,13.6,33.8,74,
2025-03-21T07:00,36.7,26.3,0.0,0.0,0.0,0.0,1,Mainly clear,13.8,30.9,68,
2025-03-21T08:00,36.5,25.6,0.0,0.0,0.0,0.0,0,Clear sky,14.5,32.9,63,
2025-03-21T09:00,39.1,28.1,0.0,0.0,0.0,0.0,0,Clear sky,15.0,34.9,59,
2025-03-21T10:00,39.3,27.7,0.0,0.0,0.0,0.0,0,Clear sky,15.8,37.4,54,
2025-03-21T11:00,40.4,28.9,0.0,0.0,0.0,0.0,0,Clear sky,15.8,37.8,49,
2025-03-21T12:00,42.5,32.4,0.0,0.0,0.0,0.0,0,Clear sky,15.6,38.0,42,
2025-03-21T13:00,44.4,34.5,0.0,0.0,0.0,0.0,0,Clear sky,16.0,38.3,37,
2025-03-21T14:00,46.3,36.8,0.0,0.0,0.0,0.0,0,Clear sky,15.1,38.0,32,
2025-03-21T15:00,47.8,38.1,0.0,0.0,0.0,0.0,0,Clear sky,14.3,36.2,30,
2025-03-21T16:00,48.3,37.9,0.0,0.0,0.0,0.0,0,Clear sky,13.8,34.0,31,
2025-03-21T17:00,48.6,37.3,0.0,0.0,0.0,0.0,0,Clear sky,13.7,32.7,30,
2025-03-21T18:00,47.5,37.4,0.0,0.0,0.0,0.0,0,Clear sky,11.1,31.3,33,
2025-03-21T19:00,45.3,36.0,0.0,0.0,0.0,0.0,0,Clear sky,9.6,25.3,37,
2025-03-21T20:00,43.7,34.9,0.0,0.0,0.0,0.0,0,Clear sky,8.7,21.3,41,
2025-03-21T21:00,43.9,35.5,0.0,0.0,0.0,0.0,0,Clear sky,7.8,19.9,41,
2025-03-21T22:00,42.6,35.0,0.0,0.0,0.0,0.0,0,Clear sky,6.2,17.0,45,
2025-03-21T23:00,40.4,34.1,0.0,0.0,0.0,0.0,0,Clear sky,3.7,13.2,55,
2025-03-22T00:00,38.8,33.2,0.0,0.0,0.0,0.0,0,Clear sky,2.4,7.6,62,
2025-03-22T01:00,37.6,32.0,0.0,0.0,0.0,0.0,0,Clear sky,2.5,4.5,66,
2025-03-22T02:00,36.6,31.1,0.0,0.0,0.0,0.0,0,Clear sky,2.6,5.1,70,
2025-03-22T03:00,37.2,30.7,0.0,0.0,0.0,0.0,0,Clear sky,4.7,9.8,67,
2025-03-22T04:00,37.0,30.5,0.0,0.0,0.0,0.0,2,Partly cloudy,4.7,10.3,69,
2025-03-22T05:00,36.7,30.4,0.0,0.0,0.0,0.0,3,Overcast,4.3,9.6,70,
2025-03-22T06:00,37.0,30.6,0.0,0.0,0.0,0.0,3,Overcast,4.6,9.6,70,
2025-03-22T07:00,37.1,30.7,0.0,0.0,0.0,0.0,3,Overcast,4.8,9.8,70,
2025-03-22T08:00,38.8,32.1,0.0,0.0,0.0,0.0,3,Overcast,5.8,12.1,68,
2025-03-22T09:00,42.4,36.0,0.0,0.0,0.0,0.0,3,Overcast,5.7,13.0,64,
2025-03-22T10:00,46.0,40.8,0.0,0.0,0.0,0.0,3,Overcast,4.0,12.8,62,
2025-03-22T11:00,50.5,45.4,0.0,0.0,0.0,0.0,3,Overcast,4.7,13.2,58,
2025-03-22T12:00,55.0,50.5,0.0,0.0,0.0,0.0,3,Overcast,6.3,17.2,48,
2025-03-22T13:00,58.2,53.8,0.0,0.0,0.0,0.0,1,Mainly clear,6.5,17.4,43,
2025-03-22T14:00,60.6,53.6,0.0,0.0,0.0,0.0,3,Overcast,12.2,27.1,32,
2025-03-22T15:00,58.4,49.3,0.0,0.0,0.0,0.0,3,Overcast,12.9,31.8,39,
2025-03-22T16:00,57.1,48.1,0.004,0.004,0.0,0.0,51,Light drizzle,13.2,30.6,42,
2025-03-22T17:00,56.6,48.7,0.0,0.0,0.0,0.0,1,Mainly clear,11.2,30.6,46,
2025-03-22T18:00,56.9,49.8,0.0,0.0,0.0,0.0,1,Mainly clear,9.2,25.1,44,
2025-03-22T19:00,54.2,45.6,0.0,0.0,0.0,0.0,2,Partly cloudy,12.9,26.6,50,
2025-03-22T20:00,48.8,41.9,0.0,0.0,0.0,0.0,0,Clear sky,9.9,30.9,66,
2025-03-22T21:00,48.4,41.0,0.0,0.0,0.0,0.0,0,Clear sky,10.2,26.8,63,
2025-03-22T22:00,45.6,36.1,0.0,0.0,0.0,0.0,0,Clear sky,13.4,29.5,59,
2025-03-22T23:00,42.4,32.2,0.0,0.0,0.0,0.0,0,Clear sky,12.5,32.0,49,
2025-03-23T00:00,39.7,30.6,0.0,0.0,0.0,0.0,0,Clear sky,10.3,28.0,58,
2025-03-23T01:00,36.3,27.0,0.0,0.0,0.0,0.0,0,Clear sky,10.7,24.6,62,
2025-03-23T02:00,33.1,23.3,0.0,0.0,0.0,0.0,0,Clear sky,10.6,24.4,59,
2025-03-23T03:00,30.6,20.1,0.0,0.0,0.0,0.0,0,Clear sky,11.3,26.4,55,
2025-03-23T04:00,28.9,19.0,0.0,0.0,0.0,0.0,0,Clear sky,9.8,26.2,58,
2025-03-23T05:00,28.1,17.9,0.0,0.0,0.0,0.0,0,Clear sky,10.5,23.7,57,
2025-03-23T06:00,27.8,17.5,0.0,0.0,0.0,0.0,0,Clear sky,10.4,24.6,55,
2025-03-23T07:00,27.6,18.1,0.0,0.0,0.0,0.0,0,Clear sky,8.5,23.0,57,
2025-03-23T08:00,28.9,20.1,0.0,0.0,0.0,0.0,0,Clear sky,7.1,19.2,57,
2025-03-23T09:00,32.9,23.4,0.0,0.0,0.0,0.0,0,Clear sky,8.9,21.9,50,
2025-03-23T10:00,35.2,25.8,0.0,0.0,0.0,0.0,0,Clear sky,8.7,22.1,46,
2025-03-23T11:00,37.5,29.4,0.0,0.0,0.0,0.0,0,Clear sky,7.6,22.1,41,
2025-03-23T12:00,39.8,33.6,0.0,0.0,0.0,0.0,0,Clear sky,6.6,20.6,39,
2025-03-23T13:00,41.8,37.0,0.0,0.0,0.0,0.0,1,Mainly clear,5.4,18.8,37,
2025-03-23T14:00,43.7,39.7,0.0,0.0,0.0,0.0,3,Overcast,4.0,16.8,37,
2025-03-23T15:00,45.1,40.9,0.0,0.0,0.0,0.0,3,Overcast,2.9,13.9,37,
2025-03-23T16:00,46.0,40.7,0.0,0.0,0.0,0.0,3,Overcast,2.1,11.6,36,
2025-03-23T17:00,46.5,40.2,0.0,0.0,0.0,0.0,3,Overcast,2.6,9.6,36,
2025-03-23T18:00,46.0,39.4,0.0,0.0,0.0,0.0,3,Overcast,3.5,9.2,39,
2025-03-23T19:00,44.0,37.2,0.0,0.0,0.0,0.0,3,Overcast,5.1,10.5,50,
2025-03-23T20:00,40.3,33.1,0.0,0.0,0.0,0.0,3,Overcast,6.8,15.7,62,
2025-03-23T21:00,39.5,32.7,0.0,0.0,0.0,0.0,3,Overcast,5.6,13.9,63,
2025-03-23T22:00,39.4,32.9,0.0,0.0,0.0,0.0,3,Overcast,5.1,12.5,65,
2025-03-23T23:00,39.6,33.0,0.0,0.0,0.0,0.0,3,Overcast,6.2,12.8,71,
2025-03-24T00:00,39.1,32.6,0.0,0.0,0.0,0.0,3,Overcast,6.4,14.8,76,
2025-03-24T01:00,39.7,33.2,0.0,0.0,0.0,0.0,3,Overcast,6.3,13.6,73,
2025-03-24T02:00,40.1,33.4,0.0,0.0,0.0,0.0,3,Overcast,7.0,15.2,75,
2025-03-24T03:00,40.1,33.5,0.004,0.004,0.0,0.0,51,Light drizzle,7.2,15.7,77,
2025-03-24T04:00,39.7,32.3,0.024,0.024,0.0,0.0,53,Moderate drizzle,8.8,18.3,77,
2025-03-24T05:00,39.5,32.5,0.0,0.0,0.0,0.0,3,Overcast,8.2,18.3,81,
2025-03-24T06:00,39.4,32.1,0.004,0.004,0.0,0.0,51,Light drizzle,8.7,19.2,79,
2025-03-24T07:00,39.8,32.4,0.02,0.02,0.0,0.0,53,Moderate drizzle,8.9,19.7,77,
2025-03-24T08:00,40.0,32.7,0.035,0.035,0.0,0.0,53,Moderate drizzle,9.6,19.5,84,
2025-03-24T09:00,40.1,34.8,0.016,0.016,0.0,0.0,51,Light drizzle,5.1,18.6,85,
2025-03-24T10:00,42.6,36.9,0.031,0.031,0.0,0.0,53,Moderate drizzle,7.2,16.8,86,
2025-03-24T11:00,44.6,39.7,0.059,0.059,0.0,0.0,61,Slight rain,7.3,15.4,93,
2025-03-24T12:00,47.5,43.6,0.051,0.051,0.0,0.0,61,Slight rain,6.8,16.1,95,
2025-03-24T13:00,50.0,46.7,0.02,0.02,0.0,0.0,53,Moderate drizzle,6.2,15.9,91,
2025-03-24T14:00,50.0,47.1,0.043,0.043,0.0,0.0,55,Dense drizzle,6.2,14.5,96,
2025-03-24T15:00,49.5,48.5,0.11,0.11,0.0,0.0,63,Moderate rain,1.4,13.2,97,
2025-03-24T16:00,49.6,48.0,0.063,0.063,0.0,0.0,61,Slight rain,3.0,6.3,97,
2025-03-24T17:00,49.8,47.0,0.031,0.031,0.0,0.0,53,Moderate drizzle,5.9,11.4,97,
2025-03-24T18:00,50.7,47.9,0.0,0.0,0.0,0.0,3,Overcast,6.4,13.4,95,
2025-03-24T19:00,50.0,47.4,0.0,0.0,0.0,0.0,1,Mainly clear,5.5,12.8,95,
2025-03-24T20:00,48.2,45.1,0.0,0.0,0.0,0.0,0,Clear sky,5.7,10.7,96,
2025-03-24T21:00,45.4,41.9,0.0,0.0,0.0,0.0,0,Clear sky,5.1,9.2,98,
2025-03-24T22:00,44.8,40.7,0.0,0.0,0.0,0.0,0,Clear sky,6.0,11.4,97,
2025-03-24T23:00,43.9,39.9,0.0,0.0,0.0,0.0,3,Overcast,5.3,11.4,97,
2025-03-25T00:00,43.7,39.2,0.0,0.0,0.0,0.0,3,Overcast,6.5,12.1,97,
2025-03-25T01:00,43.9,39.1,0.0,0.0,0.0,0.0,3,Overcast,7.2,14.1,97,
2025-03-25T02:00,43.9,38.9,0.0,0.0,0.0,0.0,3,Overcast,7.0,14.1,92,
2025-03-25T03:00,43.4,38.0,0.0,0.0,0.0,0.0,3,Overcast,6.6,13.2,83,
2025-03-25T04:00,42.8,37.6,0.0,0.0,0.0,0.0,3,Overcast,5.1,12.3,79,
2025-03-25T05:00,42.5,36.4,0.0,0.0,0.0,0.0,3,Overcast,6.4,11.9,73,
2025-03-25T06:00,42.1,35.5,0.0,0.0,0.0,0.0,2,Partly cloudy,6.7,13.9,69,
2025-03-25T07:00,40.7,34.3,0.0,0.0,0.0,0.0,2,Partly cloudy,6.0,13.9,69,
2025-03-25T08:00,41.9,35.0,0.0,0.0,0.0,0.0,3,Overcast,7.1,15.2,67,
2025-03-25T09:00,46.8,41.0,0.0,0.0,0.0,0.0,3,Overcast,5.7,12.8,64,
2025-03-25T10:00,49.8,41.2,0.0,0.0,0.0,0.0,3,Overcast,10.9,22.8,47,
2025-03-25T11:00,51.2,41.6,0.0,0.0,0.0,0.0,0,Clear sky,12.9,31.3,39,
2025-03-25T12:00,52.7,44.1,0.0,0.0,0.0,0.0,0,Clear sky,13.4,31.5,35,
2025-03-25T13:00,54.4,46.9,0.0,0.0,0.0,0.0,0,Clear sky,12.5,32.2,34,
2025-03-25T14:00,56.5,47.4,0.0,0.0,0.0,0.0,2,Partly cloudy,15.3,34.9,28,
2025-03-25T15:00,55.8,46.3,0.0,0.0,0.0,0.0,1,Mainly clear,13.1,35.8,31,
2025-03-25T16:00,57.4,48.0,0.0,0.0,0.0,0.0,3,Overcast,12.4,30.6,26,
2025-03-25T17:00,57.1,48.0,0.0,0.0,0.0,0.0,1,Mainly clear,10.0,31.1,28,
2025-03-25T18:00,55.3,47.5,0.0,0.0,0.0,0.0,0,Clear sky,7.8,23.7,34,
2025-03-25T19:00,50.6,45.4,0.0,0.0,0.0,0.0,1,Mainly clear,3.5,17.2,49,
2025-03-25T20:00,48.7,42.9,0.0,0.0,0.0,0.0,3,Overcast,3.9,7.8,48,
2025-03-25T21:00,47.7,42.2,0.0,0.0,0.0,0.0,2,Partly cloudy,3.5,7.8,53,
2025-03-25T22:00,47.8,43.5,0.0,0.0,0.0,0.0,3,Overcast,1.3,6.7,54,
2025-03-25T23:00,46.0,40.7,0.0,0.0,0.0,0.0,3,Overcast,3.7,7.2,59,
2025-03-26T00:00,45.9,40.5,0.0,0.0,0.0,0.0,3,Overcast,3.9,8.1,61,
2025-03-26T01:00,44.1,37.3,0.0,0.0,0.0,0.0,3,Overcast,6.2,15.0,57,
2025-03-26T02:00,42.2,34.9,0.0,0.0,0.0,0.0,3,Overcast,7.2,15.4,60,
2025-03-26T03:00,40.7,33.6,0.0,0.0,0.0,0.0,2,Partly cloudy,6.7,16.3,62,
2025-03-26T04:00,39.1,32.5,0.0,0.0,0.0,0.0,2,Partly cloudy,5.3,14.3,65,
2025-03-26T05:00,37.1,30.5,0.0,0.0,0.0,0.0,3,Overcast,5.4,11.6,70,
2025-03-26T06:00,36.3,29.9,0.0,0.0,0.0,0.0,3,Overcast,4.9,12.1,73,
2025-03-26T07:00,35.5,29.7,0.0,0.0,0.0,0.0,1,Mainly clear,3.6,10.7,76,
2025-03-26T08:00,37.0,31.6,0.0,0.0,0.0,0.0,3,Overcast,2.9,7.8,75,
2025-03-26T09:00,41.9,37.2,0.0,0.0,0.0,0.0,3,Overcast,1.7,7.2,64,
2025-03-26T10:00,43.9,38.6,0.0,0.0,0.0,0.0,3,Overcast,2.3,8.9,55,
2025-03-26T11:00,44.4,39.1,0.0,0.0,0.0,0.0,3,Overcast,1.9,8.7,50,
2025-03-26T12:00,46.5,40.4,0.0,0.0,0.0,0.0,3,Overcast,3.6,11.6,46,
2025-03-26T13:00,48.2,41.0,0.0,0.0,0.0,0.0,3,Overcast,7.1,19.7,41,
2025-03-26T14:00,47.7,39.9,0.0,0.0,0.0,0.0,1,Mainly clear,7.7,21.5,45,
2025-03-26T15:00,49.7,43.0,0.0,0.0,0.0,0.0,1,Mainly clear,7.8,21.9,44,
2025-03-26T16:00,48.3,39.3,0.0,0.0,0.0,0.0,3,Overcast,10.9,27.5,40,
2025-03-26T17:00,44.2,36.0,0.004,0.004,0.0,0.0,51,Light drizzle,9.7,26.4,57,
2025-03-26T18:00,44.7,36.3,0.0,0.0,0.0,0.0,1,Mainly clear,9.1,22.8,49,
2025-03-26T19:00,43.5,35.3,0.0,0.0,0.0,0.0,1,Mainly clear,8.4,20.8,50,
2025-03-26T20:00,41.5,33.2,0.0,0.0,0.0,0.0,0,Clear sky,8.6,20.1,53,
2025-03-26T21:00,40.2,32.2,0.0,0.0,0.0,0.0,0,Clear sky,7.8,21.5,55,
2025-03-26T22:00,38.8,31.2,0.0,0.0,0.0,0.0,0,Clear sky,6.8,17.4,59,
2025-03-26T23:00,37.3,29.8,0.0,0.0,0.0,0.0,0,Clear sky,6.6,15.2,61,
2025-03-27T00:00,35.9,28.4,0.0,0.0,0.0,0.0,0,Clear sky,6.3,14.3,65,
2025-03-27T01:00,34.8,27.3,0.0,0.0,0.0,0.0,0,Clear sky,6.4,14.5,66,
2025-03-27T02:00,33.8,26.4,0.0,0.0,0.0,0.0,0,Clear sky,6.1,14.3,69,
2025-03-27T03:00,33.0,25.3,0.0,0.0,0.0,0.0,0,Clear sky,6.7,14.8,70,
2025-03-27T04:00,32.6,25.0,0.0,0.0,0.0,0.0,0,Clear sky,6.4,14.8,70,
2025-03-27T05:00,32.3,24.9,0.0,0.0,0.0,0.0,0,Clear sky,5.7,14.1,69,
2025-03-27T06:00,31.8,24.7,0.0,0.0,0.0,0.0,0,Clear sky,5.1,12.8,71,
2025-03-27T07:00,31.3,24.3,0.0,0.0,0.0,0.0,0,Clear sky,4.9,11.0,75,
2025-03-27T08:00,32.9,26.0,0.0,0.0,0.0,0.0,0,Clear sky,5.1,11.4,74,
2025-03-27T09:00,36.6,28.2,0.0,0.0,0.0,0.0,0,Clear sky,7.4,18.1,53,
2025-03-27T10:00,38.9,29.6,0.0,0.0,0.0,0.0,0,Clear sky,8.9,22.4,41,
2025-03-27T11:00,40.9,32.4,0.0,0.0,0.0,0.0,0,Clear sky,9.0,23.3,37,
2025-03-27T12:00,43.2,35.9,0.0,0.0,0.0,0.0,0,Clear sky,9.2,24.2,36,
2025-03-27T13:00,45.5,38.7,0.0,0.0,0.0,0.0,0,Clear sky,9.7,24.8,34,
2025-03-27T14:00,47.2,40.5,0.0,0.0,0.0,0.0,0,Clear sky,9.7,25.5,33,
2025-03-27T15:00,48.6,41.2,0.0,0.0,0.0,0.0,0,Clear sky,9.2,24.8,30,
2025-03-27T16:00,49.4,41.4,0.0,0.0,0.0,0.0,0,Clear sky,8.6,23.3,30,
2025-03-27T17:00,49.5,40.3,0.0,0.0,0.0,0.0,0,Clear sky,8.7,21.5,29,
2025-03-27T18:00,48.9,40.6,0.0,0.0,0.0,0.0,0,Clear sky,6.9,21.0,31,
2025-03-27T19:00,45.6,39.5,0.0,0.0,0.0,0.0,0,Clear sky,3.4,15.7,46,
2025-03-27T20:00,42.3,36.8,0.0,0.0,0.0,0.0,0,Clear sky,2.8,6.9,59,
2025-03-27T21:00,43.0,36.9,0.0,0.0,0.0,0.0,0,Clear sky,3.7,8.7,52,
2025-03-27T22:00,41.9,35.7,0.0,0.0,0.0,0.0,0,Clear sky,3.8,7.6,54,
2025-03-27T23:00,41.3,34.2,0.0,0.0,0.0,0.0,0,Clear sky,5.5,10.7,52,
2025-03-28T00:00,40.7,32.7,0.0,0.0,0.0,0.0,0,Clear sky,7.5,15.4,52,
2025-03-28T01:00,40.2,32.1,0.0,0.0,0.0,0.0,2,Partly cloudy,7.7,15.9,52,
2025-03-28T02:00,39.9,31.7,0.0,0.0,0.0,0.0,3,Overcast,7.8,17.2,53,
2025-03-28T03:00,41.0,32.8,0.0,0.0,0.0,0.0,2,Partly cloudy,8.4,17.7,54,
2025-03-28T04:00,41.1,33.2,0.0,0.0,0.0,0.0,1,Mainly clear,7.8,17.9,56,
2025-03-28T05:00,40.2,33.1,0.0,0.0,0.0,0.0,3,Overcast,6.2,16.6,60,
2025-03-28T06:00,39.9,32.9,0.0,0.0,0.0,0.0,2,Partly cloudy,6.3,12.8,63,
2025-03-28T07:00,40.1,33.4,0.0,0.0,0.0,0.0,3,Overcast,6.1,12.8,66,
2025-03-28T08:00,42.0,35.4,0.0,0.0,0.0,0.0,3,Overcast,6.3,12.8,65,
2025-03-28T09:00,46.7,41.2,0.0,0.0,0.0,0.0,3,Overcast,4.7,11.9,61,
2025-03-28T10:00,51.3,46.5,0.0,0.0,0.0,0.0,2,Partly cloudy,3.3,10.5,53,
2025-03-28T11:00,54.6,50.4,0.0,0.0,0.0,0.0,1,Mainly clear,3.8,12.3,46,
2025-03-28T12:00,56.8,53.8,0.0,0.0,0.0,0.0,3,Overcast,4.4,13.9,44,
2025-03-28T13:00,58.2,54.0,0.0,0.0,0.0,0.0,3,Overcast,5.1,14.8,44,
2025-03-28T14:00,58.8,53.2,0.0,0.0,0.0,0.0,3,Overcast,6.3,16.1,44,
2025-03-28T15:00,59.2,53.6,0.0,0.0,0.0,0.0,3,Overcast,6.5,16.3,45,
2025-03-28T16:00,59.6,54.1,0.0,0.0,0.0,0.0,3,Overcast,6.3,16.3,44,
2025-03-28T17:00,59.3,54.4,0.0,0.0,0.0,0.0,3,Overcast,5.1,15.2,46,
2025-03-28T18:00,58.3,54.1,0.0,0.0,0.0,0.0,3,Overcast,4.3,12.8,51,
2025-03-28T19:00,54.6,50.6,0.0,0.0,0.0,0.0,3,Overcast,5.0,10.7,63,
2025-03-28T20:00,51.6,48.7,0.0,0.0,0.0,0.0,3,Overcast,3.6,11.0,76,
2025-03-28T21:00,54.3,50.4,0.004,0.004,0.0,0.0,51,Light drizzle,4.8,11.6,64,
2025-03-28T22:00,52.7,50.1,0.012,0.012,0.0,0.0,51,Light drizzle,2.0,9.8,69,
2025-03-28T23:00,52.2,48.9,0.0,0.0,0.0,0.0,2,Partly cloudy,4.2,7.8,74,
2025-03-29T00:00,51.1,47.9,0.0,0.0,0.0,0.0,3,Overcast,3.8,7.8,76,
2025-03-29T01:00,51.4,47.8,0.0,0.0,0.0,0.0,3,Overcast,4.8,10.1,74,
2025-03-29T02:00,51.8,49.0,0.012,0.012,0.0,0.0,51,Light drizzle,3.5,9.4,77,
2025-03-29T03:00,52.1,48.5,0.0,0.0,0.0,0.0,0,Clear sky,6.0,11.0,80,
2025-03-29T04:00,51.0,47.3,0.0,0.0,0.0,0.0,3,Overcast,6.2,11.9,83,
2025-03-29T05:00,51.8,47.6,0.0,0.0,0.0,0.0,3,Overcast,8.1,15.7,83,
2025-03-29T06:00,52.7,48.2,0.0,0.0,0.0,0.0,3,Overcast,9.1,18.3,83,
2025-03-29T07:00,54.1,49.1,0.0,0.0,0.0,0.0,0,Clear sky,10.3,21.3,79,
2025-03-29T08:00,56.6,51.8,0.0,0.0,0.0,0.0,0,Clear sky,10.3,22.1,74,
2025-03-29T09:00,60.4,55.7,0.0,0.0,0.0,0.0,0,Clear sky,9.9,21.7,64,
2025-03-29T10:00,64.8,61.8,0.0,0.0,0.0,0.0,0,Clear sky,8.0,21.7,62,
2025-03-29T11:00,69.1,67.4,0.0,0.0,0.0,0.0,1,Mainly clear,7.8,18.8,58,
2025-03-29T12:00,73.0,72.6,0.0,0.0,0.0,0.0,3,Overcast,8.9,21.5,53,
2025-03-29T13:00,75.9,73.6,0.0,0.0,0.0,0.0,3,Overcast,11.6,26.2,45,
2025-03-29T14:00,78.4,74.4,0.0,0.0,0.0,0.0,3,Overcast,14.0,30.6,38,
2025-03-29T15:00,78.3,74.7,0.0,0.0,0.0,0.0,3,Overcast,11.0,31.8,41,
2025-03-29T16:00,73.0,73.1,0.008,0.008,0.0,0.0,51,Light drizzle,6.1,27.1,60,
2025-03-29T17:00,74.5,74.5,0.0,0.0,0.0,0.0,2,Partly cloudy,7.2,14.1,59,
2025-03-29T18:00,70.9,68.9,0.024,0.024,0.0,0.0,53,Moderate drizzle,8.5,19.5,57,
2025-03-29T19:00,62.4,61.1,0.114,0.114,0.0,0.0,63,Moderate rain,9.5,16.1,86,
2025-03-29T20:00,50.3,46.0,0.024,0.024,0.0,0.0,53,Moderate drizzle,8.7,24.8,91,
2025-03-29T21:00,46.3,40.7,0.008,0.008,0.0,0.0,51,Light drizzle,8.2,21.0,82,
2025-03-29T22:00,44.7,39.1,0.0,0.0,0.0,0.0,2,Partly cloudy,7.8,18.8,85,
2025-03-29T23:00,43.2,38.3,0.0,0.0,0.0,0.0,2,Partly cloudy,5.4,18.1,86,
2025-03-30T00:00,42.9,38.0,0.0,0.0,0.0,0.0,2,Partly cloudy,5.3,13.6,86,
2025-03-30T01:00,42.1,37.0,0.0,0.0,0.0,0.0,3,Overcast,5.9,14.1,89,
2025-03-30T02:00,41.6,36.2,0.0,0.0,0.0,0.0,3,Overcast,6.6,14.8,89,
2025-03-30T03:00,41.5,36.5,0.0,0.0,0.0,0.0,3,Overcast,5.8,15.4,90,
2025-03-30T04:00,41.7,36.8,0.0,0.0,0.0,0.0,3,Overcast,5.5,12.8,90,
2025-03-30T05:00,41.8,36.9,0.0,0.0,0.0,0.0,3,Overcast,5.6,13.2,90,
2025-03-30T06:00,41.6,36.8,0.0,0.0,0.0,0.0,3,Overcast,5.4,12.8,91,
2025-03-30T07:00,41.5,36.9,0.0,0.0,0.0,0.0,3,Overcast,5.1,12.5,92,
2025-03-30T08:00,42.7,37.7,0.0,0.0,0.0,0.0,3,Overcast,6.1,14.5,89,
2025-03-30T09:00,42.9,38.5,0.0,0.0,0.0,0.0,3,Overcast,4.6,14.5,88,
2025-03-30T10:00,44.6,40.1,0.0,0.0,0.0,0.0,3,Overcast,5.1,13.4,86,
2025-03-30T11:00,46.8,42.5,0.0,0.0,0.0,0.0,3,Overcast,5.4,14.8,83,
2025-03-30T12:00,49.9,46.3,0.0,0.0,0.0,0.0,3,Overcast,4.8,14.8,79,
2025-03-30T13:00,52.6,49.5,0.0,0.0,0.0,0.0,3,Overcast,4.7,13.9,77,
2025-03-30T14:00,54.7,52.1,0.0,0.0,0.0,0.0,3,Overcast,4.3,13.9,75,
2025-03-30T15:00,54.8,52.2,0.0,0.0,0.0,0.0,3,Overcast,4.8,13.0,77,
2025-03-30T16:00,57.0,54.9,0.0,0.0,0.0,0.0,3,Overcast,5.6,16.3,75,
2025-03-30T17:00,56.0,53.5,0.0,0.0,0.0,0.0,3,Overcast,5.5,15.9,78,
2025-03-30T18:00,53.9,51.2,0.0,0.0,0.0,0.0,2,Partly cloudy,5.8,14.3,83,
2025-03-30T19:00,52.2,49.8,0.0,0.0,0.0,0.0,2,Partly cloudy,4.5,14.3,87,
2025-03-30T20:00,50.3,47.5,0.0,0.0,0.0,0.0,2,Partly cloudy,5.2,11.4,91,
2025-03-30T21:00,45.6,42.0,0.0,0.0,0.0,0.0,3,Overcast,4.2,13.6,90,
2025-03-30T22:00,46.0,42.4,0.004,0.004,0.0,0.0,51,Light drizzle,4.7,11.6,92,
2025-03-30T23:00,46.0,43.2,0.008,0.008,0.0,0.0,51,Light drizzle,3.2,10.7,94,
2025-03-31T00:00,46.2,43.7,0.004,0.004,0.0,0.0,51,Light drizzle,2.9,7.8,95,
2025-03-31T01:00,46.8,44.8,0.0,0.0,0.0,0.0,3,Overcast,2.1,6.5,96,
2025-03-31T02:00,46.3,44.6,0.0,0.0,0.0,0.0,3,Overcast,1.3,4.0,97,
2025-03-31T03:00,46.8,44.6,0.0,0.0,0.0,0.0,3,Overcast,2.5,3.4,96,
2025-03-31T04:00,51.2,48.3,0.0,0.0,0.0,0.0,3,Overcast,6.4,11.9,94,
2025-03-31T05:00,54.9,52.4,0.0,0.0,0.0,0.0,3,Overcast,7.6,14.3,91,
2025-03-31T06:00,57.7,55.4,0.0,0.0,0.0,0.0,3,Overcast,9.0,17.4,90,
2025-03-31T07:00,58.6,56.3,0.0,0.0,0.0,0.0,3,Overcast,9.6,19.2,90,
2025-03-31T08:00,60.4,58.3,0.0,0.0,0.0,0.0,3,Overcast,10.3,21.0,88,
2025-03-31T09:00,58.3,57.0,0.0,0.0,0.0,0.0,3,Overcast,7.0,13.6,90,
2025-03-31T10:00,64.3,63.9,0.0,0.0,0.0,0.0,3,Overcast,7.5,23.0,81,
2025-03-31T11:00,66.9,64.9,0.0,0.0,0.0,0.0,3,Overcast,12.2,26.4,76,
2025-03-31T12:00,68.5,68.2,0.004,0.004,0.0,0.0,51,Light drizzle,9.5,30.9,76,
2025-03-31T13:00,71.4,69.6,0.016,0.016,0.0,0.0,51,Light drizzle,12.2,27.7,67,
2025-03-31T14:00,74.2,73.9,0.008,0.008,0.0,0.0,51,Light drizzle,10.9,29.1,60,
2025-03-31T15:00,74.8,74.3,0.004,0.004,0.0,0.0,51,Light drizzle,9.8,25.9,59,
2025-03-31T16:00,73.1,74.1,0.024,0.024,0.0,0.0,53,Moderate drizzle,7.8,25.1,68,
2025-03-31T17:00,68.6,72.3,0.134,0.134,0.0,0.0,63,Moderate rain,0.9,18.6,78,
2025-03-31T18:00,65.7,68.5,0.441,0.441,0.0,0.0,65,Heavy rain,3.5,21.5,89,
2025-03-31T19:00,63.7,67.4,0.13,0.13,0.0,0.0,63,Moderate rain,0.9,13.2,94,
2025-03-31T20:00,62.8,64.6,0.181,0.181,0.0,0.0,63,Moderate rain,5.0,12.3,95,
2025-03-31T21:00,61.8,63.2,0.118,0.118,0.0,0.0,63,Moderate rain,4.3,19.2,92,
2025-03-31T22:00,60.6,62.3,0.165,0.165,0.0,0.0,63,Moderate rain,3.4,8.3,95,
2025-03-31T23:00,60.3,61.6,0.185,0.185,0.0,0.0,63,Moderate rain,4.1,8.5,96,
2025-04-01T00:00,60.3,61.0,0.087,0.087,0.0,0.0,61,Slight rain,5.0,10.3,94,
2025-04-01T01:00,59.2,59.4,0.106,0.106,0.0,0.0,63,Moderate rain,5.4,9.4,94,
2025-04-01T02:00,53.9,48.2,0.055,0.055,0.0,0.0,61,Slight rain,14.3,28.6,90,
2025-04-01T03:00,48.7,41.7,0.016,0.016,0.0,0.0,51,Light drizzle,13.4,29.1,86,
2025-04-01T04:00,45.3,38.0,0.0,0.0,0.0,0.0,3,Overcast,10.9,29.8,76,
2025-04-01T05:00,44.1,35.9,0.0,0.0,0.0,0.0,3,Overcast,11.3,25.3,69,
2025-04-01T06:00,41.9,32.9,0.0,0.0,0.0,0.0,3,Overcast,11.6,27.1,64,
2025-04-01T07:00,40.4,31.0,0.0,0.0,0.0,0.0,1,Mainly clear,12.1,28.4,64,
2025-04-01T08:00,40.0,31.0,0.0,0.0,0.0,0.0,0,Clear sky,11.2,27.5,64,
2025-04-01T09:00,42.3,33.2,0.0,0.0,0.0,0.0,1,Mainly clear,11.5,27.3,61,
2025-04-01T10:00,43.6,34.4,0.0,0.0,0.0,0.0,0,Clear sky,11.9,28.9,57,
2025-04-01T11:00,45.5,37.4,0.0,0.0,0.0,0.0,0,Clear sky,11.6,29.5,53,
2025-04-01T12:00,47.5,40.8,0.0,0.0,0.0,0.0,1,Mainly clear,10.8,28.9,49,
2025-04-01T13:00,49.2,43.2,0.0,0.0,0.0,0.0,1,Mainly clear,10.7,27.7,46,
2025-04-01T14:00,50.5,44.4,0.0,0.0,0.0,0.0,0,Clear sky,10.7,27.1,42,
2025-04-01T15:00,51.4,44.7,0.0,0.0,0.0,0.0,1,Mainly clear,10.6,27.1,39,
2025-04-01T16:00,51.7,43.9,0.0,0.0,0.0,0.0,0,Clear sky,10.2,26.6,37,
2025-04-01T17:00,51.3,42.4,0.0,0.0,0.0,0.0,0,Clear sky,9.7,25.1,36,
2025-04-01T18:00,50.1,41.8,0.0,0.0,0.0,0.0,0,Clear sky,8.4,23.0,38,
2025-04-01T19:00,47.9,40.7,0.0,0.0,0.0,0.0,0,Clear sky,6.4,19.2,43,
2025-04-01T20:00,45.6,38.5,0.0,0.0,0.0,0.0,0,Clear sky,6.0,14.3,48,
2025-04-01T21:00,45.7,39.2,0.0,0.0,0.0,0.0,0,Clear sky,5.0,10.3,50,
2025-04-01T22:00,43.9,36.0,0.0,0.0,0.0,0.0,0,Clear sky,7.6,16.3,49,
2025-04-01T23:00,41.9,33.8,0.0,0.0,0.0,0.0,1,Mainly clear,7.5,17.7,48,
2025-04-02T00:00,39.8,31.7,0.0,0.0,0.0,0.0,3,Overcast,7.2,16.6,49,
2025-04-02T01:00,37.9,30.3,0.0,0.0,0.0,0.0,3,Overcast,5.9,15.7,52,
2025-04-02T02:00,36.3,28.8,0.0,0.0,0.0,0.0,3,Overcast,5.6,13.0,56,
2025-04-02T03:00,35.4,27.6,0.0,0.0,0.0,0.0,0,Clear sky,6.4,13.9,58,
2025-04-02T04:00,34.6,26.5,0.0,0.0,0.0,0.0,3,Overcast,6.9,15.0,57,
2025-04-02T05:00,33.5,25.4,0.0,0.0,0.0,0.0,3,Overcast,6.6,15.2,57,
2025-04-02T06:00,32.8,25.1,0.0,0.0,0.0,0.0,3,Overcast,5.6,14.3,58,
2025-04-02T07:00,32.2,24.5,0.0,0.0,0.0,0.0,0,Clear sky,5.7,12.5,60,
2025-04-02T08:00,33.6,25.9,0.0,0.0,0.0,0.0,1,Mainly clear,5.7,13.9,59,
2025-04-02T09:00,38.0,30.4,0.0,0.0,0.0,0.0,2,Partly cloudy,5.7,15.4,50,
2025-04-02T10:00,40.6,33.0,0.0,0.0,0.0,0.0,2,Partly cloudy,6.2,17.4,50,
2025-04-02T11:00,42.8,36.2,0.0,0.0,0.0,0.0,0,Clear sky,6.8,19.2,47,
2025-04-02T12:00,44.9,40.0,0.0,0.0,0.0,0.0,3,Overcast,6.1,19.2,46,
2025-04-02T13:00,47.3,42.9,0.0,0.0,0.0,0.0,3,Overcast,6.8,19.0,46,
2025-04-02T14:00,47.3,41.8,0.0,0.0,0.0,0.0,3,Overcast,8.4,23.5,44,
2025-04-02T15:00,46.6,40.2,0.0,0.0,0.0,0.0,3,Overcast,8.8,23.5,48,
2025-04-02T16:00,44.9,36.5,0.0,0.0,0.0,0.0,3,Overcast,9.7,25.1,53,
2025-04-02T17:00,42.9,34.8,0.0,0.0,0.0,0.0,3,Overcast,9.5,23.9,61,
2025-04-02T18:00,42.3,35.2,0.0,0.0,0.0,0.0,3,Overcast,8.3,22.6,71,
2025-04-02T19:00,42.0,34.6,0.0,0.0,0.0,0.0,3,Overcast,9.8,26.6,77,
2025-04-02T20:00,41.6,36.0,0.0,0.0,0.0,0.0,3,Overcast,5.9,21.5,81,
2025-04-02T21:00,42.1,36.1,0.0,0.0,0.0,0.0,3,Overcast,6.9,18.8,81,
2025-04-02T22:00,42.4,37.0,0.0,0.0,0.0,0.0,3,Overcast,6.2,19.2,84,
2025-04-02T23:00,42.9,38.2,0.0,0.0,0.0,0.0,3,Overcast,5.1,13.6,86,
2025-04-03T00:00,43.8,38.2,0.0,0.0,0.0,0.0,3,Overcast,7.5,16.6,85,
2025-04-03T01:00,44.5,39.4,0.0,0.0,0.0,0.0,3,Overcast,6.6,17.9,85,
2025-04-03T02:00,44.9,40.6,0.0,0.0,0.0,0.0,3,Overcast,5.0,14.5,86,
2025-04-03T03:00,45.1,41.0,0.004,0.004,0.0,0.0,51,Light drizzle,4.9,10.7,88,
2025-04-03T04:00,45.6,41.3,0.004,0.004,0.0,0.0,51,Light drizzle,5.9,12.1,90,
2025-04-03T05:00,46.4,42.4,0.004,0.004,0.0,0.0,51,Light drizzle,5.7,12.3,90,
2025-04-03T06:00,47.5,44.0,0.0,0.0,0.0,0.0,3,Overcast,5.0,11.9,90,
2025-04-03T07:00,49.7,46.0,0.0,0.0,0.0,0.0,3,Overcast,6.8,13.2,90,
2025-04-03T08:00,54.6,51.0,0.0,0.0,0.0,0.0,3,Overcast,9.1,19.0,87,
2025-04-03T09:00,52.3,48.7,0.083,0.083,0.0,0.0,61,Slight rain,8.0,25.1,89,
2025-04-03T10:00,53.6,50.2,0.008,0.008,0.0,0.0,51,Light drizzle,8.7,16.8,91,
2025-04-03T11:00,57.2,53.7,0.004,0.004,0.0,0.0,51,Light drizzle,11.2,23.5,89,
2025-04-03T12:00,60.4,57.8,0.0,0.0,0.0,0.0,3,Overcast,11.5,25.1,88,
2025-04-03T13:00,62.9,61.4,0.0,0.0,0.0,0.0,3,Overcast,11.0,27.3,89,
2025-04-03T14:00,66.3,66.2,0.004,0.004,0.0,0.0,51,Light drizzle,10.0,26.2,86,
2025-04-03T15:00,70.8,70.7,0.004,0.004,0.0,0.0,51,Light drizzle,13.5,36.2,78,
2025-04-03T16:00,69.8,70.1,0.0,0.0,0.0,0.0,3,Overcast,10.9,28.9,81,
2025-04-03T17:00,70.4,70.9,0.0,0.0,0.0,0.0,3,Overcast,11.2,24.4,81,
2025-04-03T18:00,70.4,70.8,0.0,0.0,0.0,0.0,3,Overcast,11.0,25.5,80,
2025-04-03T19:00,69.4,69.8,0.0,0.0,0.0,0.0,3,Overcast,10.2,24.2,80,
2025-04-03T20:00,69.5,69.7,0.0,0.0,0.0,0.0,3,Overcast,10.6,23.5,80,
2025-04-03T21:00,70.4,70.6,0.0,0.0,0.0,0.0,3,Overcast,10.9,23.5,78,
2025-04-03T22:00,70.4,70.5,0.0,0.0,0.0,0.0,3,Overcast,10.8,23.5,77,
2025-04-03T23:00,70.3,69.9,0.0,0.0,0.0,0.0,3,Overcast,11.4,24.6,76,
2025-04-04T00:00,69.7,69.9,0.0,0.0,0.0,0.0,3,Overcast,10.1,24.8,78,
2025-04-04T01:00,68.7,69.3,0.0,0.0,0.0,0.0,3,Overcast,8.9,21.5,80,
2025-04-04T02:00,67.4,68.1,0.0,0.0,0.0,0.0,3,Overcast,8.1,18.3,83,
2025-04-04T03:00,65.8,66.6,0.008,0.008,0.0,0.0,51,Light drizzle,7.0,16.8,84,
2025-04-04T04:00,64.9,65.2,0.008,0.008,0.0,0.0,51,Light drizzle,7.2,14.5,85,
2025-04-04T05:00,62.7,62.0,0.004,0.004,0.0,0.0,51,Light drizzle,6.7,14.3,81,
2025-04-04T06:00,57.5,55.2,0.094,0.094,0.0,0.0,61,Slight rain,6.4,18.1,81,
2025-04-04T07:00,54.8,52.7,0.13,0.13,0.0,0.0,63,Moderate rain,5.7,16.3,87,
2025-04-04T08:00,54.5,51.9,0.028,0.028,0.0,0.0,53,Moderate drizzle,6.6,11.4,86,
2025-04-04T09:00,61.5,62.2,0.0,0.0,0.0,0.0,3,Overcast,3.8,8.9,86,
2025-04-04T10:00,64.8,62.7,0.0,0.0,0.0,0.0,3,Overcast,6.5,14.8,64,
2025-04-04T11:00,64.3,59.6,0.0,0.0,0.0,0.0,3,Overcast,7.8,20.1,49,
2025-04-04T12:00,65.5,60.7,0.0,0.0,0.0,0.0,3,Overcast,7.4,19.0,45,
2025-04-04T13:00,65.8,61.2,0.0,0.0,0.0,0.0,3,Overcast,8.5,21.3,43,
2025-04-04T14:00,65.7,60.5,0.0,0.0,0.0,0.0,3,Overcast,8.4,21.3,40,
2025-04-04T15:00,66.3,61.9,0.0,0.0,0.0,0.0,3,Overcast,7.8,20.8,39,
2025-04-04T16:00,66.7,61.0,0.0,0.0,0.0,0.0,3,Overcast,7.5,19.7,37,
2025-04-04T17:00,66.7,61.5,0.0,0.0,0.0,0.0,3,Overcast,6.6,18.1,38,
2025-04-04T18:00,65.2,61.2,0.0,0.0,0.0,0.0,3,Overcast,5.1,15.2,43,
2025-04-04T19:00,61.9,58.5,0.0,0.0,0.0,0.0,3,Overcast,4.4,11.4,52,
2025-04-04T20:00,59.0,55.5,0.0,0.0,0.0,0.0,3,Overcast,4.5,9.2,56,
2025-04-04T21:00,58.7,55.2,0.0,0.0,0.0,0.0,3,Overcast,4.1,10.1,55,
2025-04-04T22:00,57.7,54.1,0.0,0.0,0.0,0.0,3,Overcast,4.7,9.2,59,
2025-04-04T23:00,55.7,51.5,0.0,0.0,0.0,0.0,3,Overcast,5.1,12.3,60,
2025-04-05T00:00,54.4,50.4,0.0,0.0,0.0,0.0,3,Overcast,4.2,10.7,60,
2025-04-05T01:00,53.3,48.5,0.0,0.0,0.0,0.0,3,Overcast,5.4,11.4,59,
2025-04-05T02:00,52.6,48.1,0.0,0.0,0.0,0.0,3,Overcast,4.9,11.2,61,
2025-04-05T03:00,51.9,46.4,0.0,0.0,0.0,0.0,3,Overcast,6.6,13.4,61,
2025-04-05T04:00,51.3,44.9,0.0,0.0,0.0,0.0,2,Partly cloudy,8.2,17.2,59,
2025-04-05T05:00,49.1,43.4,0.0,0.0,0.0,0.0,2,Partly cloudy,6.8,17.7,65,
2025-04-05T06:00,48.1,42.6,0.0,0.0,0.0,0.0,3,Overcast,6.6,14.3,68,
2025-04-05T07:00,48.4,43.0,0.0,0.0,0.0,0.0,3,Overcast,6.1,14.5,67,
2025-04-05T08:00,49.4,43.9,0.0,0.0,0.0,0.0,3,Overcast,6.6,14.8,66,
2025-04-05T09:00,50.4,44.7,0.0,0.0,0.0,0.0,3,Overcast,7.0,16.1,64,
2025-04-05T10:00,49.3,43.5,0.0,0.0,0.0,0.0,3,Overcast,8.0,18.1,71,
2025-04-05T11:00,49.4,43.5,0.0,0.0,0.0,0.0,3,Overcast,8.5,19.7,72,
2025-04-05T12:00,49.5,43.9,0.0,0.0,0.0,0.0,3,Overcast,7.1,20.8,68,
2025-04-05T13:00,48.7,42.2,0.012,0.012,0.0,0.0,51,Light drizzle,9.7,23.0,70,
2025-04-05T14:00,49.2,42.7,0.024,0.024,0.0,0.0,53,Moderate drizzle,10.0,23.9,72,
2025-04-05T15:00,48.7,42.6,0.063,0.063,0.0,0.0,61,Slight rain,8.9,24.4,74,
2025-04-05T16:00,48.6,43.6,0.004,0.004,0.0,0.0,51,Light drizzle,6.7,20.8,75,
2025-04-05T17:00,48.4,44.1,0.008,0.008,0.0,0.0,51,Light drizzle,5.2,15.9,77,
2025-04-05T18:00,47.7,43.3,0.016,0.016,0.0,0.0,51,Light drizzle,5.6,13.2,81,
2025-04-05T19:00,47.3,44.0,0.004,0.004,0.0,0.0,51,Light drizzle,3.8,13.0,86,
2025-04-05T20:00,47.1,43.4,0.0,0.0,0.0,0.0,3,Overcast,5.0,11.4,88,
2025-04-05T21:00,43.6,39.5,0.0,0.0,0.0,0.0,3,Overcast,5.1,12.5,93,
2025-04-05T22:00,43.2,38.7,0.0,0.0,0.0,0.0,3,Overcast,5.6,13.0,93,
2025-04-05T23:00,42.8,38.8,0.0,0.0,0.0,0.0,3,Overcast,4.3,12.8,94,
2025-04-06T00:00,42.8,39.1,0.0,0.0,0.0,0.0,3,Overcast,3.7,9.4,94,
2025-04-06T01:00,43.0,39.2,0.008,0.008,0.0,0.0,51,Light drizzle,3.7,9.2,93,
2025-04-06T02:00,43.1,39.8,0.047,0.047,0.0,0.0,55,Dense drizzle,3.0,9.8,95,
2025-04-06T03:00,43.3,40.3,0.102,0.102,0.0,0.0,63,Moderate rain,2.3,17.4,94,
2025-04-06T04:00,43.3,40.8,0.0,0.0,0.0,0.0,3,Overcast,1.5,6.9,96,
2025-04-06T05:00,43.7,41.4,0.0,0.0,0.0,0.0,3,Overcast,1.2,4.5,97,
2025-04-06T06:00,44.2,41.5,0.0,0.0,0.0,0.0,3,Overcast,2.1,5.1,97,
2025-04-06T07:00,44.7,41.4,0.0,0.0,0.0,0.0,3,Overcast,4.0,9.2,96,
2025-04-06T08:00,46.4,43.7,0.004,0.004,0.0,0.0,51,Light drizzle,3.1,11.4,93,
2025-04-06T09:00,45.6,41.9,0.004,0.004,0.0,0.0,51,Light drizzle,5.0,11.2,93,
2025-04-06T10:00,48.0,43.6,0.0,0.0,0.0,0.0,3,Overcast,7.5,16.3,90,
2025-04-06T11:00,50.0,45.4,0.0,0.0,0.0,0.0,3,Overcast,7.9,20.1,83,
2025-04-06T12:00,51.2,47.2,0.004,0.004,0.0,0.0,51,Light drizzle,6.3,18.3,79,
2025-04-06T13:00,54.9,52.7,0.004,0.004,0.0,0.0,51,Light drizzle,2.9,16.3,73,
2025-04-06T14:00,57.4,53.4,0.0,0.0,0.0,0.0,3,Overcast,6.5,15.2,64,
2025-04-06T15:00,59.1,55.0,0.0,0.0,0.0,0.0,3,Overcast,6.9,20.1,57,
2025-04-06T16:00,57.2,52.5,0.0,0.0,0.0,0.0,3,Overcast,6.2,17.9,56,
2025-04-06T17:00,56.2,51.8,0.0,0.0,0.0,0.0,3,Overcast,5.1,15.7,56,
2025-04-06T18:00,56.0,51.5,0.0,0.0,0.0,0.0,3,Overcast,4.8,11.6,54,
2025-04-06T19:00,54.0,49.2,0.0,0.0,0.0,0.0,3,Overcast,4.9,11.9,56,
2025-04-06T20:00,52.1,46.7,0.0,0.0,0.0,0.0,3,Overcast,5.2,11.9,53,
2025-04-06T21:00,51.2,46.1,0.0,0.0,0.0,0.0,3,Overcast,4.3,12.3,55,
2025-04-06T22:00,51.0,45.4,0.0,0.0,0.0,0.0,3,Overcast,5.6,11.9,55,
2025-04-06T23:00,49.6,43.6,0.0,0.0,0.0,0.0,3,Overcast,5.7,12.5,55,
2025-04-07T00:00,48.3,42.2,0.0,0.0,0.0,0.0,3,Overcast,5.7,13.0,55,
2025-04-07T01:00,47.5,42.2,0.0,0.0,0.0,0.0,3,Overcast,4.4,12.3,60,
2025-04-07T02:00,46.2,41.1,0.004,0.004,0.0,0.0,51,Light drizzle,4.6,10.7,66,
2025-04-07T03:00,45.0,39.9,0.024,0.024,0.0,0.0,53,Moderate drizzle,5.2,10.1,74,
2025-04-07T04:00,43.9,39.0,0.016,0.016,0.0,0.0,51,Light drizzle,5.4,11.2,83,
2025-04-07T05:00,43.1,37.7,0.024,0.024,0.0,0.0,53,Moderate drizzle,6.3,12.8,84,
2025-04-07T06:00,41.5,36.2,0.031,0.031,0.0,0.0,53,Moderate drizzle,6.3,13.2,88,
2025-04-07T07:00,40.8,34.7,0.012,0.012,0.0,0.0,51,Light drizzle,7.3,15.4,85,
2025-04-07T08:00,40.5,34.9,0.008,0.008,0.0,0.0,51,Light drizzle,6.0,16.3,86,
2025-04-07T09:00,39.8,34.1,0.024,0.024,0.0,0.0,53,Moderate drizzle,6.3,14.8,87,
2025-04-07T10:00,40.6,35.1,0.008,0.008,0.0,0.0,51,Light drizzle,5.9,15.2,87,
2025-04-07T11:00,40.5,35.1,0.039,0.039,0.0,0.0,55,Dense drizzle,6.2,14.3,91,
2025-04-07T12:00,41.3,35.6,0.039,0.039,0.0,0.0,55,Dense drizzle,6.9,15.9,88,
2025-04-07T13:00,41.6,36.4,0.028,0.028,0.0,0.0,53,Moderate drizzle,6.4,15.7,91,
2025-04-07T14:00,42.3,36.4,0.031,0.031,0.0,0.0,53,Moderate drizzle,7.9,17.7,89,
2025-04-07T15:00,43.0,37.4,0.012,0.012,0.0,0.0,51,Light drizzle,7.1,18.8,86,
2025-04-07T16:00,42.9,37.6,0.004,0.004,0.0,0.0,51,Light drizzle,6.5,17.0,86,
2025-04-07T17:00,42.8,37.5,0.012,0.012,0.0,0.0,51,Light drizzle,6.2,15.9,85,
2025-04-07T18:00,42.4,37.4,0.004,0.004,0.0,0.0,51,Light drizzle,5.7,14.5,87,
2025-04-07T19:00,42.2,37.7,0.0,0.0,0.0,0.0,3,Overcast,4.4,13.2,88,
2025-04-07T20:00,41.6,37.5,0.0,0.0,0.0,0.0,3,Overcast,3.5,10.7,89,
2025-04-07T21:00,41.1,36.8,0.0,0.0,0.0,0.0,3,Overcast,3.5,10.3,89,
2025-04-07T22:00,41.1,36.9,0.0,0.0,0.0,0.0,3,Overcast,3.5,8.9,89,
2025-04-07T23:00,41.3,37.7,0.0,0.0,0.0,0.0,3,Overcast,1.9,8.3,89,
2025-04-08T00:00,41.4,38.0,0.0,0.0,0.0,0.0,3,Overcast,1.6,5.6,89,
2025-04-08T01:00,41.2,37.9,0.0,0.0,0.0,0.0,3,Overcast,1.3,4.0,90,
2025-04-08T02:00,41.2,37.8,0.0,0.0,0.0,0.0,3,Overcast,1.6,3.6,90,
2025-04-08T03:00,41.4,37.6,0.0,0.0,0.0,0.0,3,Overcast,2.6,5.8,91,
2025-04-08T04:00,41.3,37.7,0.0,0.0,0.0,0.0,3,Overcast,2.2,6.0,91,
2025-04-08T05:00,41.7,37.2,0.0,0.0,0.0,0.0,3,Overcast,4.7,9.6,91,
2025-04-08T06:00,41.5,36.4,0.0,0.0,0.0,0.0,3,Overcast,5.8,12.5,89,
2025-04-08T07:00,39.4,30.3,0.0,0.0,0.0,0.0,0,Clear sky,11.5,26.2,67,
2025-04-08T08:00,35.2,25.2,0.0,0.0,0.0,0.0,0,Clear sky,11.4,26.6,55,
2025-04-08T09:00,38.1,27.8,0.0,0.0,0.0,0.0,0,Clear sky,12.1,28.6,49,
2025-04-08T10:00,39.4,29.2,0.0,0.0,0.0,0.0,0,Clear sky,11.7,28.9,47,
2025-04-08T11:00,40.7,31.1,0.0,0.0,0.0,0.0,0,Clear sky,13.6,33.1,42,
2025-04-08T12:00,42.5,32.8,0.0,0.0,0.0,0.0,2,Partly cloudy,15.4,36.5,36,
2025-04-08T13:00,43.4,33.9,0.0,0.0,0.0,0.0,2,Partly cloudy,16.1,38.5,35,
2025-04-08T14:00,43.3,32.5,0.0,0.0,0.0,0.0,3,Overcast,16.2,38.7,35,
2025-04-08T15:00,42.4,29.8,0.0,0.0,0.0,0.0,3,Overcast,16.6,38.7,37,
2025-04-08T16:00,41.5,29.4,0.0,0.0,0.0,0.0,2,Partly cloudy,15.8,39.4,39,
2025-04-08T17:00,40.1,28.0,0.0,0.0,0.0,0.0,0,Clear sky,15.8,38.0,41,
2025-04-08T18:00,39.2,26.3,0.0,0.0,0.0,0.0,0,Clear sky,17.2,39.4,39,
2025-04-08T19:00,37.6,26.7,0.0,0.0,0.0,0.0,0,Clear sky,12.5,40.3,43,
2025-04-08T20:00,36.1,26.0,0.0,0.0,0.0,0.0,0,Clear sky,10.7,28.4,47,
2025-04-08T21:00,37.3,27.8,0.0,0.0,0.0,0.0,0,Clear sky,9.5,23.0,46,
2025-04-08T22:00,36.4,26.7,0.0,0.0,0.0,0.0,0,Clear sky,9.9,22.4,46,
2025-04-08T23:00,35.3,25.9,0.0,0.0,0.0,0.0,0,Clear sky,9.1,22.4,46,
2025-04-09T00:00,34.3,25.1,0.0,0.0,0.0,0.0,0,Clear sky,8.4,20.6,49,
2025-04-09T01:00,33.2,25.0,0.0,0.0,0.0,0.0,0,Clear sky,6.3,18.6,53,
2025-04-09T02:00,32.2,24.5,0.0,0.0,0.0,0.0,1,Mainly clear,5.3,14.1,58,
2025-04-09T03:00,31.4,23.1,0.0,0.0,0.0,0.0,0,Clear sky,6.6,15.0,57,
2025-04-09T04:00,30.2,21.1,0.0,0.0,0.0,0.0,0,Clear sky,8.2,18.3,56,
2025-04-09T05:00,29.4,19.9,0.0,0.0,0.0,0.0,0,Clear sky,8.9,20.1,56,
2025-04-09T06:00,28.8,19.6,0.0,0.0,0.0,0.0,0,Clear sky,8.2,20.1,58,
2025-04-09T07:00,28.9,20.2,0.0,0.0,0.0,0.0,0,Clear sky,7.2,18.6,59,
2025-04-09T08:00,30.5,21.5,0.0,0.0,0.0,0.0,0,Clear sky,7.7,18.1,54,
2025-04-09T09:00,33.9,24.5,0.0,0.0,0.0,0.0,0,Clear sky,8.6,21.5,45,
2025-04-09T10:00,36.0,27.0,0.0,0.0,0.0,0.0,0,Clear sky,7.9,21.9,45,
2025-04-09T11:00,38.4,32.0,0.0,0.0,0.0,0.0,0,Clear sky,6.2,20.8,44,
2025-04-09T12:00,40.4,35.9,0.0,0.0,0.0,0.0,0,Clear sky,5.1,18.1,42,
2025-04-09T13:00,42.3,39.0,0.0,0.0,0.0,0.0,0,Clear sky,4.2,16.3,41,
2025-04-09T14:00,44.2,40.9,0.0,0.0,0.0,0.0,0,Clear sky,4.0,15.0,38,
2025-04-09T15:00,45.6,41.6,0.0,0.0,0.0,0.0,0,Clear sky,4.0,14.5,36,
2025-04-09T16:00,46.5,40.7,0.0,0.0,0.0,0.0,0,Clear sky,4.7,14.5,33,
2025-04-09T17:00,46.7,39.1,0.0,0.0,0.0,0.0,0,Clear sky,5.0,15.2,32,
2025-04-09T18:00,46.6,38.1,0.0,0.0,0.0,0.0,0,Clear sky,7.4,17.0,33,
2025-04-09T19:00,45.0,37.3,0.0,0.0,0.0,0.0,0,Clear sky,6.0,18.3,40,
2025-04-09T20:00,41.6,34.8,0.0,0.0,0.0,0.0,0,Clear sky,4.9,13.9,52,
2025-04-09T21:00,38.8,30.7,0.0,0.0,0.0,0.0,0,Clear sky,8.0,19.0,58,
2025-04-09T22:00,39.1,31.6,0.0,0.0,0.0,0.0,0,Clear sky,7.1,17.2,61,
2025-04-09T23:00,38.7,31.9,0.0,0.0,0.0,0.0,0,Clear sky,5.6,15.2,66,
2025-04-10T00:00,37.9,32.3,0.0,0.0,0.0,0.0,3,Overcast,3.7,12.1,73,
2025-04-10T01:00,37.6,32.1,0.0,0.0,0.0,0.0,1,Mainly clear,3.4,7.6,75,
2025-04-10T02:00,36.5,31.2,0.0,0.0,0.0,0.0,1,Mainly clear,2.9,7.4,77,
2025-04-10T03:00,35.6,30.3,0.0,0.0,0.0,0.0,2,Partly cloudy,2.6,5.8,77,
2025-04-10T04:00,35.7,31.1,0.0,0.0,0.0,0.0,2,Partly cloudy,0.8,4.9,76,
2025-04-10T05:00,35.7,31.3,0.0,0.0,0.0,0.0,3,Overcast,0.3,1.8,76,
2025-04-10T06:00,36.7,32.5,0.0,0.0,0.0,0.0,0,Clear sky,0.4,1.3,78,
2025-04-10T07:00,35.3,30.5,0.0,0.0,0.0,0.0,0,Clear sky,1.8,3.6,83,
2025-04-10T08:00,38.4,33.7,0.0,0.0,0.0,0.0,3,Overcast,1.9,5.8,77,
2025-04-10T09:00,42.5,37.6,0.0,0.0,0.0,0.0,3,Overcast,2.6,8.9,66,
2025-04-10T10:00,45.0,39.8,0.0,0.0,0.0,0.0,1,Mainly clear,3.6,11.4,63,
2025-04-10T11:00,48.5,43.6,0.0,0.0,0.0,0.0,3,Overcast,6.8,17.7,59,
2025-04-10T12:00,47.8,40.5,0.0,0.0,0.0,0.0,2,Partly cloudy,9.0,23.3,58,
2025-04-10T13:00,48.9,42.6,0.0,0.0,0.0,0.0,3,Overcast,9.2,23.7,51,
2025-04-10T14:00,48.2,40.8,0.0,0.0,0.0,0.0,3,Overcast,10.5,26.4,50,
2025-04-10T15:00,45.3,37.0,0.0,0.0,0.0,0.0,3,Overcast,10.0,26.6,55,
2025-04-10T16:00,43.9,36.4,0.0,0.0,0.0,0.0,3,Overcast,8.0,23.9,57,
2025-04-10T17:00,43.4,36.3,0.004,0.004,0.0,0.0,51,Light drizzle,6.9,18.8,58,
2025-04-10T18:00,42.4,35.9,0.004,0.004,0.0,0.0,51,Light drizzle,5.5,16.6,62,
2025-04-10T19:00,41.7,35.6,0.004,0.004,0.0,0.0,51,Light drizzle,5.3,13.0,68,
2025-04-10T20:00,41.2,34.7,0.008,0.008,0.0,0.0,51,Light drizzle,6.5,14.1,71,
2025-04-10T21:00,41.4,35.6,0.004,0.004,0.0,0.0,51,Light drizzle,4.8,13.0,71,
2025-04-10T22:00,40.9,34.9,0.004,0.004,0.0,0.0,51,Light drizzle,5.2,11.2,71,
2025-04-10T23:00,40.2,34.1,0.0,0.0,0.0,0.0,3,Overcast,5.4,12.3,73,
2025-04-11T00:00,39.8,34.0,0.0,0.0,0.0,0.0,3,Overcast,5.1,11.9,76,
2025-04-11T01:00,39.7,34.5,0.0,0.0,0.0,0.0,3,Overcast,3.8,11.4,78,
2025-04-11T02:00,39.7,34.4,0.0,0.0,0.0,0.0,3,Overcast,4.0,8.9,79,
2025-04-11T03:00,39.7,34.6,0.0,0.0,0.0,0.0,3,Overcast,4.0,9.8,81,
2025-04-11T04:00,39.9,34.5,0.0,0.0,0.0,0.0,3,Overcast,5.0,11.2,83,
2025-04-11T05:00,40.2,35.0,0.0,0.0,0.0,0.0,3,Overcast,4.8,11.2,85,
2025-04-11T06:00,40.4,35.4,0.0,0.0,0.0,0.0,3,Overcast,4.6,10.5,87,
2025-04-11T07:00,40.7,35.5,0.0,0.0,0.0,0.0,3,Overcast,5.3,11.6,86,
2025-04-11T08:00,41.3,36.2,0.0,0.0,0.0,0.0,3,Overcast,4.8,13.2,84,
2025-04-11T09:00,43.2,37.3,0.0,0.0,0.0,0.0,3,Overcast,6.5,16.1,77,
2025-04-11T10:00,42.6,36.8,0.008,0.008,0.0,0.0,51,Light drizzle,6.3,16.6,77,
2025-04-11T11:00,42.5,37.3,0.047,0.043,0.028,0.0,71,Slight snowfall,5.6,14.5,82,
2025-04-11T12:00,44.1,37.9,0.031,0.031,0.0,0.0,53,Moderate drizzle,8.4,19.0,82,
2025-04-11T13:00,44.2,38.6,0.028,0.028,0.0,0.0,53,Moderate drizzle,7.5,19.7,86,
2025-04-11T14:00,43.2,38.1,0.043,0.043,0.0,0.0,55,Dense drizzle,7.0,17.9,95,
2025-04-11T15:00,43.5,38.8,0.039,0.039,0.0,0.0,55,Dense drizzle,6.5,15.9,94,
2025-04-11T16:00,43.3,38.3,0.031,0.031,0.0,0.0,53,Moderate drizzle,7.1,15.2,96,
2025-04-11T17:00,44.8,40.0,0.016,0.016,0.0,0.0,51,Light drizzle,6.7,16.8,90,
2025-04-11T18:00,44.2,38.3,0.008,0.008,0.0,0.0,51,Light drizzle,8.7,18.6,90,
2025-04-11T19:00,43.1,36.6,0.02,0.02,0.0,0.0,53,Moderate drizzle,9.5,19.9,87,
2025-04-11T20:00,41.5,34.3,0.043,0.043,0.0,0.0,55,Dense drizzle,10.6,21.7,90,
2025-04-11T21:00,41.3,33.5,0.047,0.047,0.0,0.0,55,Dense drizzle,11.8,23.9,88,
2025-04-11T22:00,41.5,34.2,0.016,0.016,0.0,0.0,51,Light drizzle,10.5,23.9,88,
2025-04-11T23:00,41.5,34.9,0.047,0.047,0.0,0.0,55,Dense drizzle,9.6,21.9,92,
2025-04-12T00:00,41.9,34.4,0.091,0.091,0.0,0.0,61,Slight rain,12.1,24.4,93,
2025-04-12T01:00,40.0,32.1,0.114,0.114,0.0,0.0,63,Moderate rain,12.4,27.3,94,
2025-04-12T02:00,38.2,31.0,0.091,0.091,0.0,0.0,61,Slight rain,10.2,26.6,98,
2025-04-12T03:00,36.5,29.4,0.067,0.067,0.0,0.0,61,Slight rain,9.4,21.3,100,
2025-04-12T04:00,35.4,27.7,0.079,0.043,0.248,0.0,73,Moderate snowfall,10.5,21.7,100,
2025-04-12T05:00,35.1,25.4,0.075,0.031,0.303,0.033,73,Moderate snowfall,14.9,28.6,99,
2025-04-12T06:00,35.2,25.7,0.035,0.028,0.055,0.033,71,Slight snowfall,14.4,30.2,97,
2025-04-12T07:00,35.9,26.7,0.016,0.016,0.0,0.033,51,Light drizzle,13.3,28.6,93,
2025-04-12T08:00,36.6,27.3,0.016,0.016,0.0,0.033,51,Light drizzle,13.8,29.1,91,
2025-04-12T09:00,37.7,29.5,0.02,0.02,0.0,0.033,53,Moderate drizzle,11.4,24.4,90,
2025-04-12T10:00,38.2,30.1,0.008,0.008,0.0,0.033,51,Light drizzle,11.4,25.9,88,
2025-04-12T11:00,38.8,29.8,0.004,0.004,0.0,0.033,51,Light drizzle,13.2,31.1,84,
2025-04-12T12:00,39.7,31.5,0.008,0.008,0.0,0.033,51,Light drizzle,11.4,29.3,82,
2025-04-12T13:00,40.4,31.7,0.012,0.012,0.0,0.033,51,Light drizzle,12.6,27.7,81,
2025-04-12T14:00,41.7,33.5,0.008,0.008,0.0,0.033,51,Light drizzle,11.8,28.6,78,
2025-04-12T15:00,42.2,34.0,0.004,0.004,0.0,0.033,51,Light drizzle,11.5,27.1,77,
2025-04-12T16:00,41.6,34.0,0.012,0.012,0.0,0.033,51,Light drizzle,10.3,26.4,79,
2025-04-12T17:00,40.6,33.4,0.012,0.012,0.0,0.033,51,Light drizzle,9.7,25.5,83,
2025-04-12T18:00,40.0,33.1,0.004,0.004,0.0,0.033,51,Light drizzle,9.1,23.7,86,
2025-04-12T19:00,39.9,32.8,0.0,0.0,0.0,0.033,3,Overcast,9.2,21.0,85,
2025-04-12T20:00,39.9,32.6,0.0,0.0,0.0,0.033,3,Overcast,9.6,21.7,84,
2025-04-12T21:00,39.9,33.0,0.0,0.0,0.0,0.033,3,Overcast,8.6,20.1,84,
2025-04-12T22:00,39.8,33.0,0.0,0.0,0.0,0.033,3,Overcast,8.3,19.5,82,
2025-04-12T23:00,39.6,32.6,0.0,0.0,0.0,0.033,3,Overcast,8.3,18.3,81,
2025-04-13T00:00,39.5,33.0,0.0,0.0,0.0,0.033,3,Overcast,7.1,18.3,81,
2025-04-13T01:00,39.2,32.5,0.0,0.0,0.0,0.033,3,Overcast,7.6,16.8,83,
2025-04-13T02:00,38.9,32.0,0.0,0.0,0.0,0.033,3,Overcast,8.3,18.6,85,
2025-04-13T03:00,39.0,31.9,0.0,0.0,0.0,0.033,3,Overcast,8.8,19.9,84,
2025-04-13T04:00,39.3,32.3,0.0,0.0,0.0,0.033,3,Overcast,8.5,19.7,83,
2025-04-13T05:00,39.7,32.6,0.0,0.0,0.0,0.0,3,Overcast,8.6,19.0,82,
2025-04-13T06:00,40.1,33.1,0.0,0.0,0.0,0.0,3,Overcast,8.8,19.5,82,
2025-04-13T07:00,40.3,32.9,0.0,0.0,0.0,0.0,3,Overcast,9.7,21.7,82,
2025-04-13T08:00,41.2,34.8,0.0,0.0,0.0,0.0,3,Overcast,7.5,21.7,81,
2025-04-13T09:00,44.7,38.4,0.0,0.0,0.0,0.0,1,Mainly clear,7.6,19.9,73,
2025-04-13T10:00,48.0,40.1,0.0,0.0,0.0,0.0,2,Partly cloudy,11.5,28.6,64,
2025-04-13T11:00,50.9,42.9,0.0,0.0,0.0,0.0,3,Overcast,11.7,28.6,58,
2025-04-13T12:00,52.2,44.4,0.0,0.0,0.0,0.0,3,Overcast,11.5,27.5,57,
2025-04-13T13:00,52.8,44.8,0.0,0.0,0.0,0.0,3,Overcast,12.0,28.0,56,
2025-04-13T14:00,54.6,46.6,0.0,0.0,0.0,0.0,3,Overcast,12.1,28.9,53,
2025-04-13T15:00,56.8,48.9,0.0,0.0,0.0,0.0,3,Overcast,11.8,28.4,49,
2025-04-13T16:00,56.9,49.4,0.0,0.0,0.0,0.0,3,Overcast,11.2,31.1,49,
2025-04-13T17:00,56.8,49.7,0.0,0.0,0.0,0.0,3,Overcast,10.4,30.9,51,
2025-04-13T18:00,55.7,49.7,0.0,0.0,0.0,0.0,3,Overcast,8.1,23.5,54,
2025-04-13T19:00,54.7,48.7,0.0,0.0,0.0,0.0,3,Overcast,7.9,17.7,55,
2025-04-13T20:00,52.6,46.4,0.0,0.0,0.0,0.0,3,Overcast,8.0,17.7,57,
2025-04-13T21:00,51.9,47.4,0.0,0.0,0.0,0.0,3,Overcast,5.0,9.4,65,
2025-04-13T22:00,51.5,45.4,0.0,0.0,0.0,0.0,0,Clear sky,7.9,15.9,60,
2025-04-13T23:00,50.3,43.8,0.0,0.0,0.0,0.0,0,Clear sky,8.1,17.4,59,
2025-04-14T00:00,48.3,42.2,0.0,0.0,0.0,0.0,0,Clear sky,7.1,17.0,62,
2025-04-14T01:00,46.4,40.8,0.0,0.0,0.0,0.0,0,Clear sky,5.7,14.5,67,
2025-04-14T02:00,45.3,39.5,0.0,0.0,0.0,0.0,1,Mainly clear,6.1,12.8,68,
2025-04-14T03:00,44.2,38.7,0.0,0.0,0.0,0.0,0,Clear sky,5.2,12.5,70,
2025-04-14T04:00,43.3,37.9,0.0,0.0,0.0,0.0,3,Overcast,4.6,10.5,72,
2025-04-14T05:00,42.4,37.2,0.0,0.0,0.0,0.0,2,Partly cloudy,4.3,9.4,73,
2025-04-14T06:00,41.8,36.6,0.0,0.0,0.0,0.0,3,Overcast,4.0,8.7,74,
2025-04-14T07:00,42.4,37.4,0.0,0.0,0.0,0.0,2,Partly cloudy,3.7,7.8,73,
2025-04-14T08:00,45.4,40.8,0.0,0.0,0.0,0.0,2,Partly cloudy,3.8,8.5,72,
2025-04-14T09:00,49.6,45.7,0.0,0.0,0.0,0.0,3,Overcast,2.6,8.1,64,
2025-04-14T10:00,52.3,49.0,0.0,0.0,0.0,0.0,3,Overcast,1.4,8.3,60,
2025-04-14T11:00,55.1,51.9,0.0,0.0,0.0,0.0,3,Overcast,2.1,8.3,57,
2025-04-14T12:00,55.4,51.5,0.0,0.0,0.0,0.0,3,Overcast,3.5,9.4,56,
2025-04-14T13:00,55.0,50.8,0.0,0.0,0.0,0.0,2,Partly cloudy,5.0,12.1,59,
2025-04-14T14:00,58.6,53.9,0.0,0.0,0.0,0.0,3,Overcast,5.4,15.7,50,
2025-04-14T15:00,60.3,56.0,0.0,0.0,0.0,0.0,3,Overcast,4.8,14.8,47,
2025-04-14T16:00,60.8,56.3,0.0,0.0,0.0,0.0,3,Overcast,5.0,14.1,47,
2025-04-14T17:00,61.1,56.8,0.0,0.0,0.0,0.0,3,Overcast,5.7,14.8,50,
2025-04-14T18:00,58.1,53.8,0.0,0.0,0.0,0.0,3,Overcast,6.5,15.4,59,
2025-04-14T19:00,54.8,51.1,0.0,0.0,0.0,0.0,3,Overcast,4.7,15.2,65,
2025-04-14T20:00,51.4,48.3,0.0,0.0,0.0,0.0,3,Overcast,3.8,10.5,75,
2025-04-14T21:00,50.5,47.4,0.0,0.0,0.0,0.0,3,Overcast,2.9,11.0,74,
2025-04-14T22:00,50.4,47.1,0.0,0.0,0.0,0.0,3,Overcast,3.5,7.2,75,
2025-04-14T23:00,51.9,48.5,0.0,0.0,0.0,0.0,3,Overcast,4.1,8.3,73,
2025-04-15T00:00,52.9,49.2,0.0,0.0,0.0,0.0,3,Overcast,5.1,10.3,71,
2025-04-15T01:00,52.3,49.0,0.063,0.063,0.0,0.0,61,Slight rain,4.8,11.2,77,
2025-04-15T02:00,51.4,48.5,0.0,0.0,0.0,0.0,3,Overcast,4.9,11.4,83,
2025-04-15T03:00,51.3,48.4,0.016,0.016,0.0,0.0,51,Light drizzle,5.3,10.3,88,
2025-04-15T04:00,50.0,47.4,0.0,0.0,0.0,0.0,3,Overcast,4.4,9.6,90,
2025-04-15T05:00,49.6,46.9,0.0,0.0,0.0,0.0,3,Overcast,4.4,7.8,91,
2025-04-15T06:00,50.2,47.4,0.0,0.0,0.0,0.0,3,Overcast,5.3,9.8,92,
2025-04-15T07:00,51.0,48.5,0.0,0.0,0.0,0.0,3,Overcast,5.2,9.6,92,
2025-04-15T08:00,53.3,50.8,0.0,0.0,0.0,0.0,3,Overcast,6.3,12.5,90,
2025-04-15T09:00,56.1,54.6,0.0,0.0,0.0,0.0,3,Overcast,4.3,10.7,83,
2025-04-15T10:00,60.0,59.4,0.0,0.0,0.0,0.0,3,Overcast,3.8,10.7,78,
2025-04-15T11:00,61.8,61.3,0.0,0.0,0.0,0.0,3,Overcast,4.2,11.0,76,
2025-04-15T12:00,61.3,60.8,0.0,0.0,0.0,0.0,3,Overcast,4.8,11.4,79,
2025-04-15T13:00,61.5,58.1,0.0,0.0,0.0,0.0,3,Overcast,7.7,17.4,64,
2025-04-15T14:00,65.1,58.8,0.0,0.0,0.0,0.0,2,Partly cloudy,10.5,23.9,43,
2025-04-15T15:00,65.3,58.0,0.0,0.0,0.0,0.0,1,Mainly clear,15.2,34.9,39,
2025-04-15T16:00,63.6,53.5,0.0,0.0,0.0,0.0,1,Mainly clear,16.8,36.7,35,
2025-04-15T17:00,60.8,52.4,0.0,0.0,0.0,0.0,0,Clear sky,12.1,39.8,39,
2025-04-15T18:00,59.5,51.1,0.0,0.0,0.0,0.0,0,Clear sky,12.3,30.4,40,
2025-04-15T19:00,56.9,48.0,0.0,0.0,0.0,0.0,0,Clear sky,12.3,28.9,40,
2025-04-15T20:00,54.3,46.2,0.0,0.0,0.0,0.0,0,Clear sky,10.4,27.7,44,
2025-04-15T21:00,52.2,44.3,0.0,0.0,0.0,0.0,1,Mainly clear,10.5,24.4,51,
2025-04-15T22:00,49.8,42.1,0.0,0.0,0.0,0.0,0,Clear sky,10.6,23.5,58,
2025-04-15T23:00,47.8,39.9,0.004,0.004,0.0,0.0,51,Light drizzle,10.6,24.4,61,
2025-04-16T00:00,46.1,38.6,0.0,0.0,0.0,0.0,1,Mainly clear,9.2,23.7,60,
2025-04-16T01:00,44.6,37.0,0.0,0.0,0.0,0.0,0,Clear sky,8.9,20.4,61,
2025-04-16T02:00,43.6,35.8,0.0,0.0,0.0,0.0,3,Overcast,9.1,21.9,61,
2025-04-16T03:00,42.6,36.0,0.0,0.0,0.0,0.0,2,Partly cloudy,6.5,20.8,65,
2025-04-16T04:00,42.4,35.5,0.0,0.0,0.0,0.0,3,Overcast,7.5,16.6,67,
2025-04-16T05:00,42.5,35.1,0.0,0.0,0.0,0.0,3,Overcast,8.4,18.6,66,
2025-04-16T06:00,42.1,34.0,0.0,0.0,0.0,0.0,2,Partly cloudy,9.7,21.7,65,
2025-04-16T07:00,41.7,33.3,0.0,0.0,0.0,0.0,1,Mainly clear,10.3,22.6,64,
2025-04-16T08:00,43.0,33.0,0.0,0.0,0.0,0.0,3,Overcast,13.6,30.9,59,
2025-04-16T09:00,44.5,35.2,0.0,0.0,0.0,0.0,3,Overcast,12.1,33.6,55,
2025-04-16T10:00,45.6,35.3,0.0,0.0,0.0,0.0,3,Overcast,14.0,32.2,50,
2025-04-16T11:00,45.8,35.2,0.0,0.0,0.0,0.0,3,Overcast,14.5,34.0,49,
2025-04-16T12:00,47.2,36.2,0.0,0.0,0.0,0.0,3,Overcast,15.5,35.8,47,
2025-04-16T13:00,48.5,37.4,0.0,0.0,0.0,0.0,3,Overcast,15.9,36.9,45,
2025-04-16T14:00,49.7,38.7,0.0,0.0,0.0,0.0,3,Overcast,16.0,37.1,44,
2025-04-16T15:00,49.6,38.6,0.0,0.0,0.0,0.0,3,Overcast,15.9,37.4,45,
2025-04-16T16:00,49.3,38.6,0.0,0.0,0.0,0.0,3,Overcast,15.1,38.9,44,
2025-04-16T17:00,49.2,38.6,0.0,0.0,0.0,0.0,1,Mainly clear,15.1,38.5,46,
2025-04-16T18:00,48.5,39.2,0.0,0.0,0.0,0.0,2,Partly cloudy,12.2,34.7,49,
2025-04-16T19:00,47.1,38.6,0.0,0.0,0.0,0.0,1,Mainly clear,10.3,27.3,51,
2025-04-16T20:00,45.2,37.2,0.0,0.0,0.0,0.0,2,Partly cloudy,9.1,23.3,54,
2025-04-16T21:00,45.5,37.7,0.0,0.0,0.0,0.0,3,Overcast,8.6,19.7,54,
2025-04-16T22:00,44.6,37.0,0.0,0.0,0.0,0.0,1,Mainly clear,8.2,19.5,56,
2025-04-16T23:00,43.3,36.2,0.0,0.0,0.0,0.0,1,Mainly clear,7.3,18.1,60,
2025-04-17T00:00,42.3,35.1,0.0,0.0,0.0,0.0,1,Mainly clear,7.2,16.1,62,
2025-04-17T01:00,41.1,34.2,0.0,0.0,0.0,0.0,1,Mainly clear,6.7,16.1,65,
2025-04-17T02:00,40.3,33.5,0.0,0.0,0.0,0.0,0,Clear sky,6.4,14.8,68,
2025-04-17T03:00,39.7,33.0,0.0,0.0,0.0,0.0,0,Clear sky,6.2,14.1,70,
2025-04-17T04:00,39.1,32.4,0.0,0.0,0.0,0.0,0,Clear sky,6.4,14.1,72,
2025-04-17T05:00,38.7,32.0,0.0,0.0,0.0,0.0,0,Clear sky,6.4,14.1,73,
2025-04-17T06:00,38.3,31.5,0.0,0.0,0.0,0.0,0,Clear sky,6.5,14.1,74,
2025-04-17T07:00,38.9,32.1,0.0,0.0,0.0,0.0,0,Clear sky,6.8,14.8,72,
2025-04-17T08:00,41.5,34.4,0.0,0.0,0.0,0.0,0,Clear sky,7.2,19.9,65,
2025-04-17T09:00,45.9,38.0,0.0,0.0,0.0,0.0,0,Clear sky,8.9,21.9,54,
2025-04-17T10:00,48.4,40.8,0.0,0.0,0.0,0.0,0,Clear sky,8.6,22.6,47,
2025-04-17T11:00,50.5,44.8,0.0,0.0,0.0,0.0,0,Clear sky,8.2,21.9,44,
2025-04-17T12:00,52.6,48.3,0.0,0.0,0.0,0.0,0,Clear sky,8.0,21.7,43,
2025-04-17T13:00,55.0,51.3,0.0,0.0,0.0,0.0,0,Clear sky,7.6,21.5,39,
2025-04-17T14:00,56.8,53.2,0.0,0.0,0.0,0.0,0,Clear sky,7.4,20.8,36,
2025-04-17T15:00,58.5,54.0,0.0,0.0,0.0,0.0,0,Clear sky,7.7,20.4,34,
2025-04-17T16:00,59.2,53.2,0.0,0.0,0.0,0.0,0,Clear sky,8.3,21.0,33,
2025-04-17T17:00,59.4,51.7,0.0,0.0,0.0,0.0,0,Clear sky,8.2,21.0,32,
2025-04-17T18:00,58.3,51.4,0.0,0.0,0.0,0.0,0,Clear sky,6.9,19.7,35,
2025-04-17T19:00,55.4,50.4,0.0,0.0,0.0,0.0,0,Clear sky,4.0,15.0,47,
2025-04-17T20:00,51.6,47.0,0.0,0.0,0.0,0.0,0,Clear sky,3.7,8.5,56,
2025-04-17T21:00,51.7,46.9,0.0,0.0,0.0,0.0,0,Clear sky,3.7,8.5,54,
2025-04-17T22:00,49.9,45.2,0.0,0.0,0.0,0.0,0,Clear sky,3.5,7.2,58,
2025-04-17T23:00,47.8,43.7,0.0,0.0,0.0,0.0,0,Clear sky,2.1,6.7,63,
2025-04-18T00:00,45.2,41.1,0.0,0.0,0.0,0.0,0,Clear sky,2.7,5.1,72,
2025-04-18T01:00,43.6,39.4,0.0,0.0,0.0,0.0,0,Clear sky,2.6,5.8,76,
2025-04-18T02:00,42.3,38.1,0.0,0.0,0.0,0.0,0,Clear sky,2.5,5.4,79,
2025-04-18T03:00,40.9,36.7,0.0,0.0,0.0,0.0,0,Clear sky,2.5,5.1,82,
2025-04-18T04:00,40.7,37.4,0.0,0.0,0.0,0.0,1,Mainly clear,0.2,4.5,81,
2025-04-18T05:00,40.2,36.4,0.0,0.0,0.0,0.0,0,Clear sky,1.3,2.5,83,
2025-04-18T06:00,39.6,35.9,0.0,0.0,0.0,0.0,0,Clear sky,0.8,2.9,84,
2025-04-18T07:00,40.3,36.7,0.0,0.0,0.0,0.0,0,Clear sky,1.5,2.5,88,
2025-04-18T08:00,44.2,40.7,0.0,0.0,0.0,0.0,0,Clear sky,1.7,6.0,80,
2025-04-18T09:00,48.7,45.2,0.0,0.0,0.0,0.0,0,Clear sky,1.6,7.6,65,
2025-04-18T10:00,53.9,50.6,0.0,0.0,0.0,0.0,0,Clear sky,2.5,9.6,57,
2025-04-18T11:00,59.0,56.1,0.0,0.0,0.0,0.0,1,Mainly clear,5.3,14.8,47,
2025-04-18T12:00,62.0,58.5,0.0,0.0,0.0,0.0,0,Clear sky,7.6,19.9,38,
2025-04-18T13:00,63.2,60.5,0.0,0.0,0.0,0.0,0,Clear sky,8.1,21.0,40,
2025-04-18T14:00,64.0,60.6,0.0,0.0,0.0,0.0,3,Overcast,10.0,24.8,42,
2025-04-18T15:00,63.6,60.1,0.0,0.0,0.0,0.0,3,Overcast,10.1,25.5,49,
2025-04-18T16:00,62.3,56.6,0.0,0.0,0.0,0.0,3,Overcast,10.6,24.8,50,
2025-04-18T17:00,59.1,53.3,0.0,0.0,0.0,0.0,3,Overcast,9.7,24.8,55,
2025-04-18T18:00,58.3,53.7,0.0,0.0,0.0,0.0,3,Overcast,7.8,21.7,61,
2025-04-18T19:00,58.6,52.3,0.0,0.0,0.0,0.0,3,Overcast,11.2,25.7,58,
2025-04-18T20:00,58.1,54.1,0.0,0.0,0.0,0.0,3,Overcast,6.8,24.8,63,
2025-04-18T21:00,59.6,55.1,0.0,0.0,0.0,0.0,3,Overcast,8.1,19.5,59,
2025-04-18T22:00,59.4,55.3,0.0,0.0,0.0,0.0,3,Overcast,7.6,17.2,63,
2025-04-18T23:00,59.0,55.5,0.0,0.0,0.0,0.0,3,Overcast,7.0,16.1,67,
2025-04-19T00:00,58.9,55.7,0.004,0.004,0.0,0.0,51,Light drizzle,6.7,15.2,69,
2025-04-19T01:00,58.8,56.7,0.0,0.0,0.0,0.0,3,Overcast,4.6,13.9,71,
2025-04-19T02:00,58.8,56.5,0.0,0.0,0.0,0.0,3,Overcast,5.4,10.3,72,
2025-04-19T03:00,59.8,56.6,0.0,0.0,0.0,0.0,3,Overcast,8.1,15.7,71,
2025-04-19T04:00,61.0,57.5,0.0,0.0,0.0,0.0,3,Overcast,9.0,19.0,69,
2025-04-19T05:00,60.5,57.4,0.0,0.0,0.0,0.0,3,Overcast,8.2,19.0,71,
2025-04-19T06:00,60.1,57.3,0.02,0.02,0.0,0.0,53,Moderate drizzle,7.3,17.2,72,
2025-04-19T07:00,60.0,57.6,0.0,0.0,0.0,0.0,1,Mainly clear,7.1,13.9,75,
2025-04-19T08:00,62.8,60.2,0.0,0.0,0.0,0.0,3,Overcast,8.8,18.3,72,
2025-04-19T09:00,63.9,61.7,0.0,0.0,0.0,0.0,3,Overcast,7.5,18.6,69,
2025-04-19T10:00,65.0,63.1,0.0,0.0,0.0,0.0,3,Overcast,7.7,16.1,68,
2025-04-19T11:00,68.1,67.7,0.0,0.0,0.0,0.0,3,Overcast,5.9,16.1,67,
2025-04-19T12:00,69.5,69.0,0.0,0.0,0.0,0.0,3,Overcast,7.2,14.8,66,
2025-04-19T13:00,75.7,76.5,0.0,0.0,0.0,0.0,3,Overcast,9.3,22.4,55,
2025-04-19T14:00,78.5,79.5,0.0,0.0,0.0,0.0,3,Overcast,10.1,24.2,50,
2025-04-19T15:00,79.6,79.6,0.0,0.0,0.0,0.0,3,Overcast,10.3,24.2,49,
2025-04-19T16:00,79.0,77.4,0.0,0.0,0.0,0.0,2,Partly cloudy,10.8,25.3,50,
2025-04-19T17:00,79.1,77.3,0.0,0.0,0.0,0.0,3,Overcast,11.2,26.4,50,
2025-04-19T18:00,77.3,75.8,0.0,0.0,0.0,0.0,3,Overcast,10.8,25.9,54,
2025-04-19T19:00,75.4,74.1,0.0,0.0,0.0,0.0,3,Overcast,10.4,23.5,58,
2025-04-19T20:00,74.0,72.8,0.0,0.0,0.0,0.0,3,Overcast,9.9,22.6,59,
2025-04-19T21:00,73.0,72.1,0.0,0.0,0.0,0.0,3,Overcast,8.4,21.9,59,
2025-04-19T22:00,72.3,71.0,0.0,0.0,0.0,0.0,3,Overcast,9.3,19.5,61,
2025-04-19T23:00,71.8,70.9,0.0,0.0,0.0,0.0,2,Partly cloudy,8.8,20.1,63,
2025-04-20T00:00,70.8,70.4,0.0,0.0,0.0,0.0,2,Partly cloudy,7.6,18.6,65,
2025-04-20T01:00,68.6,68.7,0.0,0.0,0.0,0.0,1,Mainly clear,6.6,15.7,70,
2025-04-20T02:00,67.5,66.5,0.0,0.0,0.0,0.0,0,Clear sky,8.3,17.2,71,
2025-04-20T03:00,65.7,64.1,0.0,0.0,0.0,0.0,2,Partly cloudy,9.0,19.0,74,
2025-04-20T04:00,62.1,58.5,0.0,0.0,0.0,0.0,3,Overcast,11.3,25.9,74,
2025-04-20T05:00,58.4,54.9,0.0,0.0,0.0,0.0,3,Overcast,8.5,24.4,75,
2025-04-20T06:00,55.6,49.6,0.0,0.0,0.0,0.0,3,Overcast,10.9,23.7,66,
2025-04-20T07:00,52.9,46.9,0.0,0.0,0.0,0.0,3,Overcast,9.3,23.9,65,
2025-04-20T08:00,50.6,42.6,0.0,0.0,0.0,0.0,3,Overcast,12.1,28.6,60,
2025-04-20T09:00,54.8,46.7,0.0,0.0,0.0,0.0,3,Overcast,12.1,31.1,51,
2025-04-20T10:00,55.3,47.3,0.0,0.0,0.0,0.0,3,Overcast,12.0,29.1,50,
2025-04-20T11:00,57.8,51.4,0.0,0.0,0.0,0.0,3,Overcast,11.9,29.3,45,
2025-04-20T12:00,59.8,54.2,0.0,0.0,0.0,0.0,3,Overcast,11.7,29.5,39,
2025-04-20T13:00,61.3,56.6,0.0,0.0,0.0,0.0,3,Overcast,11.1,29.3,38,
2025-04-20T14:00,62.6,57.7,0.0,0.0,0.0,0.0,3,Overcast,10.9,28.0,35,
2025-04-20T15:00,63.6,58.2,0.0,0.0,0.0,0.0,3,Overcast,10.7,27.5,33,
2025-04-20T16:00,64.0,57.4,0.0,0.0,0.0,0.0,3,Overcast,10.2,26.8,30,
2025-04-20T17:00,63.3,55.8,0.0,0.0,0.0,0.0,3,Overcast,8.7,24.8,30,
2025-04-20T18:00,62.2,55.2,0.0,0.0,0.0,0.0,3,Overcast,7.4,21.0,32,
2025-04-20T19:00,59.9,54.7,0.0,0.0,0.0,0.0,3,Overcast,4.6,17.0,39,
2025-04-20T20:00,55.9,51.9,0.0,0.0,0.0,0.0,3,Overcast,3.2,9.8,52,
2025-04-20T21:00,56.1,52.0,0.0,0.0,0.0,0.0,3,Overcast,3.5,8.1,52,
2025-04-20T22:00,54.4,50.3,0.0,0.0,0.0,0.0,3,Overcast,3.5,7.2,55,
2025-04-20T23:00,51.9,47.8,0.0,0.0,0.0,0.0,2,Partly cloudy,3.3,7.6,60,
2025-04-21T00:00,49.4,45.5,0.0,0.0,0.0,0.0,2,Partly cloudy,2.9,6.9,67,
2025-04-21T01:00,48.4,44.2,0.0,0.0,0.0,0.0,3,Overcast,3.4,6.9,67,
2025-04-21T02:00,47.2,42.4,0.0,0.0,0.0,0.0,3,Overcast,4.0,8.3,65,
2025-04-21T03:00,46.3,41.2,0.0,0.0,0.0,0.0,3,Overcast,3.9,8.5,63,
2025-04-21T04:00,45.7,40.8,0.0,0.0,0.0,0.0,3,Overcast,3.2,8.5,64,
2025-04-21T05:00,45.0,40.0,0.0,0.0,0.0,0.0,3,Overcast,3.4,7.2,66,
2025-04-21T06:00,44.2,39.2,0.0,0.0,0.0,0.0,3,Overcast,3.4,7.4,67,
2025-04-21T07:00,44.8,39.3,0.0,0.0,0.0,0.0,3,Overcast,4.5,8.9,65,
2025-04-21T08:00,47.2,42.0,0.0,0.0,0.0,0.0,3,Overcast,3.9,10.3,59,
2025-04-21T09:00,50.4,45.1,0.0,0.0,0.0,0.0,3,Overcast,3.8,10.5,52,
2025-04-21T10:00,52.4,46.2,0.0,0.0,0.0,0.0,3,Overcast,5.5,13.9,44,
2025-04-21T11:00,53.7,46.6,0.0,0.0,0.0,0.0,3,Overcast,7.0,17.9,40,
2025-04-21T12:00,54.2,46.8,0.0,0.0,0.0,0.0,3,Overcast,7.8,19.7,39,
2025-04-21T13:00,54.9,47.5,0.0,0.0,0.0,0.0,3,Overcast,7.9,20.8,40,
2025-04-21T14:00,56.2,49.0,0.0,0.0,0.0,0.0,3,Overcast,8.4,21.5,41,
2025-04-21T15:00,54.9,47.7,0.0,0.0,0.0,0.0,3,Overcast,8.8,21.9,46,
2025-04-21T16:00,54.1,47.3,0.0,0.0,0.0,0.0,3,Overcast,8.7,21.7,51,
2025-04-21T17:00,53.5,47.1,0.0,0.0,0.0,0.0,3,Overcast,8.2,20.8,54,
2025-04-21T18:00,52.9,47.1,0.0,0.0,0.0,0.0,3,Overcast,7.3,19.5,59,
2025-04-21T19:00,51.5,46.6,0.0,0.0,0.0,0.0,3,Overcast,6.5,17.2,66,
2025-04-21T20:00,50.7,45.8,0.0,0.0,0.0,0.0,3,Overcast,7.1,15.7,73,
2025-04-21T21:00,50.5,47.3,0.0,0.0,0.0,0.0,3,Overcast,3.8,11.9,77,
2025-04-21T22:00,50.5,47.0,0.012,0.012,0.0,0.0,51,Light drizzle,5.0,9.4,81,
2025-04-21T23:00,50.6,47.9,0.0,0.0,0.0,0.0,3,Overcast,4.2,11.0,85,
2025-04-22T00:00,51.5,48.8,0.0,0.0,0.0,0.0,3,Overcast,5.2,13.6,88,
2025-04-22T01:00,52.4,50.3,0.004,0.004,0.0,0.0,51,Light drizzle,4.8,10.5,90,
2025-04-22T02:00,52.5,51.7,0.0,0.0,0.0,0.0,2,Partly cloudy,2.2,9.4,93,
2025-04-22T03:00,51.7,50.8,0.0,0.0,0.0,0.0,0,Clear sky,2.2,4.0,94,
2025-04-22T04:00,51.7,51.0,0.0,0.0,0.0,0.0,0,Clear sky,2.0,3.8,95,
2025-04-22T05:00,51.7,51.0,0.0,0.0,0.0,0.0,1,Mainly clear,2.1,3.4,96,
2025-04-22T06:00,51.1,50.0,0.0,0.0,0.0,0.0,2,Partly cloudy,2.8,4.5,97,
2025-04-22T07:00,53.6,52.9,0.0,0.0,0.0,0.0,1,Mainly clear,3.4,5.8,96,
2025-04-22T08:00,57.2,57.6,0.0,0.0,0.0,0.0,0,Clear sky,2.8,8.3,92,
2025-04-22T09:00,58.4,59.3,0.0,0.0,0.0,0.0,3,Overcast,1.1,6.9,86,
2025-04-22T10:00,64.0,65.5,0.0,0.0,0.0,0.0,0,Clear sky,1.3,8.1,76,
2025-04-22T11:00,69.3,72.4,0.0,0.0,0.0,0.0,0,Clear sky,2.6,10.3,65,
2025-04-22T12:00,73.9,73.4,0.0,0.0,0.0,0.0,0,Clear sky,8.1,20.8,44,
2025-04-22T13:00,74.8,74.5,0.0,0.0,0.0,0.0,0,Clear sky,9.0,23.5,42,
2025-04-22T14:00,76.7,76.4,0.0,0.0,0.0,0.0,0,Clear sky,8.5,23.0,39,
2025-04-22T15:00,78.2,75.8,0.0,0.0,0.0,0.0,1,Mainly clear,9.8,24.4,33,
2025-04-22T16:00,78.4,74.7,0.0,0.0,0.0,0.0,1,Mainly clear,9.7,25.1,31,
2025-04-22T17:00,77.9,72.4,0.0,0.0,0.0,0.0,2,Partly cloudy,8.9,23.9,29,
2025-04-22T18:00,75.5,69.1,0.0,0.0,0.0,0.0,3,Overcast,10.2,22.1,30,
2025-04-22T19:00,71.9,66.2,0.0,0.0,0.0,0.0,3,Overcast,9.4,22.8,36,
2025-04-22T20:00,68.5,64.2,0.0,0.0,0.0,0.0,2,Partly cloudy,6.6,19.7,41,
2025-04-22T21:00,67.4,62.1,0.0,0.0,0.0,0.0,3,Overcast,7.5,19.0,39,
2025-04-22T22:00,64.8,60.4,0.0,0.0,0.0,0.0,3,Overcast,6.5,15.7,46,
2025-04-22T23:00,62.9,59.1,0.0,0.0,0.0,0.0,3,Overcast,5.6,13.2,51,
2025-04-23T00:00,61.6,57.5,0.0,0.0,0.0,0.0,3,Overcast,6.1,12.3,52,
2025-04-23T01:00,59.4,53.4,0.0,0.0,0.0,0.0,3,Overcast,9.1,19.0,51,
2025-04-23T02:00,56.3,51.2,0.0,0.0,0.0,0.0,3,Overcast,7.5,19.7,59,
2025-04-23T03:00,54.1,49.3,0.0,0.0,0.0,0.0,3,Overcast,6.7,15.9,65,
2025-04-23T04:00,52.3,47.7,0.0,0.0,0.0,0.0,2,Partly cloudy,6.0,14.3,66,
2025-04-23T05:00,50.7,46.5,0.0,0.0,0.0,0.0,3,Overcast,4.8,12.8,69,
2025-04-23T06:00,48.9,45.6,0.0,0.0,0.0,0.0,1,Mainly clear,2.8,9.8,75,
2025-04-23T07:00,49.9,46.6,0.0,0.0,0.0,0.0,0,Clear sky,2.8,6.0,72,
2025-04-23T08:00,52.3,49.1,0.0,0.0,0.0,0.0,2,Partly cloudy,2.3,7.8,64,
2025-04-23T09:00,58.7,55.0,0.0,0.0,0.0,0.0,2,Partly cloudy,2.3,9.8,46,
2025-04-23T10:00,61.6,57.9,0.0,0.0,0.0,0.0,1,Mainly clear,2.2,10.5,38,
2025-04-23T11:00,64.1,62.5,0.0,0.0,0.0,0.0,3,Overcast,1.7,10.7,35,
2025-04-23T12:00,66.7,66.1,0.0,0.0,0.0,0.0,3,Overcast,1.7,11.0,32,
2025-04-23T13:00,68.8,68.0,0.0,0.0,0.0,0.0,1,Mainly clear,2.7,12.5,30,
2025-04-23T14:00,70.9,70.1,0.0,0.0,0.0,0.0,3,Overcast,3.7,14.5,29,
2025-04-23T15:00,73.0,71.4,0.0,0.0,0.0,0.0,3,Overcast,4.1,14.8,28,
2025-04-23T16:00,75.1,71.6,0.0,0.0,0.0,0.0,3,Overcast,5.3,15.9,27,
2025-04-23T17:00,75.8,69.5,0.0,0.0,0.0,0.0,3,Overcast,8.3,20.8,26,
2025-04-23T18:00,74.8,68.8,0.0,0.0,0.0,0.0,3,Overcast,7.9,22.1,27,
2025-04-23T19:00,73.0,67.9,0.0,0.0,0.0,0.0,1,Mainly clear,6.2,19.5,30,
2025-04-23T20:00,70.3,66.5,0.0,0.0,0.0,0.0,0,Clear sky,3.9,13.9,35,
2025-04-23T21:00,63.5,58.0,0.0,0.0,0.0,0.0,0,Clear sky,4.8,13.4,33,
2025-04-23T22:00,61.7,57.1,0.0,0.0,0.0,0.0,0,Clear sky,2.8,9.6,36,
2025-04-23T23:00,60.4,56.1,0.0,0.0,0.0,0.0,0,Clear sky,2.5,5.8,39,
2025-04-24T00:00,60.1,56.6,0.0,0.0,0.0,0.0,0,Clear sky,0.9,5.1,41,
2025-04-24T01:00,59.5,56.0,0.0,0.0,0.0,0.0,3,Overcast,0.8,2.0,42,
2025-04-24T02:00,58.3,53.9,0.0,0.0,0.0,0.0,3,Overcast,3.3,6.7,45,
2025-04-24T03:00,55.9,51.7,0.0,0.0,0.0,0.0,3,Overcast,3.2,7.6,50,
2025-04-24T04:00,54.7,50.7,0.0,0.0,0.0,0.0,1,Mainly clear,3.3,6.9,55,
2025-04-24T05:00,53.1,49.6,0.0,0.0,0.0,0.0,2,Partly cloudy,2.6,6.7,61,
2025-04-24T06:00,52.5,49.6,0.0,0.0,0.0,0.0,3,Overcast,1.3,4.9,63,
2025-04-24T07:00,54.1,50.5,0.0,0.0,0.0,0.0,2,Partly cloudy,3.2,5.6,60,
2025-04-24T08:00,57.2,54.0,0.0,0.0,0.0,0.0,0,Clear sky,2.0,7.6,53,
2025-04-24T09:00,61.7,58.1,0.0,0.0,0.0,0.0,0,Clear sky,2.9,10.7,45,
2025-04-24T10:00,66.1,62.6,0.0,0.0,0.0,0.0,0,Clear sky,2.8,12.1,37,
2025-04-24T11:00,70.8,69.2,0.0,0.0,0.0,0.0,0,Clear sky,2.6,12.1,31,
2025-04-24T12:00,74.8,74.0,0.0,0.0,0.0,0.0,0,Clear sky,3.2,13.4,26,
2025-04-24T13:00,77.5,75.7,0.0,0.0,0.0,0.0,0,Clear sky,5.6,17.9,23,
2025-04-24T14:00,79.8,77.6,0.0,0.0,0.0,0.0,0,Clear sky,6.7,20.1,22,
2025-04-24T15:00,78.0,74.2,0.0,0.0,0.0,0.0,0,Clear sky,9.1,24.6,25,
2025-04-24T16:00,76.3,71.7,0.0,0.0,0.0,0.0,0,Clear sky,8.8,25.7,27,
2025-04-24T17:00,75.4,70.1,0.0,0.0,0.0,0.0,3,Overcast,8.1,23.5,31,
2025-04-24T18:00,73.6,69.1,0.0,0.0,0.0,0.0,3,Overcast,6.4,21.5,33,
2025-04-24T19:00,72.8,69.1,0.0,0.0,0.0,0.0,1,Mainly clear,4.2,16.6,34,
2025-04-24T20:00,74.0,68.5,0.0,0.0,0.0,0.0,1,Mainly clear,8.2,14.8,31,
2025-04-24T21:00,73.1,66.7,0.0,0.0,0.0,0.0,2,Partly cloudy,9.9,21.7,31,
2025-04-24T22:00,70.7,64.3,0.0,0.0,0.0,0.0,0,Clear sky,9.2,21.7,32,
2025-04-24T23:00,68.5,61.5,0.0,0.0,0.0,0.0,0,Clear sky,8.6,20.1,28,
2025-04-25T00:00,66.7,59.3,0.0,0.0,0.0,0.0,1,Mainly clear,8.4,18.6,27,
2025-04-25T01:00,65.2,57.8,0.0,0.0,0.0,0.0,0,Clear sky,8.3,17.9,28,
2025-04-25T02:00,63.5,56.4,0.0,0.0,0.0,0.0,1,Mainly clear,7.7,17.7,31,
2025-04-25T03:00,62.2,55.6,0.0,0.0,0.0,0.0,2,Partly cloudy,7.0,16.1,34,
2025-04-25T04:00,60.8,55.0,0.0,0.0,0.0,0.0,3,Overcast,6.1,14.5,39,
2025-04-25T05:00,59.5,54.4,0.0,0.0,0.0,0.0,3,Overcast,5.4,12.5,45,
2025-04-25T06:00,58.3,54.2,0.0,0.0,0.0,0.0,3,Overcast,4.2,11.0,51,
2025-04-25T07:00,58.8,54.8,0.0,0.0,0.0,0.0,3,Overcast,5.0,9.6,55,
2025-04-25T08:00,61.0,57.7,0.0,0.0,0.0,0.0,3,Overcast,4.4,11.0,54,
2025-04-25T09:00,63.5,60.3,0.0,0.0,0.0,0.0,3,Overcast,5.2,14.1,53,
2025-04-25T10:00,67.6,64.7,0.0,0.0,0.0,0.0,3,Overcast,5.8,16.6,49,
2025-04-25T11:00,70.9,68.5,0.0,0.0,0.0,0.0,3,Overcast,6.7,18.8,45,
2025-04-25T12:00,74.2,72.3,0.0,0.0,0.0,0.0,3,Overcast,7.6,21.3,38,
2025-04-25T13:00,76.5,74.4,0.0,0.0,0.0,0.0,3,Overcast,7.6,21.5,34,
2025-04-25T14:00,77.4,76.1,0.0,0.0,0.0,0.0,3,Overcast,7.8,21.9,35,
2025-04-25T15:00,73.6,69.3,0.0,0.0,0.0,0.0,3,Overcast,9.5,24.4,42,
2025-04-25T16:00,74.0,70.2,0.0,0.0,0.0,0.0,3,Overcast,9.6,25.3,38,
2025-04-25T17:00,72.2,67.9,0.0,0.0,0.0,0.0,3,Overcast,9.6,24.8,44,
2025-04-25T18:00,69.6,66.3,0.0,0.0,0.0,0.0,3,Overcast,9.6,24.2,54,
2025-04-25T19:00,66.7,64.6,0.0,0.0,0.0,0.0,3,Overcast,8.3,23.0,65,
2025-04-25T20:00,64.0,62.9,0.0,0.0,0.0,0.0,3,Overcast,6.5,19.5,73,
2025-04-25T21:00,65.9,62.2,0.0,0.0,0.0,0.0,3,Overcast,10.7,24.6,62,
2025-04-25T22:00,65.8,62.9,0.0,0.0,0.0,0.0,3,Overcast,8.5,24.4,62,
2025-04-25T23:00,64.1,62.8,0.0,0.0,0.0,0.0,3,Overcast,8.1,19.0,76,
2025-04-26T00:00,61.6,60.7,0.0,0.0,0.0,0.0,3,Overcast,6.4,17.7,81,
2025-04-26T01:00,60.7,59.6,0.004,0.004,0.0,0.0,51,Light drizzle,7.3,15.9,85,
2025-04-26T02:00,62.1,61.9,0.0,0.0,0.0,0.0,3,Overcast,6.6,16.8,87,
2025-04-26T03:00,62.2,62.4,0.071,0.071,0.0,0.0,61,Slight rain,6.6,14.3,88,
2025-04-26T04:00,61.1,60.9,0.051,0.051,0.0,0.0,61,Slight rain,6.7,18.8,90,
2025-04-26T05:00,61.7,61.0,0.004,0.004,0.0,0.0,51,Light drizzle,8.7,17.4,91,
2025-04-26T06:00,61.5,61.3,0.031,0.031,0.0,0.0,53,Moderate drizzle,8.1,20.6,93,
2025-04-26T07:00,62.0,61.3,0.028,0.028,0.0,0.0,53,Moderate drizzle,9.7,19.5,94,
2025-04-26T08:00,63.1,62.1,0.004,0.004,0.0,0.0,51,Light drizzle,10.6,22.1,91,
2025-04-26T09:00,65.7,65.6,0.008,0.008,0.0,0.0,51,Light drizzle,10.0,23.9,87,
2025-04-26T10:00,67.4,68.1,0.035,0.035,0.0,0.0,53,Moderate drizzle,8.8,21.9,85,
2025-04-26T11:00,68.5,69.2,0.035,0.035,0.0,0.0,53,Moderate drizzle,10.1,21.5,85,
2025-04-26T12:00,68.8,68.2,0.059,0.059,0.0,0.0,61,Slight rain,13.0,27.1,83,
2025-04-26T13:00,70.5,72.0,0.02,0.02,0.0,0.0,53,Moderate drizzle,9.4,28.4,82,
2025-04-26T14:00,68.0,68.0,0.114,0.114,0.0,0.0,63,Moderate rain,11.3,27.3,85,
2025-04-26T15:00,68.5,68.9,0.012,0.012,0.0,0.0,51,Light drizzle,9.9,22.8,83,
2025-04-26T16:00,69.1,69.4,0.004,0.004,0.0,0.0,51,Light drizzle,10.1,25.3,81,
2025-04-26T17:00,68.8,68.4,0.004,0.004,0.0,0.0,51,Light drizzle,11.4,25.5,80,
2025-04-26T18:00,68.5,70.1,0.0,0.0,0.0,0.0,3,Overcast,7.3,25.1,84,
2025-04-26T19:00,65.8,65.6,0.075,0.075,0.0,0.0,61,Slight rain,11.1,26.4,90,
2025-04-26T20:00,64.9,63.9,0.004,0.004,0.0,0.0,51,Light drizzle,9.5,22.6,82,
2025-04-26T21:00,63.7,61.6,0.0,0.0,0.0,0.0,1,Mainly clear,11.5,22.6,83,
2025-04-26T22:00,60.4,55.2,0.0,0.0,0.0,0.0,3,Overcast,11.8,25.7,67,
2025-04-26T23:00,56.3,48.5,0.0,0.0,0.0,0.0,0,Clear sky,13.9,31.3,59,
2025-04-27T00:00,52.8,46.3,0.0,0.0,0.0,0.0,1,Mainly clear,9.6,31.1,62,
2025-04-27T01:00,50.9,44.1,0.0,0.0,0.0,0.0,1,Mainly clear,9.5,22.8,61,
2025-04-27T02:00,50.2,42.8,0.0,0.0,0.0,0.0,1,Mainly clear,10.4,25.3,60,
2025-04-27T03:00,48.9,42.3,0.0,0.0,0.0,0.0,2,Partly cloudy,7.9,23.5,60,
2025-04-27T04:00,48.0,41.2,0.0,0.0,0.0,0.0,3,Overcast,8.1,19.0,59,
2025-04-27T05:00,47.5,40.6,0.0,0.0,0.0,0.0,2,Partly cloudy,8.5,20.1,62,
2025-04-27T06:00,47.1,39.9,0.0,0.0,0.0,0.0,2,Partly cloudy,9.4,21.5,64,
2025-04-27T07:00,47.9,40.0,0.0,0.0,0.0,0.0,2,Partly cloudy,11.1,25.1,63,
2025-04-27T08:00,49.2,39.3,0.0,0.0,0.0,0.0,3,Overcast,15.5,34.9,58,
2025-04-27T09:00,50.9,41.6,0.0,0.0,0.0,0.0,2,Partly cloudy,14.1,36.2,55,
2025-04-27T10:00,52.7,41.7,0.0,0.0,0.0,0.0,2,Partly cloudy,17.6,40.3,49,
2025-04-27T11:00,54.1,43.2,0.0,0.0,0.0,0.0,2,Partly cloudy,17.8,43.4,48,
2025-04-27T12:00,55.1,44.8,0.0,0.0,0.0,0.0,3,Overcast,18.7,43.2,48,
2025-04-27T13:00,54.7,44.2,0.0,0.0,0.0,0.0,3,Overcast,17.2,43.4,49,
2025-04-27T14:00,55.7,44.7,0.0,0.0,0.0,0.0,2,Partly cloudy,18.8,43.6,47,
2025-04-27T15:00,56.0,45.3,0.0,0.0,0.0,0.0,3,Overcast,17.8,43.6,47,
2025-04-27T16:00,56.8,45.9,0.0,0.0,0.0,0.0,3,Overcast,18.1,43.4,46,
2025-04-27T17:00,57.2,45.9,0.0,0.0,0.0,0.0,1,Mainly clear,19.2,44.1,45,
2025-04-27T18:00,57.1,46.0,0.0,0.0,0.0,0.0,3,Overcast,19.0,43.8,46,
2025-04-27T19:00,56.9,48.9,0.0,0.0,0.0,0.0,0,Clear sky,12.3,43.0,48,
2025-04-27T20:00,55.7,48.9,0.0,0.0,0.0,0.0,0,Clear sky,9.0,27.7,50,
2025-04-27T21:00,55.7,49.0,0.0,0.0,0.0,0.0,0,Clear sky,8.3,21.7,48,
2025-04-27T22:00,55.3,47.5,0.0,0.0,0.0,0.0,0,Clear sky,10.2,22.4,45,
2025-04-27T23:00,54.8,46.9,0.0,0.0,0.0,0.0,0,Clear sky,9.7,22.6,42,
2025-04-28T00:00,53.7,46.4,0.0,0.0,0.0,0.0,0,Clear sky,8.2,21.0,44,
2025-04-28T01:00,52.4,45.6,0.0,0.0,0.0,0.0,0,Clear sky,7.5,17.7,48,
2025-04-28T02:00,51.5,44.7,0.0,0.0,0.0,0.0,0,Clear sky,7.8,16.6,51,
2025-04-28T03:00,50.5,44.2,0.0,0.0,0.0,0.0,0,Clear sky,7.0,16.6,54,
2025-04-28T04:00,49.6,43.3,0.0,0.0,0.0,0.0,0,Clear sky,6.7,14.5,57,
2025-04-28T05:00,48.7,42.7,0.0,0.0,0.0,0.0,0,Clear sky,6.3,13.9,58,
2025-04-28T06:00,47.9,42.2,0.0,0.0,0.0,0.0,0,Clear sky,5.5,13.2,60,
2025-04-28T07:00,49.3,43.7,0.0,0.0,0.0,0.0,0,Clear sky,5.6,11.6,59,
2025-04-28T08:00,52.8,47.7,0.0,0.0,0.0,0.0,0,Clear sky,5.4,12.1,57,
2025-04-28T09:00,58.6,54.1,0.0,0.0,0.0,0.0,0,Clear sky,4.6,12.8,48,
2025-04-28T10:00,63.4,59.2,0.0,0.0,0.0,0.0,0,Clear sky,4.9,14.1,39,
2025-04-28T11:00,66.7,64.1,0.0,0.0,0.0,0.0,0,Clear sky,4.7,14.8,33,
2025-04-28T12:00,68.9,67.7,0.0,0.0,0.0,0.0,0,Clear sky,3.8,14.5,29,
2025-04-28T13:00,70.4,70.4,0.0,0.0,0.0,0.0,0,Clear sky,2.6,13.2,27,
2025-04-28T14:00,71.5,71.6,0.0,0.0,0.0,0.0,0,Clear sky,2.4,11.4,26,
2025-04-28T15:00,72.2,71.0,0.0,0.0,0.0,0.0,0,Clear sky,3.4,12.3,26,
2025-04-28T16:00,72.4,69.3,0.0,0.0,0.0,0.0,0,Clear sky,4.7,14.5,26,
2025-04-28T17:00,71.8,66.5,0.0,0.0,0.0,0.0,0,Clear sky,5.5,15.2,27,
2025-04-28T18:00,71.3,65.7,0.0,0.0,0.0,0.0,0,Clear sky,6.1,15.7,28,
2025-04-28T19:00,69.0,64.7,0.0,0.0,0.0,0.0,0,Clear sky,4.2,14.8,34,
2025-04-28T20:00,63.1,58.3,0.0,0.0,0.0,0.0,3,Overcast,5.6,11.6,42,
2025-04-28T21:00,61.4,57.2,0.0,0.0,0.0,0.0,3,Overcast,3.6,11.0,43,
2025-04-28T22:00,60.1,55.8,0.0,0.0,0.0,0.0,0,Clear sky,4.0,8.1,46,
2025-04-28T23:00,61.1,55.5,0.0,0.0,0.0,0.0,0,Clear sky,6.1,11.9,41,
2025-04-29T00:00,60.2,54.2,0.0,0.0,0.0,0.0,0,Clear sky,7.0,14.1,42,
2025-04-29T01:00,58.6,52.7,0.0,0.0,0.0,0.0,0,Clear sky,7.2,15.0,45,
2025-04-29T02:00,56.7,51.1,0.0,0.0,0.0,0.0,0,Clear sky,6.3,14.5,48,
2025-04-29T03:00,55.1,49.9,0.0,0.0,0.0,0.0,3,Overcast,5.9,12.8,52,
2025-04-29T04:00,53.8,48.9,0.0,0.0,0.0,0.0,2,Partly cloudy,5.5,12.1,57,
2025-04-29T05:00,52.8,47.8,0.0,0.0,0.0,0.0,2,Partly cloudy,5.9,12.1,61,
2025-04-29T06:00,52.2,47.2,0.0,0.0,0.0,0.0,1,Mainly clear,6.1,12.5,64,
2025-04-29T07:00,53.4,48.3,0.0,0.0,0.0,0.0,2,Partly cloudy,6.6,13.4,61,
2025-04-29T08:00,56.7,52.0,0.0,0.0,0.0,0.0,3,Overcast,5.4,13.9,54,
2025-04-29T09:00,61.6,56.1,0.0,0.0,0.0,0.0,0,Clear sky,7.0,18.1,44,
2025-04-29T10:00,65.6,60.0,0.0,0.0,0.0,0.0,0,Clear sky,8.4,21.7,38,
2025-04-29T11:00,69.8,65.4,0.0,0.0,0.0,0.0,0,Clear sky,9.5,24.4,35,
2025-04-29T12:00,73.9,70.1,0.0,0.0,0.0,0.0,0,Clear sky,11.1,28.0,32,
2025-04-29T13:00,77.5,74.1,0.0,0.0,0.0,0.0,0,Clear sky,11.5,29.1,29,
2025-04-29T14:00,79.7,76.9,0.0,0.0,0.0,0.0,0,Clear sky,10.7,28.9,29,
2025-04-29T15:00,80.9,78.3,0.0,0.0,0.0,0.0,3,Overcast,9.7,27.5,29,
2025-04-29T16:00,81.1,77.6,0.0,0.0,0.0,0.0,3,Overcast,10.0,25.5,31,
2025-04-29T17:00,80.4,75.7,0.0,0.0,0.0,0.0,3,Overcast,10.5,26.2,33,
2025-04-29T18:00,78.9,74.8,0.0,0.0,0.0,0.0,3,Overcast,9.5,26.2,36,
2025-04-29T19:00,76.4,72.3,0.0,0.0,0.0,0.0,3,Overcast,10.2,22.8,41,
2025-04-29T20:00,73.9,69.4,0.0,0.0,0.0,0.0,3,Overcast,12.3,27.5,46,
2025-04-29T21:00,73.7,69.3,0.0,0.0,0.0,0.0,3,Overcast,12.4,28.0,48,
2025-04-29T22:00,72.3,68.5,0.0,0.0,0.0,0.0,3,Overcast,11.7,28.0,52,
2025-04-29T23:00,72.0,68.4,0.0,0.0,0.0,0.0,3,Overcast,11.2,25.9,53,
2025-04-30T00:00,71.5,68.4,0.0,0.0,0.0,0.0,3,Overcast,11.1,25.1,56,
2025-04-30T01:00,71.3,68.7,0.0,0.0,0.0,0.0,2,Partly cloudy,10.6,24.6,58,
2025-04-30T02:00,70.1,68.2,0.0,0.0,0.0,0.0,3,Overcast,9.7,23.0,63,
2025-04-30T03:00,69.4,68.2,0.0,0.0,0.0,0.0,3,Overcast,9.1,21.0,67,
2025-04-30T04:00,68.8,68.0,0.0,0.0,0.0,0.0,3,Overcast,8.4,19.5,69,
2025-04-30T05:00,67.9,67.7,0.0,0.0,0.0,0.0,3,Overcast,7.5,17.9,73,
2025-04-30T06:00,67.6,67.9,0.0,0.0,0.0,0.0,3,Overcast,7.1,16.1,75,
2025-04-30T07:00,66.8,64.9,0.0,0.0,0.0,0.0,3,Overcast,10.1,21.5,71,
2025-04-30T08:00,61.5,55.9,0.0,0.0,0.0,0.0,3,Overcast,11.0,25.7,57,
2025-04-30T09:00,68.0,62.1,0.0,0.0,0.0,0.0,1,Mainly clear,10.7,26.2,43,
2025-04-30T10:00,68.5,61.8,0.0,0.0,0.0,0.0,0,Clear sky,11.2,28.2,34,
2025-04-30T11:00,69.2,64.0,0.0,0.0,0.0,0.0,1,Mainly clear,10.3,28.2,31,
2025-04-30T12:00,70.6,65.4,0.0,0.0,0.0,0.0,0,Clear sky,10.9,28.6,25,
2025-04-30T13:00,71.2,67.4,0.0,0.0,0.0,0.0,0,Clear sky,9.5,28.6,25,
2025-04-30T14:00,72.8,68.8,0.0,0.0,0.0,0.0,0,Clear sky,8.8,25.9,21,
2025-04-30T15:00,72.9,68.2,0.0,0.0,0.0,0.0,3,Overcast,8.8,24.6,20,
2025-04-30T16:00,72.8,66.9,0.0,0.0,0.0,0.0,3,Overcast,8.8,24.4,21,
2025-04-30T17:00,72.1,64.6,0.0,0.0,0.0,0.0,3,Overcast,8.7,23.9,21,
2025-04-30T18:00,70.8,63.1,0.0,0.0,0.0,0.0,0,Clear sky,8.3,22.8,21,
2025-04-30T19:00,68.6,61.3,0.0,0.0,0.0,0.0,3,Overcast,7.9,21.0,24,
2025-04-30T20:00,66.2,59.5,0.0,0.0,0.0,0.0,3,Overcast,7.0,18.8,28,
2025-04-30T21:00,66.2,59.4,0.0,0.0,0.0,0.0,2,Partly cloudy,6.1,12.8,25,
2025-04-30T22:00,64.0,57.5,0.0,0.0,0.0,0.0,3,Overcast,6.4,13.6,30,
2025-04-30T23:00,61.6,55.5,0.0,0.0,0.0,0.0,3,Overcast,6.0,13.6,35,
2025-05-01T00:00,59.5,53.8,0.0,0.0,0.0,0.0,3,Overcast,5.3,12.8,39,
2025-05-01T01:00,57.7,52.3,0.0,0.0,0.0,0.0,3,Overcast,4.8,11.0,43,
2025-05-01T02:00,55.8,50.4,0.0,0.0,0.0,0.0,3,Overcast,5.2,10.7,47,
2025-05-01T03:00,54.1,48.9,0.0,0.0,0.0,0.0,3,Overcast,5.2,11.6,51,
2025-05-01T04:00,53.2,48.2,0.0,0.0,0.0,0.0,3,Overcast,4.1,11.0,51,
2025-05-01T05:00,51.4,46.0,0.0,0.0,0.0,0.0,3,Overcast,4.5,10.3,52,
2025-05-01T06:00,50.2,44.8,0.0,0.0,0.0,0.0,3,Overcast,4.3,9.6,53,
2025-05-01T07:00,50.6,45.2,0.0,0.0,0.0,0.0,3,Overcast,4.5,11.2,52,
2025-05-01T08:00,53.2,48.3,0.0,0.0,0.0,0.0,3,Overcast,3.4,11.0,47,
2025-05-01T09:00,58.6,53.6,0.0,0.0,0.0,0.0,3,Overcast,3.3,12.1,39,
2025-05-01T10:00,62.9,58.5,0.0,0.0,0.0,0.0,3,Overcast,3.4,13.2,34,
2025-05-01T11:00,67.0,64.2,0.0,0.0,0.0,0.0,3,Overcast,3.7,14.3,29,
2025-05-01T12:00,70.1,67.4,0.0,0.0,0.0,0.0,3,Overcast,5.4,17.4,26,
2025-05-01T13:00,71.4,68.6,0.0,0.0,0.0,0.0,3,Overcast,6.9,21.0,24,
2025-05-01T14:00,70.7,66.1,0.0,0.0,0.0,0.0,3,Overcast,7.8,22.6,23,
2025-05-01T15:00,69.9,64.1,0.0,0.0,0.0,0.0,0,Clear sky,8.4,23.5,23,
2025-05-01T16:00,68.5,62.4,0.0,0.0,0.0,0.0,0,Clear sky,9.0,24.6,25,
2025-05-01T17:00,67.3,60.0,0.0,0.0,0.0,0.0,0,Clear sky,8.6,24.6,28,
2025-05-01T18:00,65.2,58.5,0.0,0.0,0.0,0.0,0,Clear sky,7.9,22.8,32,
2025-05-01T19:00,62.5,56.6,0.0,0.0,0.0,0.0,0,Clear sky,7.0,20.6,39,
2025-05-01T20:00,60.1,55.2,0.0,0.0,0.0,0.0,1,Mainly clear,5.5,17.7,46,
2025-05-01T21:00,58.8,54.3,0.0,0.0,0.0,0.0,3,Overcast,5.1,15.0,50,
2025-05-01T22:00,58.5,54.1,0.0,0.0,0.0,0.0,3,Overcast,5.6,14.3,54,
2025-05-01T23:00,58.2,54.3,0.0,0.0,0.0,0.0,3,Overcast,5.3,14.1,57,
2025-05-02T00:00,58.5,54.9,0.0,0.0,0.0,0.0,3,Overcast,4.8,13.4,59,
2025-05-02T01:00,58.7,55.3,0.043,0.043,0.0,0.0,55,Dense drizzle,7.2,17.4,68,
2025-05-02T02:00,59.4,58.5,0.039,0.039,0.0,0.0,55,Dense drizzle,5.8,16.8,85,
2025-05-02T03:00,58.9,58.8,0.0,0.0,0.0,0.0,3,Overcast,5.0,11.4,91,
2025-05-02T04:00,58.4,59.2,0.0,0.0,0.0,0.0,3,Overcast,3.1,10.7,94,
2025-05-02T05:00,57.5,58.5,0.0,0.0,0.0,0.0,3,Overcast,2.5,6.5,96,
2025-05-02T06:00,57.3,58.3,0.0,0.0,0.0,0.0,3,Overcast,2.5,6.0,96,
2025-05-02T07:00,60.4,61.5,0.0,0.0,0.0,0.0,3,Overcast,3.3,6.5,90,
2025-05-02T08:00,65.4,67.0,0.0,0.0,0.0,0.0,3,Overcast,3.0,8.7,79,
2025-05-02T09:00,66.0,66.6,0.0,0.0,0.0,0.0,3,Overcast,2.9,10.3,70,
2025-05-02T10:00,66.9,67.7,0.0,0.0,0.0,0.0,3,Overcast,3.3,10.7,70,
2025-05-02T11:00,71.7,72.5,0.0,0.0,0.0,0.0,3,Overcast,4.2,13.2,62,
2025-05-02T12:00,77.6,79.0,0.0,0.0,0.0,0.0,3,Overcast,6.2,17.9,51,
2025-05-02T13:00,81.9,83.5,0.0,0.0,0.0,0.0,1,Mainly clear,8.4,26.4,44,
2025-05-02T14:00,84.8,85.2,0.0,0.0,0.0,0.0,1,Mainly clear,9.4,26.2,38,
2025-05-02T15:00,85.5,84.3,0.0,0.0,0.0,0.0,1,Mainly clear,8.4,26.2,33,
2025-05-02T16:00,86.1,83.8,0.0,0.0,0.0,0.0,2,Partly cloudy,8.0,23.9,30,
2025-05-02T17:00,83.5,81.1,0.0,0.0,0.0,0.0,2,Partly cloudy,8.4,24.8,36,
2025-05-02T18:00,83.8,81.0,0.0,0.0,0.0,0.0,1,Mainly clear,8.5,24.2,35,
2025-05-02T19:00,80.6,79.6,0.0,0.0,0.0,0.0,0,Clear sky,8.0,21.5,45,
2025-05-02T20:00,77.0,77.5,0.0,0.0,0.0,0.0,3,Overcast,6.2,18.3,54,
2025-05-02T21:00,77.2,76.6,0.0,0.0,0.0,0.0,3,Overcast,3.3,9.4,42,
2025-05-02T22:00,75.3,76.0,0.0,0.0,0.0,0.0,3,Overcast,5.0,10.1,56,
2025-05-02T23:00,74.9,75.4,0.0,0.0,0.0,0.0,3,Overcast,5.8,12.1,57,
2025-05-03T00:00,73.7,73.4,0.0,0.0,0.0,0.0,2,Partly cloudy,5.5,11.6,55,
2025-05-03T01:00,72.2,72.3,0.0,0.0,0.0,0.0,3,Overcast,4.1,11.4,56,
2025-05-03T02:00,71.2,70.8,0.0,0.0,0.0,0.0,2,Partly cloudy,5.0,11.4,57,
2025-05-03T03:00,68.4,68.6,0.0,0.0,0.0,0.0,3,Overcast,3.5,14.3,63,
2025-05-03T04:00,66.3,67.9,0.0,0.0,0.0,0.0,3,Overcast,0.6,6.3,69,
2025-05-03T05:00,66.7,67.3,0.0,0.0,0.0,0.0,3,Overcast,2.7,5.6,68,
2025-05-03T06:00,66.2,66.9,0.0,0.0,0.0,0.0,3,Overcast,3.3,6.5,71,
2025-05-03T07:00,66.9,67.9,0.0,0.0,0.0,0.0,2,Partly cloudy,4.2,9.2,74,
2025-05-03T08:00,69.5,71.3,0.0,0.0,0.0,0.0,3,Overcast,3.7,11.0,71,
2025-05-03T09:00,72.6,72.9,0.0,0.0,0.0,0.0,1,Mainly clear,7.1,18.1,64,
2025-05-03T10:00,75.9,77.1,0.0,0.0,0.0,0.0,3,Overcast,5.4,20.6,57,
2025-05-03T11:00,78.9,80.7,0.0,0.0,0.0,0.0,2,Partly cloudy,7.2,20.1,53,
2025-05-03T12:00,81.8,84.2,0.0,0.0,0.0,0.0,3,Overcast,8.8,23.9,47,
2025-05-03T13:00,83.9,85.7,0.0,0.0,0.0,0.0,3,Overcast,9.8,31.5,44,
2025-05-03T14:00,83.7,85.0,0.008,0.008,0.0,0.0,51,Light drizzle,10.2,34.2,44,
2025-05-03T15:00,73.9,76.6,0.299,0.299,0.0,0.0,65,Heavy rain,6.9,28.6,74,
2025-05-03T16:00,76.8,80.6,0.0,0.0,0.0,0.0,1,Mainly clear,4.1,16.8,67,
2025-05-03T17:00,75.9,77.0,0.039,0.039,0.0,0.0,55,Dense drizzle,8.5,24.2,65,
2025-05-03T18:00,75.2,77.7,0.004,0.004,0.0,0.0,51,Light drizzle,5.9,21.0,68,
2025-05-03T19:00,70.9,73.7,0.063,0.063,0.0,0.0,61,Slight rain,5.9,20.1,80,
2025-05-03T20:00,69.1,72.3,0.016,0.016,0.0,0.0,51,Light drizzle,5.5,11.6,87,
2025-05-03T21:00,70.6,74.3,0.0,0.0,0.0,0.0,3,Overcast,3.9,9.2,81,
2025-05-03T22:00,67.9,69.1,0.0,0.0,0.0,0.0,3,Overcast,5.9,14.3,78,
2025-05-03T23:00,64.8,64.8,0.0,0.0,0.0,0.0,3,Overcast,6.1,12.5,79,
2025-05-04T00:00,66.0,67.2,0.024,0.024,0.0,0.0,53,Moderate drizzle,5.6,16.1,82,
2025-05-04T01:00,64.8,66.3,0.004,0.004,0.0,0.0,51,Light drizzle,5.5,18.6,88,
2025-05-04T02:00,64.2,66.5,0.0,0.0,0.0,0.0,3,Overcast,3.7,10.7,90,
2025-05-04T03:00,63.1,65.9,0.0,0.0,0.0,0.0,3,Overcast,2.5,7.6,93,
2025-05-04T04:00,62.9,64.5,0.0,0.0,0.0,0.0,3,Overcast,4.2,8.1,91,
2025-05-04T05:00,62.2,62.8,0.0,0.0,0.0,0.0,3,Overcast,4.6,9.8,85,
2025-05-04T06:00,61.3,61.7,0.0,0.0,0.0,0.0,3,Overcast,4.4,9.4,85,
2025-05-04T07:00,61.8,62.3,0.0,0.0,0.0,0.0,3,Overcast,4.6,9.6,86,
2025-05-04T08:00,63.8,65.0,0.0,0.0,0.0,0.0,3,Overcast,3.8,10.1,83,
2025-05-04T09:00,67.1,69.4,0.0,0.0,0.0,0.0,3,Overcast,3.7,11.0,81,
2025-05-04T10:00,68.0,69.8,0.0,0.0,0.0,0.0,3,Overcast,5.0,13.6,79,
2025-05-04T11:00,69.0,70.9,0.004,0.004,0.0,0.0,51,Light drizzle,4.9,14.8,77,
2025-05-04T12:00,69.6,70.8,0.0,0.0,0.0,0.0,3,Overcast,6.7,17.7,76,
2025-05-04T13:00,67.7,69.0,0.039,0.039,0.0,0.0,55,Dense drizzle,5.5,18.1,78,
2025-05-04T14:00,68.6,70.7,0.008,0.008,0.0,0.0,51,Light drizzle,5.6,15.4,81,
2025-05-04T15:00,66.9,67.4,0.024,0.024,0.0,0.0,53,Moderate drizzle,8.9,22.8,85,
2025-05-04T16:00,63.7,64.0,0.051,0.051,0.0,0.0,61,Slight rain,7.6,21.0,89,
2025-05-04T17:00,62.1,62.1,0.083,0.083,0.0,0.0,61,Slight rain,7.2,18.3,90,
2025-05-04T18:00,60.4,60.4,0.059,0.059,0.0,0.0,61,Slight rain,6.4,17.4,93,
2025-05-04T19:00,60.6,60.4,0.02,0.02,0.0,0.0,53,Moderate drizzle,7.1,15.0,93,
2025-05-04T20:00,59.8,59.8,0.016,0.016,0.0,0.0,51,Light drizzle,6.3,15.2,94,
2025-05-04T21:00,60.3,61.1,0.043,0.043,0.0,0.0,55,Dense drizzle,5.1,12.5,96,
2025-05-04T22:00,60.1,61.4,0.039,0.039,0.0,0.0,55,Dense drizzle,4.2,10.3,97,
2025-05-04T23:00,59.9,61.0,0.055,0.055,0.0,0.0,61,Slight rain,4.3,9.6,96,
2025-05-05T00:00,59.8,61.0,0.0,0.0,0.0,0.0,3,Overcast,4.0,9.2,96,
2025-05-05T01:00,59.8,61.4,0.0,0.0,0.0,0.0,3,Overcast,3.1,7.8,96,
2025-05-05T02:00,59.2,60.3,0.0,0.0,0.0,0.0,3,Overcast,4.0,8.3,97,
2025-05-05T03:00,59.2,60.6,0.0,0.0,0.0,0.0,3,Overcast,3.0,8.9,96,
2025-05-05T04:00,58.6,59.7,0.0,0.0,0.0,0.0,3,Overcast,3.4,7.2,98,
2025-05-05T05:00,58.5,59.6,0.0,0.0,0.0,0.0,3,Overcast,3.3,7.4,97,
2025-05-05T06:00,58.5,58.9,0.0,0.0,0.0,0.0,3,Overcast,4.9,10.3,97,
2025-05-05T07:00,58.4,58.5,0.0,0.0,0.0,0.0,3,Overcast,5.5,12.3,97,
2025-05-05T08:00,59.0,58.6,0.0,0.0,0.0,0.0,3,Overcast,6.9,15.7,95,
2025-05-05T09:00,59.6,59.4,0.024,0.024,0.0,0.0,53,Moderate drizzle,7.5,16.8,97,
2025-05-05T10:00,60.0,59.3,0.008,0.008,0.0,0.0,51,Light drizzle,8.4,18.6,95,
2025-05-05T11:00,62.3,61.6,0.008,0.008,0.0,0.0,51,Light drizzle,9.1,21.3,89,
2025-05-05T12:00,64.2,64.0,0.008,0.008,0.0,0.0,51,Light drizzle,8.7,21.0,87,
2025-05-05T13:00,66.1,66.3,0.031,0.031,0.0,0.0,53,Moderate drizzle,8.5,22.8,84,
2025-05-05T14:00,64.9,66.0,0.039,0.039,0.0,0.0,55,Dense drizzle,7.1,21.9,90,
2025-05-05T15:00,66.4,67.3,0.016,0.016,0.0,0.0,51,Light drizzle,7.7,20.1,86,
2025-05-05T16:00,63.3,64.6,0.067,0.067,0.0,0.0,61,Slight rain,7.1,20.4,96,
2025-05-05T17:00,61.0,61.5,0.051,0.051,0.0,0.0,61,Slight rain,7.3,17.0,98,
2025-05-05T18:00,60.2,60.8,0.063,0.063,0.0,0.0,61,Slight rain,5.9,17.2,97,
2025-05-05T19:00,59.6,60.7,0.051,0.051,0.0,0.0,61,Slight rain,4.9,14.5,99,
2025-05-05T20:00,59.2,60.2,0.039,0.039,0.0,0.0,55,Dense drizzle,4.5,13.2,98,
2025-05-05T21:00,58.4,57.6,0.024,0.024,0.0,0.0,53,Moderate drizzle,7.4,17.4,96,
2025-05-05T22:00,58.2,57.7,0.016,0.016,0.0,0.0,51,Light drizzle,6.8,15.4,97,
2025-05-05T23:00,57.9,57.5,0.012,0.012,0.0,0.0,51,Light drizzle,6.7,14.5,98,
2025-05-06T00:00,57.7,57.4,0.051,0.051,0.0,0.0,61,Slight rain,6.2,14.5,97,
2025-05-06T01:00,57.6,56.8,0.008,0.008,0.0,0.0,51,Light drizzle,7.0,15.0,97,
2025-05-06T02:00,57.3,57.1,0.0,0.0,0.0,0.0,3,Overcast,5.5,14.3,97,
2025-05-06T03:00,57.4,57.6,0.0,0.0,0.0,0.0,3,Overcast,4.5,11.0,97,
2025-05-06T04:00,57.7,57.2,0.0,0.0,0.0,0.0,3,Overcast,6.0,13.0,96,
2025-05-06T05:00,58.0,57.4,0.0,0.0,0.0,0.0,3,Overcast,6.8,14.3,96,
2025-05-06T06:00,58.0,57.7,0.0,0.0,0.0,0.0,3,Overcast,6.0,13.9,97,
2025-05-06T07:00,58.1,58.0,0.0,0.0,0.0,0.0,3,Overcast,5.8,13.0,97,
2025-05-06T08:00,58.6,58.5,0.0,0.0,0.0,0.0,3,Overcast,6.2,15.7,96,
2025-05-06T09:00,61.0,61.3,0.0,0.0,0.0,0.0,3,Overcast,6.8,17.7,94,
2025-05-06T10:00,62.0,62.8,0.402,0.402,0.0,0.0,65,Heavy rain,5.8,16.8,92,
2025-05-06T11:00,62.6,62.5,0.276,0.276,0.0,0.0,63,Moderate rain,7.8,21.3,89,
2025-05-06T12:00,62.9,62.4,0.004,0.004,0.0,0.0,51,Light drizzle,8.9,24.2,89,
2025-05-06T13:00,64.9,64.4,0.0,0.0,0.0,0.0,3,Overcast,8.8,22.4,84,
2025-05-06T14:00,65.1,64.4,0.0,0.0,0.0,0.0,3,Overcast,9.6,23.0,83,
2025-05-06T15:00,65.5,65.2,0.0,0.0,0.0,0.0,3,Overcast,9.4,23.9,85,
2025-05-06T16:00,65.7,65.4,0.0,0.0,0.0,0.0,3,Overcast,9.3,23.0,84,
2025-05-06T17:00,64.1,63.7,0.0,0.0,0.0,0.0,1,Mainly clear,8.8,23.3,85,
2025-05-06T18:00,63.8,63.9,0.024,0.024,0.0,0.0,53,Moderate drizzle,5.8,20.6,82,
2025-05-06T19:00,62.5,63.9,0.004,0.004,0.0,0.0,51,Light drizzle,3.8,13.9,88,
2025-05-06T20:00,62.7,63.9,0.004,0.004,0.0,0.0,51,Light drizzle,3.4,13.6,85,
2025-05-06T21:00,60.6,61.8,0.0,0.0,0.0,0.0,3,Overcast,3.6,8.5,92,
2025-05-06T22:00,61.5,61.8,0.0,0.0,0.0,0.0,1,Mainly clear,5.0,9.6,86,
2025-05-06T23:00,60.0,59.8,0.0,0.0,0.0,0.0,0,Clear sky,4.4,10.5,84,
2025-05-07T00:00,58.5,58.3,0.0,0.0,0.0,0.0,1,Mainly clear,3.5,9.2,86,
2025-05-07T01:00,57.8,57.5,0.0,0.0,0.0,0.0,3,Overcast,3.7,7.4,87,
2025-05-07T02:00,57.9,57.3,0.0,0.0,0.0,0.0,3,Overcast,4.3,8.7,87,
2025-05-07T03:00,58.1,57.6,0.0,0.0,0.0,0.0,3,Overcast,3.9,9.6,85,
2025-05-07T04:00,57.0,56.5,0.0,0.0,0.0,0.0,3,Overcast,3.2,8.1,86,
2025-05-07T05:00,57.3,56.6,0.004,0.004,0.0,0.0,51,Light drizzle,3.6,7.4,84,
2025-05-07T06:00,56.8,55.8,0.004,0.004,0.0,0.0,51,Light drizzle,4.1,8.7,85,
2025-05-07T07:00,57.4,56.3,0.0,0.0,0.0,0.0,1,Mainly clear,4.6,8.9,84,
2025-05-07T08:00,59.3,58.0,0.0,0.0,0.0,0.0,0,Clear sky,5.0,12.3,79,
2025-05-07T09:00,62.2,61.4,0.0,0.0,0.0,0.0,0,Clear sky,3.9,11.6,70,
2025-05-07T10:00,64.6,63.8,0.0,0.0,0.0,0.0,0,Clear sky,4.4,13.4,62,
2025-05-07T11:00,66.4,67.4,0.0,0.0,0.0,0.0,0,Clear sky,4.0,13.6,58,
2025-05-07T12:00,68.5,69.3,0.0,0.0,0.0,0.0,2,Partly cloudy,6.5,17.9,53,
2025-05-07T13:00,69.4,68.3,0.0,0.0,0.0,0.0,2,Partly cloudy,5.7,18.1,49,
2025-05-07T14:00,70.3,68.3,0.0,0.0,0.0,0.0,3,Overcast,6.1,15.7,47,
2025-05-07T15:00,70.8,67.6,0.0,0.0,0.0,0.0,2,Partly cloudy,6.7,18.1,45,
2025-05-07T16:00,71.8,68.3,0.0,0.0,0.0,0.0,3,Overcast,7.1,19.2,43,
2025-05-07T17:00,71.4,69.3,0.0,0.0,0.0,0.0,3,Overcast,5.1,19.0,47,
2025-05-07T18:00,69.8,68.1,0.0,0.0,0.0,0.0,3,Overcast,5.2,11.9,53,
2025-05-07T19:00,68.2,67.2,0.0,0.0,0.0,0.0,0,Clear sky,4.4,11.9,58,
2025-05-07T20:00,65.2,64.9,0.0,0.0,0.0,0.0,0,Clear sky,3.7,9.4,67,
2025-05-07T21:00,64.3,64.7,0.0,0.0,0.0,0.0,2,Partly cloudy,2.9,5.8,72,
2025-05-07T22:00,63.6,63.7,0.0,0.0,0.0,0.0,3,Overcast,3.4,6.7,73,
2025-05-07T23:00,62.4,62.5,0.0,0.0,0.0,0.0,3,Overcast,3.3,7.2,76,
2025-05-08T00:00,61.3,61.4,0.0,0.0,0.0,0.0,3,Overcast,3.2,6.5,79,
2025-05-08T01:00,60.3,60.1,0.0,0.0,0.0,0.0,3,Overcast,3.7,7.4,82,
2025-05-08T02:00,59.7,59.3,0.0,0.0,0.0,0.0,3,Overcast,3.9,7.8,82,
2025-05-08T03:00,58.8,58.4,0.0,0.0,0.0,0.0,3,Overcast,3.4,8.1,82,
2025-05-08T04:00,57.3,57.1,0.0,0.0,0.0,0.0,3,Overcast,2.6,6.9,85,
2025-05-08T05:00,56.3,56.5,0.0,0.0,0.0,0.0,3,Overcast,1.6,5.1,88,
2025-05-08T06:00,55.9,56.4,0.0,0.0,0.0,0.0,1,Mainly clear,1.0,2.9,89,
2025-05-08T07:00,58.3,58.6,0.0,0.0,0.0,0.0,2,Partly cloudy,2.5,4.7,87,
2025-05-08T08:00,61.6,62.9,0.0,0.0,0.0,0.0,2,Partly cloudy,1.9,6.7,83,
2025-05-08T09:00,65.9,67.6,0.0,0.0,0.0,0.0,0,Clear sky,1.6,7.4,73,
2025-05-08T10:00,68.8,71.3,0.0,0.0,0.0,0.0,0,Clear sky,1.8,8.7,68,
2025-05-08T11:00,71.0,75.3,0.0,0.0,0.0,0.0,0,Clear sky,1.8,9.4,64,
2025-05-08T12:00,72.6,78.2,0.0,0.0,0.0,0.0,0,Clear sky,1.6,12.8,61,
2025-05-08T13:00,73.7,79.9,0.0,0.0,0.0,0.0,0,Clear sky,1.1,12.8,60,
2025-05-08T14:00,73.7,77.0,0.016,0.016,0.0,0.0,51,Light drizzle,5.5,15.7,61,
2025-05-08T15:00,73.9,74.4,0.012,0.012,0.0,0.0,51,Light drizzle,5.5,17.4,53,
2025-05-08T16:00,70.0,70.7,0.0,0.0,0.0,0.0,2,Partly cloudy,3.5,15.2,63,
2025-05-08T17:00,67.3,69.2,0.016,0.016,0.0,0.0,51,Light drizzle,3.3,17.4,77,
2025-05-08T18:00,66.3,68.4,0.004,0.004,0.0,0.0,51,Light drizzle,3.4,10.3,81,
2025-05-08T19:00,65.1,66.9,0.004,0.004,0.0,0.0,51,Light drizzle,4.1,10.3,85,
2025-05-08T20:00,63.6,65.0,0.004,0.004,0.0,0.0,51,Light drizzle,4.7,11.2,88,
2025-05-08T21:00,61.6,61.0,0.0,0.0,0.0,0.0,3,Overcast,7.6,16.6,88,
2025-05-08T22:00,60.8,60.2,0.0,0.0,0.0,0.0,3,Overcast,7.0,16.1,88,
2025-05-08T23:00,59.5,58.4,0.0,0.0,0.0,0.0,3,Overcast,7.2,15.2,88,
2025-05-09T00:00,58.5,57.1,0.0,0.0,0.0,0.0,1,Mainly clear,6.4,15.9,86,
2025-05-09T01:00,56.8,55.3,0.0,0.0,0.0,0.0,1,Mainly clear,5.8,14.5,87,
2025-05-09T02:00,55.8,54.1,0.0,0.0,0.0,0.0,3,Overcast,5.6,12.8,89,
2025-05-09T03:00,55.1,53.0,0.0,0.0,0.0,0.0,3,Overcast,6.4,14.5,89,
2025-05-09T04:00,54.1,51.9,0.0,0.0,0.0,0.0,3,Overcast,6.2,15.0,90,
2025-05-09T05:00,53.3,51.1,0.0,0.0,0.0,0.0,3,Overcast,5.5,14.5,90,
2025-05-09T06:00,54.1,51.6,0.031,0.031,0.0,0.0,53,Moderate drizzle,6.4,14.1,89,
2025-05-09T07:00,54.7,53.0,0.059,0.059,0.0,0.0,61,Slight rain,6.6,15.2,96,
2025-05-09T08:00,55.5,53.7,0.106,0.106,0.0,0.0,63,Moderate rain,7.5,14.8,96,
2025-05-09T09:00,56.8,55.9,0.063,0.063,0.0,0.0,61,Slight rain,6.8,17.9,98,
2025-05-09T10:00,56.9,56.6,0.094,0.094,0.0,0.0,61,Slight rain,5.7,17.4,99,
2025-05-09T11:00,57.7,57.2,0.071,0.071,0.0,0.0,61,Slight rain,6.3,17.2,97,
2025-05-09T12:00,57.6,57.2,0.059,0.059,0.0,0.0,61,Slight rain,5.4,17.4,95,
2025-05-09T13:00,59.6,59.3,0.004,0.004,0.0,0.0,51,Light drizzle,5.8,15.9,89,
2025-05-09T14:00,59.6,59.2,0.0,0.0,0.0,0.0,3,Overcast,6.1,15.4,90,
2025-05-09T15:00,60.1,59.3,0.008,0.008,0.0,0.0,51,Light drizzle,6.7,17.0,87,
2025-05-09T16:00,60.2,59.6,0.012,0.012,0.0,0.0,51,Light drizzle,6.0,17.0,86,
2025-05-09T17:00,60.7,60.3,0.047,0.047,0.0,0.0,55,Dense drizzle,5.7,19.0,85,
2025-05-09T18:00,59.7,60.0,0.043,0.043,0.0,0.0,55,Dense drizzle,4.1,16.8,88,
2025-05-09T19:00,58.6,58.3,0.035,0.035,0.0,0.0,53,Moderate drizzle,5.6,11.9,93,
2025-05-09T20:00,56.8,54.8,0.0,0.0,0.0,0.0,3,Overcast,7.7,16.3,91,
2025-05-09T21:00,55.0,52.3,0.0,0.0,0.0,0.0,3,Overcast,7.1,16.8,86,
2025-05-09T22:00,54.7,51.8,0.0,0.0,0.0,0.0,3,Overcast,7.0,16.8,85,
2025-05-09T23:00,54.1,50.9,0.0,0.0,0.0,0.0,3,Overcast,7.6,17.2,85,
2025-05-10T00:00,53.2,49.7,0.0,0.0,0.0,0.0,3,Overcast,7.8,17.9,85,
2025-05-10T01:00,52.4,48.4,0.0,0.0,0.0,0.0,3,Overcast,8.2,18.3,85,
2025-05-10T02:00,52.1,47.7,0.0,0.0,0.0,0.0,2,Partly cloudy,8.5,19.7,83,
2025-05-10T03:00,51.5,47.0,0.0,0.0,0.0,0.0,1,Mainly clear,8.4,19.5,82,
2025-05-10T04:00,50.5,46.1,0.0,0.0,0.0,0.0,2,Partly cloudy,8.0,19.2,84,
2025-05-10T05:00,50.3,45.2,0.0,0.0,0.0,0.0,3,Overcast,8.9,20.4,82,
2025-05-10T06:00,50.9,45.3,0.0,0.0,0.0,0.0,3,Overcast,10.0,22.6,79,
2025-05-10T07:00,52.2,45.8,0.0,0.0,0.0,0.0,3,Overcast,11.4,25.9,74,
2025-05-10T08:00,53.3,47.1,0.0,0.0,0.0,0.0,2,Partly cloudy,10.8,26.2,69,
2025-05-10T09:00,55.8,49.0,0.0,0.0,0.0,0.0,2,Partly cloudy,12.3,29.1,65,
2025-05-10T10:00,57.9,51.7,0.0,0.0,0.0,0.0,2,Partly cloudy,11.7,29.5,62,
2025-05-10T11:00,60.8,54.2,0.0,0.0,0.0,0.0,3,Overcast,14.3,32.7,57,
2025-05-10T12:00,62.8,56.2,0.0,0.0,0.0,0.0,0,Clear sky,14.1,34.2,53,
2025-05-10T13:00,65.0,59.2,0.0,0.0,0.0,0.0,3,Overcast,13.2,32.9,47,
2025-05-10T14:00,67.6,62.2,0.0,0.0,0.0,0.0,3,Overcast,12.9,32.9,43,
2025-05-10T15:00,67.1,60.9,0.0,0.0,0.0,0.0,0,Clear sky,11.4,30.2,42,
2025-05-10T16:00,68.6,64.5,0.0,0.0,0.0,0.0,0,Clear sky,10.4,26.8,41,
2025-05-10T17:00,68.6,62.9,0.0,0.0,0.0,0.0,0,Clear sky,10.1,24.8,39,
2025-05-10T18:00,67.8,62.9,0.0,0.0,0.0,0.0,0,Clear sky,8.0,23.5,42,
2025-05-10T19:00,65.8,61.7,0.0,0.0,0.0,0.0,0,Clear sky,6.7,18.1,48,
2025-05-10T20:00,62.4,59.5,0.0,0.0,0.0,0.0,0,Clear sky,4.8,14.8,56,
2025-05-10T21:00,62.0,60.0,0.0,0.0,0.0,0.0,0,Clear sky,3.5,8.1,61,
2025-05-10T22:00,60.1,58.6,0.0,0.0,0.0,0.0,1,Mainly clear,2.7,7.2,66,
2025-05-10T23:00,58.1,56.7,0.0,0.0,0.0,0.0,1,Mainly clear,3.1,6.0,73,
2025-05-11T00:00,56.8,55.2,0.0,0.0,0.0,0.0,1,Mainly clear,3.2,6.7,75,
2025-05-11T01:00,55.1,53.6,0.0,0.0,0.0,0.0,2,Partly cloudy,2.6,6.3,78,
2025-05-11T02:00,54.1,52.4,0.0,0.0,0.0,0.0,3,Overcast,2.7,4.9,81,
2025-05-11T03:00,53.6,51.9,0.0,0.0,0.0,0.0,0,Clear sky,2.7,5.4,80,
2025-05-11T04:00,53.0,51.1,0.0,0.0,0.0,0.0,0,Clear sky,2.5,5.1,80,
2025-05-11T05:00,52.9,50.8,0.0,0.0,0.0,0.0,0,Clear sky,2.4,4.7,78,
2025-05-11T06:00,52.4,50.1,0.0,0.0,0.0,0.0,0,Clear sky,2.8,5.1,77,
2025-05-11T07:00,55.9,53.5,0.0,0.0,0.0,0.0,0,Clear sky,3.6,6.3,71,
2025-05-11T08:00,60.0,57.8,0.0,0.0,0.0,0.0,0,Clear sky,4.2,9.4,66,
2025-05-11T09:00,65.8,63.7,0.0,0.0,0.0,0.0,0,Clear sky,4.1,10.5,54,
2025-05-11T10:00,69.3,67.6,0.0,0.0,0.0,0.0,0,Clear sky,5.3,13.9,48,
2025-05-11T11:00,70.4,69.1,0.0,0.0,0.0,0.0,0,Clear sky,6.9,18.1,43,
2025-05-11T12:00,71.5,72.1,0.0,0.0,0.0,0.0,0,Clear sky,6.2,18.1,44,
2025-05-11T13:00,72.5,74.5,0.0,0.0,0.0,0.0,0,Clear sky,5.6,17.0,46,
2025-05-11T14:00,73.3,74.8,0.0,0.0,0.0,0.0,0,Clear sky,6.0,16.8,45,
2025-05-11T15:00,73.5,73.1,0.0,0.0,0.0,0.0,0,Clear sky,6.8,18.1,42,
2025-05-11T16:00,73.0,70.6,0.0,0.0,0.0,0.0,1,Mainly clear,7.2,18.6,38,
2025-05-11T17:00,72.1,67.9,0.0,0.0,0.0,0.0,3,Overcast,7.0,18.6,37,
2025-05-11T18:00,70.6,66.7,0.0,0.0,0.0,0.0,3,Overcast,6.3,16.8,40,
2025-05-11T19:00,67.7,66.0,0.0,0.0,0.0,0.0,3,Overcast,4.0,14.1,52,
2025-05-11T20:00,63.4,62.8,0.0,0.0,0.0,0.0,3,Overcast,3.4,8.9,68,
2025-05-11T21:00,63.8,63.4,0.0,0.0,0.0,0.0,0,Clear sky,3.4,7.8,69,
2025-05-11T22:00,61.9,61.4,0.0,0.0,0.0,0.0,0,Clear sky,3.3,6.9,73,
2025-05-11T23:00,59.9,59.3,0.0,0.0,0.0,0.0,0,Clear sky,3.0,6.5,76,
2025-05-12T00:00,58.6,57.5,0.0,0.0,0.0,0.0,0,Clear sky,3.1,6.5,74,
2025-05-12T01:00,56.8,55.3,0.0,0.0,0.0,0.0,0,Clear sky,2.9,6.5,75,
2025-05-12T02:00,54.9,53.2,0.0,0.0,0.0,0.0,0,Clear sky,2.6,6.0,77,
2025-05-12T03:00,53.8,51.7,0.0,0.0,0.0,0.0,0,Clear sky,2.9,6.0,77,
2025-05-12T04:00,52.5,50.4,0.0,0.0,0.0,0.0,0,Clear sky,2.4,6.0,77,
2025-05-12T05:00,51.9,49.5,0.0,0.0,0.0,0.0,0,Clear sky,2.7,5.6,78,
2025-05-12T06:00,51.5,49.1,0.0,0.0,0.0,0.0,0,Clear sky,2.7,5.6,78,
2025-05-12T07:00,54.0,51.4,0.0,0.0,0.0,0.0,0,Clear sky,3.8,7.2,75,
2025-05-12T08:00,56.1,53.2,0.0,0.0,0.0,0.0,1,Mainly clear,3.5,9.6,65,
2025-05-12T09:00,60.0,56.6,0.0,0.0,0.0,0.0,1,Mainly clear,3.4,10.7,52,
2025-05-12T10:00,62.9,60.6,0.0,0.0,0.0,0.0,2,Partly cloudy,4.1,12.5,49,
2025-05-12T11:00,65.3,63.5,0.0,0.0,0.0,0.0,2,Partly cloudy,5.3,15.4,42,
2025-05-12T12:00,67.0,65.7,0.0,0.0,0.0,0.0,3,Overcast,5.9,16.6,38,
2025-05-12T13:00,68.0,66.8,0.0,0.0,0.0,0.0,3,Overcast,6.8,18.8,37,
2025-05-12T14:00,68.5,67.9,0.0,0.0,0.0,0.0,3,Overcast,5.8,18.8,39,
2025-05-12T15:00,68.7,67.8,0.0,0.0,0.0,0.0,3,Overcast,6.3,17.4,42,
2025-05-12T16:00,68.5,66.9,0.0,0.0,0.0,0.0,3,Overcast,6.5,17.9,46,
2025-05-12T17:00,67.2,64.7,0.0,0.0,0.0,0.0,3,Overcast,5.7,17.2,52,
2025-05-12T18:00,65.7,63.9,0.0,0.0,0.0,0.0,3,Overcast,4.7,15.0,59,
2025-05-12T19:00,63.9,63.0,0.0,0.0,0.0,0.0,3,Overcast,3.6,11.9,65,
2025-05-12T20:00,61.4,61.1,0.0,0.0,0.0,0.0,3,Overcast,2.9,8.3,73,
2025-05-12T21:00,61.0,59.9,0.0,0.0,0.0,0.0,3,Overcast,3.7,10.1,72,
2025-05-12T22:00,59.9,59.0,0.0,0.0,0.0,0.0,3,Overcast,3.6,8.1,76,
2025-05-12T23:00,60.0,59.4,0.0,0.0,0.0,0.0,3,Overcast,3.5,7.4,77,
2025-05-13T00:00,61.4,61.2,0.0,0.0,0.0,0.0,3,Overcast,3.7,8.9,77,
2025-05-13T01:00,61.5,61.4,0.0,0.0,0.0,0.0,3,Overcast,4.0,8.1,80,
2025-05-13T02:00,60.9,61.3,0.0,0.0,0.0,0.0,3,Overcast,3.5,8.1,83,
2025-05-13T03:00,59.5,60.4,0.0,0.0,0.0,0.0,3,Overcast,2.0,6.9,86,
2025-05-13T04:00,58.6,59.4,0.0,0.0,0.0,0.0,3,Overcast,1.9,3.1,88,
2025-05-13T05:00,58.6,59.7,0.0,0.0,0.0,0.0,3,Overcast,1.2,3.1,89,
2025-05-13T06:00,58.3,59.6,0.0,0.0,0.0,0.0,3,Overcast,0.7,1.8,89,
2025-05-13T07:00,60.5,62.1,0.0,0.0,0.0,0.0,3,Overcast,1.5,2.7,87,
2025-05-13T08:00,61.8,63.8,0.0,0.0,0.0,0.0,3,Overcast,1.6,4.7,87,
2025-05-13T09:00,63.2,65.1,0.0,0.0,0.0,0.0,3,Overcast,2.4,6.0,85,
2025-05-13T10:00,66.2,68.6,0.0,0.0,0.0,0.0,3,Overcast,2.0,7.6,80,
2025-05-13T11:00,67.6,70.0,0.0,0.0,0.0,0.0,3,Overcast,3.0,9.8,78,
2025-05-13T12:00,67.0,69.0,0.004,0.004,0.0,0.0,51,Light drizzle,3.8,10.5,79,
2025-05-13T13:00,67.1,68.7,0.012,0.012,0.0,0.0,51,Light drizzle,4.9,12.1,80,
2025-05-13T14:00,67.4,68.9,0.004,0.004,0.0,0.0,51,Light drizzle,5.5,13.9,80,
2025-05-13T15:00,67.3,68.2,0.008,0.008,0.0,0.0,51,Light drizzle,6.6,15.7,79,
2025-05-13T16:00,65.9,66.7,0.016,0.016,0.0,0.0,51,Light drizzle,6.6,16.8,83,
2025-05-13T17:00,65.0,66.0,0.012,0.012,0.0,0.0,51,Light drizzle,6.3,17.2,85,
2025-05-13T18:00,64.4,65.0,0.008,0.008,0.0,0.0,51,Light drizzle,6.2,15.2,84,
2025-05-13T19:00,63.0,63.5,0.016,0.016,0.0,0.0,51,Light drizzle,5.5,14.5,86,
2025-05-13T20:00,62.0,62.3,0.012,0.012,0.0,0.0,51,Light drizzle,6.1,12.8,89,
2025-05-13T21:00,62.4,63.2,0.012,0.012,0.0,0.0,51,Light drizzle,5.6,12.3,90,
2025-05-13T22:00,61.5,61.9,0.012,0.012,0.0,0.0,51,Light drizzle,6.5,13.4,93,
2025-05-13T23:00,60.3,60.7,0.043,0.043,0.0,0.0,55,Dense drizzle,5.9,13.6,95,
2025-05-14T00:00,59.4,59.5,0.028,0.028,0.0,0.0,53,Moderate drizzle,5.8,12.1,95,
2025-05-14T01:00,59.1,58.8,0.012,0.012,0.0,0.0,51,Light drizzle,6.3,12.5,94,
2025-05-14T02:00,58.7,58.1,0.008,0.008,0.0,0.0,51,Light drizzle,6.8,13.4,94,
2025-05-14T03:00,58.8,58.2,0.0,0.0,0.0,0.0,3,Overcast,6.6,14.1,93,
2025-05-14T04:00,58.8,58.2,0.0,0.0,0.0,0.0,3,Overcast,6.7,13.6,93,
2025-05-14T05:00,58.2,57.2,0.0,0.0,0.0,0.0,3,Overcast,7.1,14.3,93,
2025-05-14T06:00,58.0,56.6,0.0,0.0,0.0,0.0,3,Overcast,7.8,16.3,93,
2025-05-14T07:00,59.1,57.3,0.0,0.0,0.0,0.0,3,Overcast,9.2,20.1,91,
2025-05-14T08:00,61.1,59.9,0.0,0.0,0.0,0.0,3,Overcast,8.8,22.6,89,
2025-05-14T09:00,60.7,60.4,0.035,0.035,0.0,0.0,53,Moderate drizzle,7.0,17.7,91,
2025-05-14T10:00,60.9,60.5,0.035,0.035,0.0,0.0,53,Moderate drizzle,7.5,17.7,91,
2025-05-14T11:00,60.7,60.6,0.067,0.067,0.0,0.0,61,Slight rain,7.6,21.7,94,
2025-05-14T12:00,60.8,60.2,0.071,0.071,0.0,0.0,61,Slight rain,8.3,21.7,93,
2025-05-14T13:00,62.7,61.2,0.008,0.008,0.0,0.0,51,Light drizzle,10.7,24.2,88,
2025-05-14T14:00,67.4,65.4,0.008,0.008,0.0,0.0,51,Light drizzle,12.9,30.0,77,
2025-05-14T15:00,66.7,65.5,0.012,0.012,0.0,0.0,51,Light drizzle,11.1,29.5,79,
2025-05-14T16:00,65.2,64.9,0.209,0.209,0.0,0.0,63,Moderate rain,8.9,25.1,84,
2025-05-14T17:00,63.1,62.3,0.35,0.35,0.0,0.0,65,Heavy rain,10.0,23.5,89,
2025-05-14T18:00,62.2,62.0,0.067,0.067,0.0,0.0,61,Slight rain,8.3,22.1,91,
2025-05-14T19:00,61.6,61.0,0.028,0.028,0.0,0.0,53,Moderate drizzle,8.6,17.2,91,
2025-05-14T20:00,60.4,60.4,0.059,0.059,0.0,0.0,61,Slight rain,7.0,17.9,94,
2025-05-14T21:00,61.7,62.0,0.012,0.012,0.0,0.0,51,Light drizzle,6.4,16.6,91,
2025-05-14T22:00,61.2,61.9,0.024,0.024,0.0,0.0,53,Moderate drizzle,5.7,13.2,94,
2025-05-14T23:00,60.8,61.9,0.0,0.0,0.0,0.0,3,Overcast,5.1,11.6,96,
2025-05-15T00:00,60.6,62.1,0.0,0.0,0.0,0.0,3,Overcast,4.3,10.5,97,
2025-05-15T01:00,60.5,62.0,0.0,0.0,0.0,0.0,3,Overcast,4.4,9.4,97,
2025-05-15T02:00,60.4,62.2,0.0,0.0,0.0,0.0,3,Overcast,3.8,8.9,98,
2025-05-15T03:00,60.3,61.4,0.0,0.0,0.0,0.0,3,Overcast,5.1,10.3,98,
2025-05-15T04:00,60.1,60.7,0.0,0.0,0.0,0.0,3,Overcast,6.1,12.5,98,
2025-05-15T05:00,59.7,60.5,0.004,0.004,0.0,0.0,51,Light drizzle,5.1,13.2,97,
2025-05-15T06:00,59.5,60.7,0.004,0.004,0.0,0.0,51,Light drizzle,4.1,10.5,97,
2025-05-15T07:00,59.6,60.9,0.004,0.004,0.0,0.0,51,Light drizzle,3.8,8.7,97,
2025-05-15T08:00,59.9,60.5,0.004,0.004,0.0,0.0,51,Light drizzle,5.5,12.5,96,
2025-05-15T09:00,64.0,65.6,0.0,0.0,0.0,0.0,3,Overcast,5.8,15.0,91,
2025-05-15T10:00,66.5,68.8,0.0,0.0,0.0,0.0,3,Overcast,4.8,14.3,87,
2025-05-15T11:00,67.9,71.0,0.0,0.0,0.0,0.0,2,Partly cloudy,3.4,14.1,84,
2025-05-15T12:00,70.3,74.9,0.024,0.024,0.0,0.0,53,Moderate drizzle,1.9,12.1,82,
2025-05-15T13:00,72.7,77.5,0.004,0.004,0.0,0.0,51,Light drizzle,3.3,13.9,78,
2025-05-15T14:00,71.3,74.1,0.004,0.004,0.0,0.0,51,Light drizzle,6.0,17.9,79,
2025-05-15T15:00,69.2,72.2,0.0,0.0,0.0,0.0,2,Partly cloudy,5.1,19.2,84,
2025-05-15T16:00,71.5,75.2,0.0,0.0,0.0,0.0,3,Overcast,4.5,14.3,79,
2025-05-15T17:00,71.6,75.6,0.0,0.0,0.0,0.0,3,Overcast,3.3,14.5,79,
2025-05-15T18:00,71.5,75.2,0.0,0.0,0.0,0.0,3,Overcast,3.8,11.6,79,
2025-05-15T19:00,70.1,73.5,0.0,0.0,0.0,0.0,3,Overcast,4.1,10.7,82,
2025-05-15T20:00,66.4,69.2,0.0,0.0,0.0,0.0,3,Overcast,4.9,11.2,91,
2025-05-15T21:00,63.2,66.0,0.0,0.0,0.0,0.0,3,Overcast,3.5,11.0,96,
2025-05-15T22:00,62.0,64.6,0.0,0.0,0.0,0.0,2,Partly cloudy,3.3,7.6,98,
2025-05-15T23:00,61.3,63.6,0.0,0.0,0.0,0.0,3,Overcast,3.4,7.8,99,
2025-05-16T00:00,60.7,63.0,0.0,0.0,0.0,0.0,3,Overcast,3.1,8.1,99,
2025-05-16T01:00,60.3,62.2,0.0,0.0,0.0,0.0,3,Overcast,3.5,8.9,99,
2025-05-16T02:00,59.8,61.9,0.0,0.0,0.0,0.0,3,Overcast,2.7,8.5,99,
2025-05-16T03:00,59.6,62.1,0.0,0.0,0.0,0.0,3,Overcast,1.6,7.2,99,
2025-05-16T04:00,59.6,62.3,0.0,0.0,0.0,0.0,3,Overcast,1.2,5.4,99,
2025-05-16T05:00,59.8,63.0,0.0,0.0,0.0,0.0,3,Overcast,0.2,5.1,100,
2025-05-16T06:00,60.0,62.7,0.0,0.0,0.0,0.0,3,Overcast,1.5,4.9,99,
2025-05-16T07:00,60.4,63.5,0.0,0.0,0.0,0.0,3,Overcast,1.1,5.6,99,
2025-05-16T08:00,61.1,64.0,0.0,0.0,0.0,0.0,3,Overcast,2.1,7.2,99,
2025-05-16T09:00,64.2,67.3,0.0,0.0,0.0,0.0,3,Overcast,3.7,10.3,96,
2025-05-16T10:00,67.3,70.7,0.0,0.0,0.0,0.0,3,Overcast,3.3,11.2,87,
2025-05-16T11:00,70.1,73.2,0.0,0.0,0.0,0.0,3,Overcast,3.9,11.4,79,
2025-05-16T12:00,71.9,74.9,0.0,0.0,0.0,0.0,3,Overcast,4.6,12.5,75,
2025-05-16T13:00,72.1,75.0,0.016,0.016,0.0,0.0,51,Light drizzle,6.0,15.4,77,
2025-05-16T14:00,73.4,76.4,0.004,0.004,0.0,0.0,51,Light drizzle,7.0,17.4,77,
2025-05-16T15:00,71.8,76.0,0.0,0.0,0.0,0.0,3,Overcast,8.9,25.7,81,
2025-05-16T16:00,68.2,71.3,0.0,0.0,0.0,0.0,3,Overcast,4.5,22.4,86,
2025-05-16T17:00,68.6,71.5,0.0,0.0,0.0,0.0,3,Overcast,5.2,14.3,86,
2025-05-16T18:00,67.2,70.0,0.0,0.0,0.0,0.0,3,Overcast,5.1,14.1,89,
2025-05-16T19:00,66.4,69.1,0.0,0.0,0.0,0.0,3,Overcast,4.9,13.0,90,
2025-05-16T20:00,64.6,67.0,0.0,0.0,0.0,0.0,3,Overcast,5.1,11.9,94,
2025-05-16T21:00,64.7,67.1,0.0,0.0,0.0,0.0,3,Overcast,5.5,11.6,96,
2025-05-16T22:00,64.1,66.8,0.0,0.0,0.0,0.0,3,Overcast,4.8,11.9,97,
2025-05-16T23:00,64.0,66.9,0.0,0.0,0.0,0.0,3,Overcast,4.3,10.3,97,
2025-05-17T00:00,63.7,67.3,0.0,0.0,0.0,0.0,2,Partly cloudy,2.5,8.7,98,
2025-05-17T01:00,63.3,66.5,0.0,0.0,0.0,0.0,3,Overcast,3.5,6.9,99,
2025-05-17T02:00,63.9,67.4,0.0,0.0,0.0,0.0,3,Overcast,3.6,6.9,100,
2025-05-17T03:00,64.9,68.7,0.0,0.0,0.0,0.0,3,Overcast,4.1,9.2,100,
2025-05-17T04:00,66.0,70.1,0.0,0.0,0.0,0.0,3,Overcast,4.4,9.4,99,
2025-05-17T05:00,66.0,70.0,0.0,0.0,0.0,0.0,3,Overcast,4.3,8.5,98,
2025-05-17T06:00,65.0,68.6,0.0,0.0,0.0,0.0,3,Overcast,4.1,8.7,98,
2025-05-17T07:00,65.9,69.4,0.0,0.0,0.0,0.0,3,Overcast,4.3,8.9,95,
2025-05-17T08:00,68.0,72.0,0.0,0.0,0.0,0.0,3,Overcast,4.1,10.5,91,
2025-05-17T09:00,70.9,75.0,0.0,0.0,0.0,0.0,3,Overcast,4.8,13.2,85,
2025-05-17T10:00,70.9,71.4,0.008,0.008,0.0,0.0,51,Light drizzle,12.5,26.2,83,
2025-05-17T11:00,68.1,70.7,0.02,0.02,0.0,0.0,53,Moderate drizzle,5.9,31.3,87,
2025-05-17T12:00,74.8,79.7,0.0,0.0,0.0,0.0,0,Clear sky,6.9,18.6,74,
2025-05-17T13:00,76.2,81.9,0.0,0.0,0.0,0.0,0,Clear sky,9.1,23.7,71,
2025-05-17T14:00,77.9,83.9,0.0,0.0,0.0,0.0,1,Mainly clear,8.5,28.2,70,
2025-05-17T15:00,78.7,82.7,0.0,0.0,0.0,0.0,1,Mainly clear,9.0,28.0,64,
2025-05-17T16:00,78.1,82.1,0.047,0.047,0.0,0.0,55,Dense drizzle,6.7,25.7,65,
2025-05-17T17:00,79.2,79.8,0.0,0.0,0.0,0.0,0,Clear sky,6.9,17.2,53,
2025-05-17T18:00,78.5,76.4,0.0,0.0,0.0,0.0,1,Mainly clear,12.0,27.1,51,
2025-05-17T19:00,76.3,75.7,0.0,0.0,0.0,0.0,1,Mainly clear,9.1,26.6,56,
2025-05-17T20:00,74.2,74.3,0.0,0.0,0.0,0.0,1,Mainly clear,6.9,19.9,59,
2025-05-17T21:00,72.6,72.3,0.0,0.0,0.0,0.0,1,Mainly clear,7.5,21.5,61,
2025-05-17T22:00,71.1,69.2,0.0,0.0,0.0,0.0,1,Mainly clear,10.1,21.9,62,
2025-05-17T23:00,67.4,65.9,0.0,0.0,0.0,0.0,3,Overcast,8.4,22.1,68,
2025-05-18T00:00,66.1,65.1,0.0,0.0,0.0,0.0,0,Clear sky,7.0,18.3,70,
2025-05-18T01:00,63.1,63.6,0.0,0.0,0.0,0.0,0,Clear sky,3.0,15.4,77,
2025-05-18T02:00,62.4,61.9,0.0,0.0,0.0,0.0,0,Clear sky,4.7,9.6,76,
2025-05-18T03:00,61.5,60.0,0.0,0.0,0.0,0.0,0,Clear sky,5.4,12.1,72,
2025-05-18T04:00,60.2,57.7,0.0,0.0,0.0,0.0,0,Clear sky,6.7,14.1,72,
2025-05-18T05:00,59.4,55.7,0.0,0.0,0.0,0.0,0,Clear sky,8.2,17.9,69,
2025-05-18T06:00,58.7,54.7,0.0,0.0,0.0,0.0,0,Clear sky,8.5,18.6,68,
2025-05-18T07:00,59.6,55.3,0.0,0.0,0.0,0.0,0,Clear sky,9.3,21.0,66,
2025-05-18T08:00,61.2,56.8,0.0,0.0,0.0,0.0,0,Clear sky,9.8,21.9,65,
2025-05-18T09:00,65.2,60.5,0.0,0.0,0.0,0.0,0,Clear sky,10.6,25.1,56,
2025-05-18T10:00,67.1,63.2,0.0,0.0,0.0,0.0,0,Clear sky,11.2,27.1,54,
2025-05-18T11:00,69.3,64.7,0.0,0.0,0.0,0.0,3,Overcast,15.3,32.9,50,
2025-05-18T12:00,69.3,63.0,0.0,0.0,0.0,0.0,3,Overcast,14.4,35.8,49,
2025-05-18T13:00,70.4,64.4,0.0,0.0,0.0,0.0,3,Overcast,14.5,40.3,48,
2025-05-18T14:00,71.5,67.4,0.004,0.004,0.0,0.0,51,Light drizzle,12.8,34.2,48,
2025-05-18T15:00,72.8,69.4,0.004,0.004,0.0,0.0,51,Light drizzle,11.4,32.2,46,
2025-05-18T16:00,72.4,68.2,0.0,0.0,0.0,0.0,1,Mainly clear,11.0,29.1,48,
2025-05-18T17:00,70.9,66.2,0.004,0.004,0.0,0.0,51,Light drizzle,12.7,29.8,52,
2025-05-18T18:00,70.8,67.9,0.0,0.0,0.0,0.0,2,Partly cloudy,9.3,28.2,54,
2025-05-18T19:00,69.4,66.2,0.0,0.0,0.0,0.0,1,Mainly clear,10.0,24.8,57,
2025-05-18T20:00,66.9,64.9,0.0,0.0,0.0,0.0,1,Mainly clear,8.0,22.4,64,
2025-05-18T21:00,65.4,62.1,0.0,0.0,0.0,0.0,0,Clear sky,9.4,20.4,62,
2025-05-18T22:00,63.7,60.1,0.0,0.0,0.0,0.0,0,Clear sky,10.2,23.3,67,
2025-05-18T23:00,61.9,58.2,0.0,0.0,0.0,0.0,1,Mainly clear,10.6,23.9,71,
2025-05-19T00:00,60.3,55.8,0.0,0.0,0.0,0.0,3,Overcast,11.2,25.3,71,
2025-05-19T01:00,58.6,53.3,0.0,0.0,0.0,0.0,3,Overcast,11.6,27.1,70,
2025-05-19T02:00,57.3,51.5,0.0,0.0,0.0,0.0,3,Overcast,12.1,27.3,70,
2025-05-19T03:00,56.2,50.4,0.0,0.0,0.0,0.0,1,Mainly clear,11.7,27.5,70,
2025-05-19T04:00,55.2,49.2,0.0,0.0,0.0,0.0,1,Mainly clear,11.6,26.6,70,
2025-05-19T05:00,54.0,48.0,0.0,0.0,0.0,0.0,0,Clear sky,11.2,26.4,72,
2025-05-19T06:00,53.3,47.2,0.0,0.0,0.0,0.0,0,Clear sky,11.3,25.5,72,
2025-05-19T07:00,53.9,47.5,0.0,0.0,0.0,0.0,0,Clear sky,11.6,25.7,70,
2025-05-19T08:00,55.1,48.9,0.0,0.0,0.0,0.0,0,Clear sky,11.2,26.8,66,
2025-05-19T09:00,58.7,52.7,0.0,0.0,0.0,0.0,0,Clear sky,11.3,29.3,61,
2025-05-19T10:00,60.3,55.2,0.0,0.0,0.0,0.0,0,Clear sky,11.2,28.0,58,
2025-05-19T11:00,62.2,58.5,0.0,0.0,0.0,0.0,0,Clear sky,10.8,27.7,54,
2025-05-19T12:00,64.4,61.6,0.0,0.0,0.0,0.0,0,Clear sky,11.2,28.0,50,
2025-05-19T13:00,65.9,63.5,0.0,0.0,0.0,0.0,1,Mainly clear,11.3,29.1,47,
2025-05-19T14:00,67.1,63.8,0.0,0.0,0.0,0.0,2,Partly cloudy,11.8,29.1,44,
2025-05-19T15:00,66.7,60.6,0.0,0.0,0.0,0.0,1,Mainly clear,12.6,30.2,43,
2025-05-19T16:00,67.1,61.6,0.0,0.0,0.0,0.0,0,Clear sky,12.6,30.9,42,
2025-05-19T17:00,65.8,58.8,0.0,0.0,0.0,0.0,1,Mainly clear,12.7,30.6,42,
2025-05-19T18:00,64.4,56.7,0.0,0.0,0.0,0.0,0,Clear sky,13.1,30.2,42,
2025-05-19T19:00,62.0,54.3,0.0,0.0,0.0,0.0,0,Clear sky,13.2,30.2,47,
2025-05-19T20:00,59.1,52.0,0.0,0.0,0.0,0.0,0,Clear sky,11.8,29.5,52,
2025-05-19T21:00,60.0,52.7,0.0,0.0,0.0,0.0,0,Clear sky,10.8,24.2,45,
2025-05-19T22:00,56.4,48.8,0.0,0.0,0.0,0.0,0,Clear sky,11.2,26.4,49,
2025-05-19T23:00,53.6,46.3,0.0,0.0,0.0,0.0,0,Clear sky,10.7,25.5,55,
2025-05-20T00:00,51.8,45.3,0.0,0.0,0.0,0.0,0,Clear sky,9.0,24.2,60,
2025-05-20T01:00,50.7,45.1,0.0,0.0,0.0,0.0,0,Clear sky,7.2,20.6,64,
2025-05-20T02:00,49.8,44.6,0.0,0.0,0.0,0.0,0,Clear sky,6.3,16.3,67,
2025-05-20T03:00,49.1,43.7,0.0,0.0,0.0,0.0,0,Clear sky,6.6,15.0,68,
2025-05-20T04:00,48.3,43.0,0.0,0.0,0.0,0.0,0,Clear sky,6.2,15.2,69,
2025-05-20T05:00,47.6,42.5,0.0,0.0,0.0,0.0,0,Clear sky,5.7,14.3,70,
2025-05-20T06:00,47.3,41.9,0.0,0.0,0.0,0.0,0,Clear sky,6.2,13.9,70,
2025-05-20T07:00,48.3,42.6,0.0,0.0,0.0,0.0,0,Clear sky,6.7,15.7,66,
2025-05-20T08:00,50.0,43.7,0.0,0.0,0.0,0.0,0,Clear sky,7.7,19.2,61,
2025-05-20T09:00,53.2,47.3,0.0,0.0,0.0,0.0,0,Clear sky,7.1,19.5,55,
2025-05-20T10:00,55.7,51.3,0.0,0.0,0.0,0.0,0,Clear sky,6.6,19.2,53,
2025-05-20T11:00,58.1,55.3,0.0,0.0,0.0,0.0,0,Clear sky,7.1,20.4,51,
2025-05-20T12:00,62.5,60.2,0.0,0.0,0.0,0.0,3,Overcast,7.1,20.6,44,
2025-05-20T13:00,62.6,59.4,0.0,0.0,0.0,0.0,3,Overcast,7.1,20.1,46,
2025-05-20T14:00,63.7,60.1,0.0,0.0,0.0,0.0,3,Overcast,6.7,20.1,45,
2025-05-20T15:00,64.0,59.3,0.0,0.0,0.0,0.0,3,Overcast,6.7,19.0,46,
2025-05-20T16:00,64.1,59.7,0.0,0.0,0.0,0.0,3,Overcast,6.4,18.3,46,
2025-05-20T17:00,63.8,59.2,0.0,0.0,0.0,0.0,3,Overcast,6.8,17.4,48,
2025-05-20T18:00,62.8,58.0,0.0,0.0,0.0,0.0,1,Mainly clear,7.8,19.5,50,
2025-05-20T19:00,61.1,56.7,0.0,0.0,0.0,0.0,1,Mainly clear,6.7,19.0,54,
2025-05-20T20:00,59.1,54.7,0.0,0.0,0.0,0.0,0,Clear sky,7.0,16.1,58,
2025-05-20T21:00,59.2,55.2,0.0,0.0,0.0,0.0,0,Clear sky,6.6,15.0,60,
2025-05-20T22:00,57.5,54.7,0.0,0.0,0.0,0.0,1,Mainly clear,4.1,14.5,66,
2025-05-20T23:00,56.5,54.0,0.0,0.0,0.0,0.0,3,Overcast,3.7,9.4,69,
2025-05-21T00:00,56.0,54.8,0.0,0.0,0.0,0.0,3,Overcast,2.0,8.5,75,
2025-05-21T01:00,56.1,55.7,0.0,0.0,0.0,0.0,3,Overcast,1.0,4.3,80,
2025-05-21T02:00,56.6,55.5,0.0,0.0,0.0,0.0,3,Overcast,2.3,4.7,77,
2025-05-21T03:00,56.7,54.1,0.0,0.0,0.0,0.0,3,Overcast,5.0,11.2,74,
2025-05-21T04:00,56.0,52.6,0.0,0.0,0.0,0.0,3,Overcast,6.6,15.0,73,
2025-05-21T05:00,55.1,51.6,0.0,0.0,0.0,0.0,3,Overcast,6.8,15.7,76,
2025-05-21T06:00,54.1,50.5,0.0,0.0,0.0,0.0,3,Overcast,7.1,18.6,79,
2025-05-21T07:00,53.6,49.7,0.0,0.0,0.0,0.0,3,Overcast,7.4,17.9,78,
2025-05-21T08:00,53.2,49.4,0.0,0.0,0.0,0.0,3,Overcast,6.6,17.2,78,
2025-05-21T09:00,53.0,48.9,0.008,0.008,0.0,0.0,51,Light drizzle,7.0,17.2,77,
2025-05-21T10:00,53.1,48.8,0.012,0.012,0.0,0.0,51,Light drizzle,7.2,18.3,75,
2025-05-21T11:00,54.4,49.4,0.016,0.016,0.0,0.0,51,Light drizzle,8.9,20.8,71,
2025-05-21T12:00,55.2,50.2,0.016,0.016,0.0,0.0,51,Light drizzle,8.8,21.9,68,
2025-05-21T13:00,54.6,49.3,0.016,0.016,0.0,0.0,51,Light drizzle,9.3,21.5,69,
2025-05-21T14:00,55.0,49.0,0.016,0.016,0.0,0.0,51,Light drizzle,10.8,25.3,68,
2025-05-21T15:00,54.1,48.4,0.012,0.012,0.0,0.0,51,Light drizzle,10.2,25.5,69,
2025-05-21T16:00,54.7,49.3,0.004,0.004,0.0,0.0,51,Light drizzle,9.2,25.5,67,
2025-05-21T17:00,54.1,48.2,0.0,0.0,0.0,0.0,3,Overcast,10.0,23.7,67,
2025-05-21T18:00,52.8,46.9,0.0,0.0,0.0,0.0,3,Overcast,9.5,24.4,68,
2025-05-21T19:00,52.2,46.0,0.0,0.0,0.0,0.0,3,Overcast,10.5,24.2,71,
2025-05-21T20:00,51.4,45.5,0.0,0.0,0.0,0.0,3,Overcast,10.0,23.7,74,
2025-05-21T21:00,50.2,44.7,0.004,0.004,0.0,0.0,51,Light drizzle,8.8,24.8,76,
2025-05-21T22:00,49.8,44.6,0.004,0.004,0.0,0.0,51,Light drizzle,8.2,20.6,78,
2025-05-21T23:00,49.4,44.6,0.004,0.004,0.0,0.0,51,Light drizzle,7.4,18.3,80,
2025-05-22T00:00,49.3,44.8,0.004,0.004,0.0,0.0,51,Light drizzle,7.2,17.0,83,
2025-05-22T01:00,49.6,45.7,0.016,0.016,0.0,0.0,51,Light drizzle,6.3,16.1,85,
2025-05-22T02:00,49.3,45.0,0.102,0.102,0.0,0.0,63,Moderate rain,8.4,16.8,92,
2025-05-22T03:00,49.0,43.3,0.138,0.138,0.0,0.0,63,Moderate rain,11.9,23.9,93,
2025-05-22T04:00,49.3,43.9,0.067,0.067,0.0,0.0,61,Slight rain,11.1,26.8,94,
2025-05-22T05:00,49.5,45.3,0.075,0.075,0.0,0.0,61,Slight rain,8.4,23.0,94,
2025-05-22T06:00,49.3,45.1,0.106,0.106,0.0,0.0,63,Moderate rain,8.4,17.2,94,
2025-05-22T07:00,49.0,43.7,0.11,0.11,0.0,0.0,63,Moderate rain,10.9,22.4,93,
2025-05-22T08:00,49.3,44.3,0.098,0.098,0.0,0.0,63,Moderate rain,10.2,22.8,93,
2025-05-22T09:00,49.9,45.8,0.031,0.031,0.0,0.0,53,Moderate drizzle,8.1,18.3,90,
2025-05-22T10:00,51.4,45.3,0.016,0.016,0.0,0.0,51,Light drizzle,12.3,25.5,84,
2025-05-22T11:00,51.2,46.0,0.004,0.004,0.0,0.0,51,Light drizzle,10.5,26.6,86,
2025-05-22T12:00,52.0,45.8,0.004,0.004,0.0,0.0,51,Light drizzle,12.7,29.8,82,
2025-05-22T13:00,53.1,47.9,0.004,0.004,0.0,0.0,51,Light drizzle,10.3,28.6,79,
2025-05-22T14:00,53.8,48.5,0.0,0.0,0.0,0.0,3,Overcast,10.4,24.4,77,
2025-05-22T15:00,53.6,48.8,0.0,0.0,0.0,0.0,3,Overcast,9.1,24.8,77,
2025-05-22T16:00,54.5,50.5,0.0,0.0,0.0,0.0,3,Overcast,7.5,20.8,75,
2025-05-22T17:00,53.8,50.6,0.004,0.004,0.0,0.0,51,Light drizzle,5.6,18.3,78,
2025-05-22T18:00,53.1,50.0,0.031,0.031,0.0,0.0,53,Moderate drizzle,5.6,12.5,81,
2025-05-22T19:00,51.3,48.3,0.051,0.051,0.0,0.0,61,Slight rain,6.2,13.4,91,
2025-05-22T20:00,50.6,47.7,0.035,0.035,0.0,0.0,53,Moderate drizzle,5.5,13.0,90,
2025-05-22T21:00,49.0,45.8,0.016,0.016,0.0,0.0,51,Light drizzle,5.2,10.7,89,
2025-05-22T22:00,48.5,44.9,0.0,0.0,0.0,0.0,3,Overcast,5.6,11.6,89,
2025-05-22T23:00,48.0,44.9,0.0,0.0,0.0,0.0,3,Overcast,4.3,11.6,88,
2025-05-23T00:00,48.0,44.8,0.0,0.0,0.0,0.0,3,Overcast,4.0,9.2,86,
2025-05-23T01:00,47.8,45.0,0.0,0.0,0.0,0.0,3,Overcast,3.1,8.9,86,
2025-05-23T02:00,47.6,44.8,0.004,0.004,0.0,0.0,51,Light drizzle,3.0,7.2,87,
2025-05-23T03:00,47.6,44.8,0.004,0.004,0.0,0.0,51,Light drizzle,2.9,6.7,87,
2025-05-23T04:00,47.6,45.2,0.004,0.004,0.0,0.0,51,Light drizzle,2.1,6.7,88,
2025-05-23T05:00,47.6,45.2,0.004,0.004,0.0,0.0,51,Light drizzle,1.8,4.9,87,
2025-05-23T06:00,47.7,45.2,0.008,0.008,0.0,0.0,51,Light drizzle,2.2,4.9,87,
2025-05-23T07:00,48.0,46.2,0.0,0.0,0.0,0.0,3,Overcast,0.8,5.4,86,
2025-05-23T08:00,48.7,46.6,0.0,0.0,0.0,0.0,3,Overcast,1.5,5.4,85,
2025-05-23T09:00,49.6,47.4,0.0,0.0,0.0,0.0,3,Overcast,2.5,7.6,85,
2025-05-23T10:00,53.0,49.7,0.0,0.0,0.0,0.0,3,Overcast,5.7,15.0,79,
2025-05-23T11:00,55.6,52.4,0.004,0.004,0.0,0.0,51,Light drizzle,6.1,15.9,75,
2025-05-23T12:00,56.0,52.2,0.0,0.0,0.0,0.0,3,Overcast,7.0,16.3,71,
2025-05-23T13:00,57.9,53.4,0.004,0.004,0.0,0.0,51,Light drizzle,8.5,20.1,66,
2025-05-23T14:00,58.0,53.7,0.004,0.004,0.0,0.0,51,Light drizzle,8.4,21.0,67,
2025-05-23T15:00,58.8,54.5,0.004,0.004,0.0,0.0,51,Light drizzle,8.4,20.6,64,
2025-05-23T16:00,60.5,56.6,0.004,0.004,0.0,0.0,51,Light drizzle,7.8,24.4,60,
2025-05-23T17:00,61.1,57.2,0.004,0.004,0.0,0.0,51,Light drizzle,6.7,23.0,57,
2025-05-23T18:00,60.6,57.9,0.008,0.008,0.0,0.0,51,Light drizzle,4.0,16.3,59,
2025-05-23T19:00,58.4,56.5,0.008,0.008,0.0,0.0,51,Light drizzle,3.6,9.6,70,
2025-05-23T20:00,55.8,54.6,0.0,0.0,0.0,0.0,3,Overcast,2.9,8.5,81,
2025-05-23T21:00,53.4,52.1,0.008,0.008,0.0,0.0,51,Light drizzle,3.6,11.0,90,
2025-05-23T22:00,53.2,52.0,0.0,0.0,0.0,0.0,0,Clear sky,3.2,7.6,90,
2025-05-23T23:00,53.2,50.6,0.0,0.0,0.0,0.0,1,Mainly clear,5.5,10.7,86,
2025-05-24T00:00,52.4,49.3,0.0,0.0,0.0,0.0,0,Clear sky,5.7,12.5,82,
2025-05-24T01:00,51.4,48.3,0.0,0.0,0.0,0.0,0,Clear sky,5.1,11.6,84,
2025-05-24T02:00,50.5,47.1,0.0,0.0,0.0,0.0,0,Clear sky,5.5,11.2,85,
2025-05-24T03:00,49.6,45.9,0.0,0.0,0.0,0.0,0,Clear sky,5.9,12.3,86,
2025-05-24T04:00,48.6,44.6,0.0,0.0,0.0,0.0,0,Clear sky,6.1,12.8,86,
2025-05-24T05:00,47.8,43.4,0.0,0.0,0.0,0.0,0,Clear sky,6.4,13.6,83,
2025-05-24T06:00,47.5,42.7,0.0,0.0,0.0,0.0,1,Mainly clear,6.8,14.3,82,
2025-05-24T07:00,49.1,45.0,0.0,0.0,0.0,0.0,2,Partly cloudy,5.7,15.4,80,
2025-05-24T08:00,51.7,47.1,0.0,0.0,0.0,0.0,3,Overcast,7.1,17.0,74,
2025-05-24T09:00,55.5,51.2,0.0,0.0,0.0,0.0,1,Mainly clear,7.0,17.9,67,
2025-05-24T10:00,57.8,52.1,0.0,0.0,0.0,0.0,1,Mainly clear,10.3,25.9,60,
2025-05-24T11:00,59.4,53.7,0.004,0.004,0.0,0.0,51,Light drizzle,9.7,25.1,55,
2025-05-24T12:00,61.0,56.8,0.0,0.0,0.0,0.0,2,Partly cloudy,9.2,25.1,55,
2025-05-24T13:00,62.2,58.7,0.0,0.0,0.0,0.0,3,Overcast,10.1,25.9,54,
2025-05-24T14:00,62.0,56.1,0.0,0.0,0.0,0.0,3,Overcast,10.9,27.1,53,
2025-05-24T15:00,61.9,55.9,0.0,0.0,0.0,0.0,3,Overcast,11.1,28.6,54,
2025-05-24T16:00,61.5,55.4,0.0,0.0,0.0,0.0,3,Overcast,10.7,28.0,52,
2025-05-24T17:00,60.0,54.5,0.012,0.012,0.0,0.0,51,Light drizzle,10.2,25.3,59,
2025-05-24T18:00,60.0,56.0,0.0,0.0,0.0,0.0,3,Overcast,7.5,22.1,62,
2025-05-24T19:00,59.9,55.0,0.0,0.0,0.0,0.0,1,Mainly clear,9.0,24.8,60,
2025-05-24T20:00,57.7,53.7,0.0,0.0,0.0,0.0,1,Mainly clear,7.0,20.8,66,
2025-05-24T21:00,57.3,52.8,0.0,0.0,0.0,0.0,0,Clear sky,7.9,19.5,64,
2025-05-24T22:00,55.7,51.7,0.0,0.0,0.0,0.0,1,Mainly clear,6.4,17.4,67,
2025-05-24T23:00,54.8,51.0,0.0,0.0,0.0,0.0,1,Mainly clear,6.1,14.3,70,
2025-05-25T00:00,53.9,50.2,0.0,0.0,0.0,0.0,2,Partly cloudy,6.0,13.2,73,
2025-05-25T01:00,53.2,49.2,0.0,0.0,0.0,0.0,2,Partly cloudy,6.5,14.1,73,
2025-05-25T02:00,52.7,48.4,0.0,0.0,0.0,0.0,2,Partly cloudy,7.1,15.9,74,
2025-05-25T03:00,52.0,47.7,0.0,0.0,0.0,0.0,1,Mainly clear,7.1,15.9,77,
2025-05-25T04:00,51.3,47.0,0.0,0.0,0.0,0.0,1,Mainly clear,7.1,15.7,80,
2025-05-25T05:00,50.9,46.6,0.0,0.0,0.0,0.0,1,Mainly clear,7.3,15.9,81,
2025-05-25T06:00,50.9,46.7,0.0,0.0,0.0,0.0,0,Clear sky,7.2,15.9,82,
2025-05-25T07:00,52.4,48.3,0.0,0.0,0.0,0.0,0,Clear sky,7.5,16.1,79,
2025-05-25T08:00,54.4,50.3,0.0,0.0,0.0,0.0,0,Clear sky,7.5,18.1,74,
2025-05-25T09:00,58.3,54.1,0.0,0.0,0.0,0.0,1,Mainly clear,8.3,20.1,67,
2025-05-25T10:00,60.7,56.2,0.0,0.0,0.0,0.0,2,Partly cloudy,9.8,24.8,59,
2025-05-25T11:00,62.3,57.5,0.0,0.0,0.0,0.0,3,Overcast,10.2,24.8,53,
2025-05-25T12:00,62.2,56.6,0.0,0.0,0.0,0.0,3,Overcast,9.9,24.8,52,
2025-05-25T13:00,63.6,58.4,0.0,0.0,0.0,0.0,3,Overcast,9.7,23.9,51,
2025-05-25T14:00,64.9,59.2,0.0,0.0,0.0,0.0,3,Overcast,10.9,25.9,47,
2025-05-25T15:00,65.1,59.1,0.0,0.0,0.0,0.0,2,Partly cloudy,10.6,25.9,46,
2025-05-25T16:00,66.1,60.3,0.0,0.0,0.0,0.0,3,Overcast,10.0,25.1,45,
2025-05-25T17:00,65.5,59.8,0.0,0.0,0.0,0.0,3,Overcast,10.0,23.3,46,
2025-05-25T18:00,64.4,59.5,0.0,0.0,0.0,0.0,3,Overcast,9.0,23.7,50,
2025-05-25T19:00,63.1,59.5,0.0,0.0,0.0,0.0,2,Partly cloudy,6.8,19.9,55,
2025-05-25T20:00,61.2,58.1,0.0,0.0,0.0,0.0,1,Mainly clear,5.9,15.0,62,
2025-05-25T21:00,59.9,56.8,0.0,0.0,0.0,0.0,3,Overcast,6.0,12.1,65,
2025-05-25T22:00,59.1,56.0,0.0,0.0,0.0,0.0,3,Overcast,6.2,13.9,67,
2025-05-25T23:00,57.4,55.0,0.0,0.0,0.0,0.0,0,Clear sky,4.9,13.2,73,
2025-05-26T00:00,55.2,52.9,0.0,0.0,0.0,0.0,1,Mainly clear,4.6,10.1,78,
2025-05-26T01:00,54.3,51.3,0.0,0.0,0.0,0.0,1,Mainly clear,5.6,11.6,78,
2025-05-26T02:00,53.5,50.3,0.0,0.0,0.0,0.0,0,Clear sky,5.5,12.3,77,
2025-05-26T03:00,52.4,49.6,0.0,0.0,0.0,0.0,0,Clear sky,4.4,11.6,79,
2025-05-26T04:00,51.5,48.6,0.0,0.0,0.0,0.0,0,Clear sky,4.4,9.2,81,
2025-05-26T05:00,50.8,47.9,0.0,0.0,0.0,0.0,0,Clear sky,4.2,8.9,83,
2025-05-26T06:00,50.5,47.5,0.0,0.0,0.0,0.0,0,Clear sky,4.6,9.4,83,
2025-05-26T07:00,52.3,49.6,0.0,0.0,0.0,0.0,0,Clear sky,4.2,10.3,82,
2025-05-26T08:00,55.1,52.8,0.0,0.0,0.0,0.0,0,Clear sky,4.1,11.6,76,
2025-05-26T09:00,60.2,58.2,0.0,0.0,0.0,0.0,0,Clear sky,3.7,11.6,65,
2025-05-26T10:00,63.5,62.5,0.0,0.0,0.0,0.0,0,Clear sky,3.9,12.8,57,
2025-05-26T11:00,65.9,66.2,0.0,0.0,0.0,0.0,0,Clear sky,4.0,13.4,51,
2025-05-26T12:00,67.6,67.6,0.0,0.0,0.0,0.0,0,Clear sky,4.6,14.5,46,
2025-05-26T13:00,69.4,69.0,0.0,0.0,0.0,0.0,2,Partly cloudy,5.7,16.8,42,
2025-05-26T14:00,70.3,68.1,0.0,0.0,0.0,0.0,2,Partly cloudy,6.4,17.4,40,
2025-05-26T15:00,70.5,67.3,0.0,0.0,0.0,0.0,2,Partly cloudy,7.0,18.1,39,
2025-05-26T16:00,69.7,66.5,0.0,0.0,0.0,0.0,1,Mainly clear,6.3,18.6,41,
2025-05-26T17:00,69.4,66.0,0.0,0.0,0.0,0.0,1,Mainly clear,5.2,16.6,43,
2025-05-26T18:00,69.3,66.1,0.0,0.0,0.0,0.0,1,Mainly clear,4.8,13.4,43,
2025-05-26T19:00,68.2,66.2,0.0,0.0,0.0,0.0,1,Mainly clear,3.4,11.6,48,
2025-05-26T20:00,65.7,65.7,0.0,0.0,0.0,0.0,0,Clear sky,1.8,7.6,62,
2025-05-26T21:00,63.1,60.1,0.0,0.0,0.0,0.0,0,Clear sky,5.7,11.6,58,
2025-05-26T22:00,61.3,58.4,0.0,0.0,0.0,0.0,0,Clear sky,5.2,12.3,60,
2025-05-26T23:00,60.5,57.9,0.0,0.0,0.0,0.0,0,Clear sky,5.1,10.7,64,
2025-05-27T00:00,59.1,57.4,0.0,0.0,0.0,0.0,2,Partly cloudy,3.5,10.3,69,
2025-05-27T01:00,57.4,56.2,0.0,0.0,0.0,0.0,2,Partly cloudy,2.6,6.9,75,
2025-05-27T02:00,56.3,55.1,0.0,0.0,0.0,0.0,2,Partly cloudy,2.5,5.1,78,
2025-05-27T03:00,55.4,54.1,0.0,0.0,0.0,0.0,3,Overcast,2.6,5.4,80,
2025-05-27T04:00,54.4,53.1,0.0,0.0,0.0,0.0,1,Mainly clear,2.5,4.9,82,
2025-05-27T05:00,53.5,52.8,0.0,0.0,0.0,0.0,2,Partly cloudy,1.1,4.5,85,
2025-05-27T06:00,53.1,52.7,0.0,0.0,0.0,0.0,3,Overcast,0.8,2.2,88,
2025-05-27T07:00,55.3,55.0,0.0,0.0,0.0,0.0,3,Overcast,1.5,4.7,86,
2025-05-27T08:00,58.9,58.7,0.0,0.0,0.0,0.0,3,Overcast,1.8,6.9,77,
2025-05-27T09:00,63.9,63.3,0.0,0.0,0.0,0.0,3,Overcast,2.2,8.9,63,
2025-05-27T10:00,67.7,67.7,0.0,0.0,0.0,0.0,3,Overcast,2.1,9.4,55,
2025-05-27T11:00,71.1,72.2,0.0,0.0,0.0,0.0,3,Overcast,1.7,9.4,47,
2025-05-27T12:00,73.6,75.6,0.0,0.0,0.0,0.0,3,Overcast,0.6,9.2,39,
2025-05-27T13:00,75.4,77.6,0.0,0.0,0.0,0.0,3,Overcast,0.4,7.6,36,
2025-05-27T14:00,76.6,77.7,0.0,0.0,0.0,0.0,3,Overcast,0.7,7.4,33,
2025-05-27T15:00,76.5,73.7,0.0,0.0,0.0,0.0,3,Overcast,4.0,12.1,32,
2025-05-27T16:00,73.5,68.5,0.0,0.0,0.0,0.0,3,Overcast,8.9,21.9,36,
2025-05-27T17:00,70.7,65.8,0.0,0.0,0.0,0.0,3,Overcast,8.4,22.6,40,
2025-05-27T18:00,70.1,66.3,0.0,0.0,0.0,0.0,3,Overcast,6.3,19.5,41,
2025-05-27T19:00,68.1,65.4,0.0,0.0,0.0,0.0,3,Overcast,4.6,14.5,47,
2025-05-27T20:00,66.2,64.4,0.0,0.0,0.0,0.0,3,Overcast,3.5,10.5,54,
2025-05-27T21:00,66.9,63.8,0.0,0.0,0.0,0.0,3,Overcast,5.8,13.6,49,
2025-05-27T22:00,65.9,64.2,0.0,0.0,0.0,0.0,3,Overcast,3.4,12.3,54,
2025-05-27T23:00,64.6,63.1,0.0,0.0,0.0,0.0,3,Overcast,3.1,7.4,58,
2025-05-28T00:00,63.7,62.1,0.0,0.0,0.0,0.0,3,Overcast,3.1,7.2,58,
2025-05-28T01:00,62.4,61.2,0.0,0.0,0.0,0.0,3,Overcast,2.6,6.3,63,
2025-05-28T02:00,61.6,60.7,0.0,0.0,0.0,0.0,3,Overcast,2.2,5.4,65,
2025-05-28T03:00,60.8,59.9,0.0,0.0,0.0,0.0,3,Overcast,2.3,4.5,68,
2025-05-28T04:00,60.5,58.9,0.0,0.0,0.0,0.0,3,Overcast,2.9,5.8,65,
2025-05-28T05:00,60.2,58.0,0.0,0.0,0.0,0.0,3,Overcast,3.6,7.6,64,
2025-05-28T06:00,59.5,57.2,0.0,0.0,0.0,0.0,3,Overcast,4.1,8.7,66,
2025-05-28T07:00,59.3,56.9,0.0,0.0,0.0,0.0,3,Overcast,4.7,10.7,68,
2025-05-28T08:00,59.5,57.5,0.0,0.0,0.0,0.0,3,Overcast,4.1,11.0,68,
2025-05-28T09:00,62.2,59.7,0.0,0.0,0.0,0.0,3,Overcast,4.3,12.3,59,
2025-05-28T10:00,63.7,61.4,0.0,0.0,0.0,0.0,3,Overcast,3.6,11.6,55,
2025-05-28T11:00,66.1,63.7,0.0,0.0,0.0,0.0,3,Overcast,3.4,12.3,49,
2025-05-28T12:00,66.6,63.5,0.0,0.0,0.0,0.0,3,Overcast,3.9,11.9,45,
2025-05-28T13:00,65.0,59.4,0.0,0.0,0.0,0.0,3,Overcast,7.5,19.7,39,
2025-05-28T14:00,61.5,57.2,0.004,0.004,0.0,0.0,51,Light drizzle,4.9,20.1,47,
2025-05-28T15:00,60.4,56.7,0.012,0.012,0.0,0.0,51,Light drizzle,4.0,13.6,51,
2025-05-28T16:00,59.7,56.6,0.02,0.02,0.0,0.0,53,Moderate drizzle,3.9,11.4,57,
2025-05-28T17:00,58.7,55.8,0.024,0.024,0.0,0.0,53,Moderate drizzle,4.6,11.2,63,
2025-05-28T18:00,57.3,55.3,0.067,0.067,0.0,0.0,61,Slight rain,4.4,11.4,75,
2025-05-28T19:00,56.3,55.4,0.043,0.043,0.0,0.0,55,Dense drizzle,4.3,9.6,89,
2025-05-28T20:00,55.8,54.4,0.083,0.083,0.0,0.0,61,Slight rain,5.6,11.4,91,
2025-05-28T21:00,54.4,53.3,0.055,0.055,0.0,0.0,61,Slight rain,4.3,11.4,92,
2025-05-28T22:00,54.1,52.5,0.059,0.059,0.0,0.0,61,Slight rain,5.4,11.4,94,
2025-05-28T23:00,54.0,52.7,0.047,0.047,0.0,0.0,55,Dense drizzle,5.0,11.2,95,
2025-05-29T00:00,54.4,53.1,0.02,0.02,0.0,0.0,53,Moderate drizzle,5.5,10.7,96,
2025-05-29T01:00,54.6,53.1,0.012,0.012,0.0,0.0,51,Light drizzle,6.3,12.5,97,
2025-05-29T02:00,55.0,53.7,0.016,0.016,0.0,0.0,51,Light drizzle,6.3,12.8,98,
2025-05-29T03:00,55.4,54.1,0.02,0.02,0.0,0.0,53,Moderate drizzle,6.5,13.4,97,
2025-05-29T04:00,55.9,54.3,0.016,0.016,0.0,0.0,51,Light drizzle,7.6,14.8,98,
2025-05-29T05:00,56.1,54.8,0.004,0.004,0.0,0.0,51,Light drizzle,7.2,17.2,97,
2025-05-29T06:00,56.4,54.9,0.0,0.0,0.0,0.0,3,Overcast,7.6,15.4,97,
2025-05-29T07:00,57.1,56.2,0.004,0.004,0.0,0.0,51,Light drizzle,6.6,15.4,96,
2025-05-29T08:00,58.2,57.0,0.0,0.0,0.0,0.0,3,Overcast,7.7,16.1,94,
2025-05-29T09:00,60.4,59.3,0.0,0.0,0.0,0.0,3,Overcast,7.5,18.1,87,
2025-05-29T10:00,62.6,62.1,0.0,0.0,0.0,0.0,3,Overcast,6.6,18.1,82,
2025-05-29T11:00,64.0,64.3,0.0,0.0,0.0,0.0,3,Overcast,5.2,17.0,79,
2025-05-29T12:00,65.7,66.4,0.004,0.004,0.0,0.0,51,Light drizzle,4.4,14.1,76,
2025-05-29T13:00,65.3,66.3,0.0,0.0,0.0,0.0,3,Overcast,3.7,13.0,77,
2025-05-29T14:00,65.8,67.5,0.0,0.0,0.0,0.0,3,Overcast,2.3,11.4,77,
2025-05-29T15:00,67.7,69.8,0.0,0.0,0.0,0.0,3,Overcast,2.0,8.9,73,
2025-05-29T16:00,69.4,71.7,0.0,0.0,0.0,0.0,3,Overcast,1.6,8.5,69,
2025-05-29T17:00,70.3,71.5,0.0,0.0,0.0,0.0,3,Overcast,4.6,11.9,68,
2025-05-29T18:00,69.7,71.1,0.0,0.0,0.0,0.0,2,Partly cloudy,5.2,13.2,72,
2025-05-29T19:00,70.1,71.7,0.0,0.0,0.0,0.0,3,Overcast,4.7,12.3,72,
2025-05-29T20:00,68.0,69.8,0.0,0.0,0.0,0.0,3,Overcast,4.1,10.7,77,
2025-05-29T21:00,65.1,66.3,0.0,0.0,0.0,0.0,3,Overcast,5.1,11.6,83,
2025-05-29T22:00,64.2,65.8,0.0,0.0,0.0,0.0,3,Overcast,4.3,11.0,86,
2025-05-29T23:00,63.6,64.7,0.0,0.0,0.0,0.0,3,Overcast,4.9,10.1,87,
2025-05-30T00:00,63.1,64.2,0.0,0.0,0.0,0.0,3,Overcast,4.7,10.3,87,
2025-05-30T01:00,62.6,63.4,0.0,0.0,0.0,0.0,3,Overcast,4.9,9.8,87,
2025-05-30T02:00,61.6,62.4,0.0,0.0,0.0,0.0,3,Overcast,4.5,10.3,89,
2025-05-30T03:00,61.1,62.1,0.0,0.0,0.0,0.0,3,Overcast,4.0,8.9,91,
2025-05-30T04:00,61.1,62.2,0.0,0.0,0.0,0.0,3,Overcast,4.2,8.5,92,
2025-05-30T05:00,61.3,62.4,0.0,0.0,0.0,0.0,3,Overcast,4.3,9.2,92,
2025-05-30T06:00,61.1,62.8,0.004,0.004,0.0,0.0,51,Light drizzle,3.2,8.7,93,
2025-05-30T07:00,61.6,62.9,0.0,0.0,0.0,0.0,3,Overcast,4.7,9.6,94,
2025-05-30T08:00,63.6,64.7,0.0,0.0,0.0,0.0,3,Overcast,6.0,14.3,90,
2025-05-30T09:00,65.9,68.7,0.0,0.0,0.0,0.0,3,Overcast,3.0,8.7,86,
2025-05-30T10:00,69.2,71.4,0.0,0.0,0.0,0.0,3,Overcast,4.9,13.4,79,
2025-05-30T11:00,70.2,72.6,0.0,0.0,0.0,0.0,3,Overcast,4.7,15.7,77,
2025-05-30T12:00,71.4,74.3,0.0,0.0,0.0,0.0,3,Overcast,4.5,15.7,76,
2025-05-30T13:00,73.7,77.2,0.004,0.004,0.0,0.0,51,Light drizzle,5.6,16.8,70,
2025-05-30T14:00,73.6,75.7,0.028,0.028,0.0,0.0,53,Moderate drizzle,6.0,18.3,64,
2025-05-30T15:00,71.6,73.1,0.035,0.035,0.0,0.0,53,Moderate drizzle,6.1,16.1,71,
2025-05-30T16:00,71.8,74.2,0.031,0.031,0.0,0.0,53,Moderate drizzle,5.5,17.9,73,
2025-05-30T17:00,71.5,74.2,0.012,0.012,0.0,0.0,51,Light drizzle,4.9,16.6,75,
2025-05-30T18:00,69.4,71.7,0.0,0.0,0.0,0.0,2,Partly cloudy,7.0,17.0,84,
2025-05-30T19:00,67.7,71.1,0.0,0.0,0.0,0.0,3,Overcast,3.7,17.9,87,
2025-05-30T20:00,66.5,69.7,0.0,0.0,0.0,0.0,3,Overcast,3.8,10.1,90,
2025-05-30T21:00,63.1,64.8,0.0,0.0,0.0,0.0,3,Overcast,5.8,15.7,97,
2025-05-30T22:00,61.6,63.1,0.008,0.008,0.0,0.0,51,Light drizzle,5.8,13.0,99,
2025-05-30T23:00,61.1,62.7,0.02,0.02,0.0,0.0,53,Moderate drizzle,5.0,11.6,99,
2025-05-31T00:00,60.7,61.2,0.165,0.165,0.0,0.0,63,Moderate rain,7.3,13.6,99,
2025-05-31T01:00,59.9,61.0,0.13,0.13,0.0,0.0,63,Moderate rain,5.1,14.1,99,
2025-05-31T02:00,59.4,59.8,0.134,0.134,0.0,0.0,63,Moderate rain,5.9,15.4,98,
2025-05-31T03:00,58.5,58.3,0.217,0.217,0.0,0.0,63,Moderate rain,6.8,17.0,99,
2025-05-31T04:00,58.6,58.9,0.185,0.185,0.0,0.0,63,Moderate rain,5.3,15.4,97,
2025-05-31T05:00,58.6,59.1,0.0,0.0,0.0,0.0,3,Overcast,5.1,11.9,97,
2025-05-31T06:00,59.8,60.7,0.0,0.0,0.0,0.0,3,Overcast,5.4,9.6,99,
2025-05-31T07:00,60.4,59.7,0.004,0.004,0.0,0.0,51,Light drizzle,8.6,18.8,94,
2025-05-31T08:00,60.9,61.4,0.004,0.004,0.0,0.0,51,Light drizzle,5.4,17.4,92,
2025-05-31T09:00,60.9,57.3,0.024,0.024,0.0,0.0,53,Moderate drizzle,12.5,26.8,82,
2025-05-31T10:00,61.3,56.8,0.024,0.024,0.0,0.0,53,Moderate drizzle,13.8,32.4,77,
2025-05-31T11:00,64.0,59.3,0.016,0.016,0.0,0.0,51,Light drizzle,15.7,36.5,66,
2025-05-31T12:00,64.5,59.9,0.012,0.012,0.0,0.0,51,Light drizzle,13.3,36.5,66,
2025-05-31T13:00,66.1,63.2,0.004,0.004,0.0,0.0,51,Light drizzle,11.9,34.0,64,
2025-05-31T14:00,66.7,63.3,0.0,0.0,0.0,0.0,3,Overcast,11.7,31.5,62,
2025-05-31T15:00,64.8,61.8,0.008,0.008,0.0,0.0,51,Light drizzle,10.1,30.0,68,
2025-05-31T16:00,63.6,60.2,0.059,0.059,0.0,0.0,61,Slight rain,12.3,28.6,73,
2025-05-31T17:00,63.1,59.0,0.028,0.028,0.0,0.0,53,Moderate drizzle,11.4,26.6,68,
2025-05-31T18:00,62.2,57.9,0.0,0.0,0.0,0.0,3,Overcast,10.5,26.4,66,
2025-05-31T19:00,60.1,55.7,0.0,0.0,0.0,0.0,3,Overcast,9.6,27.3,66,
2025-05-31T20:00,57.4,52.2,0.0,0.0,0.0,0.0,1,Mainly clear,9.9,24.4,67,
2025-05-31T21:00,56.8,51.7,0.0,0.0,0.0,0.0,0,Clear sky,9.6,22.6,67,
2025-05-31T22:00,55.2,49.9,0.0,0.0,0.0,0.0,2,Partly cloudy,9.6,22.1,68,
2025-05-31T23:00,53.9,48.7,0.0,0.0,0.0,0.0,0,Clear sky,8.6,21.5,69,
2026-01-01T00:00,30.0,21.1,0.0,0.0,0.0,0.033,3,Overcast,8.1,17.7,62,
2026-01-01T01:00,30.4,21.5,0.004,0.0,0.028,0.033,71,Slight snowfall,8.4,18.6,65,
2026-01-01T02:00,31.1,22.2,0.004,0.0,0.028,0.033,71,Slight snowfall,8.5,18.6,64,
2026-01-01T03:00,31.6,22.9,0.0,0.0,0.0,0.033,3,Overcast,8.4,18.6,66,
2026-01-01T04:00,32.7,24.0,0.0,0.0,0.0,0.033,3,Overcast,8.6,18.8,66,
2026-01-01T05:00,33.1,24.2,0.0,0.0,0.0,0.033,3,Overcast,9.2,19.9,67,
2026-01-01T06:00,32.8,24.1,0.0,0.0,0.0,0.033,3,Overcast,9.0,20.4,70,
2026-01-01T07:00,32.1,22.7,0.031,0.0,0.22,0.033,73,Moderate snowfall,10.7,24.2,73,
2026-01-01T08:00,27.3,16.6,0.028,0.0,0.193,0.066,73,Moderate snowfall,12.5,36.0,71,
2026-01-01T09:00,24.5,13.0,0.0,0.0,0.0,0.066,0,Clear sky,13.3,29.3,62,
2026-01-01T10:00,22.6,10.6,0.0,0.0,0.0,0.066,0,Clear sky,13.6,30.6,58,
2026-01-01T11:00,21.7,10.0,0.0,0.0,0.0,0.066,0,Clear sky,12.8,30.9,53,
2026-01-01T12:00,22.1,10.8,0.0,0.0,0.0,0.066,0,Clear sky,11.8,28.9,50,
2026-01-01T13:00,22.7,11.3,0.0,0.0,0.0,0.066,0,Clear sky,12.1,27.3,49,
2026-01-01T14:00,25.5,12.6,0.0,0.0,0.0,0.066,1,Mainly clear,15.5,31.3,45,
2026-01-01T15:00,24.4,11.5,0.0,0.0,0.0,0.066,2,Partly cloudy,15.5,35.6,45,
2026-01-01T16:00,24.3,12.5,0.0,0.0,0.0,0.066,0,Clear sky,12.8,34.4,46,
2026-01-01T17:00,23.1,11.9,0.0,0.0,0.0,0.066,1,Mainly clear,11.4,29.8,49,
2026-01-01T18:00,21.6,11.0,0.0,0.0,0.0,0.066,0,Clear sky,9.9,25.5,50,
2026-01-01T19:00,20.4,10.4,0.0,0.0,0.0,0.066,0,Clear sky,8.3,22.1,51,
2026-01-01T20:00,20.6,11.1,0.0,0.0,0.0,0.033,0,Clear sky,6.7,18.6,43,
2026-01-01T21:00,20.8,11.6,0.0,0.0,0.0,0.033,0,Clear sky,5.8,13.6,41,
2026-01-01T22:00,20.0,12.1,0.0,0.0,0.0,0.033,0,Clear sky,3.1,11.6,41,
2026-01-01T23:00,19.4,11.4,0.0,0.0,0.0,0.033,3,Overcast,3.2,6.3,43,
2026-01-02T00:00,19.5,11.3,0.0,0.0,0.0,0.033,3,Overcast,3.6,7.4,43,
2026-01-02T01:00,20.5,11.1,0.0,0.0,0.0,0.033,3,Overcast,6.7,12.8,47,
2026-01-02T02:00,20.6,11.5,0.004,0.0,0.028,0.033,71,Slight snowfall,6.9,15.4,64,
2026-01-02T03:00,20.2,12.1,0.004,0.0,0.028,0.033,71,Slight snowfall,4.9,15.0,67,
2026-01-02T04:00,20.2,12.4,0.004,0.0,0.028,0.033,71,Slight snowfall,4.1,11.6,70,
2026-01-02T05:00,19.9,12.1,0.0,0.0,0.0,0.033,3,Overcast,4.4,10.7,71,
2026-01-02T06:00,20.1,12.5,0.0,0.0,0.0,0.033,3,Overcast,3.9,10.5,71,
2026-01-02T07:00,19.9,12.4,0.0,0.0,0.0,0.033,3,Overcast,3.8,9.6,71,
2026-01-02T08:00,20.7,12.4,0.0,0.0,0.0,0.033,1,Mainly clear,5.4,9.4,71,
2026-01-02T09:00,19.6,11.9,0.0,0.0,0.0,0.033,1,Mainly clear,4.0,11.4,72,
2026-01-02T10:00,21.3,13.5,0.0,0.0,0.0,0.033,1,Mainly clear,4.3,10.7,69,
2026-01-02T11:00,23.2,15.1,0.0,0.0,0.0,0.033,1,Mainly clear,5.2,13.6,65,
2026-01-02T12:00,25.2,16.8,0.0,0.0,0.0,0.033,3,Overcast,5.8,15.0,61,
2026-01-02T13:00,27.1,17.8,0.0,0.0,0.0,0.033,3,Overcast,8.2,20.8,58,
2026-01-02T14:00,29.0,19.5,0.0,0.0,0.0,0.033,3,Overcast,8.7,19.9,55,
2026-01-02T15:00,28.3,19.0,0.0,0.0,0.0,0.033,3,Overcast,8.2,20.1,56,
2026-01-02T16:00,28.6,19.3,0.0,0.0,0.0,0.033,3,Overcast,8.3,19.9,55,
2026-01-02T17:00,28.1,19.9,0.0,0.0,0.0,0.033,3,Overcast,5.8,19.5,58,
2026-01-02T18:00,27.4,19.5,0.0,0.0,0.0,0.033,1,Mainly clear,5.2,13.4,61,
2026-01-02T19:00,25.7,18.1,0.0,0.0,0.0,0.033,3,Overcast,4.4,11.6,64,
2026-01-02T20:00,26.7,19.1,0.0,0.0,0.0,0.033,3,Overcast,4.1,10.1,56,
2026-01-02T21:00,27.0,19.6,0.0,0.0,0.0,0.033,3,Overcast,3.7,8.5,59,
2026-01-02T22:00,26.8,18.5,0.0,0.0,0.0,0.033,3,Overcast,5.6,11.4,57,
2026-01-02T23:00,25.7,16.7,0.0,0.0,0.0,0.033,3,Overcast,6.7,14.1,51,
2026-01-03T00:00,25.2,16.2,0.0,0.0,0.0,0.033,3,Overcast,6.4,14.3,50,
2026-01-03T01:00,23.9,15.1,0.0,0.0,0.0,0.033,0,Clear sky,6.0,13.6,51,
2026-01-03T02:00,22.9,14.3,0.0,0.0,0.0,0.033,0,Clear sky,5.1,12.5,46,
2026-01-03T03:00,22.8,13.7,0.0,0.0,0.0,0.033,0,Clear sky,6.3,12.8,47,
2026-01-03T04:00,22.0,12.8,0.0,0.0,0.0,0.033,0,Clear sky,6.7,13.6,51,
2026-01-03T05:00,21.4,12.3,0.0,0.0,0.0,0.033,1,Mainly clear,6.6,13.6,54,
2026-01-03T06:00,20.6,11.8,0.0,0.0,0.0,0.033,2,Partly cloudy,5.8,13.4,57,
2026-01-03T07:00,20.0,11.3,0.0,0.0,0.0,0.033,2,Partly cloudy,5.9,11.6,59,
2026-01-03T08:00,20.4,11.3,0.0,0.0,0.0,0.033,3,Overcast,6.7,12.3,57,
2026-01-03T09:00,21.0,11.7,0.0,0.0,0.0,0.033,1,Mainly clear,7.1,14.8,56,
2026-01-03T10:00,23.1,14.6,0.0,0.0,0.0,0.033,3,Overcast,5.3,15.0,51,
2026-01-03T11:00,25.5,17.0,0.0,0.0,0.0,0.033,3,Overcast,5.2,14.1,45,
2026-01-03T12:00,27.7,18.9,0.0,0.0,0.0,0.033,3,Overcast,5.9,16.1,43,
2026-01-03T13:00,29.0,20.3,0.0,0.0,0.0,0.033,3,Overcast,5.9,16.6,42,
2026-01-03T14:00,28.6,20.0,0.0,0.0,0.0,0.033,3,Overcast,5.5,16.3,43,
2026-01-03T15:00,29.8,21.4,0.0,0.0,0.0,0.033,3,Overcast,5.3,15.0,42,
2026-01-03T16:00,30.6,22.5,0.0,0.0,0.0,0.033,3,Overcast,4.6,14.1,42,
2026-01-03T17:00,30.4,22.7,0.0,0.0,0.0,0.033,3,Overcast,3.6,11.9,43,
2026-01-03T18:00,29.4,22.4,0.0,0.0,0.0,0.033,3,Overcast,2.2,7.4,46,
2026-01-03T19:00,28.9,21.9,0.0,0.0,0.0,0.033,3,Overcast,2.1,4.7,48,
2026-01-03T20:00,28.7,21.9,0.0,0.0,0.0,0.033,3,Overcast,1.8,4.5,50,
2026-01-03T21:00,28.3,22.0,0.0,0.0,0.0,0.033,3,Overcast,0.9,3.1,52,
2026-01-03T22:00,28.0,21.6,0.0,0.0,0.0,0.033,3,Overcast,1.1,2.0,53,
2026-01-03T23:00,27.5,20.9,0.0,0.0,0.0,0.033,1,Mainly clear,1.5,2.9,53,
2026-01-04T00:00,25.7,19.0,0.0,0.0,0.0,0.033,1,Mainly clear,1.7,3.4,58,
2026-01-04T01:00,25.3,18.6,0.0,0.0,0.0,0.033,3,Overcast,2.1,4.0,60,
2026-01-04T02:00,26.8,19.5,0.0,0.0,0.0,0.033,3,Overcast,3.3,6.3,57,
2026-01-04T03:00,26.7,19.5,0.0,0.0,0.0,0.033,3,Overcast,3.1,6.7,59,
2026-01-04T04:00,26.4,19.1,0.0,0.0,0.0,0.033,3,Overcast,3.7,7.2,61,
2026-01-04T05:00,26.5,19.3,0.0,0.0,0.0,0.033,3,Overcast,3.4,7.2,63,
2026-01-04T06:00,25.8,19.3,0.004,0.0,0.028,0.033,71,Slight snowfall,2.5,7.2,73,
2026-01-04T07:00,25.5,19.4,0.004,0.0,0.028,0.066,71,Slight snowfall,1.8,5.8,78,
2026-01-04T08:00,25.3,19.1,0.0,0.0,0.0,0.033,3,Overcast,2.2,4.7,80,
2026-01-04T09:00,24.4,18.2,0.004,0.0,0.028,0.066,71,Slight snowfall,2.1,6.0,82,
2026-01-04T10:00,26.1,19.7,0.0,0.0,0.0,0.066,1,Mainly clear,2.4,6.9,77,
2026-01-04T11:00,27.9,21.1,0.0,0.0,0.0,0.066,0,Clear sky,3.5,9.4,72,
2026-01-04T12:00,29.5,21.9,0.0,0.0,0.0,0.066,2,Partly cloudy,5.3,12.8,67,
2026-01-04T13:00,30.8,23.0,0.0,0.0,0.0,0.033,1,Mainly clear,5.8,14.8,62,
2026-01-04T14:00,32.8,24.7,0.0,0.0,0.0,0.033,2,Partly cloudy,6.5,14.8,58,
2026-01-04T15:00,33.6,24.9,0.0,0.0,0.0,0.033,2,Partly cloudy,7.5,18.1,50,
2026-01-04T16:00,33.3,24.5,0.0,0.0,0.0,0.033,2,Partly cloudy,7.6,19.0,51,
2026-01-04T17:00,31.8,23.7,0.0,0.0,0.0,0.033,2,Partly cloudy,6.2,19.2,58,
2026-01-04T18:00,29.4,21.7,0.0,0.0,0.0,0.033,3,Overcast,5.3,13.2,64,
2026-01-04T19:00,28.4,20.7,0.0,0.0,0.0,0.033,0,Clear sky,5.1,10.7,65,
2026-01-04T20:00,27.5,19.9,0.0,0.0,0.0,0.033,3,Overcast,4.6,9.8,61,
2026-01-04T21:00,28.6,20.4,0.0,0.0,0.0,0.033,2,Partly cloudy,6.0,11.9,59,
2026-01-04T22:00,29.3,20.8,0.0,0.0,0.0,0.033,1,Mainly clear,6.8,14.3,59,
2026-01-04T23:00,28.8,20.2,0.0,0.0,0.0,0.033,3,Overcast,7.0,14.5,62,
2026-01-05T00:00,28.7,20.2,0.0,0.0,0.0,0.033,0,Clear sky,6.9,14.8,63,
2026-01-05T01:00,27.8,19.6,0.0,0.0,0.0,0.033,0,Clear sky,6.5,14.3,68,
2026-01-05T02:00,27.1,19.1,0.0,0.0,0.0,0.033,0,Clear sky,5.9,14.1,69,
2026-01-05T03:00,26.6,19.0,0.0,0.0,0.0,0.033,2,Partly cloudy,5.0,11.9,70,
2026-01-05T04:00,26.2,18.7,0.0,0.0,0.0,0.033,1,Mainly clear,4.5,9.8,70,
2026-01-05T05:00,25.4,18.3,0.0,0.0,0.0,0.033,0,Clear sky,3.6,8.7,70,
2026-01-05T06:00,24.6,17.5,0.0,0.0,0.0,0.033,0,Clear sky,3.6,7.2,71,
2026-01-05T07:00,23.1,16.3,0.0,0.0,0.0,0.033,3,Overcast,2.7,7.2,76,
2026-01-05T08:00,23.4,16.7,0.0,0.0,0.0,0.033,3,Overcast,2.4,5.1,74,
2026-01-05T09:00,25.5,19.1,0.0,0.0,0.0,0.033,3,Overcast,1.8,4.7,68,
2026-01-05T10:00,27.0,21.0,0.028,0.0,0.193,0.033,73,Moderate snowfall,1.3,9.6,71,
2026-01-05T11:00,27.9,21.8,0.008,0.0,0.055,0.033,71,Slight snowfall,1.8,5.4,72,
2026-01-05T12:00,29.4,23.0,0.0,0.0,0.0,0.033,3,Overcast,2.8,7.4,71,
2026-01-05T13:00,30.2,23.5,0.0,0.0,0.0,0.033,3,Overcast,3.7,9.6,70,
2026-01-05T14:00,31.5,24.4,0.0,0.0,0.0,0.033,3,Overcast,4.6,12.3,68,
2026-01-05T15:00,32.3,24.5,0.0,0.0,0.0,0.033,3,Overcast,6.0,14.3,62,
2026-01-05T16:00,32.2,24.3,0.0,0.0,0.0,0.033,3,Overcast,6.1,15.4,62,
2026-01-05T17:00,31.6,24.3,0.0,0.0,0.0,0.033,3,Overcast,5.2,14.5,69,
2026-01-05T18:00,31.6,24.2,0.0,0.0,0.0,0.033,3,Overcast,6.0,12.5,74,
2026-01-05T19:00,32.1,24.3,0.0,0.0,0.0,0.033,3,Overcast,7.1,14.8,75,
2026-01-05T20:00,33.2,25.1,0.0,0.0,0.0,0.033,3,Overcast,7.6,16.1,69,
2026-01-05T21:00,33.4,25.8,0.0,0.0,0.0,0.033,3,Overcast,6.9,15.9,72,
2026-01-05T22:00,33.4,26.2,0.0,0.0,0.0,0.033,3,Overcast,6.2,14.1,75,
2026-01-05T23:00,33.6,27.0,0.0,0.0,0.0,0.033,3,Overcast,5.1,12.8,77,
2026-01-06T00:00,33.4,27.3,0.0,0.0,0.0,0.033,3,Overcast,3.9,10.3,79,
2026-01-06T01:00,32.8,26.9,0.0,0.0,0.0,0.033,3,Overcast,3.7,7.6,82,
2026-01-06T02:00,32.5,26.4,0.0,0.0,0.0,0.033,3,Overcast,3.5,7.2,80,
2026-01-06T03:00,32.1,26.2,0.0,0.0,0.0,0.033,2,Partly cloudy,3.1,7.2,81,
2026-01-06T04:00,30.5,24.7,0.0,0.0,0.0,0.033,3,Overcast,2.9,6.0,85,
2026-01-06T05:00,29.9,24.3,0.0,0.0,0.0,0.033,3,Overcast,2.4,5.4,86,
2026-01-06T06:00,29.3,24.0,0.0,0.0,0.0,0.033,3,Overcast,1.5,4.5,86,
2026-01-06T07:00,29.2,24.1,0.0,0.0,0.0,0.033,3,Overcast,1.0,2.7,86,
2026-01-06T08:00,28.4,23.1,0.0,0.0,0.0,0.033,3,Overcast,1.4,2.5,90,
2026-01-06T09:00,29.9,24.3,0.0,0.0,0.0,0.033,3,Overcast,2.3,4.3,85,
2026-01-06T10:00,31.1,26.5,0.0,0.0,0.0,0.033,3,Overcast,0.0,4.3,81,
2026-01-06T11:00,33.8,28.3,0.0,0.0,0.0,0.033,3,Overcast,2.1,6.0,74,
2026-01-06T12:00,36.6,30.8,0.0,0.0,0.0,0.033,3,Overcast,2.8,8.9,67,
2026-01-06T13:00,38.7,33.2,0.0,0.0,0.0,0.033,3,Overcast,2.1,8.9,63,
2026-01-06T14:00,38.4,32.8,0.0,0.0,0.0,0.033,3,Overcast,2.8,9.4,66,
2026-01-06T15:00,38.2,32.4,0.0,0.0,0.0,0.033,3,Overcast,3.8,9.2,70,
2026-01-06T16:00,38.7,32.8,0.012,0.012,0.0,0.033,51,Light drizzle,4.6,10.7,74,
2026-01-06T17:00,37.1,31.3,0.0,0.0,0.0,0.033,3,Overcast,4.6,10.3,81,
2026-01-06T18:00,34.4,28.6,0.0,0.0,0.0,0.033,3,Overcast,4.6,8.9,88,
2026-01-06T19:00,34.9,29.0,0.0,0.0,0.0,0.033,3,Overcast,5.0,10.3,90,
2026-01-06T20:00,35.2,29.6,0.0,0.0,0.0,0.033,3,Overcast,4.5,9.8,91,
2026-01-06T21:00,35.3,29.7,0.0,0.0,0.0,0.033,3,Overcast,4.8,9.2,93,
2026-01-06T22:00,35.9,30.2,0.0,0.0,0.0,0.033,3,Overcast,5.3,10.7,94,
2026-01-06T23:00,36.3,31.0,0.0,0.0,0.0,0.033,3,Overcast,4.8,10.5,96,
2026-01-07T00:00,36.6,31.8,0.0,0.0,0.0,0.033,3,Overcast,3.6,9.2,97,
2026-01-07T01:00,36.4,31.7,0.0,0.0,0.0,0.0,3,Overcast,3.6,7.4,98,
2026-01-07T02:00,36.1,30.9,0.004,0.004,0.0,0.0,51,Light drizzle,4.7,7.6,98,
2026-01-07T03:00,36.2,31.8,0.004,0.004,0.0,0.0,51,Light drizzle,2.8,9.2,98,
2026-01-07T04:00,35.8,31.0,0.0,0.0,0.0,0.0,3,Overcast,3.6,7.4,99,
2026-01-07T05:00,35.2,30.8,0.0,0.0,0.0,0.0,3,Overcast,2.5,6.3,99,
2026-01-07T06:00,35.2,30.8,0.0,0.0,0.0,0.0,3,Overcast,2.3,5.8,99,
2026-01-07T07:00,34.5,30.9,0.0,0.0,0.0,0.0,3,Overcast,0.4,3.1,99,
2026-01-07T08:00,33.7,29.1,0.0,0.0,0.0,0.0,3,Overcast,2.3,3.6,99,
2026-01-07T09:00,35.4,29.7,0.0,0.0,0.0,0.0,2,Partly cloudy,5.7,9.8,98,
2026-01-07T10:00,40.8,34.0,0.0,0.0,0.0,0.0,2,Partly cloudy,9.5,17.9,89,
2026-01-07T11:00,44.9,38.1,0.0,0.0,0.0,0.0,3,Overcast,10.0,21.5,81,
2026-01-07T12:00,46.7,40.6,0.0,0.0,0.0,0.0,3,Overcast,8.2,23.3,75,
2026-01-07T13:00,47.6,40.2,0.0,0.0,0.0,0.0,3,Overcast,10.2,26.8,65,
2026-01-07T14:00,48.1,40.5,0.0,0.0,0.0,0.0,2,Partly cloudy,10.4,26.4,62,
2026-01-07T15:00,48.0,39.9,0.0,0.0,0.0,0.0,1,Mainly clear,11.3,29.5,61,
2026-01-07T16:00,47.4,40.1,0.0,0.0,0.0,0.0,2,Partly cloudy,9.5,24.6,63,
2026-01-07T17:00,45.5,38.3,0.0,0.0,0.0,0.0,2,Partly cloudy,9.1,21.9,66,
2026-01-07T18:00,43.5,36.4,0.0,0.0,0.0,0.0,1,Mainly clear,8.7,20.4,70,
2026-01-07T19:00,41.5,34.7,0.0,0.0,0.0,0.0,0,Clear sky,7.7,19.0,74,
2026-01-07T20:00,41.2,35.1,0.0,0.0,0.0,0.0,0,Clear sky,6.1,16.6,75,
2026-01-07T21:00,40.7,35.1,0.0,0.0,0.0,0.0,2,Partly cloudy,5.3,12.8,78,
2026-01-07T22:00,39.6,34.3,0.0,0.0,0.0,0.0,1,Mainly clear,4.4,11.0,81,
2026-01-07T23:00,37.9,33.0,0.0,0.0,0.0,0.0,1,Mainly clear,3.2,8.9,85,
2026-01-08T00:00,37.5,32.3,0.0,0.0,0.0,0.0,0,Clear sky,3.8,7.4,85,
2026-01-08T01:00,37.9,32.1,0.0,0.0,0.0,0.0,0,Clear sky,5.2,9.8,84,
2026-01-08T02:00,38.2,31.9,0.0,0.0,0.0,0.0,0,Clear sky,6.4,12.3,83,
2026-01-08T03:00,39.0,32.5,0.0,0.0,0.0,0.0,0,Clear sky,7.3,15.4,83,
2026-01-08T04:00,38.3,31.8,0.0,0.0,0.0,0.0,0,Clear sky,7.1,15.4,85,
2026-01-08T05:00,37.3,31.3,0.0,0.0,0.0,0.0,0,Clear sky,5.9,14.8,87,
2026-01-08T06:00,36.1,30.5,0.0,0.0,0.0,0.0,0,Clear sky,4.6,11.9,88,
2026-01-08T07:00,35.5,29.9,0.0,0.0,0.0,0.0,0,Clear sky,4.4,9.2,88,
2026-01-08T08:00,35.1,29.5,0.0,0.0,0.0,0.0,0,Clear sky,3.9,8.7,87,
2026-01-08T09:00,37.1,31.6,0.0,0.0,0.0,0.0,0,Clear sky,4.5,8.7,85,
2026-01-08T10:00,39.7,34.3,0.0,0.0,0.0,0.0,0,Clear sky,4.8,9.4,84,
2026-01-08T11:00,42.7,38.1,0.0,0.0,0.0,0.0,0,Clear sky,3.7,10.3,79,
2026-01-08T12:00,45.2,40.7,0.0,0.0,0.0,0.0,0,Clear sky,3.6,11.0,73,
2026-01-08T13:00,47.4,42.2,0.0,0.0,0.0,0.0,0,Clear sky,5.1,13.6,66,
2026-01-08T14:00,49.5,44.3,0.0,0.0,0.0,0.0,1,Mainly clear,4.4,15.2,58,
2026-01-08T15:00,49.8,44.9,0.0,0.0,0.0,0.0,1,Mainly clear,3.7,11.9,56,
2026-01-08T16:00,49.6,45.0,0.0,0.0,0.0,0.0,0,Clear sky,2.8,10.3,56,
2026-01-08T17:00,47.8,44.6,0.0,0.0,0.0,0.0,0,Clear sky,0.4,7.2,66,
2026-01-08T18:00,44.1,40.4,0.0,0.0,0.0,0.0,0,Clear sky,0.5,1.1,68,
2026-01-08T19:00,42.5,38.5,0.0,0.0,0.0,0.0,0,Clear sky,1.1,1.6,71,
2026-01-08T20:00,40.6,35.9,0.0,0.0,0.0,0.0,0,Clear sky,2.0,3.1,70,
2026-01-08T21:00,39.6,34.9,0.0,0.0,0.0,0.0,0,Clear sky,1.7,3.1,72,
2026-01-08T22:00,38.1,33.6,0.0,0.0,0.0,0.0,0,Clear sky,1.1,2.7,74,
2026-01-08T23:00,36.1,31.4,0.0,0.0,0.0,0.0,0,Clear sky,1.3,2.5,78,
2026-01-09T00:00,34.5,29.9,0.0,0.0,0.0,0.0,2,Partly cloudy,0.8,2.5,80,
2026-01-09T01:00,33.7,28.6,0.0,0.0,0.0,0.0,0,Clear sky,2.2,3.4,83,
2026-01-09T02:00,32.9,27.5,0.0,0.0,0.0,0.0,0,Clear sky,2.4,3.6,82,
2026-01-09T03:00,32.1,26.6,0.0,0.0,0.0,0.0,0,Clear sky,2.6,4.5,84,
2026-01-09T04:00,32.8,27.6,0.0,0.0,0.0,0.0,1,Mainly clear,2.1,4.5,85,
2026-01-09T05:00,32.5,27.0,0.0,0.0,0.0,0.0,3,Overcast,3.2,4.7,87,
2026-01-09T06:00,32.9,27.3,0.0,0.0,0.0,0.0,3,Overcast,3.4,6.0,88,
2026-01-09T07:00,34.0,28.3,0.0,0.0,0.0,0.0,2,Partly cloudy,3.8,6.9,87,
2026-01-09T08:00,34.7,28.9,0.0,0.0,0.0,0.0,0,Clear sky,4.1,9.4,86,
2026-01-09T09:00,34.9,29.0,0.0,0.0,0.0,0.0,0,Clear sky,4.6,8.1,87,
2026-01-09T10:00,38.6,32.4,0.0,0.0,0.0,0.0,0,Clear sky,6.2,11.9,83,
2026-01-09T11:00,42.7,37.3,0.0,0.0,0.0,0.0,2,Partly cloudy,5.4,13.0,78,
2026-01-09T12:00,45.6,39.4,0.0,0.0,0.0,0.0,2,Partly cloudy,8.4,20.1,78,
2026-01-09T13:00,46.9,39.9,0.0,0.0,0.0,0.0,3,Overcast,10.8,26.2,75,
2026-01-09T14:00,47.2,41.1,0.0,0.0,0.0,0.0,3,Overcast,9.3,24.6,79,
2026-01-09T15:00,47.0,41.7,0.0,0.0,0.0,0.0,3,Overcast,8.3,21.5,84,
2026-01-09T16:00,46.3,41.3,0.0,0.0,0.0,0.0,3,Overcast,7.5,18.1,87,
2026-01-09T17:00,46.1,41.4,0.0,0.0,0.0,0.0,3,Overcast,6.5,16.1,86,
2026-01-09T18:00,46.3,41.2,0.008,0.008,0.0,0.0,51,Light drizzle,7.5,14.3,86,
2026-01-09T19:00,47.7,42.0,0.063,0.063,0.0,0.0,61,Slight rain,10.0,25.7,88,
2026-01-09T20:00,49.6,45.2,0.012,0.012,0.0,0.0,51,Light drizzle,8.4,19.7,89,
2026-01-09T21:00,51.1,46.5,0.035,0.035,0.0,0.0,53,Moderate drizzle,10.1,19.9,92,
2026-01-09T22:00,50.4,46.0,0.0,0.0,0.0,0.0,3,Overcast,9.4,19.9,94,
2026-01-09T23:00,48.9,44.9,0.0,0.0,0.0,0.0,3,Overcast,8.3,18.1,96,
2026-01-10T00:00,47.8,43.7,0.0,0.0,0.0,0.0,3,Overcast,7.5,16.1,96,
2026-01-10T01:00,47.2,43.1,0.0,0.0,0.0,0.0,3,Overcast,7.3,15.2,96,
2026-01-10T02:00,47.8,44.5,0.0,0.0,0.0,0.0,3,Overcast,6.1,13.6,98,
2026-01-10T03:00,46.9,43.1,0.0,0.0,0.0,0.0,3,Overcast,6.2,12.3,95,
2026-01-10T04:00,45.3,40.0,0.0,0.0,0.0,0.0,3,Overcast,7.8,15.0,88,
2026-01-10T05:00,42.3,36.5,0.0,0.0,0.0,0.0,3,Overcast,7.5,15.0,88,
2026-01-10T06:00,40.6,34.7,0.0,0.0,0.0,0.0,3,Overcast,6.8,15.0,86,
2026-01-10T07:00,39.5,33.5,0.0,0.0,0.0,0.0,3,Overcast,6.4,14.1,85,
2026-01-10T08:00,39.7,34.3,0.0,0.0,0.0,0.0,3,Overcast,4.6,13.0,81,
2026-01-10T09:00,39.8,33.9,0.0,0.0,0.0,0.0,3,Overcast,5.8,12.3,81,
2026-01-10T10:00,40.4,35.8,0.0,0.0,0.0,0.0,3,Overcast,2.8,12.3,81,
2026-01-10T11:00,41.8,37.0,0.0,0.0,0.0,0.0,3,Overcast,3.9,10.1,79,
2026-01-10T12:00,42.6,37.6,0.0,0.0,0.0,0.0,3,Overcast,4.2,11.2,75,
2026-01-10T13:00,42.5,37.5,0.0,0.0,0.0,0.0,3,Overcast,3.8,11.0,73,
2026-01-10T14:00,42.0,36.6,0.008,0.008,0.0,0.0,51,Light drizzle,4.5,10.5,73,
2026-01-10T15:00,41.6,36.5,0.024,0.024,0.0,0.0,53,Moderate drizzle,3.9,12.5,75,
2026-01-10T16:00,40.2,35.4,0.039,0.039,0.0,0.0,55,Dense drizzle,4.5,9.2,90,
2026-01-10T17:00,39.7,34.8,0.083,0.083,0.0,0.0,61,Slight rain,4.7,9.8,93,
2026-01-10T18:00,39.3,34.2,0.083,0.083,0.0,0.0,61,Slight rain,5.4,10.7,95,
2026-01-10T19:00,39.1,33.0,0.067,0.067,0.0,0.0,61,Slight rain,7.9,15.2,96,
2026-01-10T20:00,40.6,34.5,0.043,0.043,0.0,0.0,55,Dense drizzle,8.4,17.0,96,
2026-01-10T21:00,40.9,36.4,0.098,0.098,0.0,0.0,63,Moderate rain,5.0,15.4,98,
2026-01-10T22:00,41.4,37.4,0.031,0.031,0.0,0.0,53,Moderate drizzle,4.2,11.9,98,
2026-01-10T23:00,41.6,37.5,0.004,0.004,0.0,0.0,51,Light drizzle,4.7,8.9,98,
2026-01-11T00:00,42.0,38.5,0.004,0.004,0.0,0.0,51,Light drizzle,3.4,9.2,98,
2026-01-11T01:00,41.7,37.3,0.0,0.0,0.0,0.0,3,Overcast,5.4,9.8,98,
2026-01-11T02:00,41.1,36.4,0.0,0.0,0.0,0.0,3,Overcast,5.7,12.1,98,
2026-01-11T03:00,41.2,37.2,0.008,0.008,0.0,0.0,51,Light drizzle,4.1,11.6,98,
2026-01-11T04:00,40.9,36.1,0.0,0.0,0.0,0.0,3,Overcast,5.8,11.2,97,
2026-01-11T05:00,40.6,35.6,0.0,0.0,0.0,0.0,3,Overcast,6.1,11.9,95,
2026-01-11T06:00,41.3,36.3,0.0,0.0,0.0,0.0,3,Overcast,5.9,12.5,93,
2026-01-11T07:00,42.3,36.4,0.0,0.0,0.0,0.0,3,Overcast,8.2,15.4,91,
2026-01-11T08:00,42.2,37.0,0.0,0.0,0.0,0.0,3,Overcast,6.3,18.1,91,
2026-01-11T09:00,42.3,36.9,0.0,0.0,0.0,0.0,3,Overcast,6.4,12.5,87,
2026-01-11T10:00,42.2,36.1,0.0,0.0,0.0,0.0,3,Overcast,7.4,14.8,82,
2026-01-11T11:00,43.1,36.2,0.0,0.0,0.0,0.0,3,Overcast,8.2,18.1,72,
2026-01-11T12:00,43.5,35.2,0.0,0.0,0.0,0.0,3,Overcast,9.2,21.9,54,
2026-01-11T13:00,44.1,36.3,0.0,0.0,0.0,0.0,0,Clear sky,7.1,21.5,46,
2026-01-11T14:00,46.8,39.0,0.0,0.0,0.0,0.0,1,Mainly clear,7.8,17.4,48,
2026-01-11T15:00,46.8,37.6,0.0,0.0,0.0,0.0,1,Mainly clear,11.0,25.5,45,
2026-01-11T16:00,44.8,35.2,0.0,0.0,0.0,0.0,3,Overcast,11.5,29.5,46,
2026-01-11T17:00,42.4,32.3,0.0,0.0,0.0,0.0,2,Partly cloudy,12.4,27.7,47,
2026-01-11T18:00,39.6,29.9,0.0,0.0,0.0,0.0,2,Partly cloudy,11.5,27.7,56,
2026-01-11T19:00,37.8,27.6,0.0,0.0,0.0,0.0,0,Clear sky,11.9,27.1,53,
2026-01-11T20:00,36.8,27.4,0.0,0.0,0.0,0.0,0,Clear sky,10.5,27.1,58,
2026-01-11T21:00,35.5,25.6,0.0,0.0,0.0,0.0,0,Clear sky,10.9,24.4,54,
2026-01-11T22:00,34.5,24.3,0.0,0.0,0.0,0.0,3,Overcast,11.3,26.4,51,
2026-01-11T23:00,34.3,24.1,0.0,0.0,0.0,0.0,1,Mainly clear,11.2,26.2,53,
2026-01-12T00:00,32.7,21.7,0.0,0.0,0.0,0.0,2,Partly cloudy,12.9,30.2,53,
2026-01-12T01:00,31.5,21.1,0.0,0.0,0.0,0.0,2,Partly cloudy,11.5,28.9,58,
2026-01-12T02:00,32.3,21.8,0.0,0.0,0.0,0.0,3,Overcast,11.8,28.6,56,
2026-01-12T03:00,31.6,20.4,0.0,0.0,0.0,0.0,1,Mainly clear,13.3,29.3,57,
2026-01-12T04:00,31.4,19.9,0.0,0.0,0.0,0.0,0,Clear sky,14.0,30.2,56,
2026-01-12T05:00,30.8,19.7,0.0,0.0,0.0,0.0,1,Mainly clear,13.1,31.1,57,
2026-01-12T06:00,30.5,20.2,0.0,0.0,0.0,0.0,0,Clear sky,11.2,29.5,58,
2026-01-12T07:00,30.1,20.4,0.0,0.0,0.0,0.0,0,Clear sky,9.9,25.3,59,
2026-01-12T08:00,30.2,21.2,0.0,0.0,0.0,0.0,0,Clear sky,7.9,22.1,57,
2026-01-12T09:00,30.5,22.0,0.0,0.0,0.0,0.0,0,Clear sky,7.1,17.7,61,
2026-01-12T10:00,31.8,23.8,0.0,0.0,0.0,0.0,0,Clear sky,6.6,16.6,63,
2026-01-12T11:00,34.0,25.8,0.0,0.0,0.0,0.0,0,Clear sky,7.3,17.9,60,
2026-01-12T12:00,36.4,27.8,0.0,0.0,0.0,0.0,0,Clear sky,8.3,20.6,55,
2026-01-12T13:00,38.0,29.4,0.0,0.0,0.0,0.0,0,Clear sky,8.2,21.0,52,
2026-01-12T14:00,39.5,30.7,0.0,0.0,0.0,0.0,0,Clear sky,8.5,21.7,47,
2026-01-12T15:00,40.2,31.1,0.0,0.0,0.0,0.0,1,Mainly clear,9.4,22.6,47,
2026-01-12T16:00,40.4,31.3,0.0,0.0,0.0,0.0,1,Mainly clear,9.6,23.0,49,
2026-01-12T17:00,39.7,31.3,0.0,0.0,0.0,0.0,3,Overcast,8.2,22.1,53,
2026-01-12T18:00,37.9,29.9,0.0,0.0,0.0,0.0,3,Overcast,7.3,18.6,57,
2026-01-12T19:00,36.9,28.7,0.0,0.0,0.0,0.0,3,Overcast,7.8,17.0,60,
2026-01-12T20:00,36.0,27.4,0.0,0.0,0.0,0.0,0,Clear sky,8.3,17.4,58,
2026-01-12T21:00,35.4,27.3,0.0,0.0,0.0,0.0,0,Clear sky,7.3,17.7,60,
2026-01-12T22:00,34.5,26.6,0.0,0.0,0.0,0.0,0,Clear sky,6.8,15.4,62,
2026-01-12T23:00,33.2,25.6,0.0,0.0,0.0,0.0,0,Clear sky,6.1,14.3,65,
2026-01-13T00:00,32.5,24.7,0.0,0.0,0.0,0.0,0,Clear sky,6.4,13.0,67,
2026-01-13T01:00,31.9,24.3,0.0,0.0,0.0,0.0,1,Mainly clear,5.9,13.0,68,
2026-01-13T02:00,32.2,24.4,0.0,0.0,0.0,0.0,2,Partly cloudy,6.4,12.8,66,
2026-01-13T03:00,31.6,24.1,0.0,0.0,0.0,0.0,3,Overcast,5.9,13.2,68,
2026-01-13T04:00,32.2,24.5,0.0,0.0,0.0,0.0,3,Overcast,6.2,12.8,68,
2026-01-13T05:00,31.9,24.3,0.0,0.0,0.0,0.0,0,Clear sky,6.0,13.0,68,
2026-01-13T06:00,31.5,23.7,0.0,0.0,0.0,0.0,0,Clear sky,6.4,13.4,68,
2026-01-13T07:00,31.2,23.5,0.0,0.0,0.0,0.0,0,Clear sky,6.2,13.4,69,
2026-01-13T08:00,30.9,23.1,0.0,0.0,0.0,0.0,0,Clear sky,6.3,12.8,68,
2026-01-13T09:00,31.3,23.7,0.0,0.0,0.0,0.0,0,Clear sky,5.9,13.0,69,
2026-01-13T10:00,33.6,26.9,0.0,0.0,0.0,0.0,0,Clear sky,4.4,11.9,68,
2026-01-13T11:00,36.3,29.7,0.0,0.0,0.0,0.0,0,Clear sky,4.5,12.3,64,
2026-01-13T12:00,39.1,32.4,0.0,0.0,0.0,0.0,1,Mainly clear,4.9,13.6,60,
2026-01-13T13:00,41.5,34.7,0.0,0.0,0.0,0.0,3,Overcast,5.2,14.8,56,
2026-01-13T14:00,44.0,37.1,0.0,0.0,0.0,0.0,1,Mainly clear,5.7,15.4,52,
2026-01-13T15:00,44.6,37.1,0.0,0.0,0.0,0.0,3,Overcast,7.2,17.7,51,
2026-01-13T16:00,45.0,37.4,0.0,0.0,0.0,0.0,3,Overcast,7.4,18.3,50,
2026-01-13T17:00,42.6,35.3,0.0,0.0,0.0,0.0,3,Overcast,7.4,17.2,60,
2026-01-13T18:00,40.3,33.4,0.0,0.0,0.0,0.0,3,Overcast,6.8,16.3,68,
2026-01-13T19:00,40.4,33.3,0.0,0.0,0.0,0.0,3,Overcast,7.6,15.7,71,
2026-01-13T20:00,41.0,32.4,0.0,0.0,0.0,0.0,3,Overcast,10.0,21.0,60,
2026-01-13T21:00,40.3,32.1,0.0,0.0,0.0,0.0,3,Overcast,8.7,21.5,59,
2026-01-13T22:00,39.4,31.9,0.0,0.0,0.0,0.0,3,Overcast,7.6,19.0,66,
2026-01-13T23:00,39.8,32.9,0.0,0.0,0.0,0.0,3,Overcast,6.7,16.1,68,
2026-01-14T00:00,39.8,32.9,0.0,0.0,0.0,0.0,3,Overcast,6.7,14.3,69,
2026-01-14T01:00,41.1,34.0,0.0,0.0,0.0,0.0,3,Overcast,7.1,16.1,66,
2026-01-14T02:00,42.8,36.4,0.0,0.0,0.0,0.0,3,Overcast,5.9,15.0,63,
2026-01-14T03:00,42.8,36.6,0.0,0.0,0.0,0.0,3,Overcast,5.3,11.9,63,
2026-01-14T04:00,42.2,35.9,0.0,0.0,0.0,0.0,3,Overcast,5.2,10.7,63,
2026-01-14T05:00,41.4,35.1,0.0,0.0,0.0,0.0,3,Overcast,5.1,10.7,65,
2026-01-14T06:00,40.8,34.6,0.0,0.0,0.0,0.0,3,Overcast,5.1,10.3,66,
2026-01-14T07:00,39.7,33.3,0.0,0.0,0.0,0.0,3,Overcast,5.4,10.7,68,
2026-01-14T08:00,39.7,33.3,0.0,0.0,0.0,0.0,3,Overcast,5.5,11.0,68,
2026-01-14T09:00,39.9,33.3,0.0,0.0,0.0,0.0,3,Overcast,6.0,12.1,68,
2026-01-14T10:00,42.0,35.6,0.0,0.0,0.0,0.0,3,Overcast,5.8,12.3,65,
2026-01-14T11:00,42.7,36.7,0.0,0.0,0.0,0.0,3,Overcast,5.2,11.6,65,
2026-01-14T12:00,44.2,38.5,0.0,0.0,0.0,0.0,3,Overcast,4.8,11.4,65,
2026-01-14T13:00,46.6,41.9,0.0,0.0,0.0,0.0,3,Overcast,2.9,9.4,62,
2026-01-14T14:00,46.9,43.1,0.0,0.0,0.0,0.0,3,Overcast,1.5,7.2,65,
2026-01-14T15:00,48.4,44.2,0.0,0.0,0.0,0.0,3,Overcast,1.8,5.1,58,
2026-01-14T16:00,48.7,44.4,0.0,0.0,0.0,0.0,3,Overcast,2.3,5.4,59,
2026-01-14T17:00,46.8,42.6,0.0,0.0,0.0,0.0,3,Overcast,2.7,5.6,67,
2026-01-14T18:00,44.9,40.0,0.0,0.0,0.0,0.0,3,Overcast,4.0,8.3,72,
2026-01-14T19:00,42.9,38.0,0.004,0.004,0.0,0.0,51,Light drizzle,4.2,9.6,77,
2026-01-14T20:00,43.3,38.3,0.0,0.0,0.0,0.0,3,Overcast,4.4,8.7,77,
2026-01-14T21:00,43.7,39.0,0.0,0.0,0.0,0.0,3,Overcast,4.1,8.7,76,
2026-01-14T22:00,44.5,39.2,0.0,0.0,0.0,0.0,3,Overcast,5.2,10.3,72,
2026-01-14T23:00,44.5,39.6,0.0,0.0,0.0,0.0,3,Overcast,4.0,10.5,72,
2026-01-15T00:00,43.8,39.5,0.0,0.0,0.0,0.0,3,Overcast,2.8,8.1,75,
2026-01-15T01:00,43.5,38.7,0.0,0.0,0.0,0.0,3,Overcast,4.0,8.3,76,
2026-01-15T02:00,43.8,38.4,0.0,0.0,0.0,0.0,3,Overcast,5.4,10.1,75,
2026-01-15T03:00,43.5,37.9,0.0,0.0,0.0,0.0,3,Overcast,5.9,12.1,76,
2026-01-15T04:00,42.9,37.2,0.0,0.0,0.0,0.0,3,Overcast,6.3,13.4,78,
2026-01-15T05:00,40.7,35.2,0.0,0.0,0.0,0.0,3,Overcast,5.7,13.2,84,
2026-01-15T06:00,40.1,34.8,0.0,0.0,0.0,0.0,3,Overcast,5.2,11.9,86,
2026-01-15T07:00,40.3,34.5,0.0,0.0,0.0,0.0,3,Overcast,6.6,13.4,87,
2026-01-15T08:00,40.3,34.2,0.004,0.004,0.0,0.0,51,Light drizzle,7.3,18.3,87,
2026-01-15T09:00,41.2,34.3,0.0,0.0,0.0,0.0,3,Overcast,9.1,19.5,83,
2026-01-15T10:00,39.8,31.3,0.0,0.0,0.0,0.0,3,Overcast,11.3,26.8,75,
2026-01-15T11:00,38.0,28.8,0.0,0.0,0.0,0.0,2,Partly cloudy,10.9,25.9,63,
2026-01-15T12:00,37.9,27.8,0.0,0.0,0.0,0.0,0,Clear sky,11.7,28.0,50,
2026-01-15T13:00,37.4,27.2,0.0,0.0,0.0,0.0,0,Clear sky,11.5,28.0,49,
2026-01-15T14:00,37.1,26.6,0.0,0.0,0.0,0.0,0,Clear sky,11.6,28.2,44,
2026-01-15T15:00,36.5,25.8,0.0,0.0,0.0,0.0,0,Clear sky,11.5,28.4,40,
2026-01-15T16:00,34.9,23.8,0.0,0.0,0.0,0.0,0,Clear sky,12.2,28.9,40,
2026-01-15T17:00,32.5,21.4,0.0,0.0,0.0,0.0,0,Clear sky,12.0,29.1,42,
2026-01-15T18:00,30.1,19.8,0.0,0.0,0.0,0.0,0,Clear sky,10.3,27.5,47,
2026-01-15T19:00,28.3,18.2,0.0,0.0,0.0,0.0,0,Clear sky,9.7,23.7,49,
2026-01-15T20:00,27.2,17.4,0.0,0.0,0.0,0.0,0,Clear sky,8.9,21.9,49,
2026-01-15T21:00,26.4,16.3,0.0,0.0,0.0,0.0,0,Clear sky,9.3,20.8,48,
2026-01-15T22:00,25.0,14.2,0.0,0.0,0.0,0.0,0,Clear sky,10.4,24.6,43,
2026-01-15T23:00,24.4,14.1,0.0,0.0,0.0,0.0,0,Clear sky,9.2,23.7,44,
2026-01-16T00:00,24.0,13.6,0.0,0.0,0.0,0.0,0,Clear sky,9.3,21.7,44,
2026-01-16T01:00,23.9,13.2,0.0,0.0,0.0,0.0,0,Clear sky,10.0,22.6,43,
2026-01-16T02:00,23.7,11.7,0.0,0.0,0.0,0.0,0,Clear sky,13.1,28.4,42,
2026-01-16T03:00,22.4,10.0,0.0,0.0,0.0,0.0,0,Clear sky,13.9,32.0,46,
2026-01-16T04:00,22.0,10.9,0.0,0.0,0.0,0.0,0,Clear sky,11.0,31.5,47,
2026-01-16T05:00,22.5,11.1,0.0,0.0,0.0,0.0,0,Clear sky,11.7,26.6,48,
2026-01-16T06:00,22.1,10.1,0.0,0.0,0.0,0.0,0,Clear sky,12.8,29.8,41,
2026-01-16T07:00,20.9,8.4,0.0,0.0,0.0,0.0,0,Clear sky,13.9,32.9,41,
2026-01-16T08:00,21.6,9.9,0.0,0.0,0.0,0.0,2,Partly cloudy,12.0,35.8,45,
2026-01-16T09:00,22.7,12.2,0.0,0.0,0.0,0.0,1,Mainly clear,9.7,34.0,48,
2026-01-16T10:00,25.4,13.4,0.0,0.0,0.0,0.0,2,Partly cloudy,13.3,33.6,42,
2026-01-16T11:00,27.8,16.6,0.0,0.0,0.0,0.0,0,Clear sky,11.3,32.0,37,
2026-01-16T12:00,29.7,18.6,0.0,0.0,0.0,0.0,0,Clear sky,10.9,27.5,34,
2026-01-16T13:00,31.0,20.1,0.0,0.0,0.0,0.0,0,Clear sky,10.7,26.6,35,
2026-01-16T14:00,31.5,21.1,0.0,0.0,0.0,0.0,3,Overcast,9.5,26.4,35,
2026-01-16T15:00,31.7,21.5,0.0,0.0,0.0,0.0,3,Overcast,9.3,23.7,35,
2026-01-16T16:00,32.1,22.6,0.0,0.0,0.0,0.0,3,Overcast,7.8,22.1,37,
2026-01-16T17:00,31.9,23.0,0.0,0.0,0.0,0.0,1,Mainly clear,6.7,18.3,40,
2026-01-16T18:00,29.8,21.2,0.0,0.0,0.0,0.0,2,Partly cloudy,6.1,14.8,46,
2026-01-16T19:00,29.2,20.2,0.0,0.0,0.0,0.0,1,Mainly clear,6.9,15.0,45,
2026-01-16T20:00,29.4,20.7,0.0,0.0,0.0,0.0,1,Mainly clear,6.1,15.0,43,
2026-01-16T21:00,28.9,20.1,0.0,0.0,0.0,0.0,0,Clear sky,6.8,14.1,50,
2026-01-16T22:00,28.9,19.8,0.0,0.0,0.0,0.0,3,Overcast,7.8,16.8,53,
2026-01-16T23:00,29.1,20.1,0.0,0.0,0.0,0.0,1,Mainly clear,7.6,17.2,53,
2026-01-17T00:00,29.1,20.7,0.0,0.0,0.0,0.0,0,Clear sky,6.2,16.3,54,
2026-01-17T01:00,28.6,20.7,0.0,0.0,0.0,0.0,3,Overcast,5.0,13.2,57,
2026-01-17T02:00,30.2,22.4,0.0,0.0,0.0,0.0,3,Overcast,5.1,11.0,55,
2026-01-17T03:00,31.3,23.7,0.0,0.0,0.0,0.0,3,Overcast,4.8,10.5,58,
2026-01-17T04:00,31.6,24.6,0.004,0.0,0.028,0.0,71,Slight snowfall,3.9,10.3,62,
2026-01-17T05:00,31.6,25.2,0.004,0.0,0.028,0.0,71,Slight snowfall,3.0,8.3,68,
2026-01-17T06:00,31.8,26.1,0.0,0.0,0.0,0.0,3,Overcast,1.7,5.6,70,
2026-01-17T07:00,32.1,26.0,0.0,0.0,0.0,0.0,3,Overcast,2.6,4.9,69,
2026-01-17T08:00,32.4,26.2,0.0,0.0,0.0,0.0,3,Overcast,2.8,6.3,68,
2026-01-17T09:00,33.9,27.2,0.0,0.0,0.0,0.0,3,Overcast,4.1,7.8,65,
2026-01-17T10:00,34.8,27.7,0.004,0.0,0.028,0.0,71,Slight snowfall,4.9,10.1,63,
2026-01-17T11:00,35.3,28.9,0.008,0.0,0.055,0.033,71,Slight snowfall,3.9,11.0,65,
2026-01-17T12:00,34.7,28.5,0.008,0.0,0.055,0.033,71,Slight snowfall,3.6,10.1,69,
2026-01-17T13:00,33.6,26.9,0.02,0.0,0.138,0.033,73,Moderate snowfall,5.3,12.3,77,
2026-01-17T14:00,32.7,26.8,0.063,0.0,0.441,0.066,75,Heavy snowfall,4.4,11.4,90,
2026-01-17T15:00,32.9,26.0,0.059,0.0,0.413,0.098,75,Heavy snowfall,6.8,15.2,91,
2026-01-17T16:00,33.4,26.5,0.008,0.0,0.055,0.098,71,Slight snowfall,6.7,16.6,90,
2026-01-17T17:00,33.5,26.9,0.0,0.0,0.0,0.098,3,Overcast,6.2,14.3,89,
2026-01-17T18:00,32.5,26.1,0.0,0.0,0.0,0.098,0,Clear sky,5.1,13.0,90,
2026-01-17T19:00,30.5,24.0,0.0,0.0,0.0,0.098,0,Clear sky,4.9,10.5,91,
2026-01-17T20:00,30.3,23.8,0.0,0.0,0.0,0.098,1,Mainly clear,5.0,9.8,93,
2026-01-17T21:00,28.0,21.9,0.0,0.0,0.0,0.098,0,Clear sky,3.6,9.4,94,
2026-01-17T22:00,25.4,19.1,0.0,0.0,0.0,0.098,0,Clear sky,3.4,7.2,97,
2026-01-17T23:00,24.4,18.3,0.0,0.0,0.0,0.098,1,Mainly clear,2.9,6.5,98,
2026-01-18T00:00,23.8,17.6,0.0,0.0,0.0,0.098,1,Mainly clear,3.1,5.8,99,
2026-01-18T01:00,24.0,18.5,0.0,0.0,0.0,0.098,1,Mainly clear,1.3,5.8,99,
2026-01-18T02:00,25.0,19.4,0.0,0.0,0.0,0.131,3,Overcast,1.9,2.9,99,
2026-01-18T03:00,26.9,20.7,0.0,0.0,0.0,0.131,3,Overcast,3.7,7.2,99,
2026-01-18T04:00,26.6,21.0,0.0,0.0,0.0,0.131,3,Overcast,2.3,7.8,99,
2026-01-18T05:00,27.4,22.3,0.0,0.0,0.0,0.131,3,Overcast,1.5,5.4,99,
2026-01-18T06:00,27.3,22.1,0.0,0.0,0.0,0.131,3,Overcast,1.6,3.8,99,
2026-01-18T07:00,27.6,22.8,0.004,0.0,0.028,0.131,71,Slight snowfall,0.8,4.3,99,
2026-01-18T08:00,28.2,22.9,0.012,0.0,0.083,0.131,73,Moderate snowfall,2.0,2.7,98,
2026-01-18T09:00,29.0,24.1,0.043,0.0,0.303,0.164,73,Moderate snowfall,1.4,3.6,97,
2026-01-18T10:00,29.7,24.9,0.043,0.0,0.303,0.197,73,Moderate snowfall,1.3,2.9,97,
2026-01-18T11:00,30.3,25.1,0.024,0.0,0.165,0.23,73,Moderate snowfall,2.5,4.9,98,
2026-01-18T12:00,31.3,25.9,0.012,0.0,0.083,0.23,73,Moderate snowfall,3.2,6.5,97,
2026-01-18T13:00,31.7,26.5,0.02,0.0,0.165,0.23,73,Moderate snowfall,3.0,8.1,97,
2026-01-18T14:00,32.3,26.1,0.024,0.0,0.165,0.197,73,Moderate snowfall,5.3,8.5,95,
2026-01-18T15:00,32.6,26.4,0.02,0.0,0.138,0.23,73,Moderate snowfall,5.4,11.9,95,
2026-01-18T16:00,33.1,26.7,0.016,0.0,0.11,0.23,73,Moderate snowfall,5.8,11.6,93,
2026-01-18T17:00,33.0,26.2,0.016,0.0,0.11,0.23,73,Moderate snowfall,6.7,13.9,92,
2026-01-18T18:00,32.5,25.9,0.012,0.0,0.083,0.23,73,Moderate snowfall,5.9,13.9,91,
2026-01-18T19:00,32.2,25.7,0.02,0.0,0.138,0.23,73,Moderate snowfall,5.6,11.9,93,
2026-01-18T20:00,31.8,24.7,0.028,0.0,0.193,0.23,73,Moderate snowfall,7.3,11.4,94,
2026-01-18T21:00,31.6,24.0,0.051,0.0,0.358,0.23,75,Heavy snowfall,8.2,16.8,94,
2026-01-18T22:00,30.8,23.0,0.031,0.0,0.22,0.262,73,Moderate snowfall,8.4,17.4,92,
2026-01-18T23:00,29.8,21.8,0.012,0.0,0.083,0.262,73,Moderate snowfall,8.3,17.2,90,
2026-01-19T00:00,29.5,21.8,0.0,0.0,0.0,0.262,3,Overcast,7.2,16.8,88,
2026-01-19T01:00,29.3,22.2,0.0,0.0,0.0,0.262,3,Overcast,5.9,14.3,87,
2026-01-19T02:00,29.4,23.0,0.0,0.0,0.0,0.23,2,Partly cloudy,4.4,11.6,90,
2026-01-19T03:00,28.3,21.1,0.0,0.0,0.0,0.23,3,Overcast,6.1,11.9,90,
2026-01-19T04:00,27.5,20.4,0.0,0.0,0.0,0.23,3,Overcast,5.1,12.1,87,
2026-01-19T05:00,25.6,17.7,0.0,0.0,0.0,0.23,3,Overcast,6.6,12.8,85,
2026-01-19T06:00,23.2,14.4,0.0,0.0,0.0,0.197,2,Partly cloudy,8.0,16.1,85,
2026-01-19T07:00,22.7,14.4,0.0,0.0,0.0,0.197,2,Partly cloudy,6.9,16.1,85,
2026-01-19T08:00,22.1,13.8,0.0,0.0,0.0,0.197,0,Clear sky,6.7,13.9,86,
2026-01-19T09:00,20.4,11.9,0.0,0.0,0.0,0.197,0,Clear sky,6.7,13.2,84,
2026-01-19T10:00,20.4,11.7,0.0,0.0,0.0,0.197,0,Clear sky,7.0,15.4,80,
2026-01-19T11:00,21.2,12.7,0.0,0.0,0.0,0.197,0,Clear sky,6.3,14.1,76,
2026-01-19T12:00,23.3,15.5,0.0,0.0,0.0,0.197,0,Clear sky,4.9,13.4,72,
2026-01-19T13:00,24.9,16.9,0.0,0.0,0.0,0.197,0,Clear sky,5.7,13.2,71,
2026-01-19T14:00,27.3,19.3,0.0,0.0,0.0,0.197,0,Clear sky,6.5,13.4,74,
2026-01-19T15:00,28.2,20.5,0.0,0.0,0.0,0.164,2,Partly cloudy,5.8,14.5,74,
2026-01-19T16:00,29.3,20.7,0.0,0.0,0.0,0.164,3,Overcast,7.9,16.8,68,
2026-01-19T17:00,29.2,20.6,0.0,0.0,0.0,0.164,3,Overcast,8.0,17.0,70,
2026-01-19T18:00,28.6,19.9,0.0,0.0,0.0,0.164,3,Overcast,8.1,17.9,71,
2026-01-19T19:00,26.1,18.1,0.0,0.0,0.0,0.164,2,Partly cloudy,6.0,16.8,74,
2026-01-19T20:00,25.1,16.5,0.0,0.0,0.0,0.164,1,Mainly clear,6.9,11.9,71,
2026-01-19T21:00,25.5,17.0,0.0,0.0,0.0,0.164,3,Overcast,7.2,14.1,74,
2026-01-19T22:00,26.5,17.2,0.0,0.0,0.0,0.164,1,Mainly clear,9.3,18.3,73,
2026-01-19T23:00,26.1,16.0,0.0,0.0,0.0,0.164,0,Clear sky,10.1,22.4,62,
2026-01-20T00:00,23.9,13.1,0.0,0.0,0.0,0.164,0,Clear sky,11.2,23.5,56,
2026-01-20T01:00,21.9,11.5,0.0,0.0,0.0,0.164,0,Clear sky,10.0,23.3,58,
2026-01-20T02:00,21.0,10.4,0.0,0.0,0.0,0.164,0,Clear sky,10.2,20.8,57,
2026-01-20T03:00,19.1,9.1,0.0,0.0,0.0,0.164,0,Clear sky,8.8,20.8,59,
2026-01-20T04:00,17.5,7.7,0.0,0.0,0.0,0.164,0,Clear sky,8.2,17.9,62,
2026-01-20T05:00,16.2,6.5,0.0,0.0,0.0,0.164,0,Clear sky,7.6,16.6,64,
2026-01-20T06:00,14.9,5.6,0.0,0.0,0.0,0.164,0,Clear sky,6.8,15.4,66,
2026-01-20T07:00,13.3,4.2,0.0,0.0,0.0,0.164,0,Clear sky,6.2,13.6,68,
2026-01-20T08:00,13.1,3.4,0.0,0.0,0.0,0.164,0,Clear sky,7.5,12.8,67,
2026-01-20T09:00,12.7,2.9,0.0,0.0,0.0,0.164,0,Clear sky,7.7,15.4,67,
2026-01-20T10:00,13.6,3.5,0.0,0.0,0.0,0.164,0,Clear sky,8.4,17.9,64,
2026-01-20T11:00,14.8,4.9,0.0,0.0,0.0,0.164,0,Clear sky,8.0,17.0,62,
2026-01-20T12:00,15.5,4.9,0.0,0.0,0.0,0.164,0,Clear sky,9.7,21.7,59,
2026-01-20T13:00,16.2,5.4,0.0,0.0,0.0,0.164,0,Clear sky,10.0,22.4,58,
2026-01-20T14:00,18.9,7.7,0.0,0.0,0.0,0.164,0,Clear sky,10.9,25.3,51,
2026-01-20T15:00,19.7,8.7,0.0,0.0,0.0,0.164,0,Clear sky,10.5,25.1,50,
2026-01-20T16:00,19.2,8.7,0.0,0.0,0.0,0.164,0,Clear sky,9.7,23.7,53,
2026-01-20T17:00,18.6,8.8,0.0,0.0,0.0,0.164,0,Clear sky,8.0,21.3,57,
2026-01-20T18:00,17.5,7.3,0.0,0.0,0.0,0.131,0,Clear sky,8.8,18.6,56,
2026-01-20T19:00,16.4,6.7,0.0,0.0,0.0,0.131,0,Clear sky,7.7,18.6,58,
2026-01-20T20:00,15.0,5.7,0.0,0.0,0.0,0.131,0,Clear sky,6.5,15.9,59,
2026-01-20T21:00,14.0,5.1,0.0,0.0,0.0,0.131,0,Clear sky,5.4,12.5,60,
2026-01-20T22:00,13.4,4.3,0.0,0.0,0.0,0.131,0,Clear sky,5.8,11.4,60,
2026-01-20T23:00,12.7,3.6,0.0,0.0,0.0,0.131,0,Clear sky,6.0,12.3,61,
2026-01-21T00:00,12.1,3.1,0.0,0.0,0.0,0.131,0,Clear sky,5.7,12.1,62,
2026-01-21T01:00,11.4,2.6,0.0,0.0,0.0,0.131,0,Clear sky,4.9,11.6,62,
2026-01-21T02:00,10.8,1.8,0.0,0.0,0.0,0.131,0,Clear sky,5.2,10.1,58,
2026-01-21T03:00,9.7,1.0,0.0,0.0,0.0,0.131,0,Clear sky,4.4,10.3,59,
2026-01-21T04:00,8.7,0.2,0.0,0.0,0.0,0.131,0,Clear sky,3.9,9.8,61,
2026-01-21T05:00,6.5,-1.8,0.0,0.0,0.0,0.131,0,Clear sky,3.6,7.8,62,
2026-01-21T06:00,6.4,-1.9,0.0,0.0,0.0,0.131,0,Clear sky,3.6,7.4,63,
2026-01-21T07:00,5.7,-2.6,0.0,0.0,0.0,0.131,0,Clear sky,3.4,7.2,64,
2026-01-21T08:00,6.5,-1.6,0.0,0.0,0.0,0.131,0,Clear sky,3.1,7.4,70,
2026-01-21T09:00,5.8,-2.3,0.0,0.0,0.0,0.131,0,Clear sky,3.1,6.7,70,
2026-01-21T10:00,10.0,2.3,0.0,0.0,0.0,0.131,0,Clear sky,2.5,6.3,64,
2026-01-21T11:00,13.1,5.3,0.0,0.0,0.0,0.131,3,Overcast,2.9,7.8,62,
2026-01-21T12:00,16.8,8.9,0.0,0.0,0.0,0.131,3,Overcast,3.3,9.2,58,
2026-01-21T13:00,20.3,12.2,0.0,0.0,0.0,0.131,3,Overcast,4.2,10.7,57,
2026-01-21T14:00,24.9,16.3,0.0,0.0,0.0,0.131,3,Overcast,5.6,11.9,51,
2026-01-21T15:00,26.8,17.9,0.0,0.0,0.0,0.131,2,Partly cloudy,6.5,14.5,49,
2026-01-21T16:00,28.7,19.2,0.0,0.0,0.0,0.131,1,Mainly clear,9.0,21.0,59,
2026-01-21T17:00,29.9,21.5,0.0,0.0,0.0,0.131,3,Overcast,7.4,19.7,66,
2026-01-21T18:00,30.7,22.4,0.0,0.0,0.0,0.131,2,Partly cloudy,7.4,15.7,68,
2026-01-21T19:00,32.2,23.2,0.0,0.0,0.0,0.131,3,Overcast,9.3,18.8,68,
2026-01-21T20:00,33.8,25.2,0.0,0.0,0.0,0.131,3,Overcast,8.6,20.8,67,
2026-01-21T21:00,33.9,25.4,0.0,0.0,0.0,0.131,3,Overcast,8.7,18.3,68,
2026-01-21T22:00,33.6,25.5,0.0,0.0,0.0,0.131,3,Overcast,7.9,18.1,71,
2026-01-21T23:00,33.8,26.0,0.0,0.0,0.0,0.131,3,Overcast,7.4,16.3,72,
2026-01-22T00:00,34.0,25.9,0.004,0.0,0.028,0.131,71,Slight snowfall,8.0,16.3,71,
2026-01-22T01:00,34.4,25.9,0.004,0.0,0.028,0.131,71,Slight snowfall,8.9,18.6,69,
2026-01-22T02:00,35.7,27.0,0.0,0.0,0.0,0.131,3,Overcast,9.2,18.8,65,
2026-01-22T03:00,35.9,27.2,0.0,0.0,0.0,0.131,3,Overcast,9.1,19.0,64,
2026-01-22T04:00,36.4,27.9,0.0,0.0,0.0,0.131,3,Overcast,8.8,18.8,64,
2026-01-22T05:00,35.4,26.9,0.0,0.0,0.0,0.131,3,Overcast,8.7,18.3,65,
2026-01-22T06:00,35.4,26.9,0.0,0.0,0.0,0.131,0,Clear sky,8.9,18.1,66,
2026-01-22T07:00,35.3,26.7,0.0,0.0,0.0,0.131,0,Clear sky,9.1,19.2,67,
2026-01-22T08:00,35.2,26.6,0.0,0.0,0.0,0.131,2,Partly cloudy,8.6,18.6,63,
2026-01-22T09:00,34.2,25.7,0.0,0.0,0.0,0.131,3,Overcast,8.3,17.2,65,
2026-01-22T10:00,34.9,27.4,0.0,0.0,0.0,0.131,3,Overcast,6.3,16.6,66,
2026-01-22T11:00,36.7,29.2,0.0,0.0,0.0,0.131,3,Overcast,6.5,14.5,64,
2026-01-22T12:00,37.9,31.6,0.0,0.0,0.0,0.131,2,Partly cloudy,4.4,13.0,67,
2026-01-22T13:00,41.0,32.7,0.0,0.0,0.0,0.131,2,Partly cloudy,9.3,19.5,60,
2026-01-22T14:00,43.7,35.1,0.0,0.0,0.0,0.098,1,Mainly clear,9.9,22.8,54,
2026-01-22T15:00,42.8,34.4,0.0,0.0,0.0,0.066,1,Mainly clear,9.2,21.3,53,
2026-01-22T16:00,42.4,34.4,0.0,0.0,0.0,0.066,1,Mainly clear,8.2,20.8,54,
2026-01-22T17:00,41.5,33.8,0.0,0.0,0.0,0.066,3,Overcast,7.2,18.6,55,
2026-01-22T18:00,40.4,32.0,0.0,0.0,0.0,0.066,3,Overcast,8.8,18.6,56,
2026-01-22T19:00,39.2,29.5,0.0,0.0,0.0,0.066,3,Overcast,11.1,23.9,52,
2026-01-22T20:00,38.5,30.0,0.0,0.0,0.0,0.066,1,Mainly clear,8.2,23.7,54,
2026-01-22T21:00,36.4,28.1,0.0,0.0,0.0,0.066,2,Partly cloudy,7.4,18.6,53,
2026-01-22T22:00,32.4,25.1,0.0,0.0,0.0,0.066,3,Overcast,4.6,15.2,61,
2026-01-22T23:00,32.6,24.5,0.0,0.0,0.0,0.066,3,Overcast,6.3,12.5,56,
2026-01-23T00:00,33.1,23.9,0.0,0.0,0.0,0.066,3,Overcast,8.1,17.0,48,
2026-01-23T01:00,32.5,22.9,0.0,0.0,0.0,0.066,2,Partly cloudy,8.8,19.0,47,
2026-01-23T02:00,34.0,23.3,0.0,0.0,0.0,0.066,2,Partly cloudy,10.9,19.0,38,
2026-01-23T03:00,32.5,22.1,0.0,0.0,0.0,0.066,2,Partly cloudy,10.0,23.0,39,
2026-01-23T04:00,30.1,21.6,0.0,0.0,0.0,0.066,1,Mainly clear,6.0,21.5,47,
2026-01-23T05:00,26.1,18.3,0.0,0.0,0.0,0.066,1,Mainly clear,4.1,12.8,54,
2026-01-23T06:00,24.4,16.8,0.0,0.0,0.0,0.066,2,Partly cloudy,3.8,8.7,56,
2026-01-23T07:00,23.6,15.9,0.0,0.0,0.0,0.066,3,Overcast,3.7,8.1,57,
2026-01-23T08:00,27.4,19.4,0.0,0.0,0.0,0.033,3,Overcast,4.0,8.7,41,
2026-01-23T09:00,29.0,19.9,0.0,0.0,0.0,0.033,3,Overcast,6.9,13.9,43,
2026-01-23T10:00,30.7,22.4,0.0,0.0,0.0,0.033,3,Overcast,5.3,14.8,42,
2026-01-23T11:00,32.7,23.8,0.0,0.0,0.0,0.033,3,Overcast,6.5,15.7,39,
2026-01-23T12:00,34.4,24.5,0.0,0.0,0.0,0.033,3,Overcast,9.1,21.5,36,
2026-01-23T13:00,35.5,24.2,0.0,0.0,0.0,0.033,3,Overcast,12.1,28.2,33,
2026-01-23T14:00,35.7,24.2,0.0,0.0,0.0,0.033,3,Overcast,12.3,29.8,32,
2026-01-23T15:00,36.0,24.5,0.0,0.0,0.0,0.033,3,Overcast,12.6,28.6,33,
2026-01-23T16:00,35.4,24.5,0.0,0.0,0.0,0.033,3,Overcast,11.3,28.6,34,
2026-01-23T17:00,34.1,23.1,0.0,0.0,0.0,0.033,3,Overcast,11.3,25.9,35,
2026-01-23T18:00,31.6,18.5,0.0,0.0,0.0,0.033,0,Clear sky,15.7,33.8,29,
2026-01-23T19:00,28.8,16.3,0.0,0.0,0.0,0.033,1,Mainly clear,14.1,35.6,32,
2026-01-23T20:00,28.0,17.1,0.0,0.0,0.0,0.066,0,Clear sky,10.8,30.6,39,
2026-01-23T21:00,24.7,13.0,0.0,0.0,0.0,0.066,0,Clear sky,12.3,26.8,42,
2026-01-23T22:00,21.6,9.6,0.0,0.0,0.0,0.066,0,Clear sky,12.4,28.2,37,
2026-01-23T23:00,18.6,6.7,0.0,0.0,0.0,0.033,0,Clear sky,12.1,27.7,39,
2026-01-24T00:00,15.1,2.7,0.0,0.0,0.0,0.033,0,Clear sky,12.9,30.2,37,
2026-01-24T01:00,12.6,0.3,0.0,0.0,0.0,0.033,1,Mainly clear,12.5,30.6,38,
2026-01-24T02:00,13.0,1.7,0.0,0.0,0.0,0.033,1,Mainly clear,10.0,28.4,33,
2026-01-24T03:00,11.8,0.5,0.0,0.0,0.0,0.033,0,Clear sky,10.1,22.6,37,
2026-01-24T04:00,10.7,-0.5,0.0,0.0,0.0,0.033,0,Clear sky,9.8,22.4,41,
2026-01-24T05:00,9.9,-1.4,0.0,0.0,0.0,0.033,1,Mainly clear,10.0,22.4,44,
2026-01-24T06:00,9.0,-2.4,0.0,0.0,0.0,0.033,2,Partly cloudy,10.5,23.5,47,
2026-01-24T07:00,8.4,-3.0,0.0,0.0,0.0,0.033,3,Overcast,10.6,23.9,48,
2026-01-24T08:00,9.3,-1.7,0.0,0.0,0.0,0.033,3,Overcast,9.6,23.7,45,
2026-01-24T09:00,10.0,-0.5,0.0,0.0,0.0,0.033,3,Overcast,8.1,19.5,43,
2026-01-24T10:00,10.6,-0.7,0.0,0.0,0.0,0.033,3,Overcast,10.0,23.3,40,
2026-01-24T11:00,11.6,0.4,0.0,0.0,0.0,0.033,3,Overcast,9.7,23.9,38,
2026-01-24T12:00,13.1,2.4,0.0,0.0,0.0,0.033,3,Overcast,8.8,23.5,36,
2026-01-24T13:00,14.7,4.2,0.0,0.0,0.0,0.033,3,Overcast,8.3,22.4,32,
2026-01-24T14:00,17.0,6.9,0.0,0.0,0.0,0.033,2,Partly cloudy,7.1,22.1,28,
2026-01-24T15:00,18.3,8.1,0.0,0.0,0.0,0.033,2,Partly cloudy,7.4,19.5,25,
2026-01-24T16:00,18.4,7.7,0.0,0.0,0.0,0.033,3,Overcast,8.4,21.0,25,
2026-01-24T17:00,17.7,6.9,0.0,0.0,0.0,0.033,3,Overcast,8.7,20.8,26,
2026-01-24T18:00,16.5,5.9,0.0,0.0,0.0,0.033,3,Overcast,8.5,20.8,30,
2026-01-24T19:00,15.5,5.3,0.0,0.0,0.0,0.033,3,Overcast,7.6,18.8,34,
2026-01-24T20:00,16.3,7.5,0.0,0.0,0.0,0.033,3,Overcast,4.1,16.8,30,
2026-01-24T21:00,16.4,7.2,0.0,0.0,0.0,0.033,3,Overcast,5.2,11.6,28,
2026-01-24T22:00,15.8,6.2,0.0,0.0,0.0,0.033,3,Overcast,6.1,14.5,31,
2026-01-24T23:00,15.2,5.7,0.0,0.0,0.0,0.033,3,Overcast,5.7,14.3,34,
2026-01-25T00:00,14.8,5.8,0.0,0.0,0.0,0.033,3,Overcast,4.7,13.2,35,
2026-01-25T01:00,14.0,5.2,0.0,0.0,0.0,0.033,3,Overcast,4.2,11.6,36,
2026-01-25T02:00,13.8,5.1,0.0,0.0,0.0,0.033,3,Overcast,4.0,11.0,32,
2026-01-25T03:00,13.5,4.3,0.0,0.0,0.0,0.033,3,Overcast,4.8,12.3,33,
2026-01-25T04:00,13.2,3.9,0.0,0.0,0.0,0.033,3,Overcast,5.4,13.4,36,
2026-01-25T05:00,12.7,3.5,0.0,0.0,0.0,0.033,3,Overcast,5.4,13.9,39,
2026-01-25T06:00,12.2,2.9,0.004,0.0,0.028,0.033,71,Slight snowfall,5.6,13.9,42,
2026-01-25T07:00,11.8,2.5,0.008,0.0,0.055,0.033,71,Slight snowfall,5.8,14.5,47,
2026-01-25T08:00,10.4,1.3,0.008,0.0,0.055,0.066,71,Slight snowfall,5.9,14.1,67,
2026-01-25T09:00,10.0,0.7,0.039,0.0,0.276,0.131,73,Moderate snowfall,6.7,14.8,74,
2026-01-25T10:00,10.6,1.2,0.067,0.0,0.469,0.197,75,Heavy snowfall,7.1,15.0,81,
2026-01-25T11:00,11.4,1.2,0.083,0.0,0.579,0.295,75,Heavy snowfall,9.2,19.7,84,
2026-01-25T12:00,11.3,0.9,0.11,0.0,0.772,0.394,75,Heavy snowfall,9.6,21.7,83,
2026-01-25T13:00,11.5,0.4,0.114,0.0,0.799,0.492,75,Heavy snowfall,11.2,22.4,83,
2026-01-25T14:00,10.7,-1.0,0.142,0.0,0.992,0.623,75,Heavy snowfall,12.7,24.8,83,
2026-01-25T15:00,11.8,0.2,0.126,0.0,0.882,0.722,75,Heavy snowfall,12.5,25.9,83,
2026-01-25T16:00,13.6,1.6,0.106,0.004,0.717,0.82,75,Heavy snowfall,13.9,28.0,84,
2026-01-25T17:00,15.3,3.6,0.114,0.028,0.606,0.886,75,Heavy snowfall,13.4,29.3,85,
2026-01-25T18:00,17.1,5.9,0.071,0.012,0.413,0.951,75,Heavy snowfall,12.3,40.7,84,
2026-01-25T19:00,18.4,6.1,0.067,0.008,0.413,0.984,75,Heavy snowfall,15.4,42.7,87,
2026-01-25T20:00,18.4,7.6,0.063,0.004,0.413,0.886,75,Heavy snowfall,11.8,36.0,85,
2026-01-25T21:00,20.2,8.7,0.059,0.055,0.028,0.919,71,Slight snowfall,13.9,31.3,86,
2026-01-25T22:00,21.4,10.6,0.035,0.012,0.165,0.919,73,Moderate snowfall,12.4,34.0,86,
2026-01-25T23:00,22.7,13.2,0.024,0.016,0.055,0.919,71,Slight snowfall,9.9,25.9,87,
2026-01-26T00:00,21.3,11.6,0.008,0.0,0.055,0.919,71,Slight snowfall,10.0,22.6,87,
2026-01-26T01:00,20.7,10.6,0.008,0.0,0.055,0.919,71,Slight snowfall,10.5,21.7,85,
2026-01-26T02:00,20.9,11.5,0.0,0.0,0.0,0.853,3,Overcast,9.1,21.7,84,
2026-01-26T03:00,21.5,12.5,0.0,0.0,0.0,0.82,3,Overcast,8.0,18.8,84,
2026-01-26T04:00,21.8,13.2,0.0,0.0,0.0,0.82,3,Overcast,7.3,16.3,83,
2026-01-26T05:00,21.6,13.1,0.0,0.0,0.0,0.82,3,Overcast,6.8,15.2,83,
2026-01-26T06:00,21.3,13.1,0.0,0.0,0.0,0.82,3,Overcast,6.1,13.9,83,
2026-01-26T07:00,20.6,12.5,0.0,0.0,0.0,0.82,3,Overcast,5.8,12.5,85,
2026-01-26T08:00,18.7,10.6,0.0,0.0,0.0,0.82,3,Overcast,5.6,12.5,86,
2026-01-26T09:00,18.5,10.7,0.004,0.0,0.028,0.82,71,Slight snowfall,4.8,11.2,86,
2026-01-26T10:00,18.7,11.0,0.0,0.0,0.0,0.787,3,Overcast,4.5,9.8,85,
2026-01-26T11:00,19.1,11.4,0.0,0.0,0.0,0.787,3,Overcast,4.8,10.5,85,
2026-01-26T12:00,20.2,12.6,0.0,0.0,0.0,0.787,3,Overcast,4.5,10.7,84,
2026-01-26T13:00,21.7,13.8,0.004,0.0,0.028,0.787,71,Slight snowfall,5.5,12.3,83,
2026-01-26T14:00,23.5,15.5,0.0,0.0,0.0,0.755,3,Overcast,6.0,12.3,79,
2026-01-26T15:00,25.8,18.2,0.0,0.0,0.0,0.755,3,Overcast,5.2,16.1,75,
2026-01-26T16:00,26.4,17.2,0.0,0.0,0.0,0.755,2,Partly cloudy,8.7,17.9,71,
2026-01-26T17:00,24.5,14.5,0.0,0.0,0.0,0.755,2,Partly cloudy,10.1,21.0,68,
2026-01-26T18:00,21.7,11.2,0.0,0.0,0.0,0.722,3,Overcast,10.9,22.4,68,
2026-01-26T19:00,20.0,9.3,0.0,0.0,0.0,0.722,3,Overcast,11.2,23.3,69,
2026-01-26T20:00,20.7,10.6,0.0,0.0,0.0,0.722,3,Overcast,9.5,23.0,66,
2026-01-26T21:00,18.9,8.9,0.0,0.0,0.0,0.722,3,Overcast,9.0,19.5,66,
2026-01-26T22:00,18.5,7.7,0.0,0.0,0.0,0.722,3,Overcast,10.8,22.1,65,
2026-01-26T23:00,17.2,5.4,0.0,0.0,0.0,0.722,1,Mainly clear,12.8,25.9,62,
2026-01-27T00:00,15.3,3.3,0.0,0.0,0.0,0.689,0,Clear sky,13.1,27.3,63,
2026-01-27T01:00,14.1,2.3,0.0,0.0,0.0,0.689,0,Clear sky,12.6,26.8,64,
2026-01-27T02:00,15.2,3.2,0.0,0.0,0.0,0.722,0,Clear sky,13.0,25.5,60,
2026-01-27T03:00,14.6,3.2,0.0,0.0,0.0,0.722,0,Clear sky,11.6,26.6,62,
2026-01-27T04:00,14.1,3.1,0.0,0.0,0.0,0.722,0,Clear sky,10.5,23.7,63,
2026-01-27T05:00,13.5,2.6,0.0,0.0,0.0,0.689,0,Clear sky,10.3,21.3,63,
2026-01-27T06:00,12.5,2.4,0.0,0.0,0.0,0.689,0,Clear sky,8.3,20.8,66,
2026-01-27T07:00,9.9,0.4,0.0,0.0,0.0,0.689,0,Clear sky,6.7,16.3,72,
2026-01-27T08:00,9.0,-0.5,0.0,0.0,0.0,0.722,1,Mainly clear,6.9,13.4,69,
2026-01-27T09:00,9.1,-0.6,0.0,0.0,0.0,0.722,0,Clear sky,7.3,13.9,70,
2026-01-27T10:00,10.3,0.7,0.0,0.0,0.0,0.722,0,Clear sky,7.1,14.3,71,
2026-01-27T11:00,11.9,2.0,0.0,0.0,0.0,0.689,1,Mainly clear,8.1,16.1,72,
2026-01-27T12:00,13.5,4.1,0.0,0.0,0.0,0.689,3,Overcast,7.1,16.6,73,
2026-01-27T13:00,15.3,6.2,0.0,0.0,0.0,0.689,3,Overcast,6.5,15.0,71,
2026-01-27T14:00,18.6,9.0,0.0,0.0,0.0,0.689,3,Overcast,7.6,18.1,59,
2026-01-27T15:00,18.8,8.9,0.0,0.0,0.0,0.689,3,Overcast,8.5,17.7,61,
2026-01-27T16:00,17.8,7.3,0.0,0.0,0.0,0.656,3,Overcast,9.8,20.6,60,
2026-01-27T17:00,17.2,6.5,0.004,0.0,0.028,0.656,71,Slight snowfall,10.3,21.5,64,
2026-01-27T18:00,16.1,5.5,0.0,0.0,0.0,0.656,1,Mainly clear,9.9,21.7,66,
2026-01-27T19:00,14.9,5.0,0.0,0.0,0.0,0.656,1,Mainly clear,8.3,20.4,68,
2026-01-27T20:00,14.3,5.2,0.0,0.0,0.0,0.656,0,Clear sky,6.5,16.6,69,
2026-01-27T21:00,13.6,3.9,0.0,0.0,0.0,0.656,0,Clear sky,7.8,14.5,70,
2026-01-27T22:00,14.3,3.6,0.0,0.0,0.0,0.656,0,Clear sky,9.9,19.2,67,
2026-01-27T23:00,14.6,3.7,0.0,0.0,0.0,0.656,0,Clear sky,10.6,21.0,65,
2026-01-28T00:00,13.9,3.3,0.0,0.0,0.0,0.656,0,Clear sky,9.8,21.0,65,
2026-01-28T01:00,12.8,2.6,0.0,0.0,0.0,0.656,0,Clear sky,8.8,19.7,66,
2026-01-28T02:00,12.9,2.6,0.0,0.0,0.0,0.656,0,Clear sky,8.8,17.4,64,
2026-01-28T03:00,12.7,2.3,0.0,0.0,0.0,0.656,0,Clear sky,9.2,18.3,66,
2026-01-28T04:00,12.3,2.2,0.0,0.0,0.0,0.623,0,Clear sky,8.4,18.1,67,
2026-01-28T05:00,11.5,1.5,0.0,0.0,0.0,0.623,0,Clear sky,8.1,16.6,68,
2026-01-28T06:00,10.8,0.8,0.0,0.0,0.0,0.623,0,Clear sky,8.1,15.7,69,
2026-01-28T07:00,10.0,-0.0,0.0,0.0,0.0,0.623,0,Clear sky,8.2,16.1,70,
2026-01-28T08:00,8.9,-0.6,0.0,0.0,0.0,0.623,0,Clear sky,6.7,15.9,69,
2026-01-28T09:00,9.6,0.2,0.0,0.0,0.0,0.623,0,Clear sky,6.5,12.5,69,
2026-01-28T10:00,10.8,1.9,0.0,0.0,0.0,0.623,0,Clear sky,5.4,12.1,69,
2026-01-28T11:00,12.7,3.7,0.0,0.0,0.0,0.623,0,Clear sky,5.9,11.0,69,
2026-01-28T12:00,14.7,5.8,0.0,0.0,0.0,0.623,0,Clear sky,6.1,11.2,72,
2026-01-28T13:00,16.9,9.0,0.0,0.0,0.0,0.623,3,Overcast,4.1,10.1,67,
2026-01-28T14:00,19.9,11.9,0.0,0.0,0.0,0.623,3,Overcast,4.3,8.7,63,
2026-01-28T15:00,20.0,12.0,0.0,0.0,0.0,0.623,3,Overcast,4.5,9.8,67,
2026-01-28T16:00,19.4,11.0,0.0,0.0,0.0,0.623,3,Overcast,5.6,11.0,71,
2026-01-28T17:00,18.7,9.9,0.0,0.0,0.0,0.623,3,Overcast,6.1,12.1,68,
2026-01-28T18:00,17.1,8.2,0.0,0.0,0.0,0.623,3,Overcast,6.2,12.1,69,
2026-01-28T19:00,16.0,6.6,0.0,0.0,0.0,0.623,0,Clear sky,7.3,13.9,69,
2026-01-28T20:00,13.6,4.2,0.0,0.0,0.0,0.623,0,Clear sky,7.0,14.1,66,
2026-01-28T21:00,12.4,2.8,0.0,0.0,0.0,0.623,3,Overcast,7.2,13.6,67,
2026-01-28T22:00,11.8,2.0,0.0,0.0,0.0,0.623,3,Overcast,7.7,15.4,67,
2026-01-28T23:00,10.4,0.7,0.0,0.0,0.0,0.623,1,Mainly clear,7.3,14.8,68,
2026-01-29T00:00,8.8,-0.6,0.0,0.0,0.0,0.623,0,Clear sky,6.6,14.1,70,
2026-01-29T01:00,7.6,-1.5,0.0,0.0,0.0,0.623,0,Clear sky,5.6,12.5,71,
2026-01-29T02:00,8.5,-1.1,0.0,0.0,0.0,0.623,0,Clear sky,6.9,11.2,65,
2026-01-29T03:00,9.1,-0.7,0.0,0.0,0.0,0.623,1,Mainly clear,7.5,14.3,65,
2026-01-29T04:00,8.9,-1.1,0.0,0.0,0.0,0.623,1,Mainly clear,7.8,15.4,65,
2026-01-29T05:00,8.0,-1.8,0.0,0.0,0.0,0.623,0,Clear sky,7.2,15.0,65,
2026-01-29T06:00,6.9,-2.6,0.0,0.0,0.0,0.623,0,Clear sky,6.5,13.9,66,
2026-01-29T07:00,5.6,-3.6,0.0,0.0,0.0,0.623,0,Clear sky,5.6,12.1,68,
2026-01-29T08:00,5.6,-4.1,0.0,0.0,0.0,0.623,0,Clear sky,6.9,11.0,67,
2026-01-29T09:00,6.4,-3.1,0.0,0.0,0.0,0.623,0,Clear sky,6.5,12.8,68,
2026-01-29T10:00,8.2,-1.2,0.0,0.0,0.0,0.623,0,Clear sky,6.6,12.5,69,
2026-01-29T11:00,10.8,1.2,0.0,0.0,0.0,0.623,0,Clear sky,7.2,13.6,69,
2026-01-29T12:00,13.0,3.8,0.0,0.0,0.0,0.623,0,Clear sky,6.6,13.9,71,
2026-01-29T13:00,15.2,6.7,0.0,0.0,0.0,0.623,0,Clear sky,5.4,12.1,68,
2026-01-29T14:00,16.8,8.6,0.0,0.0,0.0,0.591,0,Clear sky,5.3,11.4,66,
2026-01-29T15:00,17.9,9.8,0.0,0.0,0.0,0.591,0,Clear sky,4.4,11.2,66,
2026-01-29T16:00,18.1,9.7,0.0,0.0,0.0,0.591,0,Clear sky,5.2,10.5,68,
2026-01-29T17:00,16.9,8.5,0.0,0.0,0.0,0.591,0,Clear sky,4.9,10.5,67,
2026-01-29T18:00,14.5,5.6,0.0,0.0,0.0,0.591,0,Clear sky,5.9,10.7,69,
2026-01-29T19:00,12.9,3.3,0.0,0.0,0.0,0.591,0,Clear sky,7.7,14.1,72,
2026-01-29T20:00,13.3,3.5,0.0,0.0,0.0,0.623,0,Clear sky,7.8,16.1,68,
2026-01-29T21:00,14.1,4.3,0.0,0.0,0.0,0.591,1,Mainly clear,8.0,15.9,68,
2026-01-29T22:00,13.8,3.8,0.0,0.0,0.0,0.591,0,Clear sky,8.5,16.1,70,
2026-01-29T23:00,13.7,3.3,0.0,0.0,0.0,0.591,0,Clear sky,9.2,18.6,64,
2026-01-30T00:00,12.3,1.9,0.0,0.0,0.0,0.591,0,Clear sky,9.1,18.3,63,
2026-01-30T01:00,10.7,1.0,0.0,0.0,0.0,0.591,0,Clear sky,7.3,17.7,68,
2026-01-30T02:00,10.7,0.6,0.0,0.0,0.0,0.591,0,Clear sky,8.1,14.1,64,
2026-01-30T03:00,9.5,-0.6,0.0,0.0,0.0,0.591,0,Clear sky,8.1,15.7,65,
2026-01-30T04:00,8.8,-1.9,0.0,0.0,0.0,0.591,0,Clear sky,9.2,18.1,64,
2026-01-30T05:00,7.7,-3.0,0.0,0.0,0.0,0.591,0,Clear sky,9.4,19.2,64,
2026-01-30T06:00,6.4,-4.3,0.0,0.0,0.0,0.591,0,Clear sky,9.2,18.8,65,
2026-01-30T07:00,5.4,-5.2,0.0,0.0,0.0,0.591,0,Clear sky,8.8,18.3,66,
2026-01-30T08:00,4.9,-5.3,0.0,0.0,0.0,0.623,0,Clear sky,7.9,17.4,64,
2026-01-30T09:00,4.8,-5.4,0.0,0.0,0.0,0.623,0,Clear sky,7.8,15.0,66,
2026-01-30T10:00,6.6,-3.9,0.0,0.0,0.0,0.623,0,Clear sky,8.8,16.8,66,
2026-01-30T11:00,8.7,-1.8,0.0,0.0,0.0,0.591,0,Clear sky,8.9,18.8,63,
2026-01-30T12:00,10.0,-0.1,0.0,0.0,0.0,0.591,0,Clear sky,7.9,19.0,60,
2026-01-30T13:00,10.9,0.6,0.0,0.0,0.0,0.591,0,Clear sky,9.2,19.7,56,
2026-01-30T14:00,14.6,5.5,0.0,0.0,0.0,0.591,0,Clear sky,6.8,19.7,53,
2026-01-30T15:00,15.5,6.3,0.0,0.0,0.0,0.591,0,Clear sky,6.4,14.1,57,
2026-01-30T16:00,15.4,5.5,0.0,0.0,0.0,0.591,0,Clear sky,7.9,16.6,56,
2026-01-30T17:00,14.5,4.4,0.0,0.0,0.0,0.591,0,Clear sky,8.1,16.3,58,
2026-01-30T18:00,12.7,2.6,0.0,0.0,0.0,0.591,0,Clear sky,8.2,16.6,60,
2026-01-30T19:00,10.9,0.7,0.0,0.0,0.0,0.591,0,Clear sky,8.2,16.3,62,
2026-01-30T20:00,10.5,0.2,0.0,0.0,0.0,0.591,0,Clear sky,8.5,17.0,59,
2026-01-30T21:00,9.9,0.0,0.0,0.0,0.0,0.591,0,Clear sky,7.3,16.1,61,
2026-01-30T22:00,8.9,-0.9,0.0,0.0,0.0,0.591,0,Clear sky,7.2,13.9,62,
2026-01-30T23:00,7.9,-1.8,0.0,0.0,0.0,0.591,0,Clear sky,6.9,13.6,64,
2026-01-31T00:00,6.6,-2.8,0.0,0.0,0.0,0.591,0,Clear sky,6.3,13.0,66,
2026-01-31T01:00,5.6,-4.0,0.0,0.0,0.0,0.591,0,Clear sky,6.7,12.5,68,
2026-01-31T02:00,6.5,-2.8,0.0,0.0,0.0,0.591,0,Clear sky,5.9,12.5,63,
2026-01-31T03:00,6.4,-2.8,0.0,0.0,0.0,0.591,0,Clear sky,5.5,11.2,66,
2026-01-31T04:00,5.7,-3.3,0.0,0.0,0.0,0.591,3,Overcast,5.1,10.1,67,
2026-01-31T05:00,5.4,-3.5,0.0,0.0,0.0,0.591,1,Mainly clear,4.9,9.4,69,
2026-01-31T06:00,5.0,-3.8,0.0,0.0,0.0,0.591,1,Mainly clear,4.7,9.4,71,
2026-01-31T07:00,4.1,-4.6,0.0,0.0,0.0,0.591,1,Mainly clear,4.4,8.5,73,
2026-01-31T08:00,3.8,-4.9,0.0,0.0,0.0,0.591,2,Partly cloudy,4.4,8.9,70,
2026-01-31T09:00,4.2,-4.7,0.0,0.0,0.0,0.591,1,Mainly clear,4.9,8.7,73,
2026-01-31T10:00,6.4,-2.5,0.0,0.0,0.0,0.591,0,Clear sky,5.2,9.4,74,
2026-01-31T11:00,9.2,0.6,0.0,0.0,0.0,0.591,1,Mainly clear,4.8,9.4,76,
2026-01-31T12:00,11.3,3.8,0.0,0.0,0.0,0.591,0,Clear sky,2.4,7.6,74,
2026-01-31T13:00,13.5,6.7,0.0,0.0,0.0,0.591,0,Clear sky,1.6,6.0,71,
2026-01-31T14:00,18.7,12.1,0.0,0.0,0.0,0.591,0,Clear sky,1.4,5.6,59,
2026-01-31T15:00,19.8,13.1,0.0,0.0,0.0,0.591,0,Clear sky,0.9,4.7,60,
2026-01-31T16:00,19.3,12.1,0.0,0.0,0.0,0.591,2,Partly cloudy,2.6,6.0,67,
2026-01-31T17:00,16.9,9.9,0.0,0.0,0.0,0.591,3,Overcast,2.1,6.0,76,
2026-01-31T18:00,13.5,6.8,0.0,0.0,0.0,0.591,3,Overcast,1.1,4.0,82,
2026-01-31T19:00,11.0,4.3,0.0,0.0,0.0,0.591,3,Overcast,1.0,2.2,84,
2026-01-31T20:00,12.4,4.3,0.0,0.0,0.0,0.591,3,Overcast,3.8,16.8,67,
2026-01-31T21:00,14.1,4.5,0.0,0.0,0.0,0.591,3,Overcast,7.4,13.0,67,
2026-01-31T22:00,13.0,2.3,0.0,0.0,0.0,0.591,3,Overcast,10.0,19.2,68,
2026-01-31T23:00,12.3,1.0,0.0,0.0,0.0,0.591,3,Overcast,11.4,23.3,68,
2026-02-01T00:00,11.8,0.8,0.0,0.0,0.0,0.591,3,Overcast,10.5,23.0,69,
2026-02-01T01:00,10.8,-1.1,0.0,0.0,0.0,0.591,3,Overcast,12.5,25.5,70,
2026-02-01T02:00,12.2,0.3,0.0,0.0,0.0,0.591,3,Overcast,12.5,25.5,66,
2026-02-01T03:00,11.2,-0.7,0.0,0.0,0.0,0.591,3,Overcast,12.7,25.7,66,
2026-02-01T04:00,10.4,-2.0,0.0,0.0,0.0,0.591,3,Overcast,13.6,27.7,67,
2026-02-01T05:00,9.2,-3.2,0.0,0.0,0.0,0.591,3,Overcast,13.6,28.9,70,
2026-02-01T06:00,8.2,-3.9,0.0,0.0,0.0,0.558,3,Overcast,13.1,27.7,71,
2026-02-01T07:00,7.5,-5.4,0.0,0.0,0.0,0.558,3,Overcast,14.8,30.2,72,
2026-02-01T08:00,6.7,-6.1,0.0,0.0,0.0,0.591,2,Partly cloudy,14.2,30.6,69,
2026-02-01T09:00,7.0,-5.8,0.0,0.0,0.0,0.591,3,Overcast,14.2,29.1,69,
2026-02-01T10:00,7.8,-4.7,0.0,0.0,0.0,0.558,3,Overcast,13.6,29.1,69,
2026-02-01T11:00,9.0,-2.1,0.0,0.0,0.0,0.558,3,Overcast,10.5,28.2,69,
2026-02-01T12:00,10.6,-0.9,0.0,0.0,0.0,0.558,3,Overcast,11.6,24.8,68,
2026-02-01T13:00,12.7,1.6,0.0,0.0,0.0,0.558,3,Overcast,11.6,24.6,65,
2026-02-01T14:00,17.1,7.9,0.0,0.0,0.0,0.591,3,Overcast,7.2,24.6,57,
2026-02-01T15:00,19.0,10.1,0.0,0.0,0.0,0.591,3,Overcast,6.0,14.5,60,
2026-02-01T16:00,20.3,10.4,0.0,0.0,0.0,0.558,3,Overcast,8.5,17.2,59,
2026-02-01T17:00,20.6,10.8,0.0,0.0,0.0,0.558,3,Overcast,8.3,17.4,60,
2026-02-01T18:00,19.2,9.5,0.0,0.0,0.0,0.558,3,Overcast,8.3,17.2,64,
2026-02-01T19:00,17.8,7.5,0.0,0.0,0.0,0.558,3,Overcast,9.5,19.0,66,
2026-02-01T20:00,17.6,6.6,0.0,0.0,0.0,0.558,3,Overcast,11.0,21.7,62,
2026-02-01T21:00,16.3,5.3,0.0,0.0,0.0,0.558,3,Overcast,11.1,23.0,65,
2026-02-01T22:00,15.2,4.7,0.0,0.0,0.0,0.558,3,Overcast,9.7,22.4,67,
2026-02-01T23:00,14.1,3.7,0.0,0.0,0.0,0.558,3,Overcast,9.3,19.5,68,
2026-02-02T00:00,13.3,2.7,0.0,0.0,0.0,0.558,3,Overcast,9.7,19.0,67,
2026-02-02T01:00,12.4,1.9,0.0,0.0,0.0,0.558,1,Mainly clear,9.4,19.5,66,
2026-02-02T02:00,12.7,2.5,0.0,0.0,0.0,0.558,0,Clear sky,8.4,18.6,60,
2026-02-02T03:00,12.9,2.3,0.0,0.0,0.0,0.558,0,Clear sky,9.3,18.1,59,
2026-02-02T04:00,13.0,2.3,0.0,0.0,0.0,0.558,0,Clear sky,9.7,19.2,59,
2026-02-02T05:00,13.0,2.2,0.0,0.0,0.0,0.558,0,Clear sky,9.8,19.5,59,
2026-02-02T06:00,13.4,2.5,0.0,0.0,0.0,0.558,0,Clear sky,9.9,19.9,58,
2026-02-02T07:00,13.9,3.2,0.0,0.0,0.0,0.558,0,Clear sky,9.7,19.7,57,
2026-02-02T08:00,15.5,4.5,0.0,0.0,0.0,0.525,0,Clear sky,10.6,19.0,58,
2026-02-02T09:00,16.5,5.8,0.0,0.0,0.0,0.525,0,Clear sky,10.2,20.8,59,
2026-02-02T10:00,18.1,7.5,0.0,0.0,0.0,0.525,0,Clear sky,10.3,20.8,63,
2026-02-02T11:00,20.4,9.5,0.0,0.0,0.0,0.525,0,Clear sky,11.2,22.8,63,
2026-02-02T12:00,22.6,12.1,0.0,0.0,0.0,0.525,0,Clear sky,10.5,22.6,64,
2026-02-02T13:00,24.7,15.3,0.0,0.0,0.0,0.525,0,Clear sky,9.4,21.3,63,
2026-02-02T14:00,29.5,21.5,0.0,0.0,0.0,0.525,0,Clear sky,7.1,19.0,60,
2026-02-02T15:00,30.7,21.9,0.0,0.0,0.0,0.525,0,Clear sky,7.7,15.4,60,
2026-02-02T16:00,30.6,21.7,0.0,0.0,0.0,0.525,0,Clear sky,7.8,16.1,59,
2026-02-02T17:00,29.5,20.5,0.0,0.0,0.0,0.525,0,Clear sky,8.1,16.3,60,
2026-02-02T18:00,27.2,18.1,0.0,0.0,0.0,0.492,0,Clear sky,8.2,16.6,62,
2026-02-02T19:00,25.1,15.5,0.0,0.0,0.0,0.492,0,Clear sky,8.9,17.4,65,
2026-02-02T20:00,24.0,14.9,0.0,0.0,0.0,0.525,0,Clear sky,7.4,17.4,62,
2026-02-02T21:00,23.4,14.1,0.0,0.0,0.0,0.525,0,Clear sky,7.8,14.8,65,
2026-02-02T22:00,22.0,12.7,0.0,0.0,0.0,0.492,0,Clear sky,7.9,15.2,67,
2026-02-02T23:00,20.5,11.6,0.0,0.0,0.0,0.492,0,Clear sky,6.8,15.2,69,
2026-02-03T00:00,19.0,10.6,0.0,0.0,0.0,0.492,0,Clear sky,5.3,12.8,69,
2026-02-03T01:00,17.6,9.1,0.0,0.0,0.0,0.492,0,Clear sky,5.6,10.1,69,
2026-02-03T02:00,17.7,8.8,0.0,0.0,0.0,0.492,0,Clear sky,6.2,10.7,64,
2026-02-03T03:00,17.3,8.8,0.0,0.0,0.0,0.492,0,Clear sky,5.3,11.4,64,
2026-02-03T04:00,15.8,7.5,0.0,0.0,0.0,0.492,0,Clear sky,4.5,9.6,65,
2026-02-03T05:00,13.9,5.6,0.0,0.0,0.0,0.492,0,Clear sky,4.3,8.3,67,
2026-02-03T06:00,12.1,3.7,0.0,0.0,0.0,0.492,0,Clear sky,4.3,7.6,67,
2026-02-03T07:00,11.5,3.0,0.0,0.0,0.0,0.492,0,Clear sky,4.5,8.7,69,
2026-02-03T08:00,12.1,3.9,0.0,0.0,0.0,0.525,0,Clear sky,3.9,8.1,68,
2026-02-03T09:00,11.6,3.3,0.0,0.0,0.0,0.525,0,Clear sky,4.0,6.9,69,
2026-02-03T10:00,13.8,5.9,0.0,0.0,0.0,0.492,2,Partly cloudy,3.6,7.4,73,
2026-02-03T11:00,17.5,10.0,0.0,0.0,0.0,0.492,2,Partly cloudy,3.1,6.5,72,
2026-02-03T12:00,21.7,14.6,0.0,0.0,0.0,0.492,2,Partly cloudy,2.9,6.5,74,
2026-02-03T13:00,24.9,18.4,0.0,0.0,0.0,0.492,3,Overcast,2.1,6.5,71,
2026-02-03T14:00,29.3,22.9,0.0,0.0,0.0,0.492,3,Overcast,2.3,6.0,64,
2026-02-03T15:00,30.3,23.6,0.0,0.0,0.0,0.492,0,Clear sky,3.1,7.2,65,
2026-02-03T16:00,30.2,24.3,0.0,0.0,0.0,0.492,1,Mainly clear,1.8,7.2,69,
2026-02-03T17:00,28.9,22.8,0.0,0.0,0.0,0.492,3,Overcast,2.4,4.5,76,
2026-02-03T18:00,26.0,19.1,0.0,0.0,0.0,0.492,3,Overcast,3.7,5.8,79,
2026-02-03T19:00,25.7,17.8,0.0,0.0,0.0,0.492,3,Overcast,5.9,10.3,76,
2026-02-03T20:00,26.1,18.1,0.0,0.0,0.0,0.492,2,Partly cloudy,5.9,12.3,72,
2026-02-03T21:00,25.3,17.8,0.0,0.0,0.0,0.492,0,Clear sky,4.7,11.2,75,
2026-02-03T22:00,21.9,14.2,0.0,0.0,0.0,0.492,0,Clear sky,4.7,8.7,77,
2026-02-03T23:00,19.3,11.8,0.0,0.0,0.0,0.492,0,Clear sky,3.9,8.5,78,
2026-02-04T00:00,16.3,8.6,0.0,0.0,0.0,0.492,0,Clear sky,3.8,6.9,80,
2026-02-04T01:00,14.7,7.3,0.0,0.0,0.0,0.492,0,Clear sky,2.9,5.8,81,
2026-02-04T02:00,19.6,11.8,0.0,0.0,0.0,0.492,1,Mainly clear,4.2,4.7,73,
2026-02-04T03:00,18.0,10.1,0.0,0.0,0.0,0.492,3,Overcast,4.1,5.8,74,
2026-02-04T04:00,21.7,13.9,0.0,0.0,0.0,0.492,3,Overcast,4.7,8.5,76,
2026-02-04T05:00,22.7,15.1,0.0,0.0,0.0,0.492,3,Overcast,4.8,8.7,78,
2026-02-04T06:00,23.8,16.5,0.0,0.0,0.0,0.492,1,Mainly clear,4.3,8.9,78,
2026-02-04T07:00,21.7,14.0,0.0,0.0,0.0,0.492,2,Partly cloudy,4.6,8.1,79,
2026-02-04T08:00,22.9,15.2,0.0,0.0,0.0,0.492,2,Partly cloudy,4.9,9.6,76,
2026-02-04T09:00,23.9,15.8,0.0,0.0,0.0,0.492,0,Clear sky,5.8,10.7,74,
2026-02-04T10:00,25.4,16.9,0.0,0.0,0.0,0.492,1,Mainly clear,7.0,13.4,73,
2026-02-04T11:00,25.3,15.8,0.0,0.0,0.0,0.492,0,Clear sky,9.1,19.5,67,
2026-02-04T12:00,24.6,15.9,0.0,0.0,0.0,0.492,0,Clear sky,6.7,19.0,65,
2026-02-04T13:00,25.6,18.0,0.0,0.0,0.0,0.492,0,Clear sky,5.3,14.3,62,
2026-02-04T14:00,29.3,22.6,0.0,0.0,0.0,0.492,0,Clear sky,3.5,11.6,51,
2026-02-04T15:00,30.3,23.3,0.0,0.0,0.0,0.492,0,Clear sky,2.9,7.8,51,
2026-02-04T16:00,29.9,23.4,0.0,0.0,0.0,0.492,0,Clear sky,2.1,6.5,58,
2026-02-04T17:00,27.9,20.9,0.0,0.0,0.0,0.492,1,Mainly clear,2.9,4.9,59,
2026-02-04T18:00,24.1,16.9,0.0,0.0,0.0,0.492,3,Overcast,2.9,4.9,62,
2026-02-04T19:00,21.0,13.1,0.0,0.0,0.0,0.492,3,Overcast,4.5,6.7,67,
2026-02-04T20:00,21.1,12.8,0.0,0.0,0.0,0.492,3,Overcast,5.1,11.6,61,
2026-02-04T21:00,21.9,13.8,0.0,0.0,0.0,0.492,3,Overcast,4.9,9.6,63,
2026-02-04T22:00,21.7,13.2,0.0,0.0,0.0,0.492,3,Overcast,5.8,10.3,65,
2026-02-04T23:00,21.4,12.5,0.0,0.0,0.0,0.492,3,Overcast,6.8,12.8,69,
2026-02-05T00:00,20.2,11.2,0.0,0.0,0.0,0.492,3,Overcast,7.4,14.3,73,
2026-02-05T01:00,17.8,9.7,0.0,0.0,0.0,0.492,2,Partly cloudy,4.9,14.1,77,
2026-02-05T02:00,17.0,8.7,0.0,0.0,0.0,0.492,0,Clear sky,4.8,8.9,71,
2026-02-05T03:00,16.4,8.1,0.0,0.0,0.0,0.492,0,Clear sky,5.1,9.6,73,
2026-02-05T04:00,14.9,6.5,0.0,0.0,0.0,0.492,0,Clear sky,5.1,9.6,75,
2026-02-05T05:00,13.4,5.0,0.0,0.0,0.0,0.492,0,Clear sky,4.9,9.4,77,
2026-02-05T06:00,12.4,3.7,0.0,0.0,0.0,0.492,0,Clear sky,5.5,10.1,77,
2026-02-05T07:00,11.8,2.8,0.0,0.0,0.0,0.492,0,Clear sky,6.3,11.6,77,
2026-02-05T08:00,11.8,2.7,0.0,0.0,0.0,0.492,0,Clear sky,6.1,11.6,76,
2026-02-05T09:00,11.8,2.8,0.0,0.0,0.0,0.492,0,Clear sky,6.2,11.4,78,
2026-02-05T10:00,13.7,5.3,0.0,0.0,0.0,0.492,0,Clear sky,5.2,11.4,78,
2026-02-05T11:00,16.3,9.1,0.0,0.0,0.0,0.492,0,Clear sky,2.7,9.6,77,
2026-02-05T12:00,19.1,12.9,0.0,0.0,0.0,0.492,0,Clear sky,0.5,5.6,73,
2026-02-05T13:00,21.7,15.5,0.0,0.0,0.0,0.492,0,Clear sky,2.0,6.0,71,
2026-02-05T14:00,26.5,20.5,0.0,0.0,0.0,0.492,1,Mainly clear,2.0,7.2,58,
2026-02-05T15:00,27.2,20.6,0.0,0.0,0.0,0.492,0,Clear sky,2.1,5.8,58,
2026-02-05T16:00,27.2,20.8,0.0,0.0,0.0,0.492,0,Clear sky,1.7,4.9,61,
2026-02-05T17:00,25.3,18.9,0.0,0.0,0.0,0.492,0,Clear sky,1.5,4.0,62,
2026-02-05T18:00,21.5,14.9,0.0,0.0,0.0,0.492,0,Clear sky,1.1,2.7,64,
2026-02-05T19:00,17.9,11.3,0.0,0.0,0.0,0.492,0,Clear sky,1.0,2.2,70,
2026-02-05T20:00,16.5,9.8,0.0,0.0,0.0,0.492,0,Clear sky,1.3,2.2,77,
2026-02-05T21:00,15.4,8.8,0.0,0.0,0.0,0.492,0,Clear sky,1.1,2.5,80,
2026-02-05T22:00,13.2,6.3,0.0,0.0,0.0,0.492,0,Clear sky,1.6,3.4,84,
2026-02-05T23:00,11.9,4.0,0.0,0.0,0.0,0.492,0,Clear sky,3.9,6.0,84,
2026-02-06T00:00,13.8,5.4,0.0,0.0,0.0,0.492,0,Clear sky,4.9,8.9,76,
2026-02-06T01:00,13.4,5.3,0.0,0.0,0.0,0.492,0,Clear sky,4.2,8.5,75,
2026-02-06T02:00,11.5,3.5,0.0,0.0,0.0,0.492,0,Clear sky,3.6,7.2,71,
2026-02-06T03:00,12.6,3.9,0.0,0.0,0.0,0.492,3,Overcast,5.3,9.6,73,
2026-02-06T04:00,12.2,3.6,0.0,0.0,0.0,0.492,3,Overcast,5.2,10.1,74,
2026-02-06T05:00,12.3,3.9,0.0,0.0,0.0,0.492,3,Overcast,4.6,9.8,74,
2026-02-06T06:00,12.3,3.7,0.0,0.0,0.0,0.492,3,Overcast,5.2,9.4,76,
2026-02-06T07:00,12.7,4.0,0.0,0.0,0.0,0.492,3,Overcast,5.5,10.5,76,
2026-02-06T08:00,13.9,5.7,0.0,0.0,0.0,0.492,3,Overcast,4.6,10.3,75,
2026-02-06T09:00,14.7,6.6,0.0,0.0,0.0,0.492,3,Overcast,4.5,8.7,76,
2026-02-06T10:00,15.9,7.5,0.0,0.0,0.0,0.492,3,Overcast,5.3,8.7,79,
2026-02-06T11:00,18.1,10.9,0.0,0.0,0.0,0.492,3,Overcast,2.9,9.6,79,
2026-02-06T12:00,21.0,14.5,0.0,0.0,0.0,0.492,2,Partly cloudy,1.8,6.9,78,
2026-02-06T13:00,23.5,17.8,0.0,0.0,0.0,0.492,2,Partly cloudy,1.1,6.0,72,
2026-02-06T14:00,26.9,20.9,0.0,0.0,0.0,0.427,3,Overcast,1.3,4.9,64,
2026-02-06T15:00,27.6,21.3,0.0,0.0,0.0,0.427,3,Overcast,1.7,5.4,65,
2026-02-06T16:00,27.7,21.1,0.0,0.0,0.0,0.427,3,Overcast,2.5,6.0,67,
2026-02-06T17:00,26.9,20.6,0.0,0.0,0.0,0.427,3,Overcast,2.2,6.0,74,
2026-02-06T18:00,23.3,16.6,0.0,0.0,0.0,0.427,3,Overcast,2.8,4.7,80,
2026-02-06T19:00,22.2,15.2,0.0,0.0,0.0,0.427,3,Overcast,3.4,5.4,80,
2026-02-06T20:00,24.4,17.2,0.0,0.0,0.0,0.427,3,Overcast,3.9,5.6,78,
2026-02-06T21:00,24.5,17.0,0.0,0.0,0.0,0.427,3,Overcast,4.9,8.9,78,
2026-02-06T22:00,24.9,17.3,0.004,0.0,0.028,0.427,71,Slight snowfall,5.5,10.5,82,
2026-02-06T23:00,24.6,17.4,0.004,0.0,0.028,0.427,71,Slight snowfall,4.8,10.7,87,
2026-02-07T00:00,24.3,16.9,0.004,0.0,0.028,0.459,71,Slight snowfall,5.2,9.8,89,
2026-02-07T01:00,24.4,17.0,0.004,0.0,0.028,0.459,71,Slight snowfall,5.5,11.0,89,
2026-02-07T02:00,25.2,17.5,0.004,0.0,0.028,0.459,71,Slight snowfall,6.1,10.7,89,
2026-02-07T03:00,25.4,17.7,0.004,0.0,0.028,0.459,71,Slight snowfall,6.3,12.5,89,
2026-02-07T04:00,25.3,17.5,0.004,0.0,0.028,0.459,71,Slight snowfall,6.3,12.3,88,
2026-02-07T05:00,25.2,16.9,0.016,0.0,0.11,0.459,73,Moderate snowfall,7.4,13.9,87,
2026-02-07T06:00,23.6,12.1,0.004,0.0,0.028,0.459,71,Slight snowfall,13.7,29.1,72,
2026-02-07T07:00,19.2,7.9,0.0,0.0,0.0,0.459,3,Overcast,12.9,27.1,77,
2026-02-07T08:00,19.5,7.7,0.0,0.0,0.0,0.459,3,Overcast,13.5,28.4,69,
2026-02-07T09:00,16.1,4.7,0.004,0.0,0.028,0.459,71,Slight snowfall,12.2,28.6,71,
2026-02-07T10:00,11.0,-3.0,0.004,0.0,0.028,0.459,71,Slight snowfall,17.5,37.8,64,
2026-02-07T11:00,8.6,-4.6,0.0,0.0,0.0,0.459,1,Mainly clear,15.4,36.9,65,
2026-02-07T12:00,7.2,-6.1,0.0,0.0,0.0,0.459,3,Overcast,15.1,33.1,61,
2026-02-07T13:00,6.9,-6.5,0.0,0.0,0.0,0.459,3,Overcast,15.3,34.9,60,
2026-02-07T14:00,9.4,-4.1,0.0,0.0,0.0,0.459,3,Overcast,15.8,34.2,55,
2026-02-07T15:00,9.9,-4.0,0.0,0.0,0.0,0.459,3,Overcast,16.6,34.2,56,
2026-02-07T16:00,9.3,-4.0,0.0,0.0,0.0,0.459,2,Partly cloudy,15.4,35.1,59,
2026-02-07T17:00,8.1,-5.7,0.0,0.0,0.0,0.459,3,Overcast,16.4,36.0,59,
2026-02-07T18:00,6.6,-6.9,0.0,0.0,0.0,0.459,3,Overcast,15.7,34.9,58,
2026-02-07T19:00,5.0,-8.2,0.0,0.0,0.0,0.459,3,Overcast,14.9,32.9,58,
2026-02-07T20:00,6.2,-7.6,0.0,0.0,0.0,0.459,3,Overcast,16.1,31.3,54,
2026-02-07T21:00,4.8,-8.2,0.0,0.0,0.0,0.459,3,Overcast,14.3,33.8,56,
2026-02-07T22:00,3.8,-8.9,0.0,0.0,0.0,0.459,3,Overcast,13.7,30.0,59,
2026-02-07T23:00,2.4,-10.0,0.0,0.0,0.0,0.459,0,Clear sky,12.7,28.4,62,
2026-02-08T00:00,1.5,-10.6,0.0,0.0,0.0,0.459,0,Clear sky,12.1,26.2,64,
2026-02-08T01:00,0.9,-11.3,0.0,0.0,0.0,0.459,0,Clear sky,12.3,25.7,64,
2026-02-08T02:00,3.6,-9.4,0.0,0.0,0.0,0.459,0,Clear sky,14.0,25.9,56,
2026-02-08T03:00,2.7,-10.0,0.0,0.0,0.0,0.459,1,Mainly clear,13.4,28.9,59,
2026-02-08T04:00,1.9,-10.7,0.0,0.0,0.0,0.459,0,Clear sky,13.3,28.0,60,
2026-02-08T05:00,1.3,-11.3,0.0,0.0,0.0,0.459,0,Clear sky,13.2,27.5,61,
2026-02-08T06:00,0.8,-11.8,0.0,0.0,0.0,0.459,0,Clear sky,13.0,27.5,61,
2026-02-08T07:00,0.3,-12.1,0.0,0.0,0.0,0.459,0,Clear sky,12.7,26.8,61,
2026-02-08T08:00,2.2,-10.1,0.0,0.0,0.0,0.459,0,Clear sky,12.4,25.9,57,
2026-02-08T09:00,2.1,-10.2,0.0,0.0,0.0,0.459,0,Clear sky,12.5,25.7,59,
2026-02-08T10:00,2.9,-9.6,0.0,0.0,0.0,0.459,0,Clear sky,13.0,27.1,60,
2026-02-08T11:00,3.9,-7.2,0.0,0.0,0.0,0.459,0,Clear sky,10.0,27.1,62,
2026-02-08T12:00,5.4,-6.3,0.0,0.0,0.0,0.459,0,Clear sky,11.2,24.4,61,
2026-02-08T13:00,7.1,-3.9,0.0,0.0,0.0,0.459,0,Clear sky,11.3,24.8,59,
2026-02-08T14:00,12.3,1.6,0.0,0.0,0.0,0.459,0,Clear sky,11.1,24.2,52,
2026-02-08T15:00,13.6,2.6,0.0,0.0,0.0,0.459,0,Clear sky,11.0,23.5,55,
2026-02-08T16:00,13.7,2.3,0.0,0.0,0.0,0.459,0,Clear sky,11.2,23.9,57,
2026-02-08T17:00,13.5,1.9,0.0,0.0,0.0,0.459,0,Clear sky,11.6,24.2,58,
2026-02-08T18:00,12.4,0.8,0.0,0.0,0.0,0.459,0,Clear sky,11.7,24.2,60,
2026-02-08T19:00,11.0,-0.6,0.0,0.0,0.0,0.459,0,Clear sky,11.7,23.9,63,
2026-02-08T20:00,12.2,0.7,0.0,0.0,0.0,0.459,0,Clear sky,11.4,24.2,58,
2026-02-08T21:00,11.2,-0.7,0.0,0.0,0.0,0.459,0,Clear sky,12.4,24.8,61,
2026-02-08T22:00,10.0,-2.0,0.0,0.0,0.0,0.459,0,Clear sky,12.3,25.5,63,
2026-02-08T23:00,8.9,-2.3,0.0,0.0,0.0,0.459,0,Clear sky,10.4,25.1,65,
2026-02-09T00:00,8.0,-2.5,0.0,0.0,0.0,0.459,0,Clear sky,8.7,20.8,65,
2026-02-09T01:00,7.2,-3.3,0.0,0.0,0.0,0.459,0,Clear sky,8.7,17.2,66,
2026-02-09T02:00,7.8,-3.1,0.0,0.0,0.0,0.459,0,Clear sky,9.6,17.9,63,
2026-02-09T03:00,7.9,-3.1,0.0,0.0,0.0,0.459,0,Clear sky,9.9,19.7,64,
2026-02-09T04:00,7.4,-3.1,0.0,0.0,0.0,0.459,0,Clear sky,9.0,19.5,66,
2026-02-09T05:00,6.8,-3.5,0.0,0.0,0.0,0.459,0,Clear sky,8.3,17.7,67,
2026-02-09T06:00,6.4,-3.4,0.0,0.0,0.0,0.459,0,Clear sky,7.0,16.3,67,
2026-02-09T07:00,6.4,-3.8,0.0,0.0,0.0,0.459,0,Clear sky,7.9,15.2,68,
2026-02-09T08:00,8.0,-2.5,0.0,0.0,0.0,0.459,0,Clear sky,8.9,18.1,67,
2026-02-09T09:00,9.1,-0.9,0.0,0.0,0.0,0.459,0,Clear sky,8.1,17.2,68,
2026-02-09T10:00,10.9,1.3,0.0,0.0,0.0,0.459,0,Clear sky,7.2,15.7,68,
2026-02-09T11:00,13.4,5.5,0.0,0.0,0.0,0.459,0,Clear sky,3.2,13.9,67,
2026-02-09T12:00,15.5,7.8,0.0,0.0,0.0,0.459,0,Clear sky,3.2,8.3,66,
2026-02-09T13:00,17.7,10.4,0.0,0.0,0.0,0.459,1,Mainly clear,4.4,10.5,69,
2026-02-09T14:00,21.8,14.5,0.0,0.0,0.0,0.459,1,Mainly clear,5.2,10.7,65,
2026-02-09T15:00,24.2,16.9,0.0,0.0,0.0,0.459,0,Clear sky,4.1,11.4,65,
2026-02-09T16:00,25.2,17.7,0.0,0.0,0.0,0.459,2,Partly cloudy,4.4,8.7,69,
2026-02-09T17:00,25.0,17.1,0.0,0.0,0.0,0.459,3,Overcast,4.9,10.3,65,
2026-02-09T18:00,22.8,14.7,0.0,0.0,0.0,0.459,3,Overcast,5.1,9.4,66,
2026-02-09T19:00,21.2,12.9,0.0,0.0,0.0,0.459,3,Overcast,5.4,9.4,65,
2026-02-09T20:00,22.5,13.7,0.0,0.0,0.0,0.459,3,Overcast,6.1,12.5,57,
2026-02-09T21:00,23.5,15.2,0.0,0.0,0.0,0.459,3,Overcast,5.4,11.4,63,
2026-02-09T22:00,22.7,14.8,0.0,0.0,0.0,0.459,3,Overcast,4.9,9.8,67,
2026-02-09T23:00,20.9,12.8,0.0,0.0,0.0,0.459,2,Partly cloudy,5.1,9.2,69,
2026-02-10T00:00,19.5,11.7,0.0,0.0,0.0,0.459,3,Overcast,4.2,9.2,71,
2026-02-10T01:00,15.9,8.6,0.0,0.0,0.0,0.459,3,Overcast,2.5,7.6,73,
2026-02-10T02:00,16.5,9.4,0.0,0.0,0.0,0.427,3,Overcast,2.1,4.0,70,
2026-02-10T03:00,18.8,11.4,0.0,0.0,0.0,0.427,3,Overcast,3.2,6.3,75,
2026-02-10T04:00,18.9,11.5,0.0,0.0,0.0,0.427,3,Overcast,3.3,6.3,76,
2026-02-10T05:00,17.8,10.8,0.0,0.0,0.0,0.427,3,Overcast,2.4,6.0,78,
2026-02-10T06:00,15.9,9.3,0.0,0.0,0.0,0.427,3,Overcast,1.1,4.0,79,
2026-02-10T07:00,15.8,8.8,0.0,0.0,0.0,0.427,3,Overcast,2.1,3.4,80,
2026-02-10T08:00,16.5,9.2,0.0,0.0,0.0,0.427,3,Overcast,2.2,3.6,66,
2026-02-10T09:00,19.6,12.5,0.0,0.0,0.0,0.427,3,Overcast,2.5,4.5,70,
2026-02-10T10:00,21.3,14.4,0.0,0.0,0.0,0.427,3,Overcast,2.3,5.4,72,
2026-02-10T11:00,23.1,17.1,0.0,0.0,0.0,0.427,3,Overcast,0.7,4.7,74,
2026-02-10T12:00,25.0,18.8,0.0,0.0,0.0,0.427,3,Overcast,1.4,5.4,71,
2026-02-10T13:00,26.7,20.4,0.0,0.0,0.0,0.427,3,Overcast,2.5,7.2,69,
2026-02-10T14:00,28.3,22.0,0.0,0.0,0.0,0.427,3,Overcast,2.2,7.8,63,
2026-02-10T15:00,28.4,21.8,0.0,0.0,0.0,0.427,3,Overcast,2.9,6.9,68,
2026-02-10T16:00,28.9,22.2,0.0,0.0,0.0,0.427,3,Overcast,3.6,7.8,71,
2026-02-10T17:00,28.9,21.8,0.0,0.0,0.0,0.427,3,Overcast,4.6,8.3,75,
2026-02-10T18:00,28.1,20.2,0.0,0.0,0.0,0.427,3,Overcast,6.2,11.9,71,
2026-02-10T19:00,27.8,19.5,0.0,0.0,0.0,0.427,3,Overcast,6.8,12.8,69,
2026-02-10T20:00,30.6,21.7,0.0,0.0,0.0,0.427,3,Overcast,8.8,16.6,70,
2026-02-10T21:00,31.4,23.5,0.0,0.0,0.0,0.427,3,Overcast,7.1,17.7,74,
2026-02-10T22:00,27.9,21.8,0.0,0.0,0.0,0.427,3,Overcast,2.1,13.4,78,
2026-02-10T23:00,26.0,20.0,0.0,0.0,0.0,0.427,3,Overcast,1.7,6.0,81,
2026-02-11T00:00,29.2,23.7,0.0,0.0,0.0,0.427,3,Overcast,1.7,4.7,83,
2026-02-11T01:00,30.9,24.6,0.02,0.02,0.0,0.427,53,Moderate drizzle,3.8,6.9,81,
2026-02-11T02:00,31.4,25.8,0.031,0.031,0.0,0.427,53,Moderate drizzle,2.4,8.1,83,
2026-02-11T03:00,32.4,26.6,0.0,0.0,0.0,0.427,3,Overcast,2.9,6.0,80,
2026-02-11T04:00,31.3,24.9,0.0,0.0,0.0,0.427,2,Partly cloudy,4.1,7.4,80,
2026-02-11T05:00,32.0,24.2,0.0,0.0,0.0,0.427,2,Partly cloudy,7.2,12.8,76,
2026-02-11T06:00,32.9,24.6,0.0,0.0,0.0,0.427,0,Clear sky,8.5,16.3,75,
2026-02-11T07:00,32.2,24.2,0.0,0.0,0.0,0.427,0,Clear sky,8.0,17.2,78,
2026-02-11T08:00,31.1,23.1,0.0,0.0,0.0,0.427,0,Clear sky,7.5,15.4,76,
2026-02-11T09:00,31.8,24.1,0.0,0.0,0.0,0.427,1,Mainly clear,7.1,14.1,78,
2026-02-11T10:00,33.9,26.3,0.0,0.0,0.0,0.427,3,Overcast,7.4,14.8,79,
2026-02-11T11:00,35.7,28.6,0.0,0.0,0.0,0.394,3,Overcast,6.8,14.5,77,
2026-02-11T12:00,37.1,30.3,0.0,0.0,0.0,0.394,3,Overcast,6.3,13.4,74,
2026-02-11T13:00,37.3,30.4,0.0,0.0,0.0,0.394,3,Overcast,6.8,13.4,76,
2026-02-11T14:00,37.8,29.6,0.0,0.0,0.0,0.394,3,Overcast,8.7,14.8,67,
2026-02-11T15:00,36.8,28.0,0.0,0.0,0.0,0.394,3,Overcast,9.9,20.4,66,
2026-02-11T16:00,36.4,27.5,0.0,0.0,0.0,0.394,1,Mainly clear,10.2,21.5,66,
2026-02-11T17:00,35.5,26.4,0.0,0.0,0.0,0.394,3,Overcast,10.4,21.7,67,
2026-02-11T18:00,34.8,25.7,0.0,0.0,0.0,0.394,3,Overcast,10.2,21.5,68,
2026-02-11T19:00,33.0,23.5,0.0,0.0,0.0,0.394,0,Clear sky,10.7,22.1,68,
2026-02-11T20:00,34.1,25.0,0.0,0.0,0.0,0.394,3,Overcast,9.9,22.4,66,
2026-02-11T21:00,32.9,23.5,0.0,0.0,0.0,0.394,3,Overcast,10.5,21.0,68,
2026-02-11T22:00,32.4,22.9,0.0,0.0,0.0,0.394,3,Overcast,10.8,22.1,70,
2026-02-11T23:00,31.7,22.0,0.0,0.0,0.0,0.394,3,Overcast,11.3,23.3,71,
2026-02-12T00:00,31.4,21.8,0.0,0.0,0.0,0.394,3,Overcast,10.9,23.5,72,
2026-02-12T01:00,31.2,22.0,0.0,0.0,0.0,0.394,3,Overcast,10.2,22.4,74,
2026-02-12T02:00,31.8,22.6,0.0,0.0,0.0,0.394,3,Overcast,9.8,21.3,69,
2026-02-12T03:00,31.5,22.5,0.0,0.0,0.0,0.394,3,Overcast,9.7,20.4,73,
2026-02-12T04:00,30.7,21.4,0.0,0.0,0.0,0.394,0,Clear sky,10.2,21.0,73,
2026-02-12T05:00,28.0,18.1,0.0,0.0,0.0,0.394,1,Mainly clear,10.8,22.1,70,
2026-02-12T06:00,26.4,16.6,0.0,0.0,0.0,0.394,1,Mainly clear,10.4,22.1,72,
2026-02-12T07:00,25.4,15.7,0.0,0.0,0.0,0.394,3,Overcast,10.0,21.7,73,
2026-02-12T08:00,26.9,17.2,0.0,0.0,0.0,0.361,2,Partly cloudy,9.8,20.4,68,
2026-02-12T09:00,27.3,18.4,0.0,0.0,0.0,0.361,3,Overcast,8.2,19.7,70,
2026-02-12T10:00,29.1,20.7,0.0,0.0,0.0,0.361,3,Overcast,7.7,17.0,73,
2026-02-12T11:00,30.3,21.7,0.0,0.0,0.0,0.361,3,Overcast,8.5,17.4,73,
2026-02-12T12:00,30.6,21.3,0.0,0.0,0.0,0.361,3,Overcast,9.9,21.5,71,
2026-02-12T13:00,30.7,21.0,0.0,0.0,0.0,0.361,3,Overcast,10.8,26.4,69,
2026-02-12T14:00,33.4,23.9,0.0,0.0,0.0,0.328,3,Overcast,10.6,27.3,65,
2026-02-12T15:00,33.4,24.5,0.0,0.0,0.0,0.328,3,Overcast,9.5,22.4,67,
2026-02-12T16:00,33.2,24.2,0.0,0.0,0.0,0.328,3,Overcast,9.5,20.4,68,
2026-02-12T17:00,32.0,23.0,0.0,0.0,0.0,0.328,3,Overcast,9.5,20.4,70,
2026-02-12T18:00,30.7,21.6,0.0,0.0,0.0,0.328,3,Overcast,9.5,20.1,71,
2026-02-12T19:00,28.4,19.4,0.0,0.0,0.0,0.328,3,Overcast,8.8,19.9,73,
2026-02-12T20:00,26.7,17.9,0.0,0.0,0.0,0.328,3,Overcast,7.7,17.9,70,
2026-02-12T21:00,26.4,17.4,0.0,0.0,0.0,0.328,3,Overcast,8.3,16.6,71,
2026-02-12T22:00,25.4,16.7,0.0,0.0,0.0,0.328,3,Overcast,7.6,16.6,72,
2026-02-12T23:00,24.1,15.4,0.0,0.0,0.0,0.328,3,Overcast,7.4,15.2,74,
2026-02-13T00:00,23.0,14.1,0.0,0.0,0.0,0.328,3,Overcast,7.6,15.0,75,
2026-02-13T01:00,21.7,12.7,0.0,0.0,0.0,0.328,3,Overcast,7.7,15.7,75,
2026-02-13T02:00,22.2,13.1,0.0,0.0,0.0,0.328,3,Overcast,7.8,15.9,71,
2026-02-13T03:00,21.6,12.4,0.0,0.0,0.0,0.328,3,Overcast,7.9,15.9,74,
2026-02-13T04:00,20.6,11.5,0.0,0.0,0.0,0.328,1,Mainly clear,7.6,15.9,75,
2026-02-13T05:00,19.2,10.3,0.0,0.0,0.0,0.328,1,Mainly clear,6.9,15.0,75,
2026-02-13T06:00,17.9,9.2,0.0,0.0,0.0,0.328,0,Clear sky,6.1,13.4,75,
2026-02-13T07:00,16.8,8.1,0.0,0.0,0.0,0.328,0,Clear sky,6.0,11.9,75,
2026-02-13T08:00,17.3,8.6,0.0,0.0,0.0,0.328,0,Clear sky,6.0,11.4,73,
2026-02-13T09:00,18.9,10.3,0.0,0.0,0.0,0.328,0,Clear sky,6.2,11.6,75,
2026-02-13T10:00,21.4,12.9,0.0,0.0,0.0,0.328,0,Clear sky,6.5,11.9,79,
2026-02-13T11:00,24.4,16.8,0.0,0.0,0.0,0.328,0,Clear sky,4.6,10.7,74,
2026-02-13T12:00,26.7,19.5,0.0,0.0,0.0,0.328,0,Clear sky,4.4,10.7,72,
2026-02-13T13:00,28.8,22.8,0.0,0.0,0.0,0.328,0,Clear sky,3.8,10.5,69,
2026-02-13T14:00,32.1,26.2,0.0,0.0,0.0,0.328,0,Clear sky,3.7,9.2,59,
2026-02-13T15:00,33.1,26.7,0.0,0.0,0.0,0.328,0,Clear sky,3.7,9.2,58,
2026-02-13T16:00,33.6,26.9,0.0,0.0,0.0,0.328,0,Clear sky,3.4,8.7,59,
2026-02-13T17:00,32.6,26.4,0.0,0.0,0.0,0.328,0,Clear sky,2.9,7.6,66,
2026-02-13T18:00,29.9,22.8,0.0,0.0,0.0,0.328,0,Clear sky,4.5,8.1,69,
2026-02-13T19:00,28.0,20.0,0.0,0.0,0.0,0.328,3,Overcast,6.7,12.1,75,
2026-02-13T20:00,27.7,19.3,0.0,0.0,0.0,0.328,3,Overcast,7.3,13.2,73,
2026-02-13T21:00,26.1,18.2,0.0,0.0,0.0,0.328,3,Overcast,5.8,13.9,75,
2026-02-13T22:00,24.9,17.1,0.0,0.0,0.0,0.328,3,Overcast,5.5,11.2,76,
2026-02-13T23:00,23.9,16.4,0.0,0.0,0.0,0.328,2,Partly cloudy,4.6,10.5,77,
2026-02-14T00:00,21.5,14.0,0.0,0.0,0.0,0.328,0,Clear sky,4.2,8.5,79,
2026-02-14T01:00,19.7,12.0,0.0,0.0,0.0,0.328,2,Partly cloudy,4.3,7.6,80,
2026-02-14T02:00,20.8,13.0,0.0,0.0,0.0,0.328,3,Overcast,4.6,9.2,78,
2026-02-14T03:00,23.1,15.1,0.0,0.0,0.0,0.328,3,Overcast,5.7,11.0,78,
2026-02-14T04:00,24.4,16.9,0.0,0.0,0.0,0.328,3,Overcast,4.9,11.0,77,
2026-02-14T05:00,25.7,17.6,0.0,0.0,0.0,0.328,3,Overcast,6.5,13.0,78,
2026-02-14T06:00,26.3,18.4,0.0,0.0,0.0,0.328,3,Overcast,6.4,13.0,79,
2026-02-14T07:00,26.4,18.4,0.0,0.0,0.0,0.328,1,Mainly clear,6.4,12.8,78,
2026-02-14T08:00,25.7,17.7,0.0,0.0,0.0,0.295,1,Mainly clear,6.1,12.3,76,
2026-02-14T09:00,25.9,18.2,0.0,0.0,0.0,0.295,0,Clear sky,5.5,11.9,77,
2026-02-14T10:00,27.5,20.2,0.0,0.0,0.0,0.295,1,Mainly clear,5.0,11.9,78,
2026-02-14T11:00,30.0,23.3,0.0,0.0,0.0,0.295,0,Clear sky,4.1,9.8,77,
2026-02-14T12:00,32.5,26.2,0.0,0.0,0.0,0.295,0,Clear sky,3.9,9.6,77,
2026-02-14T13:00,34.7,29.3,0.0,0.0,0.0,0.295,0,Clear sky,4.0,9.2,76,
2026-02-14T14:00,37.1,32.0,0.0,0.0,0.0,0.295,0,Clear sky,4.1,9.4,71,
2026-02-14T15:00,37.7,31.9,0.0,0.0,0.0,0.262,0,Clear sky,4.7,9.6,74,
2026-02-14T16:00,38.5,32.2,0.0,0.0,0.0,0.262,0,Clear sky,4.9,11.0,69,
2026-02-14T17:00,38.5,32.5,0.0,0.0,0.0,0.262,1,Mainly clear,4.3,10.3,70,
2026-02-14T18:00,35.5,29.7,0.0,0.0,0.0,0.262,1,Mainly clear,3.4,8.5,74,
2026-02-14T19:00,33.6,27.5,0.0,0.0,0.0,0.262,1,Mainly clear,3.8,5.8,77,
2026-02-14T20:00,34.8,29.1,0.0,0.0,0.0,0.262,0,Clear sky,2.9,6.3,75,
2026-02-14T21:00,30.5,24.2,0.0,0.0,0.0,0.262,0,Clear sky,3.4,5.4,79,
2026-02-14T22:00,27.9,22.3,0.0,0.0,0.0,0.262,0,Clear sky,1.2,5.4,81,
2026-02-14T23:00,26.0,20.6,0.0,0.0,0.0,0.262,0,Clear sky,0.6,2.2,85,
2026-02-15T00:00,25.1,18.8,0.0,0.0,0.0,0.262,0,Clear sky,2.8,4.9,88,
2026-02-15T01:00,24.7,19.2,0.0,0.0,0.0,0.262,0,Clear sky,0.9,4.9,87,
2026-02-15T02:00,26.2,20.7,0.0,0.0,0.0,0.23,1,Mainly clear,0.9,2.7,83,
2026-02-15T03:00,24.9,19.3,0.0,0.0,0.0,0.23,0,Clear sky,1.0,2.7,86,
2026-02-15T04:00,22.5,16.5,0.0,0.0,0.0,0.23,3,Overcast,1.4,3.4,90,
2026-02-15T05:00,20.9,14.7,0.0,0.0,0.0,0.23,3,Overcast,2.0,3.8,93,
2026-02-15T06:00,21.2,14.6,0.0,0.0,0.0,0.23,3,Overcast,2.8,5.1,92,
2026-02-15T07:00,21.5,14.9,0.0,0.0,0.0,0.23,3,Overcast,2.7,5.6,90,
2026-02-15T08:00,21.7,14.9,0.0,0.0,0.0,0.23,3,Overcast,3.2,6.5,87,
2026-02-15T09:00,24.4,17.2,0.0,0.0,0.0,0.23,3,Overcast,4.5,8.3,86,
2026-02-15T10:00,28.2,21.4,0.0,0.0,0.0,0.23,3,Overcast,4.6,9.2,84,
2026-02-15T11:00,31.5,25.6,0.0,0.0,0.0,0.23,3,Overcast,3.1,9.6,83,
2026-02-15T12:00,33.4,27.9,0.0,0.0,0.0,0.23,3,Overcast,2.7,7.8,80,
2026-02-15T13:00,34.7,29.1,0.0,0.0,0.0,0.23,3,Overcast,3.1,7.8,78,
2026-02-15T14:00,36.3,30.5,0.0,0.0,0.0,0.197,3,Overcast,3.6,8.5,73,
2026-02-15T15:00,35.9,30.4,0.0,0.0,0.0,0.197,3,Overcast,2.9,7.6,75,
2026-02-15T16:00,35.5,29.7,0.0,0.0,0.0,0.197,3,Overcast,3.6,7.8,77,
2026-02-15T17:00,35.2,29.9,0.0,0.0,0.0,0.197,3,Overcast,2.8,8.3,80,
2026-02-15T18:00,34.7,29.0,0.0,0.0,0.0,0.197,3,Overcast,3.4,7.2,80,
2026-02-15T19:00,33.2,27.1,0.0,0.0,0.0,0.197,3,Overcast,3.9,7.4,81,
2026-02-15T20:00,33.4,27.1,0.0,0.0,0.0,0.197,3,Overcast,4.4,8.1,79,
2026-02-15T21:00,33.1,26.5,0.004,0.0,0.028,0.197,71,Slight snowfall,5.1,9.8,80,
2026-02-15T22:00,32.7,25.9,0.008,0.0,0.055,0.197,71,Slight snowfall,5.7,11.4,83,
2026-02-15T23:00,32.5,25.6,0.008,0.0,0.055,0.197,71,Slight snowfall,6.1,12.3,87,
2026-02-16T00:00,31.8,24.7,0.012,0.0,0.083,0.197,73,Moderate snowfall,6.7,13.4,90,
2026-02-16T01:00,31.6,24.5,0.012,0.0,0.083,0.23,73,Moderate snowfall,6.9,14.8,91,
2026-02-16T02:00,31.4,23.8,0.008,0.0,0.055,0.197,71,Slight snowfall,7.8,14.3,89,
2026-02-16T03:00,30.4,22.5,0.012,0.0,0.083,0.197,73,Moderate snowfall,8.1,17.0,89,
2026-02-16T04:00,29.7,21.9,0.012,0.0,0.083,0.23,73,Moderate snowfall,7.5,16.8,89,
2026-02-16T05:00,29.5,21.5,0.008,0.0,0.055,0.23,71,Slight snowfall,8.0,16.8,90,
2026-02-16T06:00,29.7,21.9,0.004,0.0,0.028,0.23,71,Slight snowfall,7.5,17.0,89,
2026-02-16T07:00,29.0,21.1,0.0,0.0,0.0,0.23,3,Overcast,7.7,16.3,88,
2026-02-16T08:00,29.1,21.6,0.0,0.0,0.0,0.262,0,Clear sky,6.6,16.1,85,
2026-02-16T09:00,28.0,20.4,0.0,0.0,0.0,0.262,1,Mainly clear,6.3,13.6,84,
2026-02-16T10:00,29.7,22.6,0.0,0.0,0.0,0.262,3,Overcast,5.3,13.4,81,
2026-02-16T11:00,31.0,23.7,0.0,0.0,0.0,0.262,3,Overcast,5.9,13.6,78,
2026-02-16T12:00,32.4,25.3,0.0,0.0,0.0,0.23,3,Overcast,5.5,13.6,75,
2026-02-16T13:00,33.5,26.5,0.0,0.0,0.0,0.23,0,Clear sky,5.5,13.0,74,
2026-02-16T14:00,34.9,29.1,0.0,0.0,0.0,0.23,0,Clear sky,4.8,13.0,69,
2026-02-16T15:00,35.4,30.4,0.0,0.0,0.0,0.23,1,Mainly clear,2.0,10.7,68,
2026-02-16T16:00,35.7,30.8,0.0,0.0,0.0,0.23,2,Partly cloudy,0.6,5.1,68,
2026-02-16T17:00,35.7,30.8,0.0,0.0,0.0,0.23,0,Clear sky,0.5,1.8,67,
2026-02-16T18:00,32.6,27.1,0.0,0.0,0.0,0.23,0,Clear sky,1.4,2.9,68,
2026-02-16T19:00,29.9,23.8,0.0,0.0,0.0,0.23,0,Clear sky,2.5,3.6,72,
2026-02-16T20:00,33.3,26.5,0.0,0.0,0.0,0.23,3,Overcast,5.1,6.5,75,
2026-02-16T21:00,33.2,26.7,0.0,0.0,0.0,0.23,3,Overcast,4.6,9.6,78,
2026-02-16T22:00,33.2,27.0,0.0,0.0,0.0,0.23,3,Overcast,4.0,9.2,81,
2026-02-16T23:00,33.0,26.9,0.0,0.0,0.0,0.23,3,Overcast,4.0,8.1,82,
2026-02-17T00:00,32.9,27.0,0.0,0.0,0.0,0.23,3,Overcast,3.7,7.8,84,
2026-02-17T01:00,32.6,27.0,0.0,0.0,0.0,0.23,3,Overcast,3.2,7.4,86,
2026-02-17T02:00,32.8,26.5,0.0,0.0,0.0,0.23,3,Overcast,4.8,7.6,84,
2026-02-17T03:00,32.6,25.8,0.0,0.0,0.0,0.23,3,Overcast,6.0,11.6,85,
2026-02-17T04:00,32.8,26.1,0.0,0.0,0.0,0.23,3,Overcast,5.9,12.5,85,
2026-02-17T05:00,33.4,26.6,0.0,0.0,0.0,0.23,3,Overcast,6.1,12.1,86,
2026-02-17T06:00,33.8,27.1,0.0,0.0,0.0,0.23,3,Overcast,6.4,12.8,88,
2026-02-17T07:00,34.1,27.4,0.0,0.0,0.0,0.23,3,Overcast,6.4,13.2,90,
2026-02-17T08:00,33.6,27.3,0.0,0.0,0.0,0.164,3,Overcast,5.6,13.0,91,
2026-02-17T09:00,34.1,27.6,0.0,0.0,0.0,0.164,3,Overcast,6.3,13.2,92,
2026-02-17T10:00,34.4,28.1,0.0,0.0,0.0,0.164,3,Overcast,6.0,13.0,93,
2026-02-17T11:00,36.0,29.9,0.0,0.0,0.0,0.164,3,Overcast,5.7,14.8,90,
2026-02-17T12:00,37.0,31.5,0.0,0.0,0.0,0.164,1,Mainly clear,4.6,13.4,89,
2026-02-17T13:00,40.6,34.8,0.0,0.0,0.0,0.131,0,Clear sky,7.2,17.7,82,
2026-02-17T14:00,42.2,37.1,0.0,0.0,0.0,0.131,2,Partly cloudy,4.8,16.1,80,
2026-02-17T15:00,42.2,37.7,0.0,0.0,0.0,0.131,2,Partly cloudy,3.6,11.0,79,
2026-02-17T16:00,42.4,37.8,0.0,0.0,0.0,0.131,1,Mainly clear,3.5,9.8,79,
2026-02-17T17:00,41.6,37.0,0.0,0.0,0.0,0.098,0,Clear sky,3.4,8.9,80,
2026-02-17T18:00,40.4,35.2,0.0,0.0,0.0,0.098,0,Clear sky,4.3,8.7,82,
2026-02-17T19:00,38.8,33.2,0.0,0.0,0.0,0.098,0,Clear sky,5.1,10.1,84,
2026-02-17T20:00,38.9,33.3,0.0,0.0,0.0,0.098,0,Clear sky,5.6,10.3,87,
2026-02-17T21:00,37.2,31.8,0.0,0.0,0.0,0.098,0,Clear sky,4.7,11.0,90,
2026-02-17T22:00,33.5,28.1,0.0,0.0,0.0,0.098,0,Clear sky,3.7,9.2,93,
2026-02-17T23:00,34.6,28.9,0.0,0.0,0.0,0.098,0,Clear sky,4.7,8.9,93,
2026-02-18T00:00,34.3,28.6,0.0,0.0,0.0,0.098,1,Mainly clear,4.5,9.2,93,
2026-02-18T01:00,33.9,28.2,0.0,0.0,0.0,0.098,3,Overcast,4.5,9.2,94,
2026-02-18T02:00,33.1,26.9,0.0,0.0,0.0,0.131,3,Overcast,5.4,8.9,94,
2026-02-18T03:00,32.7,26.8,0.0,0.0,0.0,0.131,3,Overcast,4.6,10.1,94,
2026-02-18T04:00,32.2,26.5,0.0,0.0,0.0,0.131,3,Overcast,3.9,8.9,94,
2026-02-18T05:00,32.4,27.0,0.0,0.0,0.0,0.131,3,Overcast,3.3,7.8,95,
2026-02-18T06:00,32.3,27.2,0.0,0.0,0.0,0.131,3,Overcast,2.6,6.9,95,
2026-02-18T07:00,32.9,28.2,0.0,0.0,0.0,0.131,3,Overcast,2.1,6.3,96,
2026-02-18T08:00,32.8,27.7,0.0,0.0,0.0,0.098,3,Overcast,2.9,4.7,96,
2026-02-18T09:00,33.5,28.5,0.0,0.0,0.0,0.098,3,Overcast,3.0,6.7,95,
2026-02-18T10:00,33.8,29.1,0.016,0.016,0.0,0.098,51,Light drizzle,2.4,6.3,96,
2026-02-18T11:00,34.7,30.3,0.031,0.031,0.0,0.098,53,Moderate drizzle,2.2,7.2,98,
2026-02-18T12:00,35.1,30.8,0.024,0.024,0.0,0.098,53,Moderate drizzle,1.9,5.4,98,
2026-02-18T13:00,36.9,32.4,0.008,0.008,0.0,0.098,51,Light drizzle,2.7,7.4,94,
2026-02-18T14:00,37.6,32.7,0.0,0.0,0.0,0.098,3,Overcast,4.1,10.5,95,
2026-02-18T15:00,36.9,33.0,0.0,0.0,0.0,0.098,3,Overcast,1.7,9.6,96,
2026-02-18T16:00,38.1,34.3,0.0,0.0,0.0,0.098,3,Overcast,1.7,5.8,94,
2026-02-18T17:00,37.5,33.5,0.0,0.0,0.0,0.066,3,Overcast,2.0,6.3,95,
2026-02-18T18:00,37.1,33.7,0.0,0.0,0.0,0.066,3,Overcast,0.7,6.0,95,
2026-02-18T19:00,37.0,33.2,0.0,0.0,0.0,0.066,3,Overcast,1.1,2.5,95,
2026-02-18T20:00,36.9,32.5,0.008,0.008,0.0,0.098,51,Light drizzle,2.7,4.5,96,
2026-02-18T21:00,36.1,31.7,0.004,0.004,0.0,0.098,51,Light drizzle,2.7,4.5,96,
2026-02-18T22:00,36.0,30.8,0.012,0.012,0.0,0.066,51,Light drizzle,4.3,8.3,95,
2026-02-18T23:00,35.7,30.2,0.008,0.008,0.0,0.066,51,Light drizzle,4.8,9.6,94,
2026-02-19T00:00,35.6,29.6,0.0,0.0,0.0,0.066,3,Overcast,6.1,11.2,95,
2026-02-19T01:00,35.7,29.6,0.0,0.0,0.0,0.066,3,Overcast,6.1,11.6,94,
2026-02-19T02:00,36.2,30.6,0.0,0.0,0.0,0.098,3,Overcast,5.3,11.6,93,
2026-02-19T03:00,36.0,29.9,0.0,0.0,0.0,0.098,3,Overcast,5.9,10.7,92,
2026-02-19T04:00,35.7,29.7,0.0,0.0,0.0,0.098,3,Overcast,5.6,11.6,91,
2026-02-19T05:00,35.2,29.0,0.0,0.0,0.0,0.098,3,Overcast,5.8,10.3,88,
2026-02-19T06:00,35.1,28.3,0.0,0.0,0.0,0.066,3,Overcast,6.2,11.6,82,
2026-02-19T07:00,34.4,28.0,0.0,0.0,0.0,0.066,3,Overcast,5.3,11.6,81,
2026-02-19T08:00,34.5,27.8,0.0,0.0,0.0,0.098,3,Overcast,5.6,10.5,78,
2026-02-19T09:00,34.4,28.0,0.0,0.0,0.0,0.098,3,Overcast,4.9,11.4,77,
2026-02-19T10:00,34.7,29.0,0.0,0.0,0.0,0.098,3,Overcast,3.0,10.3,76,
2026-02-19T11:00,35.3,29.2,0.0,0.0,0.0,0.098,3,Overcast,3.9,9.4,73,
2026-02-19T12:00,35.6,29.3,0.0,0.0,0.0,0.098,3,Overcast,4.5,11.2,72,
2026-02-19T13:00,36.8,30.1,0.0,0.0,0.0,0.066,3,Overcast,5.2,13.2,70,
2026-02-19T14:00,37.3,30.1,0.0,0.0,0.0,0.066,3,Overcast,6.1,13.9,64,
2026-02-19T15:00,36.8,30.3,0.0,0.0,0.0,0.066,3,Overcast,4.3,14.1,65,
2026-02-19T16:00,37.6,31.3,0.0,0.0,0.0,0.066,3,Overcast,4.1,11.4,64,
2026-02-19T17:00,37.8,32.1,0.0,0.0,0.0,0.066,3,Overcast,3.0,9.6,68,
2026-02-19T18:00,37.0,31.6,0.0,0.0,0.0,0.066,3,Overcast,2.9,6.7,74,
2026-02-19T19:00,36.1,30.6,0.0,0.0,0.0,0.066,3,Overcast,3.2,8.1,78,
2026-02-19T20:00,35.8,30.5,0.0,0.0,0.0,0.066,3,Overcast,3.0,9.4,81,
2026-02-19T21:00,34.9,29.1,0.0,0.0,0.0,0.066,3,Overcast,4.0,8.5,83,
2026-02-19T22:00,34.5,28.5,0.0,0.0,0.0,0.066,3,Overcast,4.7,10.1,84,
2026-02-19T23:00,34.3,28.1,0.0,0.0,0.0,0.066,3,Overcast,5.1,10.3,86,
2026-02-20T00:00,34.2,27.6,0.0,0.0,0.0,0.066,3,Overcast,6.0,12.5,87,
2026-02-20T01:00,34.1,27.4,0.0,0.0,0.0,0.066,3,Overcast,6.4,13.4,87,
2026-02-20T02:00,34.4,27.4,0.0,0.0,0.0,0.066,3,Overcast,7.1,14.3,86,
2026-02-20T03:00,34.5,27.9,0.0,0.0,0.0,0.066,3,Overcast,6.3,14.8,86,
2026-02-20T04:00,34.3,28.1,0.0,0.0,0.0,0.066,3,Overcast,5.4,13.0,87,
2026-02-20T05:00,34.3,27.8,0.0,0.0,0.0,0.066,3,Overcast,6.1,12.3,88,
2026-02-20T06:00,34.9,28.4,0.0,0.0,0.0,0.066,3,Overcast,6.0,13.9,86,
2026-02-20T07:00,35.2,28.6,0.004,0.004,0.0,0.066,51,Light drizzle,6.3,13.2,86,
2026-02-20T08:00,34.4,27.9,0.016,0.016,0.0,0.066,51,Light drizzle,6.4,14.8,90,
2026-02-20T09:00,34.6,28.0,0.051,0.051,0.0,0.066,61,Slight rain,6.9,13.4,93,
2026-02-20T10:00,34.8,27.6,0.063,0.063,0.0,0.066,61,Slight rain,8.4,16.3,94,
2026-02-20T11:00,35.8,29.3,0.043,0.043,0.0,0.066,55,Dense drizzle,7.2,16.8,95,
2026-02-20T12:00,36.7,29.9,0.035,0.035,0.0,0.066,53,Moderate drizzle,8.5,18.8,96,
2026-02-20T13:00,38.3,32.0,0.047,0.047,0.0,0.033,55,Dense drizzle,8.0,16.6,96,
2026-02-20T14:00,36.3,29.8,0.02,0.02,0.0,0.066,53,Moderate drizzle,7.8,15.9,97,
2026-02-20T15:00,36.0,29.0,0.016,0.016,0.0,0.066,51,Light drizzle,8.6,18.1,97,
2026-02-20T16:00,35.6,29.1,0.008,0.008,0.0,0.033,51,Light drizzle,7.6,17.9,98,
2026-02-20T17:00,35.5,29.2,0.004,0.004,0.0,0.033,51,Light drizzle,6.8,15.7,96,
2026-02-20T18:00,35.2,28.8,0.004,0.004,0.0,0.033,51,Light drizzle,6.9,16.3,95,
2026-02-20T19:00,34.6,28.2,0.0,0.0,0.0,0.033,3,Overcast,6.6,13.9,96,
2026-02-20T20:00,34.3,27.4,0.0,0.0,0.0,0.066,3,Overcast,7.7,15.0,96,
2026-02-20T21:00,34.6,28.7,0.0,0.0,0.0,0.066,3,Overcast,5.3,15.4,94,
2026-02-20T22:00,34.4,28.6,0.0,0.0,0.0,0.066,3,Overcast,5.1,10.3,95,
2026-02-20T23:00,34.3,29.0,0.0,0.0,0.0,0.066,3,Overcast,3.7,9.8,95,
2026-02-21T00:00,33.2,28.4,0.0,0.0,0.0,0.066,2,Partly cloudy,2.2,6.7,96,
2026-02-21T01:00,31.6,26.5,0.0,0.0,0.0,0.066,3,Overcast,2.4,4.5,97,
2026-02-21T02:00,34.2,29.7,0.0,0.0,0.0,0.066,3,Overcast,2.1,7.4,96,
2026-02-21T03:00,34.1,28.5,0.0,0.0,0.0,0.066,3,Overcast,4.6,8.7,96,
2026-02-21T04:00,34.8,29.6,0.004,0.004,0.0,0.066,51,Light drizzle,3.7,8.1,93,
2026-02-21T05:00,33.7,28.9,0.0,0.0,0.0,0.066,1,Mainly clear,2.5,6.3,95,
2026-02-21T06:00,31.3,26.0,0.0,0.0,0.0,0.066,3,Overcast,2.9,5.1,97,
2026-02-21T07:00,32.3,26.6,0.0,0.0,0.0,0.066,0,Clear sky,4.0,7.4,96,
2026-02-21T08:00,33.2,26.8,0.0,0.0,0.0,0.066,0,Clear sky,5.9,9.2,95,
2026-02-21T09:00,36.3,29.6,0.0,0.0,0.0,0.066,0,Clear sky,7.0,13.0,85,
2026-02-21T10:00,39.9,34.1,0.0,0.0,0.0,0.066,2,Partly cloudy,5.7,13.4,81,
2026-02-21T11:00,42.4,36.7,0.0,0.0,0.0,0.066,3,Overcast,5.3,13.0,73,
2026-02-21T12:00,44.2,37.4,0.0,0.0,0.0,0.033,3,Overcast,7.0,17.4,61,
2026-02-21T13:00,44.9,38.1,0.0,0.0,0.0,0.033,3,Overcast,6.5,17.4,58,
2026-02-21T14:00,44.7,38.1,0.0,0.0,0.0,0.033,3,Overcast,6.1,17.0,58,
2026-02-21T15:00,45.8,39.4,0.0,0.0,0.0,0.033,3,Overcast,5.7,15.2,56,
2026-02-21T16:00,46.4,39.9,0.0,0.0,0.0,0.033,3,Overcast,5.8,14.3,54,
2026-02-21T17:00,46.1,39.8,0.0,0.0,0.0,0.033,3,Overcast,5.4,15.2,55,
2026-02-21T18:00,44.3,39.2,0.0,0.0,0.0,0.033,3,Overcast,3.3,11.6,63,
2026-02-21T19:00,41.9,36.6,0.0,0.0,0.0,0.033,3,Overcast,3.7,7.4,69,
2026-02-21T20:00,40.3,35.7,0.0,0.0,0.0,0.033,3,Overcast,2.2,7.6,76,
2026-02-21T21:00,39.1,34.5,0.0,0.0,0.0,0.033,3,Overcast,2.0,3.1,76,
2026-02-21T22:00,38.2,33.4,0.0,0.0,0.0,0.033,3,Overcast,2.2,4.5,78,
2026-02-21T23:00,37.5,33.1,0.0,0.0,0.0,0.033,3,Overcast,1.1,3.6,79,
2026-02-22T00:00,36.5,31.8,0.0,0.0,0.0,0.033,2,Partly cloudy,2.0,3.4,82,
2026-02-22T01:00,35.2,30.3,0.0,0.0,0.0,0.033,2,Partly cloudy,2.5,4.7,86,
2026-02-22T02:00,34.2,28.7,0.0,0.0,0.0,0.033,3,Overcast,3.3,8.3,87,
2026-02-22T03:00,35.1,29.2,0.0,0.0,0.0,0.033,3,Overcast,4.8,10.3,87,
2026-02-22T04:00,34.6,29.2,0.0,0.0,0.0,0.033,3,Overcast,3.8,9.4,90,
2026-02-22T05:00,34.3,28.4,0.0,0.0,0.0,0.033,3,Overcast,5.2,11.0,93,
2026-02-22T06:00,33.9,28.2,0.0,0.0,0.0,0.033,3,Overcast,4.6,11.0,96,
2026-02-22T07:00,33.8,27.8,0.004,0.004,0.0,0.033,51,Light drizzle,5.7,12.8,97,
2026-02-22T08:00,33.4,27.2,0.008,0.008,0.0,0.033,51,Light drizzle,5.9,11.9,100,
2026-02-22T09:00,33.8,27.4,0.012,0.012,0.0,0.033,51,Light drizzle,6.8,12.3,100,
2026-02-22T10:00,34.1,27.1,0.012,0.008,0.028,0.033,71,Slight snowfall,8.1,15.9,99,
2026-02-22T11:00,35.8,28.2,0.008,0.008,0.0,0.033,51,Light drizzle,9.6,20.1,93,
2026-02-22T12:00,36.4,28.6,0.004,0.004,0.0,0.033,51,Light drizzle,10.0,21.7,89,
2026-02-22T13:00,35.4,28.4,0.016,0.012,0.028,0.033,71,Slight snowfall,8.1,21.9,92,
2026-02-22T14:00,33.6,25.8,0.012,0.012,0.0,0.0,51,Light drizzle,9.2,21.5,91,
2026-02-22T15:00,33.6,25.5,0.02,0.0,0.138,0.033,73,Moderate snowfall,9.8,22.1,89,
2026-02-22T16:00,32.6,23.5,0.024,0.0,0.165,0.033,73,Moderate snowfall,11.9,26.2,89,
2026-02-22T17:00,32.0,22.9,0.031,0.0,0.22,0.066,73,Moderate snowfall,11.6,27.5,90,
2026-02-22T18:00,31.4,21.3,0.043,0.0,0.303,0.066,73,Moderate snowfall,13.5,30.2,90,
2026-02-22T19:00,31.1,21.3,0.055,0.0,0.413,0.098,75,Heavy snowfall,12.9,29.8,90,
2026-02-22T20:00,31.5,22.4,0.067,0.0,0.469,0.164,75,Heavy snowfall,11.2,28.0,90,
2026-02-22T21:00,31.3,22.0,0.079,0.0,0.551,0.197,75,Heavy snowfall,11.9,25.3,91,
2026-02-22T22:00,31.0,21.0,0.083,0.0,0.579,0.23,75,Heavy snowfall,13.5,28.6,91,
2026-02-22T23:00,30.9,20.6,0.055,0.0,0.386,0.262,75,Heavy snowfall,14.1,29.8,90,
2026-02-23T00:00,30.9,19.6,0.047,0.0,0.331,0.295,75,Heavy snowfall,16.4,34.2,89,
2026-02-23T01:00,30.8,18.9,0.039,0.0,0.276,0.295,73,Moderate snowfall,17.7,37.4,87,
2026-02-23T02:00,31.7,19.7,0.035,0.0,0.248,0.623,73,Moderate snowfall,18.0,38.3,85,
2026-02-23T03:00,31.7,18.9,0.028,0.0,0.193,0.623,73,Moderate snowfall,19.7,41.4,82,
2026-02-23T04:00,31.2,18.2,0.051,0.0,0.358,0.656,75,Heavy snowfall,19.8,43.0,82,
2026-02-23T05:00,30.7,18.1,0.035,0.0,0.248,0.656,73,Moderate snowfall,18.7,42.1,83,
2026-02-23T06:00,29.8,16.9,0.055,0.0,0.386,0.689,75,Heavy snowfall,19.6,40.7,84,
2026-02-23T07:00,29.4,16.6,0.091,0.0,0.634,0.722,75,Heavy snowfall,19.0,42.3,85,
2026-02-23T08:00,29.0,16.2,0.091,0.0,0.634,1.115,75,Heavy snowfall,19.0,41.2,84,
2026-02-23T09:00,28.9,16.6,0.106,0.0,0.744,1.148,75,Heavy snowfall,17.9,40.0,83,
2026-02-23T10:00,29.6,17.1,0.063,0.0,0.441,1.181,75,Heavy snowfall,18.0,37.4,82,
2026-02-23T11:00,30.4,17.5,0.055,0.0,0.386,1.214,75,Heavy snowfall,19.2,40.5,80,
2026-02-23T12:00,31.8,19.9,0.028,0.0,0.193,1.214,73,Moderate snowfall,16.8,40.3,76,
2026-02-23T13:00,33.1,21.8,0.008,0.0,0.055,1.214,71,Slight snowfall,15.7,35.8,74,
2026-02-23T14:00,33.4,22.8,0.012,0.0,0.083,1.476,73,Moderate snowfall,14.5,32.9,77,
2026-02-23T15:00,33.8,23.9,0.016,0.0,0.11,1.476,73,Moderate snowfall,12.8,31.1,76,
2026-02-23T16:00,34.6,25.3,0.008,0.0,0.055,1.476,71,Slight snowfall,11.4,26.4,74,
2026-02-23T17:00,34.9,25.6,0.004,0.0,0.028,1.476,71,Slight snowfall,11.3,23.9,73,
2026-02-23T18:00,34.2,24.9,0.0,0.0,0.0,1.444,3,Overcast,10.9,23.7,72,
2026-02-23T19:00,33.3,23.5,0.0,0.0,0.0,1.444,3,Overcast,11.6,23.9,70,
2026-02-23T20:00,33.4,23.1,0.0,0.0,0.0,1.575,3,Overcast,12.9,26.6,68,
2026-02-23T21:00,32.4,21.4,0.0,0.0,0.0,1.542,3,Overcast,14.0,28.9,66,
2026-02-23T22:00,30.7,19.6,0.0,0.0,0.0,1.542,3,Overcast,13.7,28.9,65,
2026-02-23T23:00,29.1,17.8,0.0,0.0,0.0,1.542,3,Overcast,14.0,28.9,66,
2026-02-24T00:00,28.0,17.1,0.0,0.0,0.0,1.542,3,Overcast,12.6,28.9,67,
2026-02-24T01:00,27.1,17.3,0.0,0.0,0.0,1.542,3,Overcast,10.3,25.7,68,
2026-02-24T02:00,28.3,18.8,0.0,0.0,0.0,1.608,3,Overcast,9.7,21.0,68,
2026-02-24T03:00,29.4,20.1,0.0,0.0,0.0,1.608,3,Overcast,9.7,19.7,71,
2026-02-24T04:00,28.6,19.0,0.0,0.0,0.0,1.608,1,Mainly clear,10.2,21.0,71,
2026-02-24T05:00,26.9,17.0,0.0,0.0,0.0,1.608,3,Overcast,10.5,21.0,72,
2026-02-24T06:00,25.4,15.3,0.0,0.0,0.0,1.608,3,Overcast,10.8,22.6,73,
2026-02-24T07:00,23.4,13.3,0.0,0.0,0.0,1.608,0,Clear sky,10.4,22.1,72,
2026-02-24T08:00,24.1,14.2,0.0,0.0,0.0,1.64,0,Clear sky,9.9,21.3,71,
2026-02-24T09:00,23.5,13.8,0.0,0.0,0.0,1.64,0,Clear sky,9.2,19.9,71,
2026-02-24T10:00,23.2,13.7,0.0,0.0,0.0,1.608,0,Clear sky,8.7,18.8,70,
2026-02-24T11:00,24.0,14.3,0.0,0.0,0.0,1.608,0,Clear sky,9.3,19.0,69,
2026-02-24T12:00,24.7,15.9,0.0,0.0,0.0,1.608,0,Clear sky,9.2,20.4,66,
2026-02-24T13:00,25.5,17.9,0.0,0.0,0.0,1.608,0,Clear sky,8.1,19.5,63,
2026-02-24T14:00,28.0,21.2,0.0,0.0,0.0,1.608,0,Clear sky,6.8,18.1,58,
2026-02-24T15:00,28.6,21.3,0.0,0.0,0.0,1.608,0,Clear sky,6.5,14.5,57,
2026-02-24T16:00,28.2,19.7,0.0,0.0,0.0,1.608,1,Mainly clear,6.7,14.5,59,
2026-02-24T17:00,27.2,18.8,0.0,0.0,0.0,1.608,1,Mainly clear,6.4,13.9,61,
2026-02-24T18:00,25.5,17.2,0.0,0.0,0.0,1.608,0,Clear sky,5.8,13.0,62,
2026-02-24T19:00,18.6,11.1,0.0,0.0,0.0,1.608,0,Clear sky,3.2,11.2,69,
2026-02-24T20:00,16.5,8.5,0.0,0.0,0.0,1.575,2,Partly cloudy,4.2,5.4,72,
2026-02-24T21:00,15.6,8.0,0.0,0.0,0.0,1.575,2,Partly cloudy,3.2,7.4,75,
2026-02-24T22:00,13.6,7.1,0.0,0.0,0.0,1.575,0,Clear sky,0.7,4.9,79,
2026-02-24T23:00,10.9,3.7,0.0,0.0,0.0,1.575,2,Partly cloudy,1.9,3.4,87,
2026-02-25T00:00,9.9,2.4,0.0,0.0,0.0,1.542,2,Partly cloudy,2.7,4.3,90,
2026-02-25T01:00,11.9,3.5,0.0,0.0,0.0,1.542,3,Overcast,5.1,7.4,87,
2026-02-25T02:00,20.8,11.6,0.0,0.0,0.0,1.542,3,Overcast,8.1,12.8,79,
2026-02-25T03:00,23.0,14.2,0.0,0.0,0.0,1.542,3,Overcast,7.5,14.8,77,
2026-02-25T04:00,25.2,16.4,0.0,0.0,0.0,1.542,3,Overcast,7.7,14.5,74,
2026-02-25T05:00,28.4,19.7,0.0,0.0,0.0,1.542,3,Overcast,8.4,16.3,74,
2026-02-25T06:00,29.6,21.4,0.004,0.0,0.028,1.542,71,Slight snowfall,7.4,16.8,75,
2026-02-25T07:00,29.7,21.7,0.012,0.0,0.083,1.542,73,Moderate snowfall,7.3,14.8,79,
2026-02-25T08:00,27.1,20.3,0.024,0.0,0.165,1.509,73,Moderate snowfall,4.6,15.4,88,
2026-02-25T09:00,28.3,21.1,0.028,0.0,0.193,1.542,73,Moderate snowfall,5.9,11.9,89,
2026-02-25T10:00,29.8,22.9,0.0,0.0,0.0,1.542,3,Overcast,5.4,11.6,89,
2026-02-25T11:00,31.1,24.7,0.0,0.0,0.0,1.542,3,Overcast,4.7,10.7,87,
2026-02-25T12:00,32.8,26.7,0.0,0.0,0.0,1.509,2,Partly cloudy,4.4,9.8,86,
2026-02-25T13:00,34.2,28.9,0.0,0.0,0.0,1.509,1,Mainly clear,4.5,9.6,83,
2026-02-25T14:00,34.9,30.0,0.0,0.0,0.0,1.444,1,Mainly clear,5.8,12.1,82,
2026-02-25T15:00,35.8,29.2,0.0,0.0,0.0,1.444,1,Mainly clear,6.7,13.9,77,
2026-02-25T16:00,36.2,29.0,0.0,0.0,0.0,1.444,0,Clear sky,7.1,14.3,76,
2026-02-25T17:00,36.1,29.5,0.0,0.0,0.0,1.444,0,Clear sky,5.9,13.9,77,
2026-02-25T18:00,35.4,28.3,0.0,0.0,0.0,1.444,0,Clear sky,6.9,13.0,77,
2026-02-25T19:00,34.8,26.9,0.0,0.0,0.0,1.444,0,Clear sky,8.2,15.4,77,
2026-02-25T20:00,36.1,28.5,0.0,0.0,0.0,1.378,2,Partly cloudy,8.0,15.9,75,
2026-02-25T21:00,36.5,29.2,0.0,0.0,0.0,1.378,1,Mainly clear,7.3,15.2,74,
2026-02-25T22:00,36.1,28.8,0.0,0.0,0.0,1.378,2,Partly cloudy,7.2,14.1,73,
2026-02-25T23:00,35.1,28.6,0.008,0.008,0.0,1.378,51,Light drizzle,4.8,13.6,75,
2026-02-26T00:00,34.6,28.3,0.047,0.031,0.11,1.378,73,Moderate snowfall,4.4,8.9,76,
2026-02-26T01:00,35.3,29.8,0.0,0.0,0.0,1.378,2,Partly cloudy,3.4,10.1,81,
2026-02-26T02:00,36.2,29.5,0.0,0.0,0.0,1.312,1,Mainly clear,5.7,12.3,74,
2026-02-26T03:00,34.0,27.5,0.0,0.0,0.0,1.28,0,Clear sky,4.8,10.7,78,
2026-02-26T04:00,32.4,25.9,0.0,0.0,0.0,1.28,0,Clear sky,4.6,8.9,80,
2026-02-26T05:00,28.9,22.4,0.0,0.0,0.0,1.28,0,Clear sky,3.7,8.5,83,
2026-02-26T06:00,26.5,19.7,0.0,0.0,0.0,1.28,0,Clear sky,4.2,6.7,86,
2026-02-26T07:00,25.5,18.5,0.0,0.0,0.0,1.28,1,Mainly clear,4.4,6.9,85,
2026-02-26T08:00,32.5,25.3,0.0,0.0,0.0,1.247,3,Overcast,5.7,10.3,72,
2026-02-26T09:00,33.4,25.9,0.0,0.0,0.0,1.247,3,Overcast,6.7,12.5,72,
2026-02-26T10:00,34.8,27.5,0.0,0.0,0.0,1.247,3,Overcast,6.3,12.5,71,
2026-02-26T11:00,36.1,28.7,0.0,0.0,0.0,1.247,3,Overcast,6.8,14.1,68,
2026-02-26T12:00,37.6,31.6,0.0,0.0,0.0,1.214,3,Overcast,5.2,13.2,64,
2026-02-26T13:00,38.1,33.9,0.0,0.0,0.0,1.214,3,Overcast,3.6,10.7,65,
2026-02-26T14:00,39.8,34.3,0.0,0.0,0.0,1.083,3,Overcast,4.8,7.2,60,
2026-02-26T15:00,37.6,31.7,0.0,0.0,0.0,1.05,3,Overcast,4.5,10.5,66,
2026-02-26T16:00,37.8,31.6,0.0,0.0,0.0,1.05,3,Overcast,4.0,8.5,65,
2026-02-26T17:00,37.7,31.7,0.0,0.0,0.0,1.05,3,Overcast,3.8,7.4,67,
2026-02-26T18:00,37.8,30.9,0.0,0.0,0.0,1.05,3,Overcast,5.5,10.1,66,
2026-02-26T19:00,37.2,30.3,0.0,0.0,0.0,1.05,3,Overcast,5.7,10.7,68,
2026-02-26T20:00,35.3,30.2,0.0,0.0,0.0,0.984,3,Overcast,0.9,10.5,66,
2026-02-26T21:00,32.1,27.0,0.0,0.0,0.0,0.984,1,Mainly clear,0.6,1.8,74,
2026-02-26T22:00,28.9,22.2,0.0,0.0,0.0,0.984,0,Clear sky,4.6,7.2,84,
2026-02-26T23:00,28.9,20.4,0.0,0.0,0.0,0.984,0,Clear sky,8.4,16.1,78,
2026-02-27T00:00,27.7,19.0,0.0,0.0,0.0,0.984,0,Clear sky,8.4,16.3,79,
2026-02-27T01:00,26.1,17.7,0.0,0.0,0.0,0.984,0,Clear sky,7.2,16.3,79,
2026-02-27T02:00,28.0,20.4,0.0,0.0,0.0,0.919,0,Clear sky,5.8,13.9,76,
2026-02-27T03:00,25.5,18.7,0.0,0.0,0.0,0.919,0,Clear sky,3.6,10.7,79,
2026-02-27T04:00,21.5,14.4,0.0,0.0,0.0,0.919,0,Clear sky,3.4,5.8,82,
2026-02-27T05:00,19.6,12.2,0.0,0.0,0.0,0.919,0,Clear sky,4.0,6.3,84,
2026-02-27T06:00,19.0,11.5,0.0,0.0,0.0,0.919,0,Clear sky,4.2,7.2,84,
2026-02-27T07:00,16.3,9.1,0.0,0.0,0.0,0.919,0,Clear sky,3.0,7.2,85,
2026-02-27T08:00,16.5,9.5,0.0,0.0,0.0,0.853,0,Clear sky,2.5,4.7,84,
2026-02-27T09:00,19.1,12.3,0.0,0.0,0.0,0.853,0,Clear sky,2.4,5.1,83,
2026-02-27T10:00,21.8,15.4,0.0,0.0,0.0,0.853,0,Clear sky,2.0,4.5,81,
2026-02-27T11:00,25.3,19.6,0.0,0.0,0.0,0.853,0,Clear sky,0.8,4.0,81,
2026-02-27T12:00,28.4,24.5,0.0,0.0,0.0,0.853,2,Partly cloudy,0.0,3.8,79,
2026-02-27T13:00,30.5,27.1,0.0,0.0,0.0,0.853,0,Clear sky,1.1,4.3,75,
2026-02-27T14:00,33.2,29.4,0.0,0.0,0.0,0.787,0,Clear sky,2.3,4.9,69,
2026-02-27T15:00,33.9,29.5,0.0,0.0,0.0,0.787,0,Clear sky,2.4,5.8,69,
2026-02-27T16:00,34.2,28.3,0.0,0.0,0.0,0.755,0,Clear sky,2.9,6.3,71,
2026-02-27T17:00,33.6,27.2,0.0,0.0,0.0,0.755,0,Clear sky,4.3,9.4,76,
2026-02-27T18:00,31.9,25.6,0.0,0.0,0.0,0.755,0,Clear sky,4.0,8.3,79,
2026-02-27T19:00,29.8,23.4,0.0,0.0,0.0,0.755,0,Clear sky,3.8,7.8,84,
2026-02-27T20:00,30.6,24.4,0.0,0.0,0.0,0.722,0,Clear sky,3.9,6.3,88,
2026-02-27T21:00,31.0,24.4,0.0,0.0,0.0,0.722,0,Clear sky,5.2,9.4,89,
2026-02-27T22:00,27.9,22.0,0.0,0.0,0.0,0.722,0,Clear sky,3.0,9.2,93,
2026-02-27T23:00,26.2,21.0,0.0,0.0,0.0,0.722,0,Clear sky,1.2,4.3,98,
2026-02-28T00:00,24.7,19.3,0.0,0.0,0.0,0.722,0,Clear sky,1.4,2.2,100,
2026-02-28T01:00,24.5,19.3,0.0,0.0,0.0,0.722,1,Mainly clear,1.0,2.5,100,
2026-02-28T02:00,24.2,18.9,0.0,0.0,0.0,0.623,0,Clear sky,0.9,2.0,100,
2026-02-28T03:00,24.0,18.8,0.0,0.0,0.0,0.623,3,Overcast,0.7,1.8,100,
2026-02-28T04:00,23.4,18.1,0.0,0.0,0.0,0.623,3,Overcast,0.8,1.8,100,
2026-02-28T05:00,22.7,17.4,0.0,0.0,0.0,0.623,3,Overcast,0.7,1.6,100,
2026-02-28T06:00,21.0,15.3,0.0,0.0,0.0,0.623,3,Overcast,1.2,2.5,100,
2026-02-28T07:00,19.9,14.1,0.0,0.0,0.0,0.623,3,Overcast,0.9,2.2,98,
2026-02-28T08:00,20.9,14.8,0.0,0.0,0.0,0.623,3,Overcast,1.8,2.0,96,
2026-02-28T09:00,22.3,16.8,0.0,0.0,0.0,0.623,3,Overcast,0.8,5.8,96,
2026-02-28T10:00,25.6,19.8,0.0,0.0,0.0,0.623,3,Overcast,2.6,6.9,98,
2026-02-28T11:00,29.0,24.7,0.0,0.0,0.0,0.623,3,Overcast,0.1,7.8,99,
2026-02-28T12:00,31.5,26.8,0.0,0.0,0.0,0.623,3,Overcast,1.8,6.5,100,
2026-02-28T13:00,33.6,30.1,0.0,0.0,0.0,0.623,3,Overcast,2.8,6.0,98,
2026-02-28T14:00,35.2,31.1,0.0,0.0,0.0,0.558,2,Partly cloudy,1.2,6.5,95,
2026-02-28T15:00,36.6,33.7,0.0,0.0,0.0,0.525,0,Clear sky,1.3,2.9,90,
2026-02-28T16:00,37.2,33.0,0.0,0.0,0.0,0.525,0,Clear sky,1.7,3.1,88,
2026-02-28T17:00,37.3,32.9,0.0,0.0,0.0,0.492,0,Clear sky,2.0,4.7,87,
2026-02-28T18:00,36.1,31.8,0.0,0.0,0.0,0.492,0,Clear sky,1.3,3.4,87,
2026-02-28T19:00,34.1,29.8,0.0,0.0,0.0,0.492,0,Clear sky,0.8,2.2,90,
2026-02-28T20:00,33.2,29.0,0.0,0.0,0.0,0.459,0,Clear sky,0.4,1.6,93,
2026-02-28T21:00,30.8,26.6,0.0,0.0,0.0,0.459,0,Clear sky,0.3,1.3,96,
2026-02-28T22:00,28.9,24.4,0.0,0.0,0.0,0.459,0,Clear sky,0.7,1.8,100,
2026-02-28T23:00,28.2,23.5,0.0,0.0,0.0,0.459,0,Clear sky,0.8,1.6,100,
2026-03-01T00:00,26.5,21.7,0.0,0.0,0.0,0.459,3,Overcast,0.4,1.6,100,
2026-03-01T01:00,27.3,21.2,0.0,0.0,0.0,0.459,3,Overcast,3.9,10.3,100,
2026-03-01T02:00,27.9,22.4,0.0,0.0,0.0,0.394,3,Overcast,2.4,7.4,99,
2026-03-01T03:00,28.7,23.0,0.0,0.0,0.0,0.394,3,Overcast,3.1,6.3,99,
2026-03-01T04:00,28.1,21.7,0.0,0.0,0.0,0.394,3,Overcast,4.9,8.7,100,
2026-03-01T05:00,30.5,23.0,0.0,0.0,0.0,0.394,2,Partly cloudy,7.5,14.3,94,
2026-03-01T06:00,31.9,23.4,0.0,0.0,0.0,0.394,2,Partly cloudy,9.0,17.2,76,
2026-03-01T07:00,31.3,22.3,0.0,0.0,0.0,0.394,2,Partly cloudy,9.7,19.2,75,
2026-03-01T08:00,33.5,25.2,0.0,0.0,0.0,0.328,3,Overcast,9.1,19.2,77,
2026-03-01T09:00,33.3,24.8,0.028,0.004,0.165,0.361,73,Moderate snowfall,9.3,19.9,79,
2026-03-01T10:00,32.7,24.8,0.008,0.0,0.055,0.361,71,Slight snowfall,8.3,19.0,83,
2026-03-01T11:00,32.5,24.5,0.012,0.0,0.083,0.361,73,Moderate snowfall,8.5,17.9,85,
2026-03-01T12:00,33.1,25.2,0.0,0.0,0.0,0.361,2,Partly cloudy,8.3,17.7,81,
2026-03-01T13:00,34.4,26.8,0.0,0.0,0.0,0.361,1,Mainly clear,7.4,17.7,73,
2026-03-01T14:00,37.7,33.2,0.0,0.0,0.0,0.328,1,Mainly clear,3.8,16.8,61,
2026-03-01T15:00,37.8,32.0,0.0,0.0,0.0,0.328,1,Mainly clear,3.4,8.7,60,
2026-03-01T16:00,37.3,31.4,0.0,0.0,0.0,0.295,0,Clear sky,2.8,7.6,63,
2026-03-01T17:00,36.6,31.0,0.0,0.0,0.0,0.295,0,Clear sky,1.8,6.0,62,
2026-03-01T18:00,34.2,28.7,0.0,0.0,0.0,0.295,0,Clear sky,0.7,3.6,60,
2026-03-01T19:00,29.3,22.9,0.0,0.0,0.0,0.295,0,Clear sky,2.4,3.4,67,
2026-03-01T20:00,32.1,23.0,0.0,0.0,0.0,0.295,0,Clear sky,8.8,10.7,58,
2026-03-01T21:00,29.4,20.7,0.0,0.0,0.0,0.295,0,Clear sky,7.3,16.6,58,
2026-03-01T22:00,26.3,18.1,0.0,0.0,0.0,0.295,0,Clear sky,6.2,14.1,66,
2026-03-01T23:00,24.1,15.5,0.0,0.0,0.0,0.295,0,Clear sky,6.8,13.0,71,
2026-03-02T00:00,22.3,13.4,0.0,0.0,0.0,0.295,0,Clear sky,7.1,14.1,68,
2026-03-02T01:00,19.9,11.3,0.0,0.0,0.0,0.295,0,Clear sky,6.2,13.9,68,
2026-03-02T02:00,21.3,12.8,0.0,0.0,0.0,0.295,0,Clear sky,5.6,12.1,63,
2026-03-02T03:00,19.8,11.5,0.0,0.0,0.0,0.295,0,Clear sky,5.0,10.3,66,
2026-03-02T04:00,17.8,9.7,0.0,0.0,0.0,0.295,0,Clear sky,4.6,9.6,70,
2026-03-02T05:00,16.2,7.7,0.0,0.0,0.0,0.295,0,Clear sky,5.1,9.6,70,
2026-03-02T06:00,14.9,6.2,0.0,0.0,0.0,0.295,2,Partly cloudy,5.5,10.3,67,
2026-03-02T07:00,13.9,4.6,0.0,0.0,0.0,0.295,3,Overcast,6.7,12.5,66,
2026-03-02T08:00,15.6,6.4,0.0,0.0,0.0,0.262,3,Overcast,6.5,14.3,63,
2026-03-02T09:00,17.4,9.1,0.0,0.0,0.0,0.262,3,Overcast,4.8,12.3,67,
2026-03-02T10:00,19.3,11.1,0.0,0.0,0.0,0.262,3,Overcast,4.7,10.5,64,
2026-03-02T11:00,21.8,14.1,0.0,0.0,0.0,0.262,3,Overcast,3.9,11.2,60,
2026-03-02T12:00,24.0,17.1,0.0,0.0,0.0,0.262,3,Overcast,3.4,9.8,55,
2026-03-02T13:00,25.5,19.8,0.0,0.0,0.0,0.262,3,Overcast,2.9,9.6,54,
2026-03-02T14:00,27.3,22.0,0.0,0.0,0.0,0.23,3,Overcast,1.2,8.7,42,
2026-03-02T15:00,28.1,21.9,0.0,0.0,0.0,0.23,3,Overcast,1.3,5.4,46,
2026-03-02T16:00,28.3,21.3,0.0,0.0,0.0,0.23,1,Mainly clear,2.5,6.7,50,
2026-03-02T17:00,27.9,20.5,0.0,0.0,0.0,0.23,0,Clear sky,3.5,8.5,54,
2026-03-02T18:00,25.6,18.4,0.0,0.0,0.0,0.23,0,Clear sky,3.5,9.2,64,
2026-03-02T19:00,20.8,13.2,0.0,0.0,0.0,0.23,0,Clear sky,3.5,7.6,66,
2026-03-02T20:00,22.8,15.1,0.0,0.0,0.0,0.23,0,Clear sky,4.3,6.9,66,
2026-03-02T21:00,21.6,13.9,0.0,0.0,0.0,0.23,0,Clear sky,4.0,8.5,67,
2026-03-02T22:00,20.2,12.7,0.0,0.0,0.0,0.23,0,Clear sky,3.5,7.4,69,
2026-03-02T23:00,20.4,13.5,0.0,0.0,0.0,0.23,0,Clear sky,2.1,6.0,69,
2026-03-03T00:00,20.5,13.7,0.0,0.0,0.0,0.23,0,Clear sky,1.9,3.8,72,
2026-03-03T01:00,20.5,13.9,0.0,0.0,0.0,0.23,0,Clear sky,1.7,4.0,74,
2026-03-03T02:00,21.2,14.4,0.0,0.0,0.0,0.23,3,Overcast,2.2,3.1,74,
2026-03-03T03:00,26.1,19.7,0.0,0.0,0.0,0.23,3,Overcast,2.4,5.6,76,
2026-03-03T04:00,27.0,20.7,0.0,0.0,0.0,0.23,3,Overcast,2.4,4.5,77,
2026-03-03T05:00,27.7,21.5,0.0,0.0,0.0,0.23,3,Overcast,2.4,4.7,77,
2026-03-03T06:00,28.2,22.3,0.0,0.0,0.0,0.23,3,Overcast,1.9,4.7,78,
2026-03-03T07:00,28.4,22.2,0.0,0.0,0.0,0.23,3,Overcast,2.8,5.6,79,
2026-03-03T08:00,28.3,21.8,0.0,0.0,0.0,0.197,3,Overcast,3.6,7.2,81,
2026-03-03T09:00,29.7,22.7,0.0,0.0,0.0,0.197,3,Overcast,5.3,8.7,83,
2026-03-03T10:00,30.4,24.3,0.008,0.0,0.055,0.197,71,Slight snowfall,3.5,8.9,85,
2026-03-03T11:00,31.8,25.3,0.016,0.0,0.11,0.23,73,Moderate snowfall,4.7,10.1,83,
2026-03-03T12:00,32.9,26.6,0.035,0.0,0.248,0.23,73,Moderate snowfall,4.9,12.1,87,
2026-03-03T13:00,33.4,27.4,0.031,0.0,0.22,0.262,73,Moderate snowfall,5.1,12.1,91,
2026-03-03T14:00,33.1,27.6,0.016,0.008,0.055,0.197,71,Slight snowfall,3.6,11.0,93,
2026-03-03T15:00,33.4,27.8,0.016,0.016,0.0,0.197,51,Light drizzle,4.1,9.2,93,
2026-03-03T16:00,33.7,28.0,0.024,0.024,0.0,0.197,53,Moderate drizzle,4.6,9.6,94,
2026-03-03T17:00,33.4,27.7,0.039,0.039,0.0,0.197,55,Dense drizzle,4.5,9.4,95,
2026-03-03T18:00,33.4,27.5,0.031,0.031,0.0,0.197,53,Moderate drizzle,5.0,10.5,95,
2026-03-03T19:00,33.4,28.3,0.012,0.012,0.0,0.197,51,Light drizzle,3.1,9.8,96,
2026-03-03T20:00,32.5,27.3,0.016,0.016,0.0,0.164,51,Light drizzle,3.0,6.0,96,
2026-03-03T21:00,32.4,28.1,0.028,0.028,0.0,0.164,53,Moderate drizzle,0.8,5.4,97,
2026-03-03T22:00,32.3,28.3,0.024,0.024,0.0,0.164,53,Moderate drizzle,0.2,1.8,97,
2026-03-03T23:00,32.3,27.9,0.055,0.055,0.0,0.164,61,Slight rain,1.2,2.2,99,
2026-03-04T00:00,33.1,27.9,0.028,0.028,0.0,0.164,53,Moderate drizzle,3.3,5.6,97,
2026-03-04T01:00,34.6,28.7,0.024,0.024,0.0,0.164,53,Moderate drizzle,5.5,11.2,97,
2026-03-04T02:00,35.0,29.6,0.031,0.031,0.0,0.164,53,Moderate drizzle,4.3,10.7,96,
2026-03-04T03:00,35.9,30.2,0.028,0.028,0.0,0.131,53,Moderate drizzle,5.5,11.0,96,
2026-03-04T04:00,35.8,30.5,0.004,0.004,0.0,0.131,51,Light drizzle,4.4,10.5,95,
2026-03-04T05:00,35.4,29.9,0.0,0.0,0.0,0.131,3,Overcast,5.0,8.9,96,
2026-03-04T06:00,35.0,29.3,0.0,0.0,0.0,0.131,3,Overcast,5.1,10.3,96,
2026-03-04T07:00,33.7,28.3,0.0,0.0,0.0,0.131,3,Overcast,3.9,9.4,96,
2026-03-04T08:00,33.4,28.3,0.0,0.0,0.0,0.164,3,Overcast,3.2,6.7,96,
2026-03-04T09:00,35.5,30.5,0.0,0.0,0.0,0.164,3,Overcast,3.7,7.4,95,
2026-03-04T10:00,37.7,33.2,0.0,0.0,0.0,0.131,3,Overcast,3.2,7.8,94,
2026-03-04T11:00,39.0,34.9,0.0,0.0,0.0,0.131,3,Overcast,2.5,6.7,91,
2026-03-04T12:00,40.4,36.3,0.0,0.0,0.0,0.131,3,Overcast,2.5,7.2,86,
2026-03-04T13:00,41.1,37.2,0.0,0.0,0.0,0.098,3,Overcast,1.9,7.4,83,
2026-03-04T14:00,45.3,43.3,0.0,0.0,0.0,0.098,3,Overcast,1.1,6.5,77,
2026-03-04T15:00,43.1,40.0,0.0,0.0,0.0,0.098,3,Overcast,0.9,4.9,79,
2026-03-04T16:00,43.9,40.7,0.0,0.0,0.0,0.098,3,Overcast,0.7,4.7,77,
2026-03-04T17:00,43.0,39.3,0.0,0.0,0.0,0.066,2,Partly cloudy,1.5,5.1,79,
2026-03-04T18:00,42.7,39.5,0.0,0.0,0.0,0.066,0,Clear sky,0.8,5.8,81,
2026-03-04T19:00,39.1,35.0,0.0,0.0,0.0,0.066,0,Clear sky,1.9,2.9,86,
2026-03-04T20:00,39.1,34.9,0.0,0.0,0.0,0.066,3,Overcast,3.0,5.1,93,
2026-03-04T21:00,37.0,32.3,0.0,0.0,0.0,0.066,0,Clear sky,3.7,7.4,95,
2026-03-04T22:00,35.3,31.0,0.0,0.0,0.0,0.066,3,Overcast,2.2,7.2,96,
2026-03-04T23:00,35.4,31.3,0.0,0.0,0.0,0.066,3,Overcast,1.6,4.5,96,
2026-03-05T00:00,36.2,32.0,0.0,0.0,0.0,0.066,3,Overcast,2.2,3.1,97,
2026-03-05T01:00,36.7,32.6,0.0,0.0,0.0,0.066,3,Overcast,2.2,3.4,98,
2026-03-05T02:00,38.4,34.3,0.0,0.0,0.0,0.098,3,Overcast,2.9,5.4,98,
2026-03-05T03:00,37.7,34.2,0.0,0.0,0.0,0.066,3,Overcast,1.4,5.4,99,
2026-03-05T04:00,37.4,33.8,0.0,0.0,0.0,0.066,3,Overcast,1.5,2.2,100,
2026-03-05T05:00,37.6,34.6,0.0,0.0,0.0,0.066,3,Overcast,0.2,2.2,100,
2026-03-05T06:00,36.7,33.2,0.0,0.0,0.0,0.066,3,Overcast,1.0,1.6,100,
2026-03-05T07:00,36.3,32.4,0.0,0.0,0.0,0.066,3,Overcast,1.9,3.1,100,
2026-03-05T08:00,36.7,32.5,0.028,0.028,0.0,0.066,53,Moderate drizzle,2.7,2.7,100,
2026-03-05T09:00,36.9,33.3,0.114,0.114,0.0,0.066,63,Moderate rain,1.3,5.1,99,
2026-03-05T10:00,37.1,32.9,0.142,0.142,0.0,0.066,63,Moderate rain,2.8,4.9,99,
2026-03-05T11:00,37.7,33.7,0.138,0.138,0.0,0.066,63,Moderate rain,2.6,6.5,99,
2026-03-05T12:00,39.5,35.4,0.059,0.059,0.0,0.066,61,Slight rain,3.4,7.6,98,
2026-03-05T13:00,41.2,37.4,0.004,0.004,0.0,0.066,51,Light drizzle,3.1,9.4,93,
2026-03-05T14:00,39.5,34.9,0.004,0.004,0.0,0.066,51,Light drizzle,4.7,11.6,98,
2026-03-05T15:00,41.4,36.4,0.008,0.008,0.0,0.033,51,Light drizzle,5.8,14.8,93,
2026-03-05T16:00,39.7,34.9,0.024,0.024,0.0,0.033,53,Moderate drizzle,5.0,13.2,97,
2026-03-05T17:00,38.2,32.1,0.02,0.02,0.0,0.033,53,Moderate drizzle,7.7,17.0,97,
2026-03-05T18:00,38.6,33.0,0.0,0.0,0.0,0.033,3,Overcast,6.3,16.3,97,
2026-03-05T19:00,37.6,31.2,0.004,0.004,0.0,0.033,51,Light drizzle,7.9,16.8,97,
2026-03-05T20:00,37.8,31.4,0.0,0.0,0.0,0.033,3,Overcast,8.0,15.2,97,
2026-03-05T21:00,37.5,30.2,0.039,0.039,0.0,0.033,55,Dense drizzle,10.0,20.6,97,
2026-03-05T22:00,37.3,30.3,0.008,0.008,0.0,0.033,51,Light drizzle,9.4,19.7,97,
2026-03-05T23:00,37.0,29.8,0.02,0.02,0.0,0.033,53,Moderate drizzle,9.3,19.2,96,
2026-03-06T00:00,36.6,30.0,0.13,0.13,0.0,0.033,63,Moderate rain,8.1,18.8,97,
2026-03-06T01:00,36.1,28.8,0.205,0.205,0.0,0.0,63,Moderate rain,9.7,19.7,97,
2026-03-06T02:00,37.3,29.9,0.165,0.165,0.0,0.0,63,Moderate rain,9.9,22.6,93,
2026-03-06T03:00,36.8,29.8,0.024,0.024,0.0,0.0,53,Moderate drizzle,8.6,19.5,94,
2026-03-06T04:00,36.5,29.9,0.004,0.004,0.0,0.0,51,Light drizzle,7.7,17.2,95,
2026-03-06T05:00,36.6,30.1,0.004,0.004,0.0,0.0,51,Light drizzle,7.4,15.4,94,
2026-03-06T06:00,36.6,30.2,0.0,0.0,0.0,0.0,3,Overcast,7.2,14.3,94,
2026-03-06T07:00,36.5,30.1,0.0,0.0,0.0,0.0,3,Overcast,7.2,14.5,93,
2026-03-06T08:00,36.0,29.6,0.0,0.0,0.0,0.0,3,Overcast,6.8,14.5,92,
2026-03-06T09:00,37.4,31.3,0.0,0.0,0.0,0.0,3,Overcast,6.2,14.1,88,
2026-03-06T10:00,38.2,32.6,0.0,0.0,0.0,0.0,3,Overcast,5.3,14.8,87,
2026-03-06T11:00,39.6,33.4,0.0,0.0,0.0,0.0,3,Overcast,6.8,14.5,84,
2026-03-06T12:00,41.6,35.2,0.0,0.0,0.0,0.0,3,Overcast,7.7,18.6,79,
2026-03-06T13:00,42.3,36.1,0.0,0.0,0.0,0.0,3,Overcast,6.9,18.6,77,
2026-03-06T14:00,41.0,35.4,0.0,0.0,0.0,0.0,3,Overcast,5.6,16.8,80,
2026-03-06T15:00,40.8,35.2,0.004,0.004,0.0,0.0,51,Light drizzle,5.4,13.0,79,
2026-03-06T16:00,40.7,35.0,0.0,0.0,0.0,0.0,3,Overcast,5.5,14.3,79,
2026-03-06T17:00,40.7,34.8,0.0,0.0,0.0,0.0,3,Overcast,6.0,14.8,79,
2026-03-06T18:00,39.3,33.5,0.0,0.0,0.0,0.0,3,Overcast,5.3,14.3,81,
2026-03-06T19:00,37.9,31.9,0.0,0.0,0.0,0.0,3,Overcast,5.6,13.0,83,
2026-03-06T20:00,37.7,32.0,0.0,0.0,0.0,0.0,3,Overcast,4.8,12.3,84,
2026-03-06T21:00,37.1,31.4,0.004,0.004,0.0,0.0,51,Light drizzle,5.0,11.0,85,
2026-03-06T22:00,36.7,31.1,0.004,0.004,0.0,0.0,51,Light drizzle,4.6,11.2,87,
2026-03-06T23:00,36.3,30.8,0.0,0.0,0.0,0.0,3,Overcast,4.3,9.8,88,
2026-03-07T00:00,36.2,31.1,0.0,0.0,0.0,0.0,3,Overcast,3.5,8.9,89,
2026-03-07T01:00,36.1,31.6,0.0,0.0,0.0,0.0,3,Overcast,2.3,7.2,90,
2026-03-07T02:00,36.1,31.8,0.0,0.0,0.0,0.0,3,Overcast,1.6,4.3,91,
2026-03-07T03:00,36.1,31.9,0.0,0.0,0.0,0.0,3,Overcast,1.4,4.0,92,
2026-03-07T04:00,36.1,32.1,0.0,0.0,0.0,0.0,3,Overcast,1.0,3.4,92,
2026-03-07T05:00,36.2,31.9,0.0,0.0,0.0,0.0,3,Overcast,2.0,3.8,92,
2026-03-07T06:00,36.5,31.9,0.0,0.0,0.0,0.0,3,Overcast,2.9,5.8,93,
2026-03-07T07:00,36.8,32.4,0.0,0.0,0.0,0.0,3,Overcast,2.6,6.7,93,
2026-03-07T08:00,35.7,31.1,0.0,0.0,0.0,0.0,3,Overcast,2.7,6.5,95,
2026-03-07T09:00,37.0,31.8,0.0,0.0,0.0,0.0,3,Overcast,4.4,9.8,93,
2026-03-07T10:00,38.0,32.4,0.0,0.0,0.0,0.0,3,Overcast,5.7,13.0,92,
2026-03-07T11:00,39.4,33.9,0.0,0.0,0.0,0.0,3,Overcast,5.8,13.9,91,
2026-03-07T12:00,41.4,36.1,0.0,0.0,0.0,0.0,3,Overcast,5.9,14.5,88,
2026-03-07T13:00,43.7,38.7,0.0,0.0,0.0,0.0,3,Overcast,6.2,15.4,86,
2026-03-07T14:00,43.8,38.8,0.0,0.0,0.0,0.0,3,Overcast,6.1,16.1,87,
2026-03-07T15:00,45.3,40.2,0.0,0.0,0.0,0.0,3,Overcast,7.1,16.8,86,
2026-03-07T16:00,46.9,42.0,0.0,0.0,0.0,0.0,3,Overcast,7.2,17.4,86,
2026-03-07T17:00,47.6,43.2,0.0,0.0,0.0,0.0,3,Overcast,6.7,16.8,87,
2026-03-07T18:00,46.6,42.8,0.0,0.0,0.0,0.0,3,Overcast,5.1,15.4,90,
2026-03-07T19:00,44.7,41.0,0.0,0.0,0.0,0.0,3,Overcast,4.4,11.0,92,
2026-03-07T20:00,43.6,39.4,0.0,0.0,0.0,0.0,3,Overcast,5.5,10.7,96,
2026-03-07T21:00,46.0,42.2,0.0,0.0,0.0,0.0,3,Overcast,5.6,12.5,95,
2026-03-07T22:00,48.7,45.1,0.0,0.0,0.0,0.0,3,Overcast,6.6,13.4,94,
2026-03-07T23:00,49.4,46.1,0.0,0.0,0.0,0.0,3,Overcast,6.6,14.1,95,
2026-03-08T00:00,49.6,46.2,0.0,0.0,0.0,0.0,3,Overcast,7.0,14.3,95,
2026-03-08T01:00,48.7,45.0,0.0,0.0,0.0,0.0,2,Partly cloudy,7.2,14.1,97,
2026-03-08T02:00,48.9,45.2,0.0,0.0,0.0,0.0,2,Partly cloudy,7.4,14.5,96,
2026-03-08T03:00,48.7,44.9,0.0,0.0,0.0,0.0,3,Overcast,7.8,15.4,98,
2026-03-08T04:00,49.0,45.0,0.0,0.0,0.0,0.0,3,Overcast,8.5,16.3,98,
2026-03-08T05:00,48.8,44.5,0.0,0.0,0.0,0.0,3,Overcast,9.1,17.4,97,
2026-03-08T06:00,48.8,44.5,0.0,0.0,0.0,0.0,3,Overcast,8.9,18.1,96,
2026-03-08T07:00,48.9,44.8,0.0,0.0,0.0,0.0,3,Overcast,8.5,17.4,96,
2026-03-08T08:00,50.7,47.5,0.0,0.0,0.0,0.033,3,Overcast,7.3,16.3,95,
2026-03-08T09:00,52.2,48.5,0.004,0.004,0.0,0.0,51,Light drizzle,8.7,16.3,92,
2026-03-08T10:00,53.6,50.5,0.0,0.0,0.0,0.0,3,Overcast,8.0,17.2,90,
2026-03-08T11:00,53.9,50.8,0.0,0.0,0.0,0.0,3,Overcast,8.0,15.9,90,
2026-03-08T12:00,58.2,56.5,0.0,0.0,0.0,0.0,3,Overcast,6.7,16.8,85,
2026-03-08T13:00,61.5,60.7,0.0,0.0,0.0,0.0,3,Overcast,5.6,16.1,79,
2026-03-08T14:00,66.7,67.3,0.0,0.0,0.0,0.0,3,Overcast,5.1,15.0,72,
2026-03-08T15:00,68.4,65.8,0.004,0.004,0.0,0.0,51,Light drizzle,8.4,18.8,59,
2026-03-08T16:00,67.5,64.6,0.0,0.0,0.0,0.0,3,Overcast,8.1,19.5,58,
2026-03-08T17:00,65.9,63.8,0.0,0.0,0.0,0.0,3,Overcast,6.1,17.7,59,
2026-03-08T18:00,64.1,61.2,0.0,0.0,0.0,0.0,3,Overcast,7.1,15.2,60,
2026-03-08T19:00,61.8,58.0,0.0,0.0,0.0,0.0,3,Overcast,7.8,17.2,61,
2026-03-08T20:00,58.7,54.4,0.0,0.0,0.0,0.0,3,Overcast,6.3,16.6,57,
2026-03-08T21:00,56.8,52.4,0.0,0.0,0.0,0.0,3,Overcast,6.4,12.5,61,
2026-03-08T22:00,55.1,51.0,0.0,0.0,0.0,0.0,0,Clear sky,5.5,12.8,63,
2026-03-08T23:00,52.8,48.7,0.0,0.0,0.0,0.0,0,Clear sky,5.2,10.7,68,
2026-03-09T00:00,52.2,47.3,0.0,0.0,0.0,0.0,0,Clear sky,6.0,11.9,64,
2026-03-09T01:00,51.1,45.7,0.0,0.0,0.0,0.0,0,Clear sky,6.4,12.8,63,
2026-03-09T02:00,49.3,43.9,0.0,0.0,0.0,0.0,0,Clear sky,5.8,13.0,64,
2026-03-09T03:00,46.9,42.4,0.0,0.0,0.0,0.0,0,Clear sky,3.7,11.6,68,
2026-03-09T04:00,44.8,40.2,0.0,0.0,0.0,0.0,0,Clear sky,3.5,6.7,72,
2026-03-09T05:00,42.9,38.3,0.0,0.0,0.0,0.0,0,Clear sky,3.4,7.6,76,
2026-03-09T06:00,41.5,37.0,0.0,0.0,0.0,0.0,0,Clear sky,2.8,6.9,78,
2026-03-09T07:00,40.3,35.8,0.0,0.0,0.0,0.0,0,Clear sky,2.5,4.9,80,
2026-03-09T08:00,41.7,37.5,0.0,0.0,0.0,0.0,0,Clear sky,2.3,4.9,78,
2026-03-09T09:00,45.1,40.8,0.0,0.0,0.0,0.0,0,Clear sky,3.4,7.6,74,
2026-03-09T10:00,50.3,46.6,0.0,0.0,0.0,0.0,0,Clear sky,3.0,8.9,68,
2026-03-09T11:00,55.7,52.1,0.0,0.0,0.0,0.0,0,Clear sky,4.0,11.9,61,
2026-03-09T12:00,60.7,58.2,0.0,0.0,0.0,0.0,0,Clear sky,5.1,14.1,54,
2026-03-09T13:00,64.0,61.1,0.0,0.0,0.0,0.0,0,Clear sky,6.4,16.8,43,
2026-03-09T14:00,66.9,63.1,0.0,0.0,0.0,0.0,0,Clear sky,6.9,18.1,34,
2026-03-09T15:00,68.6,64.2,0.0,0.0,0.0,0.0,0,Clear sky,7.1,17.2,33,
2026-03-09T16:00,68.9,63.5,0.0,0.0,0.0,0.0,0,Clear sky,7.6,18.6,35,
2026-03-09T17:00,66.4,62.6,0.0,0.0,0.0,0.0,0,Clear sky,5.9,17.4,46,
2026-03-09T18:00,61.5,59.1,0.0,0.0,0.0,0.0,0,Clear sky,5.3,13.6,65,
2026-03-09T19:00,56.1,54.1,0.0,0.0,0.0,0.0,0,Clear sky,4.4,11.6,78,
2026-03-09T20:00,55.0,51.9,0.0,0.0,0.0,0.0,0,Clear sky,5.2,10.1,73,
2026-03-09T21:00,55.0,51.7,0.0,0.0,0.0,0.0,0,Clear sky,5.2,11.2,71,
2026-03-09T22:00,53.7,50.6,0.0,0.0,0.0,0.0,0,Clear sky,4.5,10.7,73,
2026-03-09T23:00,51.7,48.9,0.0,0.0,0.0,0.0,0,Clear sky,3.7,9.2,78,
2026-03-10T00:00,50.1,47.3,0.0,0.0,0.0,0.0,0,Clear sky,3.1,7.4,80,
2026-03-10T01:00,49.8,46.7,0.0,0.0,0.0,0.0,0,Clear sky,3.3,6.5,78,
2026-03-10T02:00,49.0,45.6,0.0,0.0,0.0,0.0,0,Clear sky,3.2,6.5,75,
2026-03-10T03:00,48.0,44.3,0.0,0.0,0.0,0.0,0,Clear sky,3.3,6.0,74,
2026-03-10T04:00,46.9,43.0,0.0,0.0,0.0,0.0,0,Clear sky,3.2,5.8,76,
2026-03-10T05:00,46.0,42.1,0.0,0.0,0.0,0.0,0,Clear sky,3.3,6.3,77,
2026-03-10T06:00,44.8,40.8,0.0,0.0,0.0,0.0,0,Clear sky,3.3,6.3,80,
2026-03-10T07:00,44.2,40.0,0.0,0.0,0.0,0.0,0,Clear sky,3.6,7.2,81,
2026-03-10T08:00,45.1,41.2,0.0,0.0,0.0,0.0,0,Clear sky,3.4,7.2,82,
2026-03-10T09:00,48.9,45.5,0.0,0.0,0.0,0.0,0,Clear sky,3.5,7.8,77,
2026-03-10T10:00,53.9,51.5,0.0,0.0,0.0,0.0,0,Clear sky,2.8,8.7,73,
2026-03-10T11:00,59.0,57.3,0.0,0.0,0.0,0.0,0,Clear sky,2.9,9.8,67,
2026-03-10T12:00,64.1,63.7,0.0,0.0,0.0,0.0,0,Clear sky,4.2,12.5,62,
2026-03-10T13:00,68.3,68.6,0.0,0.0,0.0,0.0,0,Clear sky,5.1,14.3,57,
2026-03-10T14:00,74.9,73.6,0.0,0.0,0.0,0.0,0,Clear sky,6.8,15.7,40,
2026-03-10T15:00,75.9,73.9,0.0,0.0,0.0,0.0,0,Clear sky,7.3,18.1,40,
2026-03-10T16:00,74.9,73.7,0.0,0.0,0.0,0.0,0,Clear sky,5.7,17.9,48,
2026-03-10T17:00,71.2,72.5,0.0,0.0,0.0,0.0,1,Mainly clear,4.5,14.1,66,
2026-03-10T18:00,69.6,71.0,0.0,0.0,0.0,0.0,0,Clear sky,3.9,11.2,69,
2026-03-10T19:00,66.2,65.5,0.0,0.0,0.0,0.0,0,Clear sky,4.1,8.7,63,
2026-03-10T20:00,64.7,62.9,0.0,0.0,0.0,0.0,0,Clear sky,4.5,9.4,60,
2026-03-10T21:00,65.6,63.1,0.0,0.0,0.0,0.0,0,Clear sky,5.0,10.3,55,
2026-03-10T22:00,64.5,61.6,0.0,0.0,0.0,0.0,0,Clear sky,5.5,11.4,55,
2026-03-10T23:00,62.2,59.6,0.0,0.0,0.0,0.0,0,Clear sky,5.0,11.0,59,
2026-03-11T00:00,61.0,58.1,0.0,0.0,0.0,0.0,0,Clear sky,5.1,10.3,61,
2026-03-11T01:00,59.5,56.7,0.0,0.0,0.0,0.0,0,Clear sky,4.7,10.3,62,
2026-03-11T02:00,57.7,55.1,0.0,0.0,0.0,0.0,0,Clear sky,3.8,9.4,65,
2026-03-11T03:00,56.8,54.3,0.0,0.0,0.0,0.0,0,Clear sky,3.4,7.4,66,
2026-03-11T04:00,55.6,53.0,0.0,0.0,0.0,0.0,2,Partly cloudy,3.2,6.5,68,
2026-03-11T05:00,55.2,52.4,0.0,0.0,0.0,0.0,1,Mainly clear,3.4,6.5,67,
2026-03-11T06:00,54.3,51.1,0.0,0.0,0.0,0.0,3,Overcast,4.1,7.8,69,
2026-03-11T07:00,52.9,49.8,0.0,0.0,0.0,0.0,1,Mainly clear,4.0,8.1,73,
2026-03-11T08:00,54.3,51.5,0.0,0.0,0.0,0.0,0,Clear sky,4.1,10.1,73,
2026-03-11T09:00,57.0,54.2,0.0,0.0,0.0,0.0,3,Overcast,5.7,10.3,73,
2026-03-11T10:00,59.5,58.0,0.0,0.0,0.0,0.0,0,Clear sky,3.6,11.2,72,
2026-03-11T11:00,61.7,60.2,0.0,0.0,0.0,0.0,0,Clear sky,4.7,13.6,69,
2026-03-11T12:00,64.4,63.7,0.0,0.0,0.0,0.0,0,Clear sky,5.9,16.3,67,
2026-03-11T13:00,66.7,67.3,0.0,0.0,0.0,0.0,3,Overcast,6.1,17.0,66,
2026-03-11T14:00,64.8,63.2,0.0,0.0,0.0,0.0,2,Partly cloudy,6.4,17.0,67,
2026-03-11T15:00,68.4,68.3,0.0,0.0,0.0,0.0,3,Overcast,5.4,17.4,67,
2026-03-11T16:00,73.2,73.7,0.0,0.0,0.0,0.0,3,Overcast,7.7,18.8,65,
2026-03-11T17:00,63.4,62.5,0.0,0.0,0.0,0.0,3,Overcast,7.5,18.8,79,
2026-03-11T18:00,60.7,58.6,0.0,0.0,0.0,0.0,2,Partly cloudy,8.7,17.7,81,
2026-03-11T19:00,61.3,58.9,0.0,0.0,0.0,0.0,2,Partly cloudy,9.2,22.6,79,
2026-03-11T20:00,66.0,64.5,0.0,0.0,0.0,0.0,3,Overcast,9.5,19.9,74,
2026-03-11T21:00,64.8,65.9,0.043,0.043,0.0,0.0,55,Dense drizzle,4.1,19.2,80,
2026-03-11T22:00,62.2,62.4,0.028,0.028,0.0,0.0,53,Moderate drizzle,6.0,10.5,87,
2026-03-11T23:00,62.1,62.4,0.012,0.012,0.0,0.0,51,Light drizzle,6.1,12.8,89,
2026-03-12T00:00,63.1,63.1,0.087,0.087,0.0,0.0,61,Slight rain,8.7,19.9,91,
2026-03-12T01:00,63.3,63.0,0.181,0.181,0.0,0.0,63,Moderate rain,9.9,26.2,93,
2026-03-12T02:00,62.0,64.2,0.004,0.004,0.0,0.0,51,Light drizzle,2.6,19.9,92,
2026-03-12T03:00,59.7,61.4,0.0,0.0,0.0,0.0,3,Overcast,3.3,5.4,98,
2026-03-12T04:00,57.2,57.4,0.0,0.0,0.0,0.0,3,Overcast,4.6,10.3,98,
2026-03-12T05:00,56.4,56.8,0.0,0.0,0.0,0.0,3,Overcast,3.3,8.9,97,
2026-03-12T06:00,58.2,58.1,0.0,0.0,0.0,0.0,3,Overcast,5.7,10.1,96,
2026-03-12T07:00,60.3,58.7,0.008,0.008,0.0,0.0,51,Light drizzle,10.0,17.2,93,
2026-03-12T08:00,54.5,50.3,0.012,0.012,0.0,0.0,51,Light drizzle,10.4,34.7,86,
2026-03-12T09:00,49.2,41.7,0.055,0.055,0.0,0.0,61,Slight rain,14.4,29.5,84,
2026-03-12T10:00,43.9,35.4,0.043,0.043,0.0,0.0,55,Dense drizzle,13.4,30.9,80,
2026-03-12T11:00,42.0,33.1,0.02,0.02,0.0,0.0,53,Moderate drizzle,13.2,30.0,76,
2026-03-12T12:00,41.3,32.6,0.012,0.012,0.0,0.0,51,Light drizzle,12.1,30.6,73,
2026-03-12T13:00,40.3,31.3,0.008,0.008,0.0,0.0,51,Light drizzle,11.9,29.5,70,
2026-03-12T14:00,40.6,32.3,0.004,0.004,0.0,0.0,51,Light drizzle,10.9,27.1,74,
2026-03-12T15:00,40.3,32.3,0.012,0.012,0.0,0.0,51,Light drizzle,10.0,25.1,74,
2026-03-12T16:00,37.7,31.3,0.024,0.024,0.0,0.0,53,Moderate drizzle,6.6,24.4,84,
2026-03-12T17:00,37.0,29.9,0.031,0.028,0.028,0.0,71,Slight snowfall,8.2,18.1,87,
2026-03-12T18:00,36.4,30.1,0.031,0.016,0.11,0.0,73,Moderate snowfall,6.1,18.3,85,
2026-03-12T19:00,35.9,29.2,0.02,0.012,0.055,0.0,71,Slight snowfall,6.7,17.0,84,
2026-03-12T20:00,34.9,28.3,0.004,0.004,0.0,0.0,51,Light drizzle,7.4,17.4,98,
2026-03-12T21:00,35.1,28.2,0.0,0.0,0.0,0.0,1,Mainly clear,6.7,15.0,83,
2026-03-12T22:00,35.2,27.6,0.0,0.0,0.0,0.0,0,Clear sky,7.3,16.6,72,
2026-03-12T23:00,35.2,26.7,0.0,0.0,0.0,0.0,0,Clear sky,8.3,18.3,63,
2026-03-13T00:00,34.5,25.4,0.0,0.0,0.0,0.0,0,Clear sky,9.3,20.6,58,
2026-03-13T01:00,34.0,25.3,0.0,0.0,0.0,0.0,0,Clear sky,8.1,20.6,57,
2026-03-13T02:00,34.2,24.9,0.0,0.0,0.0,0.0,0,Clear sky,9.0,18.3,53,
2026-03-13T03:00,33.3,24.4,0.0,0.0,0.0,0.0,0,Clear sky,7.9,20.4,54,
2026-03-13T04:00,31.8,23.0,0.0,0.0,0.0,0.0,0,Clear sky,7.5,18.6,53,
2026-03-13T05:00,30.6,22.6,0.0,0.0,0.0,0.0,0,Clear sky,5.4,16.6,56,
2026-03-13T06:00,29.8,21.8,0.0,0.0,0.0,0.0,0,Clear sky,5.9,12.8,61,
2026-03-13T07:00,29.2,22.0,0.0,0.0,0.0,0.0,0,Clear sky,4.3,13.0,65,
2026-03-13T08:00,30.1,23.0,0.0,0.0,0.0,0.0,1,Mainly clear,4.3,9.2,66,
2026-03-13T09:00,33.2,26.3,0.0,0.0,0.0,0.0,3,Overcast,4.0,11.0,62,
2026-03-13T10:00,36.2,28.6,0.0,0.0,0.0,0.0,3,Overcast,5.4,15.0,52,
2026-03-13T11:00,38.6,30.8,0.0,0.0,0.0,0.0,3,Overcast,5.9,16.8,48,
2026-03-13T12:00,40.1,31.7,0.0,0.0,0.0,0.0,3,Overcast,7.5,19.9,46,
2026-03-13T13:00,40.2,31.3,0.0,0.0,0.0,0.0,3,Overcast,8.5,20.6,45,
2026-03-13T14:00,40.3,31.1,0.0,0.0,0.0,0.0,3,Overcast,9.4,23.5,45,
2026-03-13T15:00,41.5,31.9,0.0,0.0,0.0,0.0,3,Overcast,11.1,26.8,48,
2026-03-13T16:00,39.6,29.7,0.0,0.0,0.0,0.0,3,Overcast,11.8,29.1,55,
2026-03-13T17:00,39.0,29.4,0.0,0.0,0.0,0.0,3,Overcast,11.8,27.5,59,
2026-03-13T18:00,38.9,29.6,0.0,0.0,0.0,0.0,2,Partly cloudy,11.2,26.8,61,
2026-03-13T19:00,38.9,29.2,0.0,0.0,0.0,0.0,3,Overcast,12.2,28.9,60,
2026-03-13T20:00,38.4,29.6,0.0,0.0,0.0,0.0,2,Partly cloudy,10.5,27.5,67,
2026-03-13T21:00,38.6,29.6,0.0,0.0,0.0,0.0,0,Clear sky,11.2,25.3,69,
2026-03-13T22:00,38.9,30.7,0.0,0.0,0.0,0.0,1,Mainly clear,10.0,24.8,71,
2026-03-13T23:00,37.9,30.7,0.106,0.024,0.579,0.033,75,Heavy snowfall,7.5,26.8,73,
2026-03-14T00:00,37.8,31.0,0.0,0.0,0.0,0.033,0,Clear sky,7.0,14.8,79,
2026-03-14T01:00,37.3,30.8,0.0,0.0,0.0,0.033,0,Clear sky,6.2,13.4,80,
2026-03-14T02:00,36.5,30.1,0.0,0.0,0.0,0.033,0,Clear sky,6.2,12.5,84,
2026-03-14T03:00,36.2,30.0,0.0,0.0,0.0,0.033,0,Clear sky,5.5,12.1,84,
2026-03-14T04:00,36.1,29.8,0.0,0.0,0.0,0.033,0,Clear sky,5.5,12.1,84,
2026-03-14T05:00,35.7,29.5,0.004,0.004,0.0,0.033,51,Light drizzle,5.2,10.5,82,
2026-03-14T06:00,36.1,29.2,0.0,0.0,0.0,0.033,0,Clear sky,6.8,13.0,79,
2026-03-14T07:00,40.4,30.8,0.0,0.0,0.0,0.033,1,Mainly clear,12.3,24.8,62,
2026-03-14T08:00,40.6,31.9,0.0,0.0,0.0,0.0,0,Clear sky,10.3,28.0,61,
2026-03-14T09:00,42.8,33.2,0.0,0.0,0.0,0.0,0,Clear sky,12.0,25.1,52,
2026-03-14T10:00,45.0,33.9,0.0,0.0,0.0,0.0,1,Mainly clear,14.4,32.4,43,
2026-03-14T11:00,46.2,34.2,0.0,0.0,0.0,0.0,0,Clear sky,16.6,41.2,39,
2026-03-14T12:00,46.9,35.8,0.0,0.0,0.0,0.0,1,Mainly clear,16.8,39.4,38,
2026-03-14T13:00,47.5,36.9,0.0,0.0,0.0,0.0,1,Mainly clear,16.7,40.7,35,
2026-03-14T14:00,49.0,37.9,0.0,0.0,0.0,0.0,1,Mainly clear,17.4,40.3,32,
2026-03-14T15:00,50.0,38.8,0.0,0.0,0.0,0.0,0,Clear sky,16.5,39.1,30,
2026-03-14T16:00,49.8,38.0,0.0,0.0,0.0,0.0,0,Clear sky,15.2,38.7,30,
2026-03-14T17:00,49.1,38.5,0.0,0.0,0.0,0.0,0,Clear sky,12.6,34.7,31,
2026-03-14T18:00,46.9,37.5,0.0,0.0,0.0,0.0,0,Clear sky,10.1,28.2,37,
2026-03-14T19:00,43.3,34.6,0.0,0.0,0.0,0.0,1,Mainly clear,8.5,22.8,43,
2026-03-14T20:00,42.1,34.4,0.0,0.0,0.0,0.0,1,Mainly clear,6.0,18.8,44,
2026-03-14T21:00,40.5,33.0,0.0,0.0,0.0,0.0,3,Overcast,5.7,12.5,49,
2026-03-14T22:00,38.9,31.5,0.0,0.0,0.0,0.0,3,Overcast,5.6,12.3,52,
2026-03-14T23:00,37.3,30.0,0.0,0.0,0.0,0.0,3,Overcast,5.5,12.3,55,
2026-03-15T00:00,35.7,28.1,0.0,0.0,0.0,0.0,1,Mainly clear,6.1,12.8,59,
2026-03-15T01:00,34.5,26.9,0.0,0.0,0.0,0.0,3,Overcast,6.2,13.4,62,
2026-03-15T02:00,36.1,29.0,0.0,0.0,0.0,0.0,3,Overcast,4.9,13.4,57,
2026-03-15T03:00,36.1,29.4,0.0,0.0,0.0,0.0,3,Overcast,3.8,10.3,58,
2026-03-15T04:00,35.8,28.6,0.0,0.0,0.0,0.0,3,Overcast,5.2,10.7,59,
2026-03-15T05:00,35.2,28.5,0.0,0.0,0.0,0.0,3,Overcast,4.0,12.3,62,
2026-03-15T06:00,35.1,28.4,0.0,0.0,0.0,0.0,3,Overcast,4.2,8.5,64,
2026-03-15T07:00,34.4,27.1,0.0,0.0,0.0,0.0,2,Partly cloudy,5.7,12.3,65,
2026-03-15T08:00,34.1,27.3,0.0,0.0,0.0,0.0,3,Overcast,4.8,12.8,70,
2026-03-15T09:00,35.6,28.7,0.0,0.0,0.0,0.0,3,Overcast,4.9,12.5,65,
2026-03-15T10:00,38.0,30.9,0.0,0.0,0.0,0.0,3,Overcast,5.4,15.2,56,
2026-03-15T11:00,40.1,33.0,0.0,0.0,0.0,0.0,3,Overcast,5.3,15.7,53,
2026-03-15T12:00,43.0,36.7,0.0,0.0,0.0,0.0,3,Overcast,5.7,16.6,51,
2026-03-15T13:00,44.2,36.5,0.0,0.0,0.0,0.0,3,Overcast,8.3,21.7,44,
2026-03-15T14:00,41.7,32.8,0.0,0.0,0.0,0.0,3,Overcast,8.8,23.9,43,
2026-03-15T15:00,40.0,31.6,0.0,0.0,0.0,0.0,3,Overcast,7.9,21.5,50,
2026-03-15T16:00,39.6,31.5,0.0,0.0,0.0,0.0,3,Overcast,8.1,19.5,59,
2026-03-15T17:00,39.8,32.2,0.0,0.0,0.0,0.0,3,Overcast,8.1,19.9,65,
2026-03-15T18:00,39.9,32.5,0.0,0.0,0.0,0.0,3,Overcast,8.3,19.2,71,
2026-03-15T19:00,39.6,32.1,0.0,0.0,0.0,0.0,3,Overcast,8.9,19.9,77,
2026-03-15T20:00,40.3,33.2,0.0,0.0,0.0,0.0,3,Overcast,8.6,21.0,79,
2026-03-15T21:00,42.0,35.0,0.0,0.0,0.0,0.0,3,Overcast,9.1,20.4,80,
2026-03-15T22:00,43.6,36.6,0.0,0.0,0.0,0.0,3,Overcast,9.8,21.5,80,
2026-03-15T23:00,44.5,37.6,0.0,0.0,0.0,0.0,3,Overcast,9.8,21.5,78,
2026-03-16T00:00,45.5,38.6,0.0,0.0,0.0,0.0,3,Overcast,10.3,22.6,78,
2026-03-16T01:00,46.6,40.1,0.004,0.004,0.0,0.0,51,Light drizzle,10.3,22.8,83,
2026-03-16T02:00,47.6,41.7,0.0,0.0,0.0,0.0,3,Overcast,9.6,23.3,83,
2026-03-16T03:00,48.4,42.2,0.0,0.0,0.0,0.0,3,Overcast,11.0,24.4,85,
2026-03-16T04:00,49.3,44.1,0.0,0.0,0.0,0.0,3,Overcast,9.5,23.7,87,
2026-03-16T05:00,48.4,44.2,0.071,0.071,0.0,0.0,61,Slight rain,7.8,20.4,94,
2026-03-16T06:00,49.2,44.5,0.067,0.067,0.0,0.0,61,Slight rain,9.9,19.2,96,
2026-03-16T07:00,50.3,46.5,0.0,0.0,0.0,0.0,3,Overcast,9.0,20.4,99,
2026-03-16T08:00,52.3,48.5,0.087,0.087,0.0,0.0,61,Slight rain,10.6,19.5,99,
2026-03-16T09:00,53.0,49.5,0.004,0.004,0.0,0.0,51,Light drizzle,10.1,22.4,98,
2026-03-16T10:00,54.8,51.1,0.0,0.0,0.0,0.0,3,Overcast,11.8,23.9,98,
2026-03-16T11:00,55.0,51.4,0.0,0.0,0.0,0.0,3,Overcast,11.4,24.4,97,
2026-03-16T12:00,56.8,54.0,0.0,0.0,0.0,0.0,3,Overcast,10.6,25.1,95,
2026-03-16T13:00,57.7,54.4,0.0,0.0,0.0,0.0,3,Overcast,12.0,25.7,93,
2026-03-16T14:00,61.5,61.3,0.0,0.0,0.0,0.0,3,Overcast,7.4,26.6,91,
2026-03-16T15:00,62.8,60.4,0.004,0.004,0.0,0.0,51,Light drizzle,12.9,28.4,88,
2026-03-16T16:00,59.0,56.3,0.035,0.035,0.0,0.0,53,Moderate drizzle,11.9,33.1,94,
2026-03-16T17:00,56.5,52.5,0.102,0.102,0.0,0.0,63,Moderate rain,13.7,34.0,98,
2026-03-16T18:00,55.1,49.5,0.11,0.11,0.0,0.0,63,Moderate rain,16.4,37.4,97,
2026-03-16T19:00,55.9,50.9,0.067,0.067,0.0,0.0,61,Slight rain,15.3,33.6,96,
2026-03-16T20:00,56.7,53.2,0.114,0.114,0.0,0.0,63,Moderate rain,12.4,33.6,97,
2026-03-16T21:00,57.8,54.4,0.024,0.024,0.0,0.0,53,Moderate drizzle,13.1,29.3,96,
2026-03-16T22:00,56.6,51.9,0.0,0.0,0.0,0.0,3,Overcast,15.5,32.0,98,
2026-03-16T23:00,55.8,50.3,0.0,0.0,0.0,0.0,3,Overcast,16.4,34.7,96,
2026-03-17T00:00,56.2,49.4,0.0,0.0,0.0,0.0,3,Overcast,19.8,43.2,95,
2026-03-17T01:00,48.8,38.0,0.087,0.087,0.0,0.0,61,Slight rain,21.4,51.9,80,
2026-03-17T02:00,43.8,35.5,0.0,0.0,0.0,0.0,3,Overcast,12.1,45.9,73,
2026-03-17T03:00,41.8,32.8,0.004,0.004,0.0,0.0,51,Light drizzle,13.3,33.8,75,
2026-03-17T04:00,39.0,28.9,0.0,0.0,0.0,0.0,3,Overcast,14.3,34.0,70,
2026-03-17T05:00,36.8,25.8,0.0,0.0,0.0,0.0,1,Mainly clear,14.2,34.9,59,
2026-03-17T06:00,35.2,24.6,0.0,0.0,0.0,0.0,0,Clear sky,13.0,32.4,59,
2026-03-17T07:00,33.4,22.3,0.0,0.0,0.0,0.0,0,Clear sky,13.5,29.3,54,
2026-03-17T08:00,33.8,22.3,0.0,0.0,0.0,0.0,0,Clear sky,14.1,30.6,50,
2026-03-17T09:00,34.6,22.8,0.0,0.0,0.0,0.0,1,Mainly clear,14.7,35.8,47,
2026-03-17T10:00,36.1,24.1,0.0,0.0,0.0,0.0,3,Overcast,15.1,36.5,47,
2026-03-17T11:00,36.1,25.0,0.0,0.0,0.0,0.0,3,Overcast,13.4,35.3,48,
2026-03-17T12:00,37.0,25.6,0.0,0.0,0.0,0.0,0,Clear sky,13.5,33.3,42,
2026-03-17T13:00,39.6,30.0,0.0,0.0,0.0,0.0,2,Partly cloudy,13.2,35.6,32,
2026-03-17T14:00,40.3,30.0,0.0,0.0,0.0,0.0,2,Partly cloudy,15.0,37.4,35,
2026-03-17T15:00,39.7,29.3,0.0,0.0,0.0,0.0,2,Partly cloudy,14.3,36.5,37,
2026-03-17T16:00,39.2,28.2,0.0,0.0,0.0,0.0,1,Mainly clear,12.8,34.0,38,
2026-03-17T17:00,38.4,27.0,0.0,0.0,0.0,0.0,2,Partly cloudy,13.3,32.4,38,
2026-03-17T18:00,37.0,26.1,0.0,0.0,0.0,0.0,3,Overcast,12.0,30.9,38,
2026-03-17T19:00,35.6,26.3,0.0,0.0,0.0,0.0,3,Overcast,8.4,31.1,44,
2026-03-17T20:00,35.4,26.9,0.0,0.0,0.0,0.0,3,Overcast,6.9,19.0,47,
2026-03-17T21:00,34.0,24.7,0.004,0.0,0.028,0.0,71,Slight snowfall,9.0,20.6,53,
2026-03-17T22:00,33.1,23.6,0.0,0.0,0.0,0.0,0,Clear sky,9.3,20.8,52,
2026-03-17T23:00,31.3,22.5,0.0,0.0,0.0,0.0,0,Clear sky,7.6,20.6,56,
2026-03-18T00:00,29.9,21.1,0.0,0.0,0.0,0.0,0,Clear sky,7.9,18.3,60,
2026-03-18T01:00,29.0,20.3,0.0,0.0,0.0,0.0,0,Clear sky,7.4,18.1,60,
2026-03-18T02:00,29.1,20.7,0.0,0.0,0.0,0.0,0,Clear sky,6.7,16.6,59,
2026-03-18T03:00,28.0,19.4,0.0,0.0,0.0,0.0,0,Clear sky,6.8,15.0,56,
2026-03-18T04:00,27.0,17.8,0.0,0.0,0.0,0.0,0,Clear sky,7.2,16.6,50,
2026-03-18T05:00,26.0,17.1,0.0,0.0,0.0,0.0,0,Clear sky,6.6,16.8,52,
2026-03-18T06:00,25.2,16.4,0.0,0.0,0.0,0.0,0,Clear sky,6.3,15.7,53,
2026-03-18T07:00,24.7,16.3,0.0,0.0,0.0,0.0,3,Overcast,5.5,14.5,54,
2026-03-18T08:00,26.0,16.9,0.0,0.0,0.0,0.0,3,Overcast,6.8,13.9,49,
2026-03-18T09:00,27.1,18.0,0.0,0.0,0.0,0.0,3,Overcast,6.9,17.4,46,
2026-03-18T10:00,28.0,19.1,0.0,0.0,0.0,0.0,3,Overcast,6.3,17.2,44,
2026-03-18T11:00,29.0,20.5,0.0,0.0,0.0,0.0,3,Overcast,5.6,16.8,43,
2026-03-18T12:00,30.8,22.9,0.0,0.0,0.0,0.0,3,Overcast,4.2,16.1,43,
2026-03-18T13:00,32.6,26.2,0.0,0.0,0.0,0.0,0,Clear sky,1.3,13.4,43,
2026-03-18T14:00,34.3,30.4,0.0,0.0,0.0,0.0,0,Clear sky,1.9,10.5,38,
2026-03-18T15:00,36.0,30.3,0.0,0.0,0.0,0.0,0,Clear sky,4.3,14.3,39,
2026-03-18T16:00,35.8,27.9,0.0,0.0,0.0,0.0,0,Clear sky,6.4,17.9,39,
2026-03-18T17:00,34.5,25.9,0.0,0.0,0.0,0.0,0,Clear sky,6.2,18.1,40,
2026-03-18T18:00,32.5,24.0,0.0,0.0,0.0,0.0,0,Clear sky,6.0,16.8,45,
2026-03-18T19:00,30.7,23.0,0.0,0.0,0.0,0.0,0,Clear sky,4.6,15.2,54,
2026-03-18T20:00,30.1,22.4,0.0,0.0,0.0,0.0,0,Clear sky,5.2,10.7,62,
2026-03-18T21:00,29.2,21.8,0.0,0.0,0.0,0.0,0,Clear sky,4.8,11.4,65,
2026-03-18T22:00,28.9,21.8,0.0,0.0,0.0,0.0,0,Clear sky,4.1,10.7,68,
2026-03-18T23:00,28.7,22.0,0.0,0.0,0.0,0.0,0,Clear sky,3.5,8.7,72,
2026-03-19T00:00,28.8,22.2,0.0,0.0,0.0,0.0,0,Clear sky,3.3,8.1,74,
2026-03-19T01:00,28.9,22.8,0.0,0.0,0.0,0.0,0,Clear sky,2.5,7.2,76,
2026-03-19T02:00,29.8,23.3,0.0,0.0,0.0,0.0,0,Clear sky,3.4,5.8,73,
2026-03-19T03:00,30.0,23.2,0.0,0.0,0.0,0.0,1,Mainly clear,4.2,8.9,73,
2026-03-19T04:00,30.0,23.8,0.0,0.0,0.0,0.0,3,Overcast,2.9,9.4,75,
2026-03-19T05:00,29.6,23.7,0.0,0.0,0.0,0.0,2,Partly cloudy,2.3,6.3,78,
2026-03-19T06:00,29.3,23.5,0.0,0.0,0.0,0.0,3,Overcast,2.2,4.9,80,
2026-03-19T07:00,30.1,24.7,0.0,0.0,0.0,0.0,3,Overcast,1.6,4.5,81,
2026-03-19T08:00,31.5,26.4,0.0,0.0,0.0,0.0,3,Overcast,0.5,4.0,76,
2026-03-19T09:00,32.8,27.5,0.0,0.0,0.0,0.0,3,Overcast,1.5,5.8,74,
2026-03-19T10:00,36.0,29.5,0.0,0.0,0.0,0.0,3,Overcast,4.0,11.6,64,
2026-03-19T11:00,38.6,31.6,0.0,0.0,0.0,0.0,3,Overcast,5.0,14.8,56,
2026-03-19T12:00,39.3,32.0,0.0,0.0,0.0,0.0,3,Overcast,5.4,15.0,51,
2026-03-19T13:00,39.5,32.0,0.0,0.0,0.0,0.0,3,Overcast,5.6,15.2,50,
2026-03-19T14:00,39.5,33.2,0.0,0.0,0.0,0.0,3,Overcast,4.6,16.8,52,
2026-03-19T15:00,40.5,33.5,0.0,0.0,0.0,0.0,3,Overcast,5.1,14.3,54,
2026-03-19T16:00,39.8,32.8,0.0,0.0,0.0,0.0,0,Clear sky,5.5,14.5,57,
2026-03-19T17:00,40.7,34.0,0.0,0.0,0.0,0.0,0,Clear sky,5.0,15.7,56,
2026-03-19T18:00,39.7,33.1,0.0,0.0,0.0,0.0,0,Clear sky,4.5,14.1,58,
2026-03-19T19:00,37.1,30.8,0.0,0.0,0.0,0.0,0,Clear sky,4.3,11.2,66,
2026-03-19T20:00,36.5,30.1,0.0,0.0,0.0,0.0,2,Partly cloudy,4.7,12.1,70,
2026-03-19T21:00,37.0,30.6,0.0,0.0,0.0,0.0,2,Partly cloudy,4.9,10.7,71,
2026-03-19T22:00,36.0,29.8,0.0,0.0,0.0,0.0,3,Overcast,4.3,10.7,75,
2026-03-19T23:00,35.7,30.1,0.0,0.0,0.0,0.0,3,Overcast,3.4,9.2,78,
2026-03-20T00:00,36.0,30.5,0.0,0.0,0.0,0.0,3,Overcast,3.2,7.4,79,
2026-03-20T01:00,36.5,30.8,0.0,0.0,0.0,0.0,1,Mainly clear,3.7,7.4,77,
2026-03-20T02:00,36.3,30.4,0.0,0.0,0.0,0.0,0,Clear sky,4.0,8.7,75,
2026-03-20T03:00,35.1,29.3,0.0,0.0,0.0,0.0,0,Clear sky,3.3,8.1,76,
2026-03-20T04:00,34.2,28.5,0.0,0.0,0.0,0.0,0,Clear sky,3.0,6.7,78,
2026-03-20T05:00,33.9,28.2,0.0,0.0,0.0,0.0,0,Clear sky,3.1,6.0,79,
2026-03-20T06:00,33.6,27.8,0.0,0.0,0.0,0.0,0,Clear sky,3.3,6.7,80,
2026-03-20T07:00,33.4,27.6,0.0,0.0,0.0,0.0,0,Clear sky,3.3,6.7,81,
2026-03-20T08:00,35.6,29.7,0.0,0.0,0.0,0.0,1,Mainly clear,4.3,7.4,81,
2026-03-20T09:00,38.5,33.4,0.0,0.0,0.0,0.0,3,Overcast,2.9,8.7,77,
2026-03-20T10:00,42.2,37.2,0.0,0.0,0.0,0.0,3,Overcast,3.5,11.4,73,
2026-03-20T11:00,45.9,41.1,0.0,0.0,0.0,0.0,2,Partly cloudy,4.4,13.4,69,
2026-03-20T12:00,49.5,45.8,0.0,0.0,0.0,0.0,3,Overcast,5.8,16.6,65,
2026-03-20T13:00,51.2,47.0,0.0,0.0,0.0,0.0,3,Overcast,7.5,20.4,61,
2026-03-20T14:00,53.6,49.4,0.0,0.0,0.0,0.0,3,Overcast,8.3,21.7,56,
2026-03-20T15:00,54.1,49.3,0.0,0.0,0.0,0.0,3,Overcast,8.3,21.7,60,
2026-03-20T16:00,53.6,48.2,0.0,0.0,0.0,0.0,3,Overcast,7.8,21.0,64,
2026-03-20T17:00,51.2,45.6,0.0,0.0,0.0,0.0,3,Overcast,7.9,19.5,67,
2026-03-20T18:00,50.5,43.1,0.0,0.0,0.0,0.0,3,Overcast,12.2,22.8,70,
2026-03-20T19:00,53.2,46.5,0.004,0.004,0.0,0.0,51,Light drizzle,10.6,25.3,62,
2026-03-20T20:00,53.4,48.2,0.02,0.02,0.0,0.0,53,Moderate drizzle,8.2,24.2,68,
2026-03-20T21:00,50.7,46.5,0.055,0.055,0.0,0.0,61,Slight rain,7.6,16.8,84,
2026-03-20T22:00,49.6,44.9,0.051,0.051,0.0,0.0,61,Slight rain,9.1,17.7,89,
2026-03-20T23:00,49.1,45.1,0.008,0.008,0.0,0.0,51,Light drizzle,7.3,18.6,90,
2026-03-21T00:00,48.5,44.7,0.004,0.004,0.0,0.0,51,Light drizzle,6.4,13.4,92,
2026-03-21T01:00,46.7,43.3,0.0,0.0,0.0,0.0,2,Partly cloudy,5.0,12.3,95,
2026-03-21T02:00,47.8,45.1,0.0,0.0,0.0,0.0,2,Partly cloudy,4.4,8.9,97,
2026-03-21T03:00,47.5,44.9,0.004,0.004,0.0,0.0,51,Light drizzle,4.1,7.2,97,
2026-03-21T04:00,46.9,44.2,0.0,0.0,0.0,0.0,0,Clear sky,4.2,7.8,97,
2026-03-21T05:00,46.9,43.7,0.0,0.0,0.0,0.0,3,Overcast,4.9,8.9,96,
2026-03-21T06:00,46.1,42.2,0.0,0.0,0.0,0.0,2,Partly cloudy,6.5,11.2,97,
2026-03-21T07:00,47.3,42.8,0.0,0.0,0.0,0.0,2,Partly cloudy,7.7,17.0,92,
2026-03-21T08:00,46.9,42.9,0.0,0.0,0.0,0.0,0,Clear sky,6.6,17.9,94,
2026-03-21T09:00,50.3,45.0,0.0,0.0,0.0,0.0,0,Clear sky,9.7,21.5,83,
2026-03-21T10:00,51.3,45.5,0.0,0.0,0.0,0.0,1,Mainly clear,9.9,24.2,75,
2026-03-21T11:00,51.1,45.1,0.0,0.0,0.0,0.0,1,Mainly clear,8.8,24.4,67,
2026-03-21T12:00,52.1,45.9,0.0,0.0,0.0,0.0,1,Mainly clear,9.3,23.3,62,
2026-03-21T13:00,53.7,49.2,0.0,0.0,0.0,0.0,1,Mainly clear,8.0,23.5,55,
2026-03-21T14:00,55.9,53.2,0.0,0.0,0.0,0.0,1,Mainly clear,5.7,21.0,51,
2026-03-21T15:00,56.8,53.5,0.0,0.0,0.0,0.0,1,Mainly clear,5.6,15.9,48,
2026-03-21T16:00,56.7,51.5,0.0,0.0,0.0,0.0,3,Overcast,6.2,16.8,46,
2026-03-21T17:00,55.4,49.1,0.0,0.0,0.0,0.0,3,Overcast,6.8,17.0,45,
2026-03-21T18:00,53.7,48.2,0.0,0.0,0.0,0.0,3,Overcast,5.3,16.6,50,
2026-03-21T19:00,51.4,47.2,0.0,0.0,0.0,0.0,3,Overcast,3.2,11.6,60,
2026-03-21T20:00,49.8,44.5,0.0,0.0,0.0,0.0,3,Overcast,6.0,11.4,64,
2026-03-21T21:00,46.0,40.5,0.0,0.0,0.0,0.0,3,Overcast,5.1,14.5,66,
2026-03-21T22:00,44.0,39.0,0.0,0.0,0.0,0.0,3,Overcast,3.9,11.0,70,
2026-03-21T23:00,42.8,37.6,0.0,0.0,0.0,0.0,3,Overcast,4.1,8.7,71,
2026-03-22T00:00,41.9,36.7,0.0,0.0,0.0,0.0,2,Partly cloudy,3.8,8.7,72,
2026-03-22T01:00,40.7,36.4,0.0,0.0,0.0,0.0,3,Overcast,2.0,7.8,77,
2026-03-22T02:00,41.6,37.4,0.0,0.0,0.0,0.0,3,Overcast,2.1,4.5,78,
2026-03-22T03:00,41.4,36.5,0.087,0.047,0.276,0.033,73,Moderate snowfall,3.2,5.4,74,
2026-03-22T04:00,41.5,37.3,0.02,0.016,0.028,0.0,71,Slight snowfall,2.1,6.9,77,
2026-03-22T05:00,41.2,36.3,0.0,0.0,0.0,0.0,3,Overcast,3.4,6.0,78,
2026-03-22T06:00,41.4,35.8,0.0,0.0,0.0,0.0,3,Overcast,5.5,10.5,80,
2026-03-22T07:00,41.5,35.4,0.0,0.0,0.0,0.0,3,Overcast,6.7,13.4,80,
2026-03-22T08:00,42.7,37.0,0.0,0.0,0.0,0.0,3,Overcast,7.0,14.3,84,
2026-03-22T09:00,45.9,40.7,0.0,0.0,0.0,0.0,2,Partly cloudy,7.4,17.0,85,
2026-03-22T10:00,49.7,43.2,0.0,0.0,0.0,0.0,2,Partly cloudy,11.9,28.9,80,
2026-03-22T11:00,52.8,47.4,0.0,0.0,0.0,0.0,3,Overcast,10.2,26.8,77,
2026-03-22T12:00,55.9,51.6,0.0,0.0,0.0,0.0,3,Overcast,8.5,24.2,73,
2026-03-22T13:00,60.3,57.1,0.0,0.0,0.0,0.0,3,Overcast,6.9,20.8,66,
2026-03-22T14:00,58.4,57.0,0.0,0.0,0.0,0.0,2,Partly cloudy,4.2,17.0,71,
2026-03-22T15:00,60.6,60.7,0.0,0.0,0.0,0.0,3,Overcast,4.0,14.8,70,
2026-03-22T16:00,61.3,60.1,0.0,0.0,0.0,0.0,3,Overcast,3.9,12.8,70,
2026-03-22T17:00,60.4,58.9,0.0,0.0,0.0,0.0,3,Overcast,4.9,13.6,73,
2026-03-22T18:00,58.1,56.5,0.0,0.0,0.0,0.0,3,Overcast,4.9,14.8,78,
2026-03-22T19:00,55.7,54.2,0.0,0.0,0.0,0.0,3,Overcast,4.7,11.4,86,
2026-03-22T20:00,53.9,52.7,0.0,0.0,0.0,0.0,3,Overcast,3.4,10.1,90,
2026-03-22T21:00,53.7,52.5,0.012,0.012,0.0,0.0,51,Light drizzle,3.4,9.4,90,
2026-03-22T22:00,52.3,50.8,0.173,0.173,0.0,0.0,63,Moderate rain,4.0,12.1,95,
2026-03-22T23:00,51.0,48.5,0.059,0.059,0.0,0.0,61,Slight rain,6.1,12.8,97,
2026-03-23T00:00,50.0,47.7,0.039,0.039,0.0,0.0,55,Dense drizzle,4.9,12.1,97,
2026-03-23T01:00,49.6,46.3,0.012,0.012,0.0,0.0,51,Light drizzle,7.2,16.1,96,
2026-03-23T02:00,49.1,45.1,0.0,0.0,0.0,0.0,3,Overcast,8.0,20.6,95,
2026-03-23T03:00,47.7,41.9,0.004,0.004,0.0,0.0,51,Light drizzle,10.7,21.9,92,
2026-03-23T04:00,45.9,41.0,0.071,0.071,0.0,0.0,61,Slight rain,7.9,22.6,93,
2026-03-23T05:00,44.6,39.3,0.102,0.102,0.0,0.0,63,Moderate rain,8.6,17.4,95,
2026-03-23T06:00,43.1,37.5,0.087,0.087,0.0,0.0,61,Slight rain,8.5,19.0,96,
2026-03-23T07:00,42.0,36.2,0.138,0.138,0.0,0.0,63,Moderate rain,8.4,18.3,96,
2026-03-23T08:00,40.6,34.5,0.055,0.055,0.0,0.0,61,Slight rain,8.4,18.3,96,
2026-03-23T09:00,40.6,33.6,0.008,0.008,0.0,0.0,51,Light drizzle,9.8,21.5,90,
2026-03-23T10:00,40.3,34.0,0.0,0.0,0.0,0.0,3,Overcast,7.8,21.7,89,
2026-03-23T11:00,39.8,33.3,0.004,0.004,0.0,0.0,51,Light drizzle,7.8,18.3,85,
2026-03-23T12:00,39.7,32.9,0.004,0.004,0.0,0.0,51,Light drizzle,8.2,19.5,82,
2026-03-23T13:00,39.7,32.9,0.008,0.008,0.0,0.0,51,Light drizzle,7.9,19.5,81,
2026-03-23T14:00,40.7,34.3,0.004,0.004,0.0,0.0,51,Light drizzle,7.8,19.0,83,
2026-03-23T15:00,40.5,34.1,0.004,0.004,0.0,0.0,51,Light drizzle,7.4,18.3,83,
2026-03-23T16:00,41.3,34.4,0.0,0.0,0.0,0.0,3,Overcast,8.2,19.9,77,
2026-03-23T17:00,41.7,34.4,0.0,0.0,0.0,0.0,3,Overcast,8.9,21.0,74,
2026-03-23T18:00,42.4,34.9,0.0,0.0,0.0,0.0,3,Overcast,8.7,20.4,68,
2026-03-23T19:00,41.5,33.5,0.0,0.0,0.0,0.0,2,Partly cloudy,9.2,21.5,65,
2026-03-23T20:00,38.1,29.1,0.0,0.0,0.0,0.0,2,Partly cloudy,10.6,24.4,63,
2026-03-23T21:00,37.0,27.8,0.0,0.0,0.0,0.0,1,Mainly clear,10.6,24.2,61,
2026-03-23T22:00,35.9,26.6,0.0,0.0,0.0,0.0,0,Clear sky,10.0,23.9,60,
2026-03-23T23:00,34.7,25.3,0.0,0.0,0.0,0.0,1,Mainly clear,10.1,23.5,60,
2026-03-24T00:00,33.9,24.9,0.0,0.0,0.0,0.0,0,Clear sky,9.1,22.8,61,
2026-03-24T01:00,33.5,25.0,0.0,0.0,0.0,0.0,0,Clear sky,8.0,20.4,61,
2026-03-24T02:00,33.6,25.4,0.0,0.0,0.0,0.0,1,Mainly clear,7.3,17.9,62,
2026-03-24T03:00,33.0,25.7,0.0,0.0,0.0,0.0,0,Clear sky,5.4,15.7,65,
2026-03-24T04:00,32.5,24.9,0.0,0.0,0.0,0.0,0,Clear sky,6.2,13.0,68,
2026-03-24T05:00,32.5,24.5,0.0,0.0,0.0,0.0,0,Clear sky,6.9,15.7,68,
2026-03-24T06:00,31.7,23.7,0.0,0.0,0.0,0.0,0,Clear sky,7.1,15.9,70,
2026-03-24T07:00,31.4,23.3,0.0,0.0,0.0,0.0,0,Clear sky,7.0,15.9,68,
2026-03-24T08:00,32.9,25.5,0.0,0.0,0.0,0.0,0,Clear sky,5.7,15.4,66,
2026-03-24T09:00,35.8,27.9,0.0,0.0,0.0,0.0,0,Clear sky,6.5,15.9,57,
2026-03-24T10:00,38.2,29.9,0.0,0.0,0.0,0.0,0,Clear sky,7.2,19.0,48,
2026-03-24T11:00,40.2,33.1,0.0,0.0,0.0,0.0,0,Clear sky,6.4,19.2,44,
2026-03-24T12:00,42.1,37.0,0.0,0.0,0.0,0.0,0,Clear sky,4.9,17.9,42,
2026-03-24T13:00,43.6,40.5,0.0,0.0,0.0,0.0,0,Clear sky,2.7,15.4,42,
2026-03-24T14:00,44.2,41.8,0.0,0.0,0.0,0.0,0,Clear sky,1.2,11.6,39,
2026-03-24T15:00,46.1,42.4,0.0,0.0,0.0,0.0,0,Clear sky,2.6,11.2,39,
2026-03-24T16:00,46.8,40.7,0.0,0.0,0.0,0.0,0,Clear sky,5.0,14.8,40,
2026-03-24T17:00,46.6,38.6,0.0,0.0,0.0,0.0,0,Clear sky,7.4,18.6,42,
2026-03-24T18:00,45.4,37.1,0.0,0.0,0.0,0.0,0,Clear sky,8.1,20.1,43,
2026-03-24T19:00,40.1,31.9,0.0,0.0,0.0,0.0,1,Mainly clear,8.0,18.8,54,
2026-03-24T20:00,37.3,28.7,0.0,0.0,0.0,0.0,3,Overcast,8.4,17.9,55,
2026-03-24T21:00,37.2,29.0,0.0,0.0,0.0,0.0,3,Overcast,8.0,18.1,60,
2026-03-24T22:00,37.4,29.6,0.0,0.0,0.0,0.0,3,Overcast,7.4,17.4,62,
2026-03-24T23:00,37.6,30.4,0.0,0.0,0.0,0.0,3,Overcast,6.1,15.7,65,
2026-03-25T00:00,37.5,30.6,0.0,0.0,0.0,0.0,3,Overcast,5.9,12.8,68,
2026-03-25T01:00,37.4,30.4,0.0,0.0,0.0,0.0,3,Overcast,6.3,13.2,71,
2026-03-25T02:00,38.1,30.8,0.0,0.0,0.0,0.0,3,Overcast,7.2,14.1,70,
2026-03-25T03:00,37.9,31.0,0.0,0.0,0.0,0.0,3,Overcast,6.4,14.8,70,
2026-03-25T04:00,36.7,30.3,0.0,0.0,0.0,0.0,2,Partly cloudy,4.9,13.6,72,
2026-03-25T05:00,36.0,29.8,0.0,0.0,0.0,0.0,3,Overcast,4.3,10.3,74,
2026-03-25T06:00,35.3,29.5,0.0,0.0,0.0,0.0,2,Partly cloudy,3.6,8.9,77,
2026-03-25T07:00,33.4,27.9,0.0,0.0,0.0,0.0,2,Partly cloudy,2.5,7.6,82,
2026-03-25T08:00,35.8,30.7,0.0,0.0,0.0,0.0,3,Overcast,2.4,5.1,79,
2026-03-25T09:00,39.2,34.7,0.0,0.0,0.0,0.0,3,Overcast,1.2,6.0,72,
2026-03-25T10:00,42.3,37.3,0.0,0.0,0.0,0.0,3,Overcast,1.3,7.4,56,
2026-03-25T11:00,44.5,39.3,0.0,0.0,0.0,0.0,3,Overcast,1.8,8.7,52,
2026-03-25T12:00,47.2,42.0,0.0,0.0,0.0,0.0,3,Overcast,2.9,11.4,48,
2026-03-25T13:00,48.7,42.7,0.0,0.0,0.0,0.0,3,Overcast,4.5,13.6,47,
2026-03-25T14:00,50.7,45.1,0.0,0.0,0.0,0.0,3,Overcast,5.6,16.8,44,
2026-03-25T15:00,51.5,46.0,0.0,0.0,0.0,0.0,2,Partly cloudy,7.2,19.0,48,
2026-03-25T16:00,49.8,43.0,0.0,0.0,0.0,0.0,1,Mainly clear,8.7,22.1,53,
2026-03-25T17:00,48.2,40.8,0.0,0.0,0.0,0.0,3,Overcast,8.4,22.6,52,
2026-03-25T18:00,46.0,38.7,0.0,0.0,0.0,0.0,3,Overcast,8.0,20.6,56,
2026-03-25T19:00,44.5,35.9,0.0,0.0,0.0,0.0,3,Overcast,10.5,23.5,55,
2026-03-25T20:00,44.2,35.5,0.0,0.0,0.0,0.0,3,Overcast,10.7,23.0,56,
2026-03-25T21:00,43.2,34.8,0.0,0.0,0.0,0.0,3,Overcast,9.7,23.5,57,
2026-03-25T22:00,42.5,34.6,0.0,0.0,0.0,0.0,3,Overcast,9.4,21.9,64,
2026-03-25T23:00,42.7,35.7,0.0,0.0,0.0,0.0,3,Overcast,8.0,20.8,70,
2026-03-26T00:00,43.3,37.0,0.0,0.0,0.0,0.0,3,Overcast,6.9,17.4,70,
2026-03-26T01:00,44.1,37.3,0.0,0.0,0.0,0.0,3,Overcast,8.0,17.2,70,
2026-03-26T02:00,45.2,38.7,0.0,0.0,0.0,0.0,3,Overcast,7.9,18.8,69,
2026-03-26T03:00,45.7,39.7,0.0,0.0,0.0,0.0,3,Overcast,6.9,16.8,71,
2026-03-26T04:00,46.6,40.7,0.0,0.0,0.0,0.0,3,Overcast,7.5,16.1,73,
2026-03-26T05:00,47.6,41.8,0.0,0.0,0.0,0.0,3,Overcast,8.0,17.0,75,
2026-03-26T06:00,48.4,42.6,0.0,0.0,0.0,0.0,3,Overcast,8.5,18.1,76,
2026-03-26T07:00,49.0,43.2,0.0,0.0,0.0,0.0,3,Overcast,8.7,19.0,75,
2026-03-26T08:00,49.6,44.2,0.0,0.0,0.0,0.0,3,Overcast,7.9,18.8,74,
2026-03-26T09:00,51.4,45.8,0.0,0.0,0.0,0.0,2,Partly cloudy,8.5,18.3,71,
2026-03-26T10:00,55.6,51.1,0.0,0.0,0.0,0.0,1,Mainly clear,7.2,18.6,66,
2026-03-26T11:00,59.2,54.4,0.0,0.0,0.0,0.0,0,Clear sky,8.3,20.6,60,
2026-03-26T12:00,62.7,59.7,0.0,0.0,0.0,0.0,2,Partly cloudy,8.9,22.6,56,
2026-03-26T13:00,65.8,63.9,0.0,0.0,0.0,0.0,2,Partly cloudy,8.4,22.4,53,
2026-03-26T14:00,68.6,66.9,0.0,0.0,0.0,0.0,3,Overcast,7.5,21.0,45,
2026-03-26T15:00,70.8,68.1,0.0,0.0,0.0,0.0,2,Partly cloudy,8.7,21.0,43,
2026-03-26T16:00,71.7,67.9,0.0,0.0,0.0,0.0,3,Overcast,8.7,21.7,43,
2026-03-26T17:00,71.1,68.0,0.0,0.0,0.0,0.0,0,Clear sky,7.2,20.8,47,
2026-03-26T18:00,69.4,66.0,0.0,0.0,0.0,0.0,3,Overcast,8.7,19.5,52,
2026-03-26T19:00,67.6,64.3,0.0,0.0,0.0,0.0,3,Overcast,8.6,20.1,55,
2026-03-26T20:00,66.9,63.2,0.0,0.0,0.0,0.0,3,Overcast,10.1,20.6,58,
2026-03-26T21:00,65.9,62.0,0.0,0.0,0.0,0.0,3,Overcast,11.2,23.9,62,
2026-03-26T22:00,66.3,61.7,0.0,0.0,0.0,0.0,3,Overcast,12.8,28.2,61,
2026-03-26T23:00,66.0,61.6,0.008,0.008,0.0,0.0,51,Light drizzle,13.1,28.6,64,
2026-03-27T00:00,63.2,59.9,0.063,0.063,0.0,0.0,61,Slight rain,12.4,32.9,77,
2026-03-27T01:00,62.3,59.3,0.008,0.008,0.0,0.0,51,Light drizzle,11.2,25.3,78,
2026-03-27T02:00,61.4,58.8,0.051,0.051,0.0,0.0,61,Slight rain,12.5,29.1,89,
2026-03-27T03:00,60.0,59.5,0.039,0.039,0.0,0.0,55,Dense drizzle,7.8,25.3,95,
2026-03-27T04:00,58.1,57.0,0.004,0.004,0.0,0.0,51,Light drizzle,7.2,15.2,93,
2026-03-27T05:00,56.8,55.2,0.0,0.0,0.0,0.0,3,Overcast,6.9,13.4,91,
2026-03-27T06:00,56.2,52.8,0.0,0.0,0.0,0.0,3,Overcast,9.5,19.2,86,
2026-03-27T07:00,53.4,48.5,0.0,0.0,0.0,0.0,3,Overcast,10.8,23.9,84,
2026-03-27T08:00,54.6,49.5,0.0,0.0,0.0,0.0,3,Overcast,10.5,23.3,77,
2026-03-27T09:00,54.7,48.3,0.0,0.0,0.0,0.0,3,Overcast,11.4,25.9,67,
2026-03-27T10:00,53.8,46.8,0.0,0.0,0.0,0.0,3,Overcast,11.4,28.9,62,
2026-03-27T11:00,49.3,41.1,0.0,0.0,0.0,0.0,3,Overcast,11.1,30.6,55,
2026-03-27T12:00,48.7,40.4,0.0,0.0,0.0,0.0,3,Overcast,10.7,26.2,53,
2026-03-27T13:00,49.8,42.2,0.0,0.0,0.0,0.0,3,Overcast,10.0,26.6,49,
2026-03-27T14:00,52.2,47.0,0.0,0.0,0.0,0.0,3,Overcast,7.8,24.8,48,
2026-03-27T15:00,50.6,43.8,0.0,0.0,0.0,0.0,3,Overcast,6.9,19.5,48,
2026-03-27T16:00,48.3,41.2,0.0,0.0,0.0,0.0,3,Overcast,7.5,18.8,51,
2026-03-27T17:00,46.2,39.4,0.0,0.0,0.0,0.0,3,Overcast,6.5,18.8,54,
2026-03-27T18:00,44.6,37.8,0.0,0.0,0.0,0.0,3,Overcast,6.4,17.0,56,
2026-03-27T19:00,43.5,37.0,0.0,0.0,0.0,0.0,3,Overcast,5.5,15.2,58,
2026-03-27T20:00,43.8,38.5,0.0,0.0,0.0,0.0,1,Mainly clear,2.8,12.8,58,
2026-03-27T21:00,41.2,36.0,0.0,0.0,0.0,0.0,0,Clear sky,2.7,5.8,65,
2026-03-27T22:00,40.1,34.5,0.0,0.0,0.0,0.0,0,Clear sky,3.0,6.5,62,
2026-03-27T23:00,39.1,32.6,0.0,0.0,0.0,0.0,0,Clear sky,4.6,9.6,60,
2026-03-28T00:00,37.7,30.2,0.0,0.0,0.0,0.0,2,Partly cloudy,6.8,14.1,64,
2026-03-28T01:00,36.1,27.5,0.0,0.0,0.0,0.0,3,Overcast,8.4,19.2,58,
2026-03-28T02:00,36.9,29.0,0.0,0.0,0.0,0.0,0,Clear sky,6.5,18.6,55,
2026-03-28T03:00,34.4,25.8,0.0,0.0,0.0,0.0,1,Mainly clear,7.9,18.1,56,
2026-03-28T04:00,33.6,25.0,0.0,0.0,0.0,0.0,0,Clear sky,7.8,17.4,58,
2026-03-28T05:00,31.4,22.7,0.0,0.0,0.0,0.0,0,Clear sky,8.0,17.7,62,
2026-03-28T06:00,29.8,21.1,0.0,0.0,0.0,0.0,0,Clear sky,7.9,18.1,63,
2026-03-28T07:00,28.5,19.6,0.0,0.0,0.0,0.0,0,Clear sky,7.7,18.6,62,
2026-03-28T08:00,30.5,21.5,0.0,0.0,0.0,0.0,0,Clear sky,7.9,20.1,57,
2026-03-28T09:00,32.2,22.7,0.0,0.0,0.0,0.0,0,Clear sky,8.7,21.7,47,
2026-03-28T10:00,34.3,25.0,0.0,0.0,0.0,0.0,0,Clear sky,7.9,21.9,42,
2026-03-28T11:00,36.1,27.8,0.0,0.0,0.0,0.0,0,Clear sky,8.1,21.9,37,
2026-03-28T12:00,38.8,30.9,0.0,0.0,0.0,0.0,3,Overcast,9.7,25.5,33,
2026-03-28T13:00,40.6,33.4,0.0,0.0,0.0,0.0,2,Partly cloudy,9.6,25.1,33,
2026-03-28T14:00,42.1,34.3,0.0,0.0,0.0,0.0,2,Partly cloudy,10.5,26.6,30,
2026-03-28T15:00,42.4,33.0,0.0,0.0,0.0,0.0,3,Overcast,11.3,28.0,30,
2026-03-28T16:00,41.5,30.9,0.0,0.0,0.0,0.0,2,Partly cloudy,11.1,28.0,31,
2026-03-28T17:00,41.8,31.3,0.0,0.0,0.0,0.0,1,Mainly clear,11.1,27.3,32,
2026-03-28T18:00,40.8,30.6,0.0,0.0,0.0,0.0,1,Mainly clear,10.3,26.4,34,
2026-03-28T19:00,39.4,31.0,0.0,0.0,0.0,0.0,0,Clear sky,6.4,26.6,39,
2026-03-28T20:00,38.0,30.3,0.0,0.0,0.0,0.0,0,Clear sky,5.1,14.3,43,
2026-03-28T21:00,36.0,29.4,0.0,0.0,0.0,0.0,1,Mainly clear,3.1,10.5,53,
2026-03-28T22:00,34.4,28.3,0.0,0.0,0.0,0.0,0,Clear sky,2.5,6.7,60,
2026-03-28T23:00,33.5,27.4,0.0,0.0,0.0,0.0,1,Mainly clear,2.5,5.4,62,
2026-03-29T00:00,32.5,26.2,0.0,0.0,0.0,0.0,1,Mainly clear,2.5,5.4,64,
2026-03-29T01:00,31.8,25.9,0.0,0.0,0.0,0.0,0,Clear sky,1.7,4.9,64,
2026-03-29T02:00,30.7,25.3,0.0,0.0,0.0,0.0,1,Mainly clear,0.5,3.4,66,
2026-03-29T03:00,30.3,24.8,0.0,0.0,0.0,0.0,0,Clear sky,0.3,1.3,64,
2026-03-29T04:00,29.9,24.4,0.0,0.0,0.0,0.0,0,Clear sky,0.5,1.6,65,
2026-03-29T05:00,29.6,24.0,0.0,0.0,0.0,0.0,1,Mainly clear,0.9,2.2,71,
2026-03-29T06:00,29.2,23.7,0.0,0.0,0.0,0.0,1,Mainly clear,0.9,2.5,75,
2026-03-29T07:00,29.3,23.9,0.0,0.0,0.0,0.0,2,Partly cloudy,1.0,2.7,76,
2026-03-29T08:00,33.0,26.9,0.0,0.0,0.0,0.0,1,Mainly clear,2.7,4.7,68,
2026-03-29T09:00,37.3,31.5,0.0,0.0,0.0,0.0,1,Mainly clear,1.8,7.2,54,
2026-03-29T10:00,41.2,34.5,0.0,0.0,0.0,0.0,0,Clear sky,4.0,12.1,49,
2026-03-29T11:00,44.0,37.7,0.0,0.0,0.0,0.0,2,Partly cloudy,5.6,16.1,44,
2026-03-29T12:00,46.2,40.8,0.0,0.0,0.0,0.0,0,Clear sky,6.3,17.9,41,
2026-03-29T13:00,48.3,43.2,0.0,0.0,0.0,0.0,1,Mainly clear,7.8,20.8,41,
2026-03-29T14:00,51.6,45.5,0.0,0.0,0.0,0.0,2,Partly cloudy,9.1,23.7,33,
2026-03-29T15:00,53.0,46.3,0.0,0.0,0.0,0.0,1,Mainly clear,9.1,24.4,32,
2026-03-29T16:00,53.8,46.1,0.0,0.0,0.0,0.0,3,Overcast,8.5,23.0,32,
2026-03-29T17:00,53.9,46.0,0.0,0.0,0.0,0.0,2,Partly cloudy,7.5,21.3,33,
2026-03-29T18:00,52.6,45.8,0.0,0.0,0.0,0.0,2,Partly cloudy,5.5,18.1,38,
2026-03-29T19:00,48.3,42.5,0.0,0.0,0.0,0.0,3,Overcast,4.9,13.0,54,
2026-03-29T20:00,45.7,38.7,0.0,0.0,0.0,0.0,1,Mainly clear,7.7,12.1,60,
2026-03-29T21:00,44.8,37.1,0.0,0.0,0.0,0.0,2,Partly cloudy,9.1,19.2,60,
2026-03-29T22:00,44.6,37.0,0.0,0.0,0.0,0.0,2,Partly cloudy,8.6,19.7,58,
2026-03-29T23:00,44.3,37.0,0.0,0.0,0.0,0.0,3,Overcast,7.7,18.3,58,
2026-03-30T00:00,45.0,38.0,0.0,0.0,0.0,0.0,3,Overcast,7.1,17.0,57,
2026-03-30T01:00,44.7,37.9,0.0,0.0,0.0,0.0,3,Overcast,6.6,15.2,57,
2026-03-30T02:00,44.2,37.5,0.0,0.0,0.0,0.0,1,Mainly clear,6.3,14.1,61,
2026-03-30T03:00,43.6,37.3,0.0,0.0,0.0,0.0,1,Mainly clear,6.1,13.2,65,
2026-03-30T04:00,43.9,37.5,0.0,0.0,0.0,0.0,0,Clear sky,6.8,13.9,68,
2026-03-30T05:00,44.6,38.2,0.0,0.0,0.0,0.0,1,Mainly clear,7.5,15.7,72,
2026-03-30T06:00,45.1,38.9,0.0,0.0,0.0,0.0,2,Partly cloudy,7.7,16.1,75,
2026-03-30T07:00,45.9,39.7,0.0,0.0,0.0,0.0,3,Overcast,8.6,17.7,77,
2026-03-30T08:00,48.3,41.8,0.0,0.0,0.0,0.0,3,Overcast,9.7,20.4,73,
2026-03-30T09:00,50.9,44.4,0.0,0.0,0.0,0.0,3,Overcast,10.3,21.9,70,
2026-03-30T10:00,54.1,49.0,0.0,0.0,0.0,0.0,1,Mainly clear,8.1,21.9,67,
2026-03-30T11:00,58.3,52.6,0.0,0.0,0.0,0.0,2,Partly cloudy,10.4,25.3,59,
2026-03-30T12:00,60.9,56.4,0.0,0.0,0.0,0.0,2,Partly cloudy,10.4,25.5,56,
2026-03-30T13:00,63.3,59.6,0.0,0.0,0.0,0.0,2,Partly cloudy,10.4,25.9,53,
2026-03-30T14:00,67.4,63.3,0.0,0.0,0.0,0.0,2,Partly cloudy,10.3,27.5,42,
2026-03-30T15:00,68.7,64.2,0.0,0.0,0.0,0.0,2,Partly cloudy,11.3,26.8,41,
2026-03-30T16:00,69.1,63.3,0.0,0.0,0.0,0.0,2,Partly cloudy,12.1,28.4,42,
2026-03-30T17:00,67.8,61.7,0.0,0.0,0.0,0.0,1,Mainly clear,12.1,28.9,46,
2026-03-30T18:00,66.3,61.6,0.0,0.0,0.0,0.0,2,Partly cloudy,9.9,27.3,52,
2026-03-30T19:00,63.8,60.0,0.0,0.0,0.0,0.0,2,Partly cloudy,8.6,21.5,60,
2026-03-30T20:00,62.9,59.0,0.0,0.0,0.0,0.0,0,Clear sky,8.9,19.5,62,
2026-03-30T21:00,62.0,57.6,0.0,0.0,0.0,0.0,1,Mainly clear,9.7,21.0,63,
2026-03-30T22:00,61.3,57.2,0.0,0.0,0.0,0.0,0,Clear sky,8.9,21.0,64,
2026-03-30T23:00,60.8,56.6,0.0,0.0,0.0,0.0,0,Clear sky,9.4,20.1,65,
2026-03-31T00:00,60.1,56.1,0.0,0.0,0.0,0.0,0,Clear sky,9.3,20.1,69,
2026-03-31T01:00,59.5,55.9,0.0,0.0,0.0,0.0,1,Mainly clear,9.0,19.7,72,
2026-03-31T02:00,59.7,56.8,0.0,0.0,0.0,0.0,2,Partly cloudy,8.0,19.0,74,
2026-03-31T03:00,60.0,57.0,0.039,0.039,0.0,0.0,55,Dense drizzle,9.1,17.7,77,
2026-03-31T04:00,59.8,56.9,0.0,0.0,0.0,0.0,3,Overcast,9.2,19.2,78,
2026-03-31T05:00,59.8,57.0,0.0,0.0,0.0,0.0,1,Mainly clear,8.8,19.9,78,
2026-03-31T06:00,59.6,56.5,0.0,0.0,0.0,0.0,2,Partly cloudy,9.2,19.5,77,
2026-03-31T07:00,59.5,55.8,0.0,0.0,0.0,0.0,2,Partly cloudy,9.9,20.8,75,
2026-03-31T08:00,62.3,58.6,0.0,0.0,0.0,0.0,3,Overcast,9.6,23.3,66,
2026-03-31T09:00,65.7,62.6,0.0,0.0,0.0,0.0,3,Overcast,8.6,22.4,61,
2026-03-31T10:00,68.2,64.7,0.0,0.0,0.0,0.0,3,Overcast,9.6,22.4,56,
2026-03-31T11:00,71.4,68.4,0.0,0.0,0.0,0.0,3,Overcast,9.5,24.2,53,
2026-03-31T12:00,74.2,72.6,0.0,0.0,0.0,0.0,3,Overcast,10.3,25.5,50,
2026-03-31T13:00,76.6,75.0,0.0,0.0,0.0,0.0,1,Mainly clear,12.2,29.5,48,
2026-03-31T14:00,78.4,77.4,0.0,0.0,0.0,0.0,3,Overcast,10.8,31.8,43,
2026-03-31T15:00,78.9,75.5,0.0,0.0,0.0,0.0,3,Overcast,11.2,26.6,43,
2026-03-31T16:00,78.8,75.1,0.0,0.0,0.0,0.0,3,Overcast,12.4,30.0,44,
2026-03-31T17:00,78.8,74.9,0.0,0.0,0.0,0.0,3,Overcast,12.7,30.9,43,
2026-03-31T18:00,77.7,74.2,0.0,0.0,0.0,0.0,3,Overcast,11.5,29.1,44,
2026-03-31T19:00,75.0,71.3,0.0,0.0,0.0,0.0,3,Overcast,12.0,27.5,49,
2026-03-31T20:00,74.8,72.1,0.0,0.0,0.0,0.0,3,Overcast,9.4,26.8,49,
2026-03-31T21:00,74.4,71.0,0.0,0.0,0.0,0.0,3,Overcast,11.1,24.4,49,
2026-03-31T22:00,73.3,69.9,0.0,0.0,0.0,0.0,3,Overcast,11.0,25.7,51,
2026-03-31T23:00,71.6,68.3,0.0,0.0,0.0,0.0,3,Overcast,11.4,24.8,55,
2026-04-01T00:00,70.7,67.5,0.0,0.0,0.0,0.0,3,Overcast,11.5,25.1,58,
2026-04-01T01:00,70.2,66.8,0.0,0.0,0.0,0.0,3,Overcast,11.5,25.3,58,
2026-04-01T02:00,70.7,67.5,0.0,0.0,0.0,0.0,3,Overcast,10.7,25.5,56,
2026-04-01T03:00,69.9,66.6,0.0,0.0,0.0,0.0,3,Overcast,11.0,23.7,58,
2026-04-01T04:00,68.9,66.0,0.0,0.0,0.0,0.0,1,Mainly clear,10.0,23.9,60,
2026-04-01T05:00,67.1,64.7,0.0,0.0,0.0,0.0,3,Overcast,8.8,21.3,64,
2026-04-01T06:00,66.3,64.3,0.0,0.0,0.0,0.0,3,Overcast,8.0,18.6,66,
2026-04-01T07:00,65.2,63.1,0.0,0.0,0.0,0.0,3,Overcast,8.4,17.9,69,
2026-04-01T08:00,67.0,65.5,0.0,0.0,0.0,0.0,3,Overcast,6.8,18.1,64,
2026-04-01T09:00,68.9,68.2,0.0,0.0,0.0,0.0,1,Mainly clear,5.4,14.8,61,
2026-04-01T10:00,73.0,72.5,0.0,0.0,0.0,0.0,3,Overcast,5.9,16.8,55,
2026-04-01T11:00,75.6,74.6,0.0,0.0,0.0,0.0,2,Partly cloudy,7.7,20.4,52,
2026-04-01T12:00,77.1,76.9,0.0,0.0,0.0,0.0,3,Overcast,9.2,26.4,50,
2026-04-01T13:00,76.6,75.1,0.02,0.02,0.0,0.0,53,Moderate drizzle,9.1,26.4,51,
2026-04-01T14:00,77.5,77.1,0.0,0.0,0.0,0.0,3,Overcast,7.1,25.3,46,
2026-04-01T15:00,76.7,74.3,0.0,0.0,0.0,0.0,3,Overcast,9.3,22.8,47,
2026-04-01T16:00,72.4,72.0,0.0,0.0,0.0,0.0,2,Partly cloudy,7.2,25.5,61,
2026-04-01T17:00,72.3,71.8,0.004,0.004,0.0,0.0,51,Light drizzle,6.6,18.8,59,
2026-04-01T18:00,70.7,70.1,0.0,0.0,0.0,0.0,3,Overcast,7.2,17.4,63,
2026-04-01T19:00,65.7,61.7,0.0,0.0,0.0,0.0,2,Partly cloudy,10.6,23.9,61,
2026-04-01T20:00,62.1,57.8,0.0,0.0,0.0,0.0,1,Mainly clear,9.5,22.8,62,
2026-04-01T21:00,57.7,52.7,0.0,0.0,0.0,0.0,3,Overcast,8.9,20.6,64,
2026-04-01T22:00,55.4,50.9,0.0,0.0,0.0,0.0,3,Overcast,7.9,21.0,69,
2026-04-01T23:00,54.2,49.9,0.008,0.008,0.0,0.0,51,Light drizzle,8.3,18.3,77,
2026-04-02T00:00,53.7,50.0,0.028,0.028,0.0,0.0,53,Moderate drizzle,8.2,19.0,84,
2026-04-02T01:00,50.9,44.9,0.094,0.094,0.0,0.0,61,Slight rain,13.7,28.4,94,
2026-04-02T02:00,49.6,45.9,0.008,0.008,0.0,0.0,51,Light drizzle,7.8,29.1,97,
2026-04-02T03:00,47.9,42.3,0.0,0.0,0.0,0.0,3,Overcast,10.1,23.7,88,
2026-04-02T04:00,46.8,40.6,0.0,0.0,0.0,0.0,3,Overcast,10.2,25.3,85,
2026-04-02T05:00,46.0,40.3,0.016,0.016,0.0,0.0,51,Light drizzle,8.5,23.3,84,
2026-04-02T06:00,45.0,38.4,0.02,0.02,0.0,0.0,53,Moderate drizzle,10.2,23.5,86,
2026-04-02T07:00,44.3,37.9,0.004,0.004,0.0,0.0,51,Light drizzle,9.6,24.6,85,
2026-04-02T08:00,44.0,36.9,0.008,0.008,0.0,0.0,51,Light drizzle,10.7,22.6,82,
2026-04-02T09:00,43.9,36.6,0.004,0.004,0.0,0.0,51,Light drizzle,10.6,24.6,80,
2026-04-02T10:00,43.6,36.5,0.016,0.016,0.0,0.0,51,Light drizzle,10.3,24.2,81,
2026-04-02T11:00,43.9,36.7,0.004,0.004,0.0,0.0,51,Light drizzle,10.3,24.2,79,
2026-04-02T12:00,45.7,37.8,0.0,0.0,0.0,0.0,3,Overcast,11.7,28.9,72,
2026-04-02T13:00,45.7,38.7,0.0,0.0,0.0,0.0,3,Overcast,9.7,28.0,72,
2026-04-02T14:00,43.3,35.9,0.0,0.0,0.0,0.0,3,Overcast,10.3,24.6,76,
2026-04-02T15:00,44.4,37.4,0.0,0.0,0.0,0.0,3,Overcast,9.5,25.1,74,
2026-04-02T16:00,45.4,38.9,0.0,0.0,0.0,0.0,3,Overcast,8.4,22.8,72,
2026-04-02T17:00,46.0,40.0,0.0,0.0,0.0,0.0,3,Overcast,7.4,20.6,72,
2026-04-02T18:00,46.6,41.2,0.0,0.0,0.0,0.0,3,Overcast,6.3,17.9,73,
2026-04-02T19:00,46.0,40.9,0.0,0.0,0.0,0.0,3,Overcast,5.8,15.2,75,
2026-04-02T20:00,43.0,37.0,0.0,0.0,0.0,0.0,3,Overcast,7.1,14.1,79,
2026-04-02T21:00,42.6,36.6,0.0,0.0,0.0,0.0,3,Overcast,7.2,17.2,80,
2026-04-02T22:00,42.4,36.9,0.0,0.0,0.0,0.0,3,Overcast,5.9,16.8,81,
2026-04-02T23:00,42.3,36.9,0.0,0.0,0.0,0.0,3,Overcast,5.7,14.1,81,
2026-04-03T00:00,42.1,36.9,0.0,0.0,0.0,0.0,3,Overcast,5.2,13.4,82,
2026-04-03T01:00,42.0,36.7,0.0,0.0,0.0,0.0,3,Overcast,5.7,13.4,84,
2026-04-03T02:00,41.5,36.3,0.004,0.004,0.0,0.0,51,Light drizzle,5.3,13.4,86,
2026-04-03T03:00,41.4,36.5,0.0,0.0,0.0,0.0,3,Overcast,4.8,12.3,87,
2026-04-03T04:00,41.4,37.1,0.0,0.0,0.0,0.0,3,Overcast,3.6,11.2,88,
2026-04-03T05:00,41.5,37.3,0.0,0.0,0.0,0.0,3,Overcast,3.5,8.7,88,
2026-04-03T06:00,41.6,37.8,0.0,0.0,0.0,0.0,3,Overcast,2.8,8.5,90,
2026-04-03T07:00,42.1,37.9,0.0,0.0,0.0,0.0,3,Overcast,3.9,9.2,90,
2026-04-03T08:00,41.5,37.6,0.0,0.0,0.0,0.0,3,Overcast,2.9,10.7,89,
2026-04-03T09:00,43.1,39.4,0.0,0.0,0.0,0.0,3,Overcast,2.8,8.3,88,
2026-04-03T10:00,46.8,42.7,0.0,0.0,0.0,0.0,3,Overcast,5.1,13.0,85,
2026-04-03T11:00,50.8,46.7,0.0,0.0,0.0,0.0,3,Overcast,6.5,16.8,79,
2026-04-03T12:00,54.4,49.9,0.0,0.0,0.0,0.0,3,Overcast,8.6,21.3,75,
2026-04-03T13:00,63.9,59.9,0.0,0.0,0.0,0.0,3,Overcast,11.1,27.7,60,
2026-04-03T14:00,56.7,53.1,0.0,0.0,0.0,0.0,3,Overcast,8.9,27.1,71,
2026-04-03T15:00,59.3,54.7,0.0,0.0,0.0,0.0,3,Overcast,10.3,23.5,69,
2026-04-03T16:00,64.8,59.3,0.0,0.0,0.0,0.0,3,Overcast,13.4,31.5,60,
2026-04-03T17:00,66.2,62.1,0.0,0.0,0.0,0.0,3,Overcast,11.4,30.9,61,
2026-04-03T18:00,69.4,66.9,0.0,0.0,0.0,0.0,3,Overcast,9.4,26.6,59,
2026-04-03T19:00,66.7,64.7,0.0,0.0,0.0,0.0,3,Overcast,8.4,22.1,65,
2026-04-03T20:00,64.1,63.5,0.0,0.0,0.0,0.0,3,Overcast,5.4,18.3,73,
2026-04-03T21:00,63.0,62.8,0.0,0.0,0.0,0.0,3,Overcast,4.7,11.2,77,
2026-04-03T22:00,61.9,62.0,0.0,0.0,0.0,0.0,3,Overcast,4.0,9.6,80,
2026-04-03T23:00,61.4,61.1,0.0,0.0,0.0,0.0,2,Partly cloudy,5.2,10.5,82,
2026-04-04T00:00,60.7,60.3,0.0,0.0,0.0,0.0,2,Partly cloudy,5.5,11.2,84,
2026-04-04T01:00,60.4,59.8,0.0,0.0,0.0,0.0,1,Mainly clear,5.9,12.1,86,
2026-04-04T02:00,59.0,58.1,0.0,0.0,0.0,0.0,1,Mainly clear,5.2,11.9,84,
2026-04-04T03:00,58.2,56.9,0.0,0.0,0.0,0.0,1,Mainly clear,5.4,11.2,84,
2026-04-04T04:00,58.0,56.5,0.0,0.0,0.0,0.0,1,Mainly clear,5.7,11.2,83,
2026-04-04T05:00,57.9,56.6,0.0,0.0,0.0,0.0,1,Mainly clear,5.4,11.6,84,
2026-04-04T06:00,57.5,56.2,0.0,0.0,0.0,0.0,2,Partly cloudy,5.2,10.7,85,
2026-04-04T07:00,56.8,55.2,0.0,0.0,0.0,0.0,3,Overcast,6.2,12.3,87,
2026-04-04T08:00,61.4,61.0,0.0,0.0,0.0,0.0,1,Mainly clear,5.2,14.3,81,
2026-04-04T09:00,64.0,62.3,0.0,0.0,0.0,0.0,0,Clear sky,6.3,14.8,67,
2026-04-04T10:00,66.1,64.0,0.0,0.0,0.0,0.0,0,Clear sky,6.4,16.8,60,
2026-04-04T11:00,66.5,64.5,0.0,0.0,0.0,0.0,2,Partly cloudy,7.5,20.1,59,
2026-04-04T12:00,67.7,67.1,0.0,0.0,0.0,0.0,1,Mainly clear,6.0,20.1,54,
2026-04-04T13:00,70.0,70.5,0.0,0.0,0.0,0.0,2,Partly cloudy,5.4,17.7,50,
2026-04-04T14:00,70.1,70.4,0.0,0.0,0.0,0.0,1,Mainly clear,6.5,19.0,52,
2026-04-04T15:00,69.8,67.5,0.0,0.0,0.0,0.0,1,Mainly clear,7.8,21.0,49,
2026-04-04T16:00,64.0,58.1,0.0,0.0,0.0,0.0,3,Overcast,12.4,29.5,55,
2026-04-04T17:00,59.2,53.4,0.0,0.0,0.0,0.0,3,Overcast,10.3,30.6,58,
2026-04-04T18:00,56.0,49.9,0.0,0.0,0.0,0.0,3,Overcast,10.3,24.8,61,
2026-04-04T19:00,51.4,45.3,0.0,0.0,0.0,0.0,3,Overcast,9.3,24.8,67,
2026-04-04T20:00,48.6,42.2,0.0,0.0,0.0,0.0,3,Overcast,8.8,21.5,69,
2026-04-04T21:00,46.9,40.4,0.0,0.0,0.0,0.0,3,Overcast,8.7,20.4,70,
2026-04-04T22:00,45.5,39.2,0.0,0.0,0.0,0.0,3,Overcast,8.1,20.8,74,
2026-04-04T23:00,44.7,38.5,0.0,0.0,0.0,0.0,3,Overcast,7.9,19.5,77,
2026-04-05T00:00,44.2,38.0,0.0,0.0,0.0,0.0,3,Overcast,8.6,21.0,81,
2026-04-05T01:00,44.1,38.1,0.004,0.004,0.0,0.0,51,Light drizzle,8.3,19.9,84,
2026-04-05T02:00,43.3,37.6,0.008,0.008,0.0,0.0,51,Light drizzle,7.3,18.3,86,
2026-04-05T03:00,43.6,37.7,0.0,0.0,0.0,0.0,3,Overcast,8.4,17.9,88,
2026-04-05T04:00,44.4,39.3,0.0,0.0,0.0,0.0,3,Overcast,7.3,18.8,90,
2026-04-05T05:00,45.1,40.8,0.0,0.0,0.0,0.0,3,Overcast,5.8,15.9,92,
2026-04-05T06:00,46.0,43.3,0.0,0.0,0.0,0.0,3,Overcast,3.1,12.5,94,
2026-04-05T07:00,47.1,45.1,0.0,0.0,0.0,0.0,3,Overcast,2.3,7.8,96,
2026-04-05T08:00,45.9,43.4,0.0,0.0,0.0,0.0,3,Overcast,1.6,8.1,89,
2026-04-05T09:00,48.7,47.2,0.0,0.0,0.0,0.0,3,Overcast,0.1,5.6,85,
2026-04-05T10:00,52.2,50.6,0.0,0.0,0.0,0.0,2,Partly cloudy,1.5,6.5,81,
2026-04-05T11:00,58.9,57.8,0.0,0.0,0.0,0.0,3,Overcast,3.0,10.1,73,
2026-04-05T12:00,59.8,60.0,0.102,0.102,0.0,0.0,63,Moderate rain,2.0,15.0,79,
2026-04-05T13:00,59.7,60.6,0.063,0.063,0.0,0.0,61,Slight rain,3.6,13.9,92,
2026-04-05T14:00,57.9,57.6,0.031,0.031,0.0,0.0,53,Moderate drizzle,4.5,10.7,90,
2026-04-05T15:00,58.6,57.1,0.016,0.016,0.0,0.0,51,Light drizzle,6.8,16.8,86,
2026-04-05T16:00,56.6,54.1,0.075,0.075,0.0,0.0,61,Slight rain,9.0,18.8,92,
2026-04-05T17:00,55.9,53.2,0.039,0.039,0.0,0.0,55,Dense drizzle,8.1,18.8,88,
2026-04-05T18:00,55.9,52.7,0.0,0.0,0.0,0.0,3,Overcast,8.0,17.0,83,
2026-04-05T19:00,55.2,52.5,0.0,0.0,0.0,0.0,3,Overcast,6.6,17.2,83,
2026-04-05T20:00,53.4,48.7,0.004,0.004,0.0,0.0,51,Light drizzle,8.6,16.1,75,
2026-04-05T21:00,51.2,44.2,0.0,0.0,0.0,0.0,3,Overcast,9.5,22.8,59,
2026-04-05T22:00,50.1,44.0,0.0,0.0,0.0,0.0,3,Overcast,7.4,20.8,60,
2026-04-05T23:00,49.9,43.3,0.0,0.0,0.0,0.0,3,Overcast,8.4,18.6,60,
2026-04-06T00:00,48.7,41.5,0.0,0.0,0.0,0.0,2,Partly cloudy,9.3,21.3,60,
2026-04-06T01:00,47.1,40.6,0.0,0.0,0.0,0.0,3,Overcast,7.3,21.3,61,
2026-04-06T02:00,46.9,40.7,0.0,0.0,0.0,0.0,3,Overcast,6.6,16.1,62,
2026-04-06T03:00,46.7,40.2,0.0,0.0,0.0,0.0,3,Overcast,7.0,15.4,60,
2026-04-06T04:00,45.4,37.6,0.0,0.0,0.0,0.0,0,Clear sky,9.3,22.1,58,
2026-04-06T05:00,41.8,33.3,0.0,0.0,0.0,0.0,0,Clear sky,9.7,24.2,57,
2026-04-06T06:00,39.7,31.2,0.0,0.0,0.0,0.0,0,Clear sky,9.1,21.7,57,
2026-04-06T07:00,38.8,30.9,0.0,0.0,0.0,0.0,0,Clear sky,7.4,20.1,57,
2026-04-06T08:00,41.5,33.9,0.0,0.0,0.0,0.0,0,Clear sky,6.8,18.6,52,
2026-04-06T09:00,43.3,34.6,0.0,0.0,0.0,0.0,0,Clear sky,9.3,22.6,48,
2026-04-06T10:00,46.3,37.1,0.0,0.0,0.0,0.0,2,Partly cloudy,10.5,24.6,43,
2026-04-06T11:00,47.5,39.9,0.0,0.0,0.0,0.0,0,Clear sky,9.2,26.6,44,
2026-04-06T12:00,49.7,43.6,0.0,0.0,0.0,0.0,0,Clear sky,9.6,24.8,41,
2026-04-06T13:00,51.6,45.8,0.0,0.0,0.0,0.0,0,Clear sky,9.9,25.9,37,
2026-04-06T14:00,52.8,45.8,0.0,0.0,0.0,0.0,2,Partly cloudy,11.9,30.2,34,
2026-04-06T15:00,54.5,45.8,0.0,0.0,0.0,0.0,3,Overcast,13.1,32.0,31,
2026-04-06T16:00,54.1,44.8,0.0,0.0,0.0,0.0,2,Partly cloudy,11.2,31.1,32,
2026-04-06T17:00,53.2,44.3,0.0,0.0,0.0,0.0,3,Overcast,9.9,26.8,34,
2026-04-06T18:00,52.2,44.1,0.0,0.0,0.0,0.0,1,Mainly clear,8.5,25.3,38,
2026-04-06T19:00,49.9,43.0,0.0,0.0,0.0,0.0,0,Clear sky,6.5,19.2,46,
2026-04-06T20:00,48.4,44.6,0.0,0.0,0.0,0.0,0,Clear sky,1.4,14.3,62,
2026-04-06T21:00,47.8,44.0,0.0,0.0,0.0,0.0,0,Clear sky,0.6,2.0,59,
2026-04-06T22:00,46.6,42.7,0.0,0.0,0.0,0.0,0,Clear sky,0.7,1.1,60,
2026-04-06T23:00,44.9,41.0,0.0,0.0,0.0,0.0,0,Clear sky,1.2,2.2,67,
2026-04-07T00:00,43.0,38.7,0.0,0.0,0.0,0.0,3,Overcast,2.6,5.6,77,
2026-04-07T01:00,43.0,38.7,0.0,0.0,0.0,0.0,3,Overcast,3.3,8.7,80,
2026-04-07T02:00,43.3,39.3,0.0,0.0,0.0,0.0,3,Overcast,2.6,6.5,80,
2026-04-07T03:00,43.3,39.1,0.0,0.0,0.0,0.0,2,Partly cloudy,3.7,7.2,85,
2026-04-07T04:00,41.9,38.3,0.0,0.0,0.0,0.0,3,Overcast,2.2,6.9,88,
2026-04-07T05:00,43.6,40.1,0.0,0.0,0.0,0.0,3,Overcast,2.1,5.1,84,
2026-04-07T06:00,44.5,39.7,0.0,0.0,0.0,0.0,1,Mainly clear,4.7,8.9,78,
2026-04-07T07:00,44.7,37.7,0.0,0.0,0.0,0.0,0,Clear sky,8.7,18.6,70,
2026-04-07T08:00,46.8,40.7,0.0,0.0,0.0,0.0,0,Clear sky,6.6,20.4,64,
2026-04-07T09:00,49.2,42.4,0.0,0.0,0.0,0.0,0,Clear sky,8.0,18.3,57,
2026-04-07T10:00,50.3,41.6,0.0,0.0,0.0,0.0,0,Clear sky,10.8,25.7,46,
2026-04-07T11:00,51.0,43.2,0.0,0.0,0.0,0.0,1,Mainly clear,11.2,27.7,46,
2026-04-07T12:00,51.3,44.3,0.0,0.0,0.0,0.0,1,Mainly clear,11.1,28.0,44,
2026-04-07T13:00,51.8,43.5,0.0,0.0,0.0,0.0,3,Overcast,12.8,30.6,39,
2026-04-07T14:00,52.3,42.4,0.0,0.0,0.0,0.0,0,Clear sky,12.7,33.8,37,
2026-04-07T15:00,50.4,40.8,0.0,0.0,0.0,0.0,0,Clear sky,14.3,34.7,27,
2026-04-07T16:00,49.0,39.3,0.0,0.0,0.0,0.0,0,Clear sky,13.1,34.7,29,
2026-04-07T17:00,46.3,35.4,0.0,0.0,0.0,0.0,0,Clear sky,13.0,31.5,34,
2026-04-07T18:00,43.3,32.2,0.0,0.0,0.0,0.0,0,Clear sky,13.1,30.9,37,
2026-04-07T19:00,39.4,28.7,0.0,0.0,0.0,0.0,0,Clear sky,12.3,30.9,42,
2026-04-07T20:00,40.5,29.9,0.0,0.0,0.0,0.0,0,Clear sky,11.2,27.7,34,
2026-04-07T21:00,38.2,28.1,0.0,0.0,0.0,0.0,0,Clear sky,10.5,25.1,41,
2026-04-07T22:00,35.8,25.7,0.0,0.0,0.0,0.0,0,Clear sky,10.7,25.9,48,
2026-04-07T23:00,33.8,24.1,0.0,0.0,0.0,0.0,0,Clear sky,10.0,25.7,53,
2026-04-08T00:00,32.6,23.5,0.0,0.0,0.0,0.0,0,Clear sky,8.8,22.6,57,
2026-04-08T01:00,31.6,22.9,0.0,0.0,0.0,0.0,0,Clear sky,7.9,19.9,60,
2026-04-08T02:00,31.7,23.1,0.0,0.0,0.0,0.0,0,Clear sky,7.2,17.9,54,
2026-04-08T03:00,30.8,22.4,0.0,0.0,0.0,0.0,0,Clear sky,6.7,15.9,57,
2026-04-08T04:00,30.2,21.8,0.0,0.0,0.0,0.0,0,Clear sky,6.7,15.2,58,
2026-04-08T05:00,29.6,21.1,0.0,0.0,0.0,0.0,0,Clear sky,6.9,15.9,61,
2026-04-08T06:00,29.1,20.7,0.0,0.0,0.0,0.0,0,Clear sky,7.0,15.7,63,
2026-04-08T07:00,29.2,21.1,0.0,0.0,0.0,0.0,0,Clear sky,6.3,15.7,63,
2026-04-08T08:00,31.4,23.5,0.0,0.0,0.0,0.0,0,Clear sky,5.8,16.1,59,
2026-04-08T09:00,33.7,24.9,0.0,0.0,0.0,0.0,0,Clear sky,7.8,19.7,52,
2026-04-08T10:00,36.8,28.5,0.0,0.0,0.0,0.0,0,Clear sky,6.7,20.1,48,
2026-04-08T11:00,39.7,33.9,0.0,0.0,0.0,0.0,0,Clear sky,5.2,18.8,44,
2026-04-08T12:00,42.2,38.6,0.0,0.0,0.0,0.0,0,Clear sky,3.6,16.6,42,
2026-04-08T13:00,44.2,41.6,0.0,0.0,0.0,0.0,0,Clear sky,3.0,13.9,40,
2026-04-08T14:00,46.0,43.8,0.0,0.0,0.0,0.0,0,Clear sky,2.2,13.9,34,
2026-04-08T15:00,48.4,45.4,0.0,0.0,0.0,0.0,0,Clear sky,2.1,11.4,31,
2026-04-08T16:00,48.7,43.7,0.0,0.0,0.0,0.0,0,Clear sky,3.6,12.8,32,
2026-04-08T17:00,46.8,38.9,0.0,0.0,0.0,0.0,0,Clear sky,6.5,17.7,37,
2026-04-08T18:00,43.5,35.4,0.0,0.0,0.0,0.0,0,Clear sky,7.4,19.2,44,
2026-04-08T19:00,40.9,33.2,0.0,0.0,0.0,0.0,0,Clear sky,6.8,18.6,51,
2026-04-08T20:00,39.3,31.8,0.0,0.0,0.0,0.0,0,Clear sky,6.7,15.9,58,
2026-04-08T21:00,38.2,31.7,0.0,0.0,0.0,0.0,0,Clear sky,4.9,14.5,66,
2026-04-08T22:00,37.7,31.4,0.0,0.0,0.0,0.0,0,Clear sky,4.7,11.2,70,
2026-04-08T23:00,37.1,31.0,0.0,0.0,0.0,0.0,0,Clear sky,4.4,10.3,73,
2026-04-09T00:00,36.6,30.9,0.0,0.0,0.0,0.0,0,Clear sky,3.6,9.8,75,
2026-04-09T01:00,35.2,29.9,0.0,0.0,0.0,0.0,0,Clear sky,2.7,7.8,80,
2026-04-09T02:00,34.9,29.6,0.0,0.0,0.0,0.0,0,Clear sky,2.6,5.4,81,
2026-04-09T03:00,33.9,28.7,0.0,0.0,0.0,0.0,0,Clear sky,2.2,5.8,83,
2026-04-09T04:00,33.1,28.0,0.0,0.0,0.0,0.0,0,Clear sky,1.7,4.7,83,
2026-04-09T05:00,32.5,27.4,0.0,0.0,0.0,0.0,0,Clear sky,1.6,3.6,83,
2026-04-09T06:00,32.4,27.6,0.0,0.0,0.0,0.0,0,Clear sky,0.6,3.4,81,
2026-04-09T07:00,32.7,28.0,0.0,0.0,0.0,0.0,0,Clear sky,0.9,2.0,83,
2026-04-09T08:00,35.7,30.9,0.0,0.0,0.0,0.0,0,Clear sky,1.6,4.9,80,
2026-04-09T09:00,39.0,34.3,0.0,0.0,0.0,0.0,0,Clear sky,2.1,8.7,75,
2026-04-09T10:00,42.2,36.9,0.0,0.0,0.0,0.0,0,Clear sky,3.7,12.8,69,
2026-04-09T11:00,45.5,41.2,0.0,0.0,0.0,0.0,1,Mainly clear,5.0,15.9,61,
2026-04-09T12:00,47.9,44.3,0.0,0.0,0.0,0.0,2,Partly cloudy,6.1,18.6,54,
2026-04-09T13:00,49.1,45.4,0.0,0.0,0.0,0.0,1,Mainly clear,7.4,21.3,50,
2026-04-09T14:00,49.8,45.8,0.0,0.0,0.0,0.0,0,Clear sky,7.8,23.3,47,
2026-04-09T15:00,49.9,44.9,0.0,0.0,0.0,0.0,1,Mainly clear,8.2,22.6,46,
2026-04-09T16:00,49.2,43.0,0.0,0.0,0.0,0.0,1,Mainly clear,8.4,22.6,49,
2026-04-09T17:00,47.7,40.2,0.0,0.0,0.0,0.0,2,Partly cloudy,8.6,22.4,54,
2026-04-09T18:00,45.4,38.3,0.0,0.0,0.0,0.0,3,Overcast,8.1,22.1,62,
2026-04-09T19:00,43.3,36.8,0.0,0.0,0.0,0.0,3,Overcast,7.2,19.9,71,
2026-04-09T20:00,42.8,36.4,0.0,0.0,0.0,0.0,2,Partly cloudy,7.3,16.6,74,
2026-04-09T21:00,42.1,36.1,0.0,0.0,0.0,0.0,1,Mainly clear,6.8,16.1,79,
2026-04-09T22:00,41.5,36.1,0.0,0.0,0.0,0.0,0,Clear sky,5.6,15.0,82,
2026-04-09T23:00,41.0,35.9,0.0,0.0,0.0,0.0,0,Clear sky,4.9,12.3,86,
2026-04-10T00:00,40.4,35.9,0.0,0.0,0.0,0.0,0,Clear sky,3.7,10.5,89,
2026-04-10T01:00,39.7,35.4,0.0,0.0,0.0,0.0,0,Clear sky,3.1,8.3,91,
2026-04-10T02:00,39.7,35.5,0.0,0.0,0.0,0.0,0,Clear sky,3.0,6.7,93,
2026-04-10T03:00,39.6,35.5,0.0,0.0,0.0,0.0,0,Clear sky,2.9,7.4,93,
2026-04-10T04:00,39.2,35.1,0.0,0.0,0.0,0.0,0,Clear sky,3.0,6.7,94,
2026-04-10T05:00,38.4,34.4,0.0,0.0,0.0,0.0,0,Clear sky,2.5,6.5,95,
2026-04-10T06:00,37.7,33.6,0.0,0.0,0.0,0.0,0,Clear sky,2.2,5.1,95,
2026-04-10T07:00,38.7,34.8,0.0,0.0,0.0,0.0,0,Clear sky,2.3,4.7,96,
2026-04-10T08:00,40.4,36.3,0.0,0.0,0.0,0.0,1,Mainly clear,3.0,8.3,91,
2026-04-10T09:00,44.3,40.0,0.0,0.0,0.0,0.0,1,Mainly clear,3.9,13.0,80,
2026-04-10T10:00,48.4,44.2,0.0,0.0,0.0,0.0,1,Mainly clear,4.0,13.4,71,
2026-04-10T11:00,53.1,50.3,0.0,0.0,0.0,0.0,1,Mainly clear,4.5,14.8,62,
2026-04-10T12:00,57.2,55.4,0.0,0.0,0.0,0.0,0,Clear sky,5.5,17.0,56,
2026-04-10T13:00,60.7,59.2,0.0,0.0,0.0,0.0,0,Clear sky,6.4,18.8,51,
2026-04-10T14:00,63.4,61.0,0.0,0.0,0.0,0.0,0,Clear sky,7.0,19.7,42,
2026-04-10T15:00,63.4,59.7,0.0,0.0,0.0,0.0,1,Mainly clear,8.5,22.6,42,
2026-04-10T16:00,60.2,55.1,0.0,0.0,0.0,0.0,1,Mainly clear,9.0,23.5,47,
2026-04-10T17:00,57.2,51.3,0.0,0.0,0.0,0.0,3,Overcast,8.2,23.7,52,
2026-04-10T18:00,54.8,49.3,0.0,0.0,0.0,0.0,3,Overcast,7.0,21.3,56,
2026-04-10T19:00,52.3,47.3,0.0,0.0,0.0,0.0,2,Partly cloudy,6.1,17.7,62,
2026-04-10T20:00,50.9,45.8,0.0,0.0,0.0,0.0,3,Overcast,6.9,16.3,68,
2026-04-10T21:00,51.8,47.0,0.0,0.0,0.0,0.0,3,Overcast,6.5,16.1,69,
2026-04-10T22:00,53.9,49.1,0.0,0.0,0.0,0.0,3,Overcast,7.1,14.8,66,
2026-04-10T23:00,55.2,50.6,0.0,0.0,0.0,0.0,3,Overcast,7.1,16.1,65,
2026-04-11T00:00,55.3,51.8,0.0,0.0,0.0,0.0,3,Overcast,4.9,14.8,67,
2026-04-11T01:00,54.4,50.7,0.008,0.008,0.0,0.0,51,Light drizzle,5.8,11.6,71,
2026-04-11T02:00,54.8,50.9,0.004,0.004,0.0,0.0,51,Light drizzle,5.9,13.4,68,
2026-04-11T03:00,54.9,51.3,0.0,0.0,0.0,0.0,2,Partly cloudy,5.5,12.3,70,
2026-04-11T04:00,53.4,49.9,0.0,0.0,0.0,0.0,3,Overcast,5.9,11.9,76,
2026-04-11T05:00,55.2,51.1,0.0,0.0,0.0,0.0,0,Clear sky,8.4,18.1,76,
2026-04-11T06:00,51.9,46.8,0.0,0.0,0.0,0.0,0,Clear sky,8.8,19.0,76,
2026-04-11T07:00,49.6,43.3,0.0,0.0,0.0,0.0,0,Clear sky,9.7,21.0,72,
2026-04-11T08:00,50.9,43.8,0.0,0.0,0.0,0.0,0,Clear sky,10.2,21.7,61,
2026-04-11T09:00,52.5,45.0,0.0,0.0,0.0,0.0,0,Clear sky,10.6,25.3,55,
2026-04-11T10:00,54.7,46.7,0.0,0.0,0.0,0.0,0,Clear sky,10.4,25.9,45,
2026-04-11T11:00,56.3,49.4,0.0,0.0,0.0,0.0,0,Clear sky,10.5,26.8,39,
2026-04-11T12:00,57.3,52.1,0.0,0.0,0.0,0.0,0,Clear sky,10.0,27.1,40,
2026-04-11T13:00,59.4,54.5,0.0,0.0,0.0,0.0,0,Clear sky,9.8,26.2,36,
2026-04-11T14:00,61.7,56.8,0.0,0.0,0.0,0.0,0,Clear sky,9.3,26.2,30,
2026-04-11T15:00,62.8,57.0,0.0,0.0,0.0,0.0,0,Clear sky,9.5,25.3,28,
2026-04-11T16:00,62.3,55.2,0.0,0.0,0.0,0.0,0,Clear sky,9.7,25.5,28,
2026-04-11T17:00,62.0,53.7,0.0,0.0,0.0,0.0,0,Clear sky,9.3,24.8,28,
2026-04-11T18:00,60.7,51.9,0.0,0.0,0.0,0.0,0,Clear sky,10.1,23.7,28,
2026-04-11T19:00,58.0,49.3,0.0,0.0,0.0,0.0,0,Clear sky,10.0,23.9,30,
2026-04-11T20:00,57.2,49.1,0.0,0.0,0.0,0.0,0,Clear sky,7.4,22.1,27,
2026-04-11T21:00,56.0,48.0,0.0,0.0,0.0,0.0,0,Clear sky,7.3,16.3,29,
2026-04-11T22:00,54.6,46.4,0.0,0.0,0.0,0.0,0,Clear sky,7.8,17.9,31,
2026-04-11T23:00,52.0,44.5,0.0,0.0,0.0,0.0,0,Clear sky,6.8,17.2,37,
2026-04-12T00:00,48.7,41.5,0.0,0.0,0.0,0.0,0,Clear sky,7.1,16.6,46,
2026-04-12T01:00,46.6,39.2,0.0,0.0,0.0,0.0,0,Clear sky,7.1,16.3,49,
2026-04-12T02:00,46.3,39.2,0.0,0.0,0.0,0.0,0,Clear sky,6.2,16.1,48,
2026-04-12T03:00,45.2,38.1,0.0,0.0,0.0,0.0,0,Clear sky,6.0,13.6,47,
2026-04-12T04:00,44.0,36.9,0.0,0.0,0.0,0.0,0,Clear sky,5.5,13.4,48,
2026-04-12T05:00,42.8,36.1,0.0,0.0,0.0,0.0,0,Clear sky,4.6,12.1,50,
2026-04-12T06:00,41.5,35.2,0.0,0.0,0.0,0.0,0,Clear sky,4.0,10.1,53,
2026-04-12T07:00,41.3,35.0,0.0,0.0,0.0,0.0,0,Clear sky,4.0,8.5,55,
2026-04-12T08:00,43.3,37.2,0.0,0.0,0.0,0.0,0,Clear sky,3.3,10.7,51,
2026-04-12T09:00,47.0,40.6,0.0,0.0,0.0,0.0,3,Overcast,3.7,12.5,40,
2026-04-12T10:00,50.5,43.8,0.0,0.0,0.0,0.0,0,Clear sky,4.0,14.1,33,
2026-04-12T11:00,53.9,48.2,0.0,0.0,0.0,0.0,0,Clear sky,5.1,16.8,28,
2026-04-12T12:00,55.4,49.6,0.0,0.0,0.0,0.0,3,Overcast,7.7,22.1,26,
2026-04-12T13:00,55.8,50.2,0.0,0.0,0.0,0.0,3,Overcast,8.6,24.6,27,
2026-04-12T14:00,55.5,49.8,0.0,0.0,0.0,0.0,3,Overcast,8.9,24.8,30,
2026-04-12T15:00,55.3,48.8,0.0,0.0,0.0,0.0,2,Partly cloudy,9.6,26.2,32,
2026-04-12T16:00,53.8,45.6,0.0,0.0,0.0,0.0,3,Overcast,9.9,26.4,36,
2026-04-12T17:00,52.3,43.7,0.0,0.0,0.0,0.0,2,Partly cloudy,10.2,26.2,41,
2026-04-12T18:00,50.6,42.5,0.0,0.0,0.0,0.0,3,Overcast,9.8,26.2,46,
2026-04-12T19:00,48.7,41.2,0.0,0.0,0.0,0.0,3,Overcast,9.2,23.9,55,
2026-04-12T20:00,47.7,41.2,0.0,0.0,0.0,0.0,3,Overcast,8.2,21.9,66,
2026-04-12T21:00,47.2,41.5,0.0,0.0,0.0,0.0,3,Overcast,7.4,18.3,73,
2026-04-12T22:00,47.2,42.3,0.0,0.0,0.0,0.0,1,Mainly clear,6.1,16.6,77,
2026-04-12T23:00,46.9,42.8,0.0,0.0,0.0,0.0,3,Overcast,4.7,13.4,80,
2026-04-13T00:00,47.0,43.2,0.0,0.0,0.0,0.0,2,Partly cloudy,4.2,10.7,81,
2026-04-13T01:00,48.7,42.9,0.0,0.0,0.0,0.0,3,Overcast,6.7,16.1,66,
2026-04-13T02:00,49.0,43.3,0.0,0.0,0.0,0.0,2,Partly cloudy,6.5,15.0,63,
2026-04-13T03:00,49.0,43.5,0.0,0.0,0.0,0.0,2,Partly cloudy,6.2,13.9,65,
2026-04-13T04:00,49.2,44.3,0.0,0.0,0.0,0.0,2,Partly cloudy,5.5,13.2,68,
2026-04-13T05:00,49.4,45.0,0.0,0.0,0.0,0.0,3,Overcast,5.2,11.6,73,
2026-04-13T06:00,50.4,46.4,0.0,0.0,0.0,0.0,3,Overcast,5.8,11.9,79,
2026-04-13T07:00,52.3,48.6,0.0,0.0,0.0,0.0,3,Overcast,6.9,14.1,83,
2026-04-13T08:00,55.3,51.5,0.0,0.0,0.0,0.0,3,Overcast,8.8,18.8,81,
2026-04-13T09:00,59.4,56.9,0.0,0.0,0.0,0.0,3,Overcast,6.6,17.4,74,
2026-04-13T10:00,60.6,58.6,0.0,0.0,0.0,0.0,3,Overcast,6.2,16.8,73,
2026-04-13T11:00,67.5,65.5,0.0,0.0,0.0,0.0,3,Overcast,7.8,20.6,60,
2026-04-13T12:00,71.6,69.1,0.0,0.0,0.0,0.0,3,Overcast,9.0,23.0,54,
2026-04-13T13:00,75.0,72.3,0.0,0.0,0.0,0.0,3,Overcast,10.5,25.5,51,
2026-04-13T14:00,75.0,73.2,0.0,0.0,0.0,0.0,3,Overcast,9.4,30.6,53,
2026-04-13T15:00,77.4,74.0,0.0,0.0,0.0,0.0,3,Overcast,12.5,28.2,48,
2026-04-13T16:00,78.2,73.7,0.0,0.0,0.0,0.0,3,Overcast,13.7,32.2,44,
2026-04-13T17:00,78.7,73.1,0.0,0.0,0.0,0.0,2,Partly cloudy,15.7,35.8,41,
2026-04-13T18:00,77.1,72.7,0.0,0.0,0.0,0.0,0,Clear sky,14.6,37.4,48,
2026-04-13T19:00,75.8,72.4,0.0,0.0,0.0,0.0,0,Clear sky,12.3,32.2,50,
2026-04-13T20:00,75.6,72.1,0.0,0.0,0.0,0.0,1,Mainly clear,10.8,27.1,46,
2026-04-13T21:00,73.8,71.6,0.0,0.0,0.0,0.0,2,Partly cloudy,7.4,23.5,49,
2026-04-13T22:00,71.6,69.4,0.0,0.0,0.0,0.0,0,Clear sky,9.1,17.7,56,
2026-04-13T23:00,68.6,66.6,0.008,0.008,0.0,0.0,51,Light drizzle,9.1,21.0,63,
2026-04-14T00:00,67.7,66.5,0.0,0.0,0.0,0.0,2,Partly cloudy,7.6,19.0,66,
2026-04-14T01:00,67.0,66.0,0.0,0.0,0.0,0.0,3,Overcast,6.9,15.7,67,
2026-04-14T02:00,66.3,65.9,0.0,0.0,0.0,0.0,2,Partly cloudy,5.4,13.9,69,
2026-04-14T03:00,64.6,64.2,0.0,0.0,0.0,0.0,2,Partly cloudy,5.2,10.7,73,
2026-04-14T04:00,63.2,63.3,0.0,0.0,0.0,0.0,0,Clear sky,4.5,10.5,78,
2026-04-14T05:00,61.9,62.7,0.0,0.0,0.0,0.0,0,Clear sky,3.0,8.9,82,
2026-04-14T06:00,60.7,62.0,0.0,0.0,0.0,0.0,1,Mainly clear,1.6,6.0,85,
2026-04-14T07:00,61.3,61.6,0.0,0.0,0.0,0.0,2,Partly cloudy,4.4,7.8,84,
2026-04-14T08:00,65.2,66.2,0.0,0.0,0.0,0.0,0,Clear sky,2.2,8.3,72,
2026-04-14T09:00,70.7,71.3,0.0,0.0,0.0,0.0,0,Clear sky,2.6,9.4,58,
2026-04-14T10:00,75.6,75.1,0.0,0.0,0.0,0.0,0,Clear sky,4.7,14.3,49,
2026-04-14T11:00,79.7,80.5,0.0,0.0,0.0,0.0,1,Mainly clear,5.0,15.7,42,
2026-04-14T12:00,82.5,83.1,0.0,0.0,0.0,0.0,1,Mainly clear,7.6,23.5,39,
2026-04-14T13:00,83.8,83.4,0.0,0.0,0.0,0.0,1,Mainly clear,9.4,25.9,37,
2026-04-14T14:00,85.6,84.5,0.0,0.0,0.0,0.0,2,Partly cloudy,10.7,28.6,33,
2026-04-14T15:00,87.1,85.2,0.0,0.0,0.0,0.0,0,Clear sky,11.2,30.6,31,
2026-04-14T16:00,86.8,84.9,0.0,0.0,0.0,0.0,1,Mainly clear,8.8,29.5,31,
2026-04-14T17:00,86.5,82.8,0.0,0.0,0.0,0.0,2,Partly cloudy,10.6,26.2,32,
2026-04-14T18:00,84.6,80.0,0.0,0.0,0.0,0.0,3,Overcast,14.2,32.2,36,
2026-04-14T19:00,82.3,79.2,0.0,0.0,0.0,0.0,2,Partly cloudy,11.8,33.1,40,
2026-04-14T20:00,81.5,79.0,0.0,0.0,0.0,0.0,3,Overcast,9.6,26.6,40,
2026-04-14T21:00,81.3,78.3,0.0,0.0,0.0,0.0,3,Overcast,10.6,23.0,40,
2026-04-14T22:00,77.8,74.7,0.0,0.0,0.0,0.0,3,Overcast,10.4,23.9,44,
2026-04-14T23:00,75.1,73.2,0.0,0.0,0.0,0.0,3,Overcast,7.8,22.8,49,
2026-04-15T00:00,74.3,72.6,0.0,0.0,0.0,0.0,3,Overcast,8.3,17.9,52,
2026-04-15T01:00,72.9,71.9,0.0,0.0,0.0,0.0,3,Overcast,8.3,19.5,59,
2026-04-15T02:00,72.4,73.2,0.0,0.0,0.0,0.0,3,Overcast,5.1,17.4,62,
2026-04-15T03:00,69.7,70.9,0.0,0.0,0.0,0.0,3,Overcast,4.9,11.2,71,
2026-04-15T04:00,67.8,69.2,0.0,0.0,0.0,0.0,3,Overcast,4.8,10.3,77,
2026-04-15T05:00,66.4,68.1,0.0,0.0,0.0,0.0,3,Overcast,4.2,10.1,81,
2026-04-15T06:00,65.6,67.7,0.0,0.0,0.0,0.0,1,Mainly clear,3.1,8.5,83,
2026-04-15T07:00,65.5,66.8,0.0,0.0,0.0,0.0,0,Clear sky,4.9,10.1,83,
2026-04-15T08:00,68.6,69.4,0.0,0.0,0.0,0.0,1,Mainly clear,4.1,10.1,68,
2026-04-15T09:00,72.7,73.6,0.0,0.0,0.0,0.0,3,Overcast,4.1,12.5,60,
2026-04-15T10:00,77.7,78.0,0.0,0.0,0.0,0.0,3,Overcast,5.7,16.3,51,
2026-04-15T11:00,81.1,80.8,0.0,0.0,0.0,0.0,3,Overcast,8.2,21.0,46,
2026-04-15T12:00,83.3,84.2,0.0,0.0,0.0,0.0,3,Overcast,10.1,26.6,45,
2026-04-15T13:00,86.1,87.1,0.0,0.0,0.0,0.0,1,Mainly clear,9.7,26.2,41,
2026-04-15T14:00,87.8,89.3,0.0,0.0,0.0,0.0,2,Partly cloudy,9.1,29.3,37,
2026-04-15T15:00,89.4,89.8,0.0,0.0,0.0,0.0,3,Overcast,10.3,29.3,36,
2026-04-15T16:00,89.6,88.6,0.0,0.0,0.0,0.0,3,Overcast,9.8,28.9,35,
2026-04-15T17:00,89.4,88.1,0.0,0.0,0.0,0.0,3,Overcast,10.3,26.2,36,
2026-04-15T18:00,89.2,88.3,0.0,0.0,0.0,0.0,3,Overcast,7.9,25.7,35,
2026-04-15T19:00,87.3,85.8,0.008,0.008,0.0,0.0,51,Light drizzle,9.4,24.2,37,
2026-04-15T20:00,84.6,84.9,0.0,0.0,0.0,0.0,3,Overcast,4.7,22.6,40,
2026-04-15T21:00,85.3,84.9,0.004,0.004,0.0,0.0,51,Light drizzle,7.0,14.5,39,
2026-04-15T22:00,81.3,80.7,0.0,0.0,0.0,0.0,3,Overcast,9.4,25.3,48,
2026-04-15T23:00,80.2,81.4,0.0,0.0,0.0,0.0,3,Overcast,5.3,19.9,50,
2026-04-16T00:00,79.1,80.1,0.0,0.0,0.0,0.0,3,Overcast,5.3,11.6,52,
2026-04-16T01:00,75.9,79.4,0.0,0.0,0.0,0.0,3,Overcast,1.0,14.8,60,
2026-04-16T02:00,77.1,80.3,0.0,0.0,0.0,0.0,3,Overcast,1.3,8.1,57,
2026-04-16T03:00,76.6,80.0,0.0,0.0,0.0,0.0,3,Overcast,0.8,3.4,59,
2026-04-16T04:00,74.8,78.2,0.0,0.0,0.0,0.0,3,Overcast,1.4,5.8,63,
2026-04-16T05:00,73.3,76.3,0.0,0.0,0.0,0.0,3,Overcast,1.8,3.8,65,
2026-04-16T06:00,72.1,75.3,0.0,0.0,0.0,0.0,3,Overcast,1.1,4.0,68,
2026-04-16T07:00,72.5,75.0,0.0,0.0,0.0,0.0,2,Partly cloudy,2.1,4.5,65,
2026-04-16T08:00,73.3,76.5,0.0,0.0,0.0,0.0,2,Partly cloudy,2.5,6.5,68,
2026-04-16T09:00,77.4,79.8,0.0,0.0,0.0,0.0,3,Overcast,3.4,10.5,57,
2026-04-16T10:00,80.8,82.3,0.0,0.0,0.0,0.0,2,Partly cloudy,4.7,14.1,50,
2026-04-16T11:00,84.2,86.4,0.0,0.0,0.0,0.0,2,Partly cloudy,5.8,16.8,44,
2026-04-16T12:00,87.1,89.4,0.0,0.0,0.0,0.0,3,Overcast,6.6,19.0,38,
2026-04-16T13:00,89.9,91.3,0.0,0.0,0.0,0.0,3,Overcast,7.7,22.1,32,
2026-04-16T14:00,89.4,89.2,0.0,0.0,0.0,0.0,3,Overcast,8.5,23.5,30,
2026-04-16T15:00,89.2,87.9,0.0,0.0,0.0,0.0,3,Overcast,9.5,24.6,32,
2026-04-16T16:00,85.8,84.0,0.0,0.0,0.0,0.0,2,Partly cloudy,9.2,25.3,37,
2026-04-16T17:00,84.2,82.2,0.0,0.0,0.0,0.0,3,Overcast,8.1,23.5,36,
2026-04-16T18:00,78.8,76.3,0.0,0.0,0.0,0.0,3,Overcast,7.9,21.7,41,
2026-04-16T19:00,75.4,73.8,0.0,0.0,0.0,0.0,3,Overcast,5.3,19.0,44,
2026-04-16T20:00,80.0,78.3,0.0,0.0,0.0,0.0,3,Overcast,7.1,12.5,41,
2026-04-16T21:00,80.2,79.8,0.0,0.0,0.0,0.0,0,Clear sky,4.6,15.4,41,
2026-04-16T22:00,81.8,81.0,0.0,0.0,0.0,0.0,2,Partly cloudy,6.9,14.3,42,
2026-04-16T23:00,81.3,80.9,0.0,0.0,0.0,0.0,2,Partly cloudy,7.3,16.8,45,
2026-04-17T00:00,76.6,77.5,0.0,0.0,0.0,0.0,3,Overcast,3.9,19.9,52,
2026-04-17T01:00,75.7,74.5,0.0,0.0,0.0,0.0,0,Clear sky,7.8,17.4,52,
2026-04-17T02:00,74.4,73.1,0.0,0.0,0.0,0.0,3,Overcast,8.6,17.4,55,
2026-04-17T03:00,72.4,73.1,0.0,0.0,0.0,0.0,3,Overcast,4.2,18.8,60,
2026-04-17T04:00,69.9,71.9,0.024,0.024,0.0,0.0,53,Moderate drizzle,2.2,9.2,68,
2026-04-17T05:00,69.1,72.0,0.008,0.008,0.0,0.0,51,Light drizzle,0.9,8.9,72,
2026-04-17T06:00,67.6,70.3,0.0,0.0,0.0,0.0,3,Overcast,2.1,6.3,78,
2026-04-17T07:00,68.6,70.5,0.0,0.0,0.0,0.0,0,Clear sky,4.4,7.8,77,
2026-04-17T08:00,69.4,69.8,0.0,0.0,0.0,0.0,0,Clear sky,5.7,13.9,69,
2026-04-17T09:00,71.8,71.8,0.0,0.0,0.0,0.0,0,Clear sky,5.6,15.9,61,
2026-04-17T10:00,74.6,75.3,0.0,0.0,0.0,0.0,0,Clear sky,3.0,16.6,53,
2026-04-17T11:00,78.0,79.2,0.0,0.0,0.0,0.0,3,Overcast,3.9,14.1,45,
2026-04-17T12:00,71.3,72.7,0.063,0.063,0.0,0.0,61,Slight rain,6.0,21.5,60,
2026-04-17T13:00,76.7,77.8,0.0,0.0,0.0,0.0,0,Clear sky,2.7,17.9,46,
2026-04-17T14:00,79.0,82.0,0.0,0.0,0.0,0.0,1,Mainly clear,1.5,16.3,37,
2026-04-17T15:00,74.4,71.7,0.02,0.02,0.0,0.0,53,Moderate drizzle,8.9,24.2,46,
2026-04-17T16:00,74.9,75.9,0.016,0.016,0.0,0.0,51,Light drizzle,1.3,22.6,50,
2026-04-17T17:00,76.6,75.7,0.0,0.0,0.0,0.0,0,Clear sky,4.8,14.1,45,
2026-04-17T18:00,76.4,74.8,0.0,0.0,0.0,0.0,0,Clear sky,6.2,16.8,45,
2026-04-17T19:00,74.3,71.5,0.0,0.0,0.0,0.0,0,Clear sky,7.6,17.7,45,
2026-04-17T20:00,70.3,72.4,0.0,0.0,0.0,0.0,0,Clear sky,2.4,16.8,68,
2026-04-17T21:00,68.3,66.7,0.0,0.0,0.0,0.0,0,Clear sky,8.8,18.8,66,
2026-04-17T22:00,64.0,63.8,0.0,0.0,0.0,0.0,0,Clear sky,6.4,20.8,79,
2026-04-17T23:00,63.1,63.5,0.0,0.0,0.0,0.0,0,Clear sky,5.3,13.6,83,
2026-04-18T00:00,61.3,61.4,0.0,0.0,0.0,0.0,0,Clear sky,5.0,11.6,86,
2026-04-18T01:00,59.5,59.8,0.0,0.0,0.0,0.0,0,Clear sky,3.4,11.0,86,
2026-04-18T02:00,57.5,58.0,0.0,0.0,0.0,0.0,1,Mainly clear,2.1,7.2,89,
2026-04-18T03:00,56.5,56.4,0.0,0.0,0.0,0.0,0,Clear sky,3.0,6.9,91,
2026-04-18T04:00,55.3,54.7,0.0,0.0,0.0,0.0,0,Clear sky,3.3,8.3,91,
2026-04-18T05:00,54.1,52.7,0.0,0.0,0.0,0.0,0,Clear sky,4.4,10.7,91,
2026-04-18T06:00,52.5,51.2,0.0,0.0,0.0,0.0,2,Partly cloudy,3.8,11.0,94,
2026-04-18T07:00,52.1,50.5,0.0,0.0,0.0,0.0,3,Overcast,4.2,10.5,95,
2026-04-18T08:00,53.6,51.8,0.0,0.0,0.0,0.0,1,Mainly clear,4.7,13.6,89,
2026-04-18T09:00,57.5,55.6,0.0,0.0,0.0,0.0,2,Partly cloudy,4.7,14.3,77,
2026-04-18T10:00,60.9,57.9,0.0,0.0,0.0,0.0,2,Partly cloudy,6.4,18.3,65,
2026-04-18T11:00,64.2,62.9,0.0,0.0,0.0,0.0,0,Clear sky,6.3,19.9,57,
2026-04-18T12:00,67.0,67.7,0.0,0.0,0.0,0.0,0,Clear sky,4.6,18.8,52,
2026-04-18T13:00,68.2,68.7,0.0,0.0,0.0,0.0,2,Partly cloudy,5.9,18.8,50,
2026-04-18T14:00,66.1,65.5,0.0,0.0,0.0,0.0,3,Overcast,7.5,21.0,53,
2026-04-18T15:00,65.2,63.5,0.0,0.0,0.0,0.0,2,Partly cloudy,8.6,24.2,55,
2026-04-18T16:00,63.5,60.7,0.0,0.0,0.0,0.0,0,Clear sky,8.6,24.4,58,
2026-04-18T17:00,60.7,56.3,0.0,0.0,0.0,0.0,0,Clear sky,8.9,23.9,62,
2026-04-18T18:00,57.7,53.3,0.0,0.0,0.0,0.0,2,Partly cloudy,8.7,23.7,68,
2026-04-18T19:00,54.9,50.4,0.0,0.0,0.0,0.0,3,Overcast,8.7,22.6,75,
2026-04-18T20:00,53.2,48.6,0.0,0.0,0.0,0.0,3,Overcast,8.9,21.7,79,
2026-04-18T21:00,52.4,48.1,0.0,0.0,0.0,0.0,3,Overcast,8.2,21.3,81,
2026-04-18T22:00,51.8,47.1,0.0,0.0,0.0,0.0,3,Overcast,9.0,21.3,82,
2026-04-18T23:00,51.2,47.1,0.0,0.0,0.0,0.0,3,Overcast,7.4,21.5,84,
2026-04-19T00:00,50.9,46.8,0.0,0.0,0.0,0.0,3,Overcast,7.6,18.1,85,
2026-04-19T01:00,50.6,46.9,0.0,0.0,0.0,0.0,3,Overcast,7.0,18.1,87,
2026-04-19T02:00,50.1,47.2,0.0,0.0,0.0,0.0,3,Overcast,4.6,16.6,87,
2026-04-19T03:00,49.7,46.6,0.0,0.0,0.0,0.0,3,Overcast,5.1,12.1,89,
2026-04-19T04:00,49.8,46.5,0.0,0.0,0.0,0.0,3,Overcast,5.8,14.3,89,
2026-04-19T05:00,50.0,47.1,0.0,0.0,0.0,0.0,3,Overcast,5.0,13.9,89,
2026-04-19T06:00,50.2,47.6,0.02,0.02,0.0,0.0,53,Moderate drizzle,4.5,12.3,91,
2026-04-19T07:00,50.6,49.1,0.02,0.02,0.0,0.0,53,Moderate drizzle,2.6,10.1,92,
2026-04-19T08:00,50.5,49.0,0.004,0.004,0.0,0.0,51,Light drizzle,2.1,8.5,89,
2026-04-19T09:00,51.2,48.2,0.22,0.22,0.0,0.0,63,Moderate rain,6.0,13.6,90,
2026-04-19T10:00,52.7,48.7,0.165,0.165,0.0,0.0,63,Moderate rain,9.1,18.1,89,
2026-04-19T11:00,49.1,42.3,0.039,0.039,0.0,0.0,55,Dense drizzle,12.1,32.7,80,
2026-04-19T12:00,48.8,42.2,0.016,0.016,0.0,0.0,51,Light drizzle,11.0,25.5,76,
2026-04-19T13:00,47.2,39.7,0.02,0.02,0.0,0.0,53,Moderate drizzle,12.4,28.4,78,
2026-04-19T14:00,45.6,38.8,0.02,0.02,0.0,0.0,53,Moderate drizzle,10.4,28.6,81,
2026-04-19T15:00,44.7,37.9,0.031,0.031,0.0,0.0,53,Moderate drizzle,9.9,24.6,80,
2026-04-19T16:00,43.9,37.5,0.024,0.024,0.0,0.0,53,Moderate drizzle,8.5,22.4,80,
2026-04-19T17:00,45.3,37.1,0.0,0.0,0.0,0.0,3,Overcast,11.8,27.1,68,
2026-04-19T18:00,47.6,39.5,0.0,0.0,0.0,0.0,2,Partly cloudy,10.5,27.5,57,
2026-04-19T19:00,48.0,41.4,0.0,0.0,0.0,0.0,1,Mainly clear,6.5,23.9,53,
2026-04-19T20:00,48.2,42.3,0.0,0.0,0.0,0.0,0,Clear sky,5.4,14.3,56,
2026-04-19T21:00,46.8,40.3,0.0,0.0,0.0,0.0,0,Clear sky,6.7,15.0,58,
2026-04-19T22:00,45.1,39.1,0.0,0.0,0.0,0.0,0,Clear sky,5.6,15.0,63,
2026-04-19T23:00,43.7,38.2,0.0,0.0,0.0,0.0,0,Clear sky,4.5,12.3,68,
2026-04-20T00:00,42.3,37.4,0.0,0.0,0.0,0.0,0,Clear sky,3.3,10.1,73,
2026-04-20T01:00,40.6,36.1,0.0,0.0,0.0,0.0,0,Clear sky,2.3,7.4,78,
2026-04-20T02:00,39.2,34.7,0.0,0.0,0.0,0.0,0,Clear sky,2.2,4.7,79,
2026-04-20T03:00,38.3,33.8,0.0,0.0,0.0,0.0,0,Clear sky,2.2,6.0,83,
2026-04-20T04:00,38.0,33.6,0.0,0.0,0.0,0.0,0,Clear sky,2.4,6.3,86,
2026-04-20T05:00,37.5,33.1,0.0,0.0,0.0,0.0,0,Clear sky,2.3,6.0,89,
2026-04-20T06:00,37.1,32.7,0.0,0.0,0.0,0.0,0,Clear sky,2.5,5.8,90,
2026-04-20T07:00,38.4,33.7,0.0,0.0,0.0,0.0,1,Mainly clear,3.2,7.2,88,
2026-04-20T08:00,41.3,37.6,0.0,0.0,0.0,0.0,1,Mainly clear,2.0,8.7,87,
2026-04-20T09:00,44.5,40.0,0.0,0.0,0.0,0.0,2,Partly cloudy,3.8,11.4,76,
2026-04-20T10:00,45.9,40.0,0.012,0.012,0.0,0.0,51,Light drizzle,5.3,15.4,62,
2026-04-20T11:00,47.9,42.4,0.0,0.0,0.0,0.0,2,Partly cloudy,5.0,16.6,55,
2026-04-20T12:00,48.9,42.7,0.004,0.004,0.0,0.0,51,Light drizzle,6.3,18.1,53,
2026-04-20T13:00,49.6,42.0,0.0,0.0,0.0,0.0,3,Overcast,8.1,21.0,45,
2026-04-20T14:00,49.5,40.8,0.004,0.004,0.0,0.0,51,Light drizzle,9.8,21.9,42,
2026-04-20T15:00,50.4,43.4,0.0,0.0,0.0,0.0,1,Mainly clear,9.9,25.7,34,
2026-04-20T16:00,49.8,41.3,0.0,0.0,0.0,0.0,0,Clear sky,10.7,27.1,35,
2026-04-20T17:00,49.6,40.2,0.0,0.0,0.0,0.0,0,Clear sky,10.0,26.4,32,
2026-04-20T18:00,48.1,38.6,0.0,0.0,0.0,0.0,0,Clear sky,9.9,25.7,33,
2026-04-20T19:00,45.6,36.4,0.0,0.0,0.0,0.0,0,Clear sky,9.3,23.3,37,
2026-04-20T20:00,43.5,35.1,0.0,0.0,0.0,0.0,0,Clear sky,7.9,21.5,43,
2026-04-20T21:00,42.2,34.5,0.0,0.0,0.0,0.0,0,Clear sky,6.3,17.7,46,
2026-04-20T22:00,41.1,33.5,0.0,0.0,0.0,0.0,0,Clear sky,6.2,15.0,49,
2026-04-20T23:00,39.8,32.6,0.0,0.0,0.0,0.0,0,Clear sky,5.5,15.4,53,
2026-04-21T00:00,38.9,31.8,0.0,0.0,0.0,0.0,0,Clear sky,5.3,12.5,55,
2026-04-21T01:00,37.9,30.5,0.0,0.0,0.0,0.0,0,Clear sky,5.9,13.6,56,
2026-04-21T02:00,36.1,28.4,0.0,0.0,0.0,0.0,0,Clear sky,6.4,13.4,58,
2026-04-21T03:00,34.7,27.7,0.0,0.0,0.0,0.0,0,Clear sky,4.8,13.9,62,
2026-04-21T04:00,33.6,27.0,0.0,0.0,0.0,0.0,0,Clear sky,3.8,11.0,65,
2026-04-21T05:00,32.7,26.3,0.0,0.0,0.0,0.0,0,Clear sky,3.5,8.9,68,
2026-04-21T06:00,32.0,25.5,0.0,0.0,0.0,0.0,0,Clear sky,3.5,8.5,69,
2026-04-21T07:00,32.8,26.4,0.0,0.0,0.0,0.0,0,Clear sky,3.3,8.3,68,
2026-04-21T08:00,36.1,29.7,0.0,0.0,0.0,0.0,0,Clear sky,3.1,10.7,57,
2026-04-21T09:00,39.3,32.6,0.0,0.0,0.0,0.0,0,Clear sky,3.4,11.6,47,
2026-04-21T10:00,42.4,36.6,0.0,0.0,0.0,0.0,0,Clear sky,2.2,11.4,40,
2026-04-21T11:00,44.5,41.5,0.0,0.0,0.0,0.0,0,Clear sky,0.6,10.3,37,
2026-04-21T12:00,46.3,44.1,0.0,0.0,0.0,0.0,1,Mainly clear,1.6,10.3,34,
2026-04-21T13:00,47.9,45.9,0.0,0.0,0.0,0.0,1,Mainly clear,2.2,11.4,32,
2026-04-21T14:00,50.1,47.8,0.0,0.0,0.0,0.0,1,Mainly clear,2.5,11.9,29,
2026-04-21T15:00,52.0,48.2,0.0,0.0,0.0,0.0,1,Mainly clear,3.7,13.4,28,
2026-04-21T16:00,52.7,47.1,0.0,0.0,0.0,0.0,3,Overcast,4.3,14.1,25,
2026-04-21T17:00,51.0,42.8,0.0,0.0,0.0,0.0,2,Partly cloudy,6.3,16.8,27,
2026-04-21T18:00,47.0,38.4,0.0,0.0,0.0,0.0,2,Partly cloudy,8.2,20.6,36,
2026-04-21T19:00,45.6,37.4,0.0,0.0,0.0,0.0,2,Partly cloudy,8.0,20.4,43,
2026-04-21T20:00,44.4,36.0,0.0,0.0,0.0,0.0,1,Mainly clear,8.9,19.2,47,
2026-04-21T21:00,43.5,36.0,0.0,0.0,0.0,0.0,3,Overcast,7.2,20.6,53,
2026-04-21T22:00,44.4,37.5,0.0,0.0,0.0,0.0,3,Overcast,6.6,17.2,57,
2026-04-21T23:00,45.1,38.4,0.0,0.0,0.0,0.0,3,Overcast,6.6,16.8,59,
2026-04-22T00:00,44.1,37.5,0.004,0.004,0.0,0.0,51,Light drizzle,6.5,15.9,63,
2026-04-22T01:00,43.3,38.0,0.0,0.0,0.0,0.0,3,Overcast,4.7,15.7,72,
2026-04-22T02:00,44.3,39.1,0.0,0.0,0.0,0.0,3,Overcast,5.4,10.3,76,
2026-04-22T03:00,45.2,39.9,0.0,0.0,0.0,0.0,3,Overcast,5.8,13.0,74,
2026-04-22T04:00,45.3,39.4,0.0,0.0,0.0,0.0,3,Overcast,7.0,15.7,73,
2026-04-22T05:00,45.0,39.1,0.02,0.02,0.0,0.0,53,Moderate drizzle,7.2,15.9,77,
2026-04-22T06:00,44.9,38.8,0.008,0.008,0.0,0.0,51,Light drizzle,8.3,17.9,81,
2026-04-22T07:00,45.6,40.0,0.0,0.0,0.0,0.0,3,Overcast,7.4,18.1,80,
2026-04-22T08:00,46.2,40.8,0.0,0.0,0.0,0.0,3,Overcast,7.8,16.1,84,
2026-04-22T09:00,47.6,41.1,0.0,0.0,0.0,0.0,3,Overcast,10.2,24.6,78,
2026-04-22T10:00,48.2,41.8,0.008,0.008,0.0,0.0,51,Light drizzle,9.9,23.9,76,
2026-04-22T11:00,49.5,43.4,0.004,0.004,0.0,0.0,51,Light drizzle,9.1,23.5,72,
2026-04-22T12:00,50.5,44.2,0.0,0.0,0.0,0.0,3,Overcast,9.7,23.5,69,
2026-04-22T13:00,52.4,46.8,0.0,0.0,0.0,0.0,2,Partly cloudy,8.6,23.7,67,
2026-04-22T14:00,51.0,47.6,0.0,0.0,0.0,0.0,3,Overcast,7.3,21.9,71,
2026-04-22T15:00,53.8,49.6,0.0,0.0,0.0,0.0,3,Overcast,5.8,19.2,67,
2026-04-22T16:00,53.9,50.7,0.0,0.0,0.0,0.0,3,Overcast,3.7,16.6,68,
2026-04-22T17:00,54.1,51.3,0.0,0.0,0.0,0.0,3,Overcast,3.2,11.9,68,
2026-04-22T18:00,53.9,51.5,0.0,0.0,0.0,0.0,3,Overcast,2.0,10.5,69,
2026-04-22T19:00,53.2,50.4,0.0,0.0,0.0,0.0,1,Mainly clear,3.0,8.7,71,
2026-04-22T20:00,51.1,48.8,0.0,0.0,0.0,0.0,0,Clear sky,2.4,8.5,80,
2026-04-22T21:00,49.7,47.3,0.0,0.0,0.0,0.0,0,Clear sky,2.6,6.3,83,
2026-04-22T22:00,47.5,44.9,0.016,0.016,0.0,0.0,51,Light drizzle,2.3,6.0,87,
2026-04-22T23:00,47.6,44.6,0.126,0.126,0.0,0.0,63,Moderate rain,2.4,8.3,81,
2026-04-23T00:00,47.1,44.9,0.051,0.051,0.0,0.0,61,Slight rain,0.7,6.9,83,
2026-04-23T01:00,47.3,44.8,0.004,0.004,0.0,0.0,51,Light drizzle,1.4,3.4,83,
2026-04-23T02:00,47.0,45.1,0.0,0.0,0.0,0.0,0,Clear sky,0.3,2.7,85,
2026-04-23T03:00,45.5,43.4,0.0,0.0,0.0,0.0,0,Clear sky,0.3,1.3,87,
2026-04-23T04:00,44.3,41.6,0.0,0.0,0.0,0.0,0,Clear sky,1.7,3.1,90,
2026-04-23T05:00,44.9,42.2,0.0,0.0,0.0,0.0,0,Clear sky,1.9,3.8,91,
2026-04-23T06:00,44.5,42.1,0.0,0.0,0.0,0.0,0,Clear sky,1.2,3.4,93,
2026-04-23T07:00,45.5,42.5,0.0,0.0,0.0,0.0,0,Clear sky,3.4,5.6,94,
2026-04-23T08:00,47.7,46.0,0.0,0.0,0.0,0.0,0,Clear sky,1.8,7.8,96,
2026-04-23T09:00,53.6,52.7,0.0,0.0,0.0,0.0,0,Clear sky,1.1,8.1,82,
2026-04-23T10:00,59.7,59.2,0.0,0.0,0.0,0.0,0,Clear sky,1.5,8.3,67,
2026-04-23T11:00,64.9,64.6,0.0,0.0,0.0,0.0,1,Mainly clear,4.3,13.0,53,
2026-04-23T12:00,67.6,65.5,0.0,0.0,0.0,0.0,0,Clear sky,7.0,19.0,38,
2026-04-23T13:00,69.0,67.0,0.0,0.0,0.0,0.0,2,Partly cloudy,7.8,20.8,36,
2026-04-23T14:00,70.8,67.3,0.0,0.0,0.0,0.0,3,Overcast,9.6,22.1,31,
2026-04-23T15:00,72.1,67.0,0.0,0.0,0.0,0.0,3,Overcast,10.3,25.3,27,
2026-04-23T16:00,72.2,66.2,0.0,0.0,0.0,0.0,2,Partly cloudy,9.4,25.7,26,
2026-04-23T17:00,71.6,64.8,0.0,0.0,0.0,0.0,3,Overcast,8.5,22.8,27,
2026-04-23T18:00,69.6,64.1,0.0,0.0,0.0,0.0,3,Overcast,6.8,20.6,32,
2026-04-23T19:00,68.1,61.7,0.0,0.0,0.0,0.0,1,Mainly clear,7.9,17.4,31,
2026-04-23T20:00,67.4,61.9,0.0,0.0,0.0,0.0,3,Overcast,6.2,17.2,33,
2026-04-23T21:00,65.5,59.9,0.0,0.0,0.0,0.0,2,Partly cloudy,6.3,13.6,35,
2026-04-23T22:00,63.4,57.9,0.0,0.0,0.0,0.0,3,Overcast,6.2,13.4,38,
2026-04-23T23:00,62.6,56.7,0.0,0.0,0.0,0.0,3,Overcast,6.2,13.9,36,
2026-04-24T00:00,60.4,57.1,0.0,0.0,0.0,0.0,3,Overcast,2.6,13.4,49,
2026-04-24T01:00,59.5,55.7,0.0,0.0,0.0,0.0,3,Overcast,3.0,6.5,48,
2026-04-24T02:00,58.6,55.9,0.0,0.0,0.0,0.0,3,Overcast,2.3,6.3,55,
2026-04-24T03:00,57.8,54.7,0.0,0.0,0.0,0.0,3,Overcast,2.2,4.5,53,
2026-04-24T04:00,56.8,53.7,0.0,0.0,0.0,0.0,3,Overcast,2.3,4.7,56,
2026-04-24T05:00,56.0,52.4,0.0,0.0,0.0,0.0,3,Overcast,2.6,5.1,54,
2026-04-24T06:00,56.0,51.1,0.0,0.0,0.0,0.0,3,Overcast,4.1,8.3,47,
2026-04-24T07:00,56.7,50.4,0.0,0.0,0.0,0.0,3,Overcast,6.5,12.5,43,
2026-04-24T08:00,57.8,52.2,0.0,0.0,0.0,0.0,2,Partly cloudy,6.3,19.0,46,
2026-04-24T09:00,58.4,52.0,0.0,0.0,0.0,0.0,1,Mainly clear,7.1,18.1,41,
2026-04-24T10:00,59.7,53.0,0.0,0.0,0.0,0.0,2,Partly cloudy,6.7,19.2,33,
2026-04-24T11:00,60.6,54.8,0.0,0.0,0.0,0.0,2,Partly cloudy,7.6,21.5,29,
2026-04-24T12:00,60.5,54.2,0.0,0.0,0.0,0.0,2,Partly cloudy,6.3,21.7,27,
2026-04-24T13:00,63.0,59.0,0.0,0.0,0.0,0.0,1,Mainly clear,5.1,18.3,25,
2026-04-24T14:00,67.1,63.7,0.0,0.0,0.0,0.0,0,Clear sky,4.8,17.2,22,
2026-04-24T15:00,69.2,66.8,0.0,0.0,0.0,0.0,1,Mainly clear,2.6,15.0,21,
2026-04-24T16:00,69.6,65.6,0.0,0.0,0.0,0.0,3,Overcast,1.4,12.1,23,
2026-04-24T17:00,67.6,61.1,0.0,0.0,0.0,0.0,3,Overcast,6.4,18.3,26,
2026-04-24T18:00,62.9,56.4,0.0,0.0,0.0,0.0,1,Mainly clear,7.1,19.0,34,
2026-04-24T19:00,58.2,52.0,0.0,0.0,0.0,0.0,1,Mainly clear,6.8,19.2,41,
2026-04-24T20:00,52.8,46.5,0.0,0.0,0.0,0.0,0,Clear sky,7.2,16.8,51,
2026-04-24T21:00,51.3,46.4,0.0,0.0,0.0,0.0,0,Clear sky,4.4,16.1,58,
2026-04-24T22:00,50.8,46.2,0.0,0.0,0.0,0.0,2,Partly cloudy,4.6,11.2,63,
2026-04-24T23:00,50.0,45.5,0.0,0.0,0.0,0.0,3,Overcast,4.4,10.7,65,
2026-04-25T00:00,49.0,44.3,0.0,0.0,0.0,0.0,3,Overcast,5.0,12.1,69,
2026-04-25T01:00,48.5,44.1,0.0,0.0,0.0,0.0,3,Overcast,4.6,12.5,72,
2026-04-25T02:00,49.0,44.0,0.0,0.0,0.0,0.0,3,Overcast,5.7,12.1,69,
2026-04-25T03:00,48.5,43.1,0.0,0.0,0.0,0.0,3,Overcast,6.4,15.0,69,
2026-04-25T04:00,47.8,42.4,0.0,0.0,0.0,0.0,3,Overcast,6.3,15.4,69,
2026-04-25T05:00,47.6,41.7,0.0,0.0,0.0,0.0,3,Overcast,6.6,15.7,66,
2026-04-25T06:00,47.2,40.9,0.0,0.0,0.0,0.0,3,Overcast,6.6,15.7,60,
2026-04-25T07:00,47.3,40.9,0.0,0.0,0.0,0.0,3,Overcast,6.3,15.4,57,
2026-04-25T08:00,49.0,42.0,0.0,0.0,0.0,0.0,3,Overcast,7.4,17.4,51,
2026-04-25T09:00,50.2,42.9,0.0,0.0,0.0,0.0,3,Overcast,7.2,19.2,45,
2026-04-25T10:00,48.7,41.0,0.008,0.008,0.0,0.0,51,Light drizzle,8.9,20.8,49,
2026-04-25T11:00,48.1,40.8,0.02,0.02,0.0,0.0,53,Moderate drizzle,8.6,22.4,56,
2026-04-25T12:00,47.6,40.8,0.028,0.028,0.0,0.0,53,Moderate drizzle,7.8,20.8,60,
2026-04-25T13:00,45.1,39.6,0.079,0.079,0.0,0.0,61,Slight rain,6.9,18.8,78,
2026-04-25T14:00,44.8,38.3,0.02,0.02,0.0,0.0,53,Moderate drizzle,8.7,20.6,77,
2026-04-25T15:00,45.5,39.7,0.039,0.039,0.0,0.0,55,Dense drizzle,6.9,20.4,73,
2026-04-25T16:00,43.5,38.1,0.094,0.094,0.0,0.0,61,Slight rain,7.4,16.3,88,
2026-04-25T17:00,43.1,37.3,0.122,0.122,0.0,0.0,63,Moderate rain,8.2,17.4,90,
2026-04-25T18:00,43.1,37.3,0.087,0.087,0.0,0.0,61,Slight rain,8.3,18.1,91,
2026-04-25T19:00,42.8,37.4,0.094,0.094,0.0,0.0,61,Slight rain,7.4,17.2,92,
2026-04-25T20:00,42.7,37.9,0.091,0.091,0.0,0.0,61,Slight rain,5.5,16.3,89,
2026-04-25T21:00,42.6,38.0,0.122,0.122,0.0,0.0,63,Moderate rain,5.5,12.1,92,
2026-04-25T22:00,42.5,37.7,0.071,0.071,0.0,0.0,61,Slight rain,6.0,13.0,93,
2026-04-25T23:00,42.4,37.2,0.067,0.067,0.0,0.0,61,Slight rain,6.7,13.9,93,
2026-04-26T00:00,42.4,37.2,0.059,0.059,0.0,0.0,61,Slight rain,6.5,15.0,92,
2026-04-26T01:00,42.2,37.0,0.031,0.031,0.0,0.0,53,Moderate drizzle,6.6,13.9,92,
2026-04-26T02:00,41.5,36.4,0.059,0.059,0.0,0.0,61,Slight rain,6.4,15.4,96,
2026-04-26T03:00,41.7,36.2,0.051,0.051,0.0,0.0,61,Slight rain,7.4,15.9,93,
2026-04-26T04:00,41.9,36.4,0.008,0.008,0.0,0.0,51,Light drizzle,7.5,16.6,94,
2026-04-26T05:00,42.1,36.6,0.004,0.004,0.0,0.0,51,Light drizzle,7.4,16.3,94,
2026-04-26T06:00,42.3,37.2,0.0,0.0,0.0,0.0,3,Overcast,6.5,15.4,93,
2026-04-26T07:00,42.6,37.3,0.0,0.0,0.0,0.0,3,Overcast,6.9,15.7,89,
2026-04-26T08:00,43.3,37.8,0.0,0.0,0.0,0.0,3,Overcast,7.5,17.4,89,
2026-04-26T09:00,44.1,37.9,0.004,0.004,0.0,0.0,51,Light drizzle,8.8,19.7,85,
2026-04-26T10:00,45.1,39.1,0.0,0.0,0.0,0.0,3,Overcast,8.4,20.8,80,
2026-04-26T11:00,46.9,41.4,0.0,0.0,0.0,0.0,3,Overcast,7.0,21.5,74,
2026-04-26T12:00,51.2,44.5,0.0,0.0,0.0,0.0,3,Overcast,9.7,25.3,63,
2026-04-26T13:00,52.9,47.0,0.0,0.0,0.0,0.0,3,Overcast,8.4,23.9,62,
2026-04-26T14:00,54.7,49.2,0.0,0.0,0.0,0.0,2,Partly cloudy,8.0,20.8,60,
2026-04-26T15:00,55.6,51.9,0.0,0.0,0.0,0.0,1,Mainly clear,6.5,20.6,60,
2026-04-26T16:00,55.0,50.8,0.0,0.0,0.0,0.0,1,Mainly clear,5.3,18.1,61,
2026-04-26T17:00,55.4,51.1,0.0,0.0,0.0,0.0,0,Clear sky,5.3,15.2,59,
2026-04-26T18:00,55.8,51.3,0.0,0.0,0.0,0.0,0,Clear sky,5.3,14.3,57,
2026-04-26T19:00,54.9,51.9,0.0,0.0,0.0,0.0,0,Clear sky,2.5,13.2,63,
2026-04-26T20:00,50.9,46.9,0.0,0.0,0.0,0.0,0,Clear sky,5.3,7.2,75,
2026-04-26T21:00,48.0,44.3,0.0,0.0,0.0,0.0,0,Clear sky,4.4,12.1,81,
2026-04-26T22:00,46.4,43.4,0.0,0.0,0.0,0.0,0,Clear sky,2.4,9.6,85,
2026-04-26T23:00,45.4,42.4,0.0,0.0,0.0,0.0,0,Clear sky,2.3,5.6,87,
2026-04-27T00:00,45.5,42.1,0.0,0.0,0.0,0.0,0,Clear sky,3.1,6.7,86,
2026-04-27T01:00,45.2,41.7,0.0,0.0,0.0,0.0,0,Clear sky,3.4,7.8,86,
2026-04-27T02:00,43.6,40.1,0.0,0.0,0.0,0.0,0,Clear sky,2.8,7.2,88,
2026-04-27T03:00,43.7,40.0,0.0,0.0,0.0,0.0,0,Clear sky,2.9,6.3,86,
2026-04-27T04:00,43.3,39.2,0.0,0.0,0.0,0.0,0,Clear sky,3.8,8.1,86,
2026-04-27T05:00,43.3,39.2,0.0,0.0,0.0,0.0,0,Clear sky,3.8,8.5,87,
2026-04-27T06:00,42.4,38.6,0.0,0.0,0.0,0.0,0,Clear sky,2.8,7.8,88,
2026-04-27T07:00,44.6,40.9,0.0,0.0,0.0,0.0,0,Clear sky,3.4,6.5,86,
2026-04-27T08:00,47.5,44.5,0.0,0.0,0.0,0.0,0,Clear sky,2.5,8.7,82,
2026-04-27T09:00,51.6,49.2,0.0,0.0,0.0,0.0,0,Clear sky,2.1,8.7,76,
2026-04-27T10:00,56.1,54.6,0.0,0.0,0.0,0.0,0,Clear sky,2.4,10.3,68,
2026-04-27T11:00,59.8,59.2,0.0,0.0,0.0,0.0,0,Clear sky,3.5,12.3,56,
2026-04-27T12:00,61.8,61.2,0.0,0.0,0.0,0.0,0,Clear sky,4.7,15.2,48,
2026-04-27T13:00,63.4,63.4,0.0,0.0,0.0,0.0,0,Clear sky,4.6,15.2,45,
2026-04-27T14:00,65.5,65.2,0.0,0.0,0.0,0.0,0,Clear sky,4.3,16.1,39,
2026-04-27T15:00,66.7,65.2,0.0,0.0,0.0,0.0,0,Clear sky,5.0,15.2,36,
2026-04-27T16:00,66.9,64.5,0.0,0.0,0.0,0.0,0,Clear sky,4.1,15.2,36,
2026-04-27T17:00,65.4,61.5,0.0,0.0,0.0,0.0,0,Clear sky,4.6,13.4,41,
2026-04-27T18:00,61.5,57.1,0.0,0.0,0.0,0.0,0,Clear sky,6.4,16.1,51,
2026-04-27T19:00,57.3,52.6,0.0,0.0,0.0,0.0,0,Clear sky,5.3,16.1,52,
2026-04-27T20:00,54.1,48.8,0.0,0.0,0.0,0.0,0,Clear sky,6.2,12.8,55,
2026-04-27T21:00,52.5,47.2,0.0,0.0,0.0,0.0,0,Clear sky,6.1,13.2,59,
2026-04-27T22:00,51.4,46.6,0.0,0.0,0.0,0.0,0,Clear sky,5.0,13.0,60,
2026-04-27T23:00,50.2,46.2,0.0,0.0,0.0,0.0,0,Clear sky,3.2,10.5,65,
2026-04-28T00:00,49.0,45.6,0.0,0.0,0.0,0.0,0,Clear sky,2.2,6.7,69,
2026-04-28T01:00,48.2,44.4,0.0,0.0,0.0,0.0,0,Clear sky,2.8,5.1,70,
2026-04-28T02:00,48.9,44.2,0.0,0.0,0.0,0.0,0,Clear sky,4.4,7.8,65,
2026-04-28T03:00,47.7,43.6,0.0,0.0,0.0,0.0,1,Mainly clear,3.1,9.6,70,
2026-04-28T04:00,46.7,42.6,0.0,0.0,0.0,0.0,1,Mainly clear,3.0,6.5,72,
2026-04-28T05:00,45.5,41.5,0.0,0.0,0.0,0.0,0,Clear sky,2.8,6.7,74,
2026-04-28T06:00,45.1,41.4,0.0,0.0,0.0,0.0,0,Clear sky,1.8,6.0,74,
2026-04-28T07:00,47.6,44.7,0.0,0.0,0.0,0.0,0,Clear sky,0.8,3.1,73,
2026-04-28T08:00,50.8,47.6,0.0,0.0,0.0,0.0,2,Partly cloudy,1.3,4.3,63,
2026-04-28T09:00,55.0,51.8,0.0,0.0,0.0,0.0,3,Overcast,1.5,7.6,55,
2026-04-28T10:00,58.6,55.5,0.0,0.0,0.0,0.0,3,Overcast,2.6,10.3,49,
2026-04-28T11:00,61.2,58.5,0.0,0.0,0.0,0.0,3,Overcast,4.0,13.2,44,
2026-04-28T12:00,62.5,59.3,0.0,0.0,0.0,0.0,3,Overcast,4.6,14.8,42,
2026-04-28T13:00,64.1,61.9,0.0,0.0,0.0,0.0,3,Overcast,4.5,14.5,40,
2026-04-28T14:00,64.4,59.9,0.0,0.0,0.0,0.0,3,Overcast,5.0,14.5,37,
2026-04-28T15:00,62.9,57.9,0.0,0.0,0.0,0.0,3,Overcast,5.4,14.8,40,
2026-04-28T16:00,59.0,53.8,0.0,0.0,0.0,0.0,3,Overcast,5.7,15.0,46,
2026-04-28T17:00,58.1,53.3,0.0,0.0,0.0,0.0,3,Overcast,4.6,13.6,47,
2026-04-28T18:00,57.5,52.7,0.0,0.0,0.0,0.0,3,Overcast,4.7,11.4,48,
2026-04-28T19:00,55.9,51.0,0.0,0.0,0.0,0.0,3,Overcast,4.7,11.2,51,
2026-04-28T20:00,55.0,50.0,0.0,0.0,0.0,0.0,3,Overcast,5.3,10.5,53,
2026-04-28T21:00,54.2,49.3,0.0,0.0,0.0,0.0,3,Overcast,5.2,11.2,54,
2026-04-28T22:00,54.0,49.2,0.0,0.0,0.0,0.0,3,Overcast,4.7,11.2,55,
2026-04-28T23:00,53.0,48.3,0.0,0.0,0.0,0.0,3,Overcast,5.0,10.7,59,
2026-04-29T00:00,51.8,47.3,0.0,0.0,0.0,0.0,3,Overcast,5.1,11.2,65,
2026-04-29T01:00,50.9,46.8,0.0,0.0,0.0,0.0,3,Overcast,4.6,11.2,69,
2026-04-29T02:00,51.3,47.1,0.0,0.0,0.0,0.0,3,Overcast,4.3,10.1,66,
2026-04-29T03:00,51.2,47.8,0.0,0.0,0.0,0.0,3,Overcast,2.8,8.7,69,
2026-04-29T04:00,51.1,47.5,0.0,0.0,0.0,0.0,3,Overcast,3.2,7.2,69,
2026-04-29T05:00,50.9,47.7,0.0,0.0,0.0,0.0,2,Partly cloudy,2.6,7.4,70,
2026-04-29T06:00,50.4,47.8,0.0,0.0,0.0,0.0,3,Overcast,1.6,5.6,74,
2026-04-29T07:00,50.9,47.4,0.0,0.0,0.0,0.0,3,Overcast,3.1,6.5,69,
2026-04-29T08:00,52.6,49.2,0.0,0.0,0.0,0.0,3,Overcast,3.1,9.2,66,
2026-04-29T09:00,55.9,52.6,0.0,0.0,0.0,0.0,3,Overcast,2.1,10.7,55,
2026-04-29T10:00,58.9,55.9,0.0,0.0,0.0,0.0,3,Overcast,2.5,10.7,49,
2026-04-29T11:00,60.8,57.3,0.0,0.0,0.0,0.0,3,Overcast,4.5,14.5,47,
2026-04-29T12:00,62.9,60.6,0.0,0.0,0.0,0.0,3,Overcast,6.2,18.8,44,
2026-04-29T13:00,62.3,58.8,0.0,0.0,0.0,0.0,3,Overcast,7.7,21.5,43,
2026-04-29T14:00,60.1,56.6,0.0,0.0,0.0,0.0,3,Overcast,8.6,25.1,48,
2026-04-29T15:00,58.4,52.2,0.0,0.0,0.0,0.0,3,Overcast,9.1,24.2,51,
2026-04-29T16:00,56.8,50.7,0.0,0.0,0.0,0.0,3,Overcast,8.8,23.7,53,
2026-04-29T17:00,55.4,49.9,0.0,0.0,0.0,0.0,3,Overcast,7.9,22.6,58,
2026-04-29T18:00,53.9,48.9,0.0,0.0,0.0,0.0,3,Overcast,7.1,20.1,64,
2026-04-29T19:00,52.4,47.9,0.0,0.0,0.0,0.0,3,Overcast,6.5,17.4,70,
2026-04-29T20:00,51.1,47.4,0.043,0.043,0.0,0.0,55,Dense drizzle,6.0,16.3,81,
2026-04-29T21:00,50.2,47.2,0.0,0.0,0.0,0.0,3,Overcast,4.7,13.4,86,
2026-04-29T22:00,49.8,47.5,0.016,0.016,0.0,0.0,51,Light drizzle,3.1,11.0,87,
2026-04-29T23:00,49.3,46.7,0.043,0.043,0.0,0.0,55,Dense drizzle,4.5,9.8,94,
2026-04-30T00:00,48.9,47.0,0.11,0.11,0.0,0.0,63,Moderate rain,3.2,10.7,96,
2026-04-30T01:00,48.6,46.2,0.094,0.094,0.0,0.0,61,Slight rain,4.3,12.1,98,
2026-04-30T02:00,47.9,45.5,0.024,0.024,0.0,0.0,53,Moderate drizzle,4.0,11.0,97,
2026-04-30T03:00,47.8,45.3,0.079,0.079,0.0,0.0,61,Slight rain,4.1,11.4,98,
2026-04-30T04:00,47.8,45.4,0.004,0.004,0.0,0.0,51,Light drizzle,3.8,8.5,96,
2026-04-30T05:00,47.9,45.5,0.0,0.0,0.0,0.0,3,Overcast,3.7,8.5,95,
2026-04-30T06:00,48.1,45.7,0.0,0.0,0.0,0.0,3,Overcast,3.6,8.5,94,
2026-04-30T07:00,48.7,46.4,0.004,0.004,0.0,0.0,51,Light drizzle,3.3,8.3,93,
2026-04-30T08:00,48.8,47.0,0.0,0.0,0.0,0.0,3,Overcast,1.9,7.8,90,
2026-04-30T09:00,50.3,48.4,0.004,0.004,0.0,0.0,51,Light drizzle,2.0,7.2,86,
2026-04-30T10:00,51.6,49.7,0.004,0.004,0.0,0.0,51,Light drizzle,2.6,8.5,83,
2026-04-30T11:00,53.9,51.6,0.0,0.0,0.0,0.0,3,Overcast,3.6,11.2,78,
2026-04-30T12:00,55.7,53.2,0.0,0.0,0.0,0.0,3,Overcast,4.4,12.5,75,
2026-04-30T13:00,56.4,53.5,0.0,0.0,0.0,0.0,3,Overcast,5.6,14.5,73,
2026-04-30T14:00,56.8,54.5,0.0,0.0,0.0,0.0,3,Overcast,4.2,14.3,73,
2026-04-30T15:00,57.3,55.1,0.0,0.0,0.0,0.0,2,Partly cloudy,4.4,13.2,73,
2026-04-30T16:00,59.1,56.3,0.0,0.0,0.0,0.0,1,Mainly clear,5.6,17.0,67,
2026-04-30T17:00,59.7,56.5,0.0,0.0,0.0,0.0,2,Partly cloudy,5.5,16.6,61,
2026-04-30T18:00,59.8,56.3,0.0,0.0,0.0,0.0,1,Mainly clear,5.4,15.7,59,
2026-04-30T19:00,59.0,56.3,0.0,0.0,0.0,0.0,1,Mainly clear,3.8,14.8,61,
2026-04-30T20:00,56.6,53.4,0.0,0.0,0.0,0.0,0,Clear sky,4.1,9.6,64,
2026-04-30T21:00,54.7,50.9,0.0,0.0,0.0,0.0,2,Partly cloudy,5.1,10.1,66,
2026-04-30T22:00,54.1,49.2,0.0,0.0,0.0,0.0,3,Overcast,7.0,15.4,63,
2026-04-30T23:00,53.2,48.0,0.0,0.0,0.0,0.0,3,Overcast,7.1,15.4,62,
2026-05-01T00:00,52.1,46.2,0.0,0.0,0.0,0.0,3,Overcast,7.9,17.2,62,
2026-05-01T01:00,50.5,44.4,0.0,0.0,0.0,0.0,1,Mainly clear,7.9,17.9,62,
2026-05-01T02:00,49.8,43.5,0.0,0.0,0.0,0.0,0,Clear sky,7.9,17.7,61,
2026-05-01T03:00,47.8,41.7,0.0,0.0,0.0,0.0,0,Clear sky,7.0,17.4,63,
2026-05-01T04:00,46.5,40.5,0.0,0.0,0.0,0.0,0,Clear sky,6.6,15.4,65,
2026-05-01T05:00,45.2,39.2,0.0,0.0,0.0,0.0,0,Clear sky,6.3,14.3,67,
2026-05-01T06:00,44.1,38.2,0.0,0.0,0.0,0.0,0,Clear sky,5.8,13.9,70,
2026-05-01T07:00,44.9,39.1,0.0,0.0,0.0,0.0,0,Clear sky,5.9,13.9,69,
2026-05-01T08:00,47.7,42.0,0.0,0.0,0.0,0.0,0,Clear sky,6.1,15.0,65,
2026-05-01T09:00,50.5,45.1,0.0,0.0,0.0,0.0,0,Clear sky,5.8,15.9,60,
2026-05-01T10:00,53.0,48.2,0.0,0.0,0.0,0.0,0,Clear sky,5.4,16.8,51,
2026-05-01T11:00,55.1,52.5,0.0,0.0,0.0,0.0,0,Clear sky,4.2,15.9,46,
2026-05-01T12:00,57.2,56.0,0.0,0.0,0.0,0.0,0,Clear sky,3.8,14.1,43,
2026-05-01T13:00,59.6,57.6,0.0,0.0,0.0,0.0,2,Partly cloudy,5.9,16.3,38,
2026-05-01T14:00,62.0,57.5,0.0,0.0,0.0,0.0,3,Overcast,6.5,19.0,35,
2026-05-01T15:00,62.3,56.9,0.0,0.0,0.0,0.0,2,Partly cloudy,6.7,18.3,35,
2026-05-01T16:00,64.9,59.2,0.0,0.0,0.0,0.0,2,Partly cloudy,7.7,19.7,32,
2026-05-01T17:00,63.1,57.3,0.0,0.0,0.0,0.0,3,Overcast,5.7,19.5,35,
2026-05-01T18:00,56.9,50.9,0.0,0.0,0.0,0.0,2,Partly cloudy,9.7,22.8,57,
2026-05-01T19:00,53.8,49.3,0.0,0.0,0.0,0.0,0,Clear sky,6.9,22.4,69,
2026-05-01T20:00,52.2,47.8,0.0,0.0,0.0,0.0,2,Partly cloudy,7.2,15.7,76,
2026-05-01T21:00,51.9,48.2,0.0,0.0,0.0,0.0,0,Clear sky,5.6,15.0,77,
2026-05-01T22:00,51.0,47.7,0.0,0.0,0.0,0.0,1,Mainly clear,4.8,12.1,79,
2026-05-01T23:00,51.7,48.2,0.0,0.0,0.0,0.0,0,Clear sky,4.7,10.1,75,
2026-05-02T00:00,52.0,47.7,0.0,0.0,0.0,0.0,3,Overcast,5.6,11.2,70,
2026-05-02T01:00,51.9,46.8,0.004,0.004,0.0,0.0,51,Light drizzle,7.2,16.3,69,
2026-05-02T02:00,51.2,48.0,0.051,0.051,0.0,0.0,61,Slight rain,3.8,15.0,76,
2026-05-02T03:00,50.2,46.7,0.0,0.0,0.0,0.0,1,Mainly clear,5.3,10.7,83,
2026-05-02T04:00,48.2,45.4,0.016,0.016,0.0,0.0,51,Light drizzle,3.7,10.5,88,
2026-05-02T05:00,48.7,45.4,0.004,0.004,0.0,0.0,51,Light drizzle,5.1,11.4,89,
2026-05-02T06:00,49.1,46.0,0.016,0.016,0.0,0.0,51,Light drizzle,4.9,11.0,89,
2026-05-02T07:00,49.2,46.4,0.0,0.0,0.0,0.0,2,Partly cloudy,4.2,8.9,89,
2026-05-02T08:00,51.2,48.6,0.0,0.0,0.0,0.0,3,Overcast,3.4,11.9,81,
2026-05-02T09:00,53.2,50.0,0.0,0.0,0.0,0.0,3,Overcast,5.2,13.9,76,
2026-05-02T10:00,53.7,49.9,0.004,0.004,0.0,0.0,51,Light drizzle,5.7,16.3,71,
2026-05-02T11:00,53.4,49.7,0.0,0.0,0.0,0.0,3,Overcast,4.7,15.9,69,
2026-05-02T12:00,55.6,51.8,0.004,0.004,0.0,0.0,51,Light drizzle,4.4,14.3,61,
2026-05-02T13:00,57.9,55.4,0.0,0.0,0.0,0.0,3,Overcast,4.8,15.0,52,
2026-05-02T14:00,58.1,53.9,0.0,0.0,0.0,0.0,3,Overcast,4.5,16.1,47,
2026-05-02T15:00,59.3,54.6,0.0,0.0,0.0,0.0,3,Overcast,5.6,16.3,43,
2026-05-02T16:00,59.1,53.1,0.0,0.0,0.0,0.0,3,Overcast,6.1,16.8,40,
2026-05-02T17:00,58.5,52.3,0.0,0.0,0.0,0.0,3,Overcast,6.2,16.6,39,
2026-05-02T18:00,58.2,51.7,0.0,0.0,0.0,0.0,2,Partly cloudy,6.5,16.6,37,
2026-05-02T19:00,56.4,50.2,0.0,0.0,0.0,0.0,3,Overcast,6.0,17.9,41,
2026-05-02T20:00,55.9,49.6,0.0,0.0,0.0,0.0,3,Overcast,6.1,14.5,42,
2026-05-02T21:00,53.9,47.4,0.0,0.0,0.0,0.0,3,Overcast,7.0,15.2,46,
2026-05-02T22:00,52.1,44.8,0.0,0.0,0.0,0.0,3,Overcast,8.3,18.6,47,
2026-05-02T23:00,50.5,44.0,0.0,0.0,0.0,0.0,3,Overcast,6.4,18.3,49,
2026-05-03T00:00,49.5,43.1,0.0,0.0,0.0,0.0,3,Overcast,6.1,14.1,52,
2026-05-03T01:00,48.4,41.8,0.0,0.0,0.0,0.0,3,Overcast,6.5,15.0,54,
2026-05-03T02:00,48.7,42.3,0.0,0.0,0.0,0.0,3,Overcast,6.8,15.0,56,
2026-05-03T03:00,48.0,41.9,0.0,0.0,0.0,0.0,3,Overcast,6.1,14.8,58,
2026-05-03T04:00,47.0,40.3,0.0,0.0,0.0,0.0,2,Partly cloudy,7.3,16.6,58,
2026-05-03T05:00,45.4,38.1,0.0,0.0,0.0,0.0,1,Mainly clear,7.7,17.4,55,
2026-05-03T06:00,43.5,36.6,0.0,0.0,0.0,0.0,3,Overcast,6.5,17.4,58,
2026-05-03T07:00,44.0,37.1,0.0,0.0,0.0,0.0,3,Overcast,6.6,15.7,57,
2026-05-03T08:00,44.9,37.5,0.0,0.0,0.0,0.0,2,Partly cloudy,7.8,20.1,56,
2026-05-03T09:00,47.5,39.3,0.0,0.0,0.0,0.0,0,Clear sky,9.5,22.8,50,
2026-05-03T10:00,50.4,42.1,0.0,0.0,0.0,0.0,0,Clear sky,10.8,26.8,42,
2026-05-03T11:00,52.6,44.7,0.0,0.0,0.0,0.0,2,Partly cloudy,12.5,30.2,36,
2026-05-03T12:00,52.0,41.5,0.0,0.0,0.0,0.0,3,Overcast,13.6,32.7,36,
2026-05-03T13:00,52.8,42.6,0.0,0.0,0.0,0.0,3,Overcast,14.2,33.8,35,
2026-05-03T14:00,55.1,45.5,0.0,0.0,0.0,0.0,3,Overcast,14.3,36.0,31,
2026-05-03T15:00,55.9,45.5,0.0,0.0,0.0,0.0,3,Overcast,14.3,34.2,30,
2026-05-03T16:00,57.1,46.3,0.0,0.0,0.0,0.0,3,Overcast,14.5,34.4,28,
2026-05-03T17:00,57.4,46.5,0.0,0.0,0.0,0.0,2,Partly cloudy,14.3,34.4,28,
2026-05-03T18:00,57.7,46.8,0.0,0.0,0.0,0.0,2,Partly cloudy,14.5,33.6,28,
2026-05-03T19:00,56.8,49.2,0.0,0.0,0.0,0.0,1,Mainly clear,7.1,32.4,32,
2026-05-03T20:00,54.1,50.0,0.0,0.0,0.0,0.0,0,Clear sky,2.2,15.7,50,
2026-05-03T21:00,52.6,48.2,0.0,0.0,0.0,0.0,0,Clear sky,2.8,5.1,52,
2026-05-03T22:00,51.1,46.7,0.0,0.0,0.0,0.0,0,Clear sky,3.2,7.4,57,
2026-05-03T23:00,50.9,45.4,0.0,0.0,0.0,0.0,0,Clear sky,5.1,10.7,54,
2026-05-04T00:00,50.8,44.1,0.0,0.0,0.0,0.0,0,Clear sky,7.3,15.2,50,
2026-05-04T01:00,50.5,43.3,0.0,0.0,0.0,0.0,0,Clear sky,8.0,16.8,50,
2026-05-04T02:00,49.8,42.5,0.0,0.0,0.0,0.0,0,Clear sky,8.6,18.3,52,
2026-05-04T03:00,49.2,42.1,0.0,0.0,0.0,0.0,0,Clear sky,8.2,18.3,53,
2026-05-04T04:00,48.3,41.4,0.0,0.0,0.0,0.0,0,Clear sky,7.7,17.2,56,
2026-05-04T05:00,47.3,40.4,0.0,0.0,0.0,0.0,0,Clear sky,7.7,16.6,58,
2026-05-04T06:00,46.8,39.9,0.0,0.0,0.0,0.0,0,Clear sky,7.5,16.1,59,
2026-05-04T07:00,48.3,41.4,0.0,0.0,0.0,0.0,0,Clear sky,8.0,17.0,57,
2026-05-04T08:00,52.3,46.1,0.0,0.0,0.0,0.0,0,Clear sky,6.6,17.2,51,
2026-05-04T09:00,56.6,50.3,0.0,0.0,0.0,0.0,0,Clear sky,7.1,18.3,45,
2026-05-04T10:00,61.0,55.6,0.0,0.0,0.0,0.0,0,Clear sky,7.3,19.5,40,
2026-05-04T11:00,65.0,59.4,0.0,0.0,0.0,0.0,0,Clear sky,9.7,24.8,30,
2026-05-04T12:00,67.6,62.7,0.0,0.0,0.0,0.0,0,Clear sky,10.1,26.2,27,
2026-05-04T13:00,70.8,64.8,0.0,0.0,0.0,0.0,2,Partly cloudy,13.2,32.0,24,
2026-05-04T14:00,71.8,62.6,0.0,0.0,0.0,0.0,2,Partly cloudy,12.9,32.4,24,
2026-05-04T15:00,74.1,64.7,0.0,0.0,0.0,0.0,2,Partly cloudy,13.6,31.3,20,
2026-05-04T16:00,73.0,64.7,0.0,0.0,0.0,0.0,1,Mainly clear,11.1,31.8,24,
2026-05-04T17:00,75.5,67.7,0.0,0.0,0.0,0.0,3,Overcast,8.8,26.4,19,
2026-05-04T18:00,73.0,66.3,0.0,0.0,0.0,0.0,0,Clear sky,6.7,21.3,22,
2026-05-04T19:00,68.3,62.5,0.0,0.0,0.0,0.0,0,Clear sky,6.5,16.1,31,
2026-05-04T20:00,66.5,61.5,0.0,0.0,0.0,0.0,0,Clear sky,4.3,17.7,33,
2026-05-04T21:00,64.2,59.0,0.0,0.0,0.0,0.0,0,Clear sky,7.7,15.7,45,
2026-05-04T22:00,64.5,58.9,0.0,0.0,0.0,0.0,0,Clear sky,8.2,17.4,43,
2026-05-04T23:00,63.6,58.0,0.0,0.0,0.0,0.0,0,Clear sky,8.9,19.2,46,
2026-05-05T00:00,61.6,56.5,0.0,0.0,0.0,0.0,0,Clear sky,8.2,19.2,51,
2026-05-05T01:00,61.3,56.5,0.0,0.0,0.0,0.0,0,Clear sky,7.5,17.9,53,
2026-05-05T02:00,61.3,57.1,0.0,0.0,0.0,0.0,0,Clear sky,6.7,15.9,55,
2026-05-05T03:00,60.7,56.9,0.0,0.0,0.0,0.0,0,Clear sky,6.3,14.3,57,
2026-05-05T04:00,60.0,56.9,0.0,0.0,0.0,0.0,0,Clear sky,5.0,13.4,60,
2026-05-05T05:00,59.3,56.4,0.0,0.0,0.0,0.0,0,Clear sky,4.8,10.1,63,
2026-05-05T06:00,58.9,55.9,0.0,0.0,0.0,0.0,0,Clear sky,5.3,10.3,65,
2026-05-05T07:00,61.1,57.4,0.0,0.0,0.0,0.0,0,Clear sky,7.0,14.5,61,
2026-05-05T08:00,63.6,61.1,0.0,0.0,0.0,0.0,0,Clear sky,5.0,15.2,58,
2026-05-05T09:00,67.3,64.6,0.0,0.0,0.0,0.0,1,Mainly clear,6.1,15.7,53,
2026-05-05T10:00,71.8,69.3,0.0,0.0,0.0,0.0,1,Mainly clear,6.6,18.3,45,
2026-05-05T11:00,75.4,73.4,0.0,0.0,0.0,0.0,1,Mainly clear,7.7,20.6,39,
2026-05-05T12:00,79.4,78.1,0.0,0.0,0.0,0.0,0,Clear sky,8.0,21.5,33,
2026-05-05T13:00,83.2,81.0,0.0,0.0,0.0,0.0,0,Clear sky,10.1,28.4,26,
2026-05-05T14:00,83.8,79.5,0.0,0.0,0.0,0.0,1,Mainly clear,12.1,32.0,23,
2026-05-05T15:00,83.8,78.5,0.0,0.0,0.0,0.0,0,Clear sky,12.8,33.1,23,
2026-05-05T16:00,84.4,77.3,0.0,0.0,0.0,0.0,3,Overcast,14.0,34.9,21,
2026-05-05T17:00,84.1,76.2,0.0,0.0,0.0,0.0,3,Overcast,13.4,34.2,21,
2026-05-05T18:00,82.6,75.5,0.0,0.0,0.0,0.0,3,Overcast,11.0,32.0,22,
2026-05-05T19:00,80.2,74.4,0.0,0.0,0.0,0.0,2,Partly cloudy,9.0,24.8,26,
2026-05-05T20:00,78.1,72.4,0.0,0.0,0.0,0.0,2,Partly cloudy,10.9,25.7,32,
2026-05-05T21:00,74.8,69.6,0.0,0.0,0.0,0.0,3,Overcast,12.9,29.3,43,
2026-05-05T22:00,72.1,67.1,0.0,0.0,0.0,0.0,3,Overcast,12.8,29.3,48,
2026-05-05T23:00,70.4,65.5,0.0,0.0,0.0,0.0,3,Overcast,12.5,29.1,50,
2026-05-06T00:00,70.0,65.2,0.0,0.0,0.0,0.0,1,Mainly clear,12.1,28.2,51,
2026-05-06T01:00,69.3,64.8,0.0,0.0,0.0,0.0,3,Overcast,11.6,26.8,53,
2026-05-06T02:00,68.9,65.1,0.0,0.0,0.0,0.0,2,Partly cloudy,11.3,25.9,57,
2026-05-06T03:00,67.6,64.4,0.0,0.0,0.0,0.0,2,Partly cloudy,10.6,25.1,62,
2026-05-06T04:00,66.8,63.6,0.0,0.0,0.0,0.0,3,Overcast,11.0,24.2,65,
2026-05-06T05:00,65.6,62.5,0.0,0.0,0.0,0.0,1,Mainly clear,11.1,24.6,69,
2026-05-06T06:00,64.8,61.8,0.0,0.0,0.0,0.0,3,Overcast,10.9,24.6,71,
2026-05-06T07:00,65.8,62.6,0.0,0.0,0.0,0.0,3,Overcast,11.3,24.6,68,
2026-05-06T08:00,67.6,65.0,0.0,0.0,0.0,0.0,3,Overcast,9.7,25.3,64,
2026-05-06T09:00,68.8,65.5,0.0,0.0,0.0,0.0,3,Overcast,11.0,25.5,60,
2026-05-06T10:00,71.3,67.1,0.0,0.0,0.0,0.0,3,Overcast,12.9,30.2,54,
2026-05-06T11:00,72.7,68.3,0.0,0.0,0.0,0.0,3,Overcast,13.5,31.5,52,
2026-05-06T12:00,68.1,66.4,0.043,0.043,0.0,0.0,55,Dense drizzle,9.7,32.2,68,
2026-05-06T13:00,66.9,65.0,0.047,0.047,0.0,0.0,55,Dense drizzle,10.5,24.2,73,
2026-05-06T14:00,67.5,64.9,0.024,0.024,0.0,0.0,53,Moderate drizzle,12.1,26.6,71,
2026-05-06T15:00,67.5,63.9,0.008,0.008,0.0,0.0,51,Light drizzle,14.0,29.1,70,
2026-05-06T16:00,66.4,64.9,0.024,0.024,0.0,0.0,53,Moderate drizzle,10.6,32.0,77,
2026-05-06T17:00,65.8,64.6,0.012,0.012,0.0,0.0,51,Light drizzle,10.4,23.7,79,
2026-05-06T18:00,66.6,65.5,0.0,0.0,0.0,0.0,3,Overcast,9.9,27.1,78,
2026-05-06T19:00,66.5,66.6,0.0,0.0,0.0,0.0,3,Overcast,7.2,21.7,78,
2026-05-06T20:00,66.7,66.2,0.02,0.02,0.0,0.0,53,Moderate drizzle,7.1,20.4,74,
2026-05-06T21:00,65.8,65.9,0.004,0.004,0.0,0.0,51,Light drizzle,6.4,15.4,77,
2026-05-06T22:00,63.5,63.6,0.031,0.031,0.0,0.0,53,Moderate drizzle,6.9,17.4,85,
2026-05-06T23:00,58.5,55.8,0.004,0.004,0.0,0.0,51,Light drizzle,8.2,20.4,81,
2026-05-07T00:00,56.9,54.2,0.0,0.0,0.0,0.0,3,Overcast,6.6,17.9,77,
2026-05-07T01:00,55.9,52.4,0.0,0.0,0.0,0.0,3,Overcast,6.5,15.4,72,
2026-05-07T02:00,54.8,50.6,0.012,0.012,0.0,0.0,51,Light drizzle,7.7,16.6,74,
2026-05-07T03:00,53.2,48.3,0.012,0.012,0.0,0.0,51,Light drizzle,8.2,21.7,71,
2026-05-07T04:00,51.4,46.6,0.047,0.047,0.0,0.0,55,Dense drizzle,8.5,19.0,79,
2026-05-07T05:00,50.8,46.4,0.02,0.02,0.0,0.0,53,Moderate drizzle,7.9,17.7,83,
2026-05-07T06:00,50.9,46.8,0.0,0.0,0.0,0.0,3,Overcast,6.9,17.0,81,
2026-05-07T07:00,51.0,46.6,0.004,0.004,0.0,0.0,51,Light drizzle,7.2,15.9,79,
2026-05-07T08:00,52.0,47.4,0.0,0.0,0.0,0.0,2,Partly cloudy,7.4,19.0,74,
2026-05-07T09:00,52.7,47.8,0.0,0.0,0.0,0.0,0,Clear sky,6.9,17.7,67,
2026-05-07T10:00,55.9,50.5,0.0,0.0,0.0,0.0,0,Clear sky,7.2,19.7,48,
2026-05-07T11:00,57.7,53.4,0.0,0.0,0.0,0.0,0,Clear sky,7.0,20.4,39,
2026-05-07T12:00,59.5,56.5,0.0,0.0,0.0,0.0,0,Clear sky,6.2,19.7,35,
2026-05-07T13:00,61.0,58.5,0.0,0.0,0.0,0.0,0,Clear sky,6.6,19.0,34,
2026-05-07T14:00,61.3,58.7,0.0,0.0,0.0,0.0,0,Clear sky,7.0,21.7,34,
2026-05-07T15:00,62.5,59.2,0.0,0.0,0.0,0.0,0,Clear sky,6.5,20.6,31,
2026-05-07T16:00,66.4,61.2,0.0,0.0,0.0,0.0,1,Mainly clear,6.5,18.6,24,
2026-05-07T17:00,64.2,55.2,0.0,0.0,0.0,0.0,1,Mainly clear,11.4,27.1,27,
2026-05-07T18:00,63.0,54.4,0.0,0.0,0.0,0.0,0,Clear sky,10.2,28.6,28,
2026-05-07T19:00,59.4,51.4,0.0,0.0,0.0,0.0,1,Mainly clear,10.1,26.2,37,
2026-05-07T20:00,59.5,53.3,0.0,0.0,0.0,0.0,0,Clear sky,5.7,22.8,35,
2026-05-07T21:00,57.4,52.6,0.0,0.0,0.0,0.0,0,Clear sky,3.6,12.1,43,
2026-05-07T22:00,55.0,51.6,0.0,0.0,0.0,0.0,0,Clear sky,2.2,7.8,56,
2026-05-07T23:00,53.9,50.9,0.0,0.0,0.0,0.0,0,Clear sky,1.0,4.5,57,
2026-05-08T00:00,52.8,50.1,0.0,0.0,0.0,0.0,0,Clear sky,0.9,2.7,62,
2026-05-08T01:00,51.7,47.5,0.0,0.0,0.0,0.0,3,Overcast,4.0,8.5,62,
2026-05-08T02:00,51.5,47.3,0.0,0.0,0.0,0.0,3,Overcast,3.9,9.8,62,
2026-05-08T03:00,51.6,45.6,0.004,0.004,0.0,0.0,51,Light drizzle,7.2,16.1,57,
2026-05-08T04:00,48.3,42.3,0.0,0.0,0.0,0.0,2,Partly cloudy,7.2,18.8,65,
2026-05-08T05:00,47.1,42.9,0.0,0.0,0.0,0.0,0,Clear sky,3.6,16.1,72,
2026-05-08T06:00,46.5,42.7,0.0,0.0,0.0,0.0,0,Clear sky,2.9,7.6,76,
2026-05-08T07:00,48.1,44.3,0.0,0.0,0.0,0.0,0,Clear sky,3.3,7.8,74,
2026-05-08T08:00,51.4,46.5,0.0,0.0,0.0,0.0,0,Clear sky,5.6,14.5,62,
2026-05-08T09:00,55.0,48.7,0.0,0.0,0.0,0.0,0,Clear sky,6.7,18.3,44,
2026-05-08T10:00,57.7,51.6,0.0,0.0,0.0,0.0,0,Clear sky,6.8,19.2,35,
2026-05-08T11:00,59.9,55.0,0.0,0.0,0.0,0.0,1,Mainly clear,7.2,20.6,30,
2026-05-08T12:00,62.7,56.6,0.004,0.004,0.0,0.0,51,Light drizzle,11.5,28.4,27,
2026-05-08T13:00,62.6,54.6,0.0,0.0,0.0,0.0,3,Overcast,13.3,33.1,28,
2026-05-08T14:00,61.9,52.0,0.0,0.0,0.0,0.0,2,Partly cloudy,13.0,33.3,28,
2026-05-08T15:00,64.7,56.7,0.004,0.004,0.0,0.0,51,Light drizzle,13.3,32.4,24,
2026-05-08T16:00,64.2,54.4,0.0,0.0,0.0,0.0,1,Mainly clear,12.6,33.6,25,
2026-05-08T17:00,64.0,55.0,0.0,0.0,0.0,0.0,2,Partly cloudy,11.5,30.6,28,
2026-05-08T18:00,62.5,54.6,0.0,0.0,0.0,0.0,1,Mainly clear,9.6,28.2,31,
2026-05-08T19:00,61.1,54.5,0.0,0.0,0.0,0.0,0,Clear sky,7.3,23.5,36,
2026-05-08T20:00,58.9,55.0,0.0,0.0,0.0,0.0,0,Clear sky,1.7,17.0,42,
2026-05-08T21:00,59.0,55.3,0.0,0.0,0.0,0.0,2,Partly cloudy,1.1,3.4,41,
2026-05-08T22:00,58.6,54.1,0.0,0.0,0.0,0.0,3,Overcast,2.9,6.3,42,
2026-05-08T23:00,57.7,53.9,0.0,0.0,0.0,0.0,3,Overcast,1.9,7.8,46,
2026-05-09T00:00,57.7,54.8,0.0,0.0,0.0,0.0,3,Overcast,0.6,4.9,49,
2026-05-09T01:00,56.6,53.5,0.0,0.0,0.0,0.0,2,Partly cloudy,0.7,2.9,50,
2026-05-09T02:00,55.4,52.4,0.0,0.0,0.0,0.0,3,Overcast,1.6,4.9,57,
2026-05-09T03:00,52.5,50.8,0.217,0.217,0.0,0.0,63,Moderate rain,3.1,6.5,86,
2026-05-09T04:00,53.1,51.5,0.0,0.0,0.0,0.0,3,Overcast,2.4,6.7,83,
2026-05-09T05:00,52.8,51.5,0.0,0.0,0.0,0.0,3,Overcast,1.4,5.1,81,
2026-05-09T06:00,53.0,51.3,0.0,0.0,0.0,0.0,3,Overcast,2.0,4.0,80,
2026-05-09T07:00,53.9,51.4,0.0,0.0,0.0,0.0,3,Overcast,4.1,7.6,78,
2026-05-09T08:00,55.1,52.9,0.0,0.0,0.0,0.0,3,Overcast,2.1,11.2,68,
2026-05-09T09:00,56.2,53.5,0.004,0.004,0.0,0.0,51,Light drizzle,3.3,7.6,66,
2026-05-09T10:00,58.5,55.6,0.0,0.0,0.0,0.0,3,Overcast,4.1,10.5,62,
2026-05-09T11:00,61.9,59.1,0.0,0.0,0.0,0.0,3,Overcast,4.8,13.0,59,
2026-05-09T12:00,65.3,63.2,0.0,0.0,0.0,0.0,3,Overcast,4.5,20.6,56,
2026-05-09T13:00,59.9,57.0,0.102,0.102,0.0,0.0,63,Moderate rain,9.1,28.2,79,
2026-05-09T14:00,57.7,57.7,0.016,0.016,0.0,0.0,51,Light drizzle,2.3,26.6,86,
2026-05-09T15:00,59.4,60.4,0.063,0.063,0.0,0.0,61,Slight rain,1.9,7.6,88,
2026-05-09T16:00,58.8,59.4,0.063,0.063,0.0,0.0,61,Slight rain,1.2,10.3,83,
2026-05-09T17:00,59.7,59.2,0.012,0.012,0.0,0.0,51,Light drizzle,2.8,8.9,76,
2026-05-09T18:00,58.5,58.8,0.016,0.016,0.0,0.0,51,Light drizzle,0.9,8.7,80,
2026-05-09T19:00,58.3,57.7,0.004,0.004,0.0,0.0,51,Light drizzle,3.0,7.6,80,
2026-05-09T20:00,56.4,56.7,0.0,0.0,0.0,0.0,1,Mainly clear,2.2,7.6,91,
2026-05-09T21:00,54.1,54.0,0.0,0.0,0.0,0.0,0,Clear sky,2.6,5.1,95,
2026-05-09T22:00,53.0,52.6,0.0,0.0,0.0,0.0,0,Clear sky,2.6,5.8,97,
2026-05-09T23:00,51.3,50.5,0.0,0.0,0.0,0.0,0,Clear sky,2.4,5.4,98,
2026-05-10T00:00,50.4,49.6,0.0,0.0,0.0,0.0,0,Clear sky,1.9,5.4,99,
2026-05-10T01:00,50.1,49.6,0.0,0.0,0.0,0.0,3,Overcast,1.3,3.8,99,
2026-05-10T02:00,52.2,52.5,0.0,0.0,0.0,0.0,3,Overcast,0.6,2.7,99,
2026-05-10T03:00,52.2,52.0,0.0,0.0,0.0,0.0,3,Overcast,1.6,5.1,98,
2026-05-10T04:00,51.9,51.5,0.0,0.0,0.0,0.0,3,Overcast,1.7,5.1,97,
2026-05-10T05:00,51.8,51.1,0.0,0.0,0.0,0.0,3,Overcast,2.3,6.9,97,
2026-05-10T06:00,51.7,51.3,0.0,0.0,0.0,0.0,3,Overcast,1.8,6.3,98,
2026-05-10T07:00,52.3,52.2,0.0,0.0,0.0,0.0,3,Overcast,1.6,6.5,99,
2026-05-10T08:00,51.8,51.7,0.0,0.0,0.0,0.0,3,Overcast,1.4,7.4,98,
2026-05-10T09:00,55.7,55.5,0.0,0.0,0.0,0.0,3,Overcast,2.1,8.7,89,
2026-05-10T10:00,57.1,56.7,0.0,0.0,0.0,0.0,2,Partly cloudy,3.4,9.8,87,
2026-05-10T11:00,63.5,64.5,0.0,0.0,0.0,0.0,2,Partly cloudy,2.5,11.9,71,
2026-05-10T12:00,67.8,71.3,0.0,0.0,0.0,0.0,2,Partly cloudy,3.0,12.8,63,
2026-05-10T13:00,70.7,74.0,0.0,0.0,0.0,0.0,3,Overcast,2.8,12.8,57,
2026-05-10T14:00,73.0,75.5,0.0,0.0,0.0,0.0,3,Overcast,3.4,18.3,54,
2026-05-10T15:00,74.8,71.8,0.004,0.004,0.0,0.0,51,Light drizzle,9.4,24.8,44,
2026-05-10T16:00,74.2,70.2,0.0,0.0,0.0,0.0,1,Mainly clear,9.6,26.8,43,
2026-05-10T17:00,72.2,69.9,0.0,0.0,0.0,0.0,2,Partly cloudy,6.7,25.5,48,
2026-05-10T18:00,69.4,70.7,0.008,0.008,0.0,0.0,51,Light drizzle,2.1,19.2,64,
2026-05-10T19:00,68.6,69.6,0.039,0.039,0.0,0.0,55,Dense drizzle,1.9,10.5,63,
2026-05-10T20:00,68.2,68.1,0.0,0.0,0.0,0.0,2,Partly cloudy,2.9,4.9,60,
2026-05-10T21:00,66.1,65.1,0.0,0.0,0.0,0.0,3,Overcast,5.7,11.2,66,
2026-05-10T22:00,63.8,62.4,0.0,0.0,0.0,0.0,3,Overcast,7.5,16.3,75,
2026-05-10T23:00,63.1,63.7,0.0,0.0,0.0,0.0,3,Overcast,3.7,16.1,80,
2026-05-11T00:00,62.7,62.9,0.0,0.0,0.0,0.0,3,Overcast,4.3,8.5,80,
2026-05-11T01:00,56.2,49.2,0.0,0.0,0.0,0.0,3,Overcast,10.6,27.7,53,
2026-05-11T02:00,56.3,49.1,0.0,0.0,0.0,0.0,3,Overcast,9.7,23.7,46,
2026-05-11T03:00,55.0,47.8,0.0,0.0,0.0,0.0,3,Overcast,8.2,21.0,43,
2026-05-11T04:00,54.0,46.7,0.0,0.0,0.0,0.0,3,Overcast,7.9,19.9,42,
2026-05-11T05:00,53.4,46.3,0.0,0.0,0.0,0.0,3,Overcast,7.3,18.1,42,
2026-05-11T06:00,52.3,45.7,0.0,0.0,0.0,0.0,3,Overcast,6.1,16.6,44,
2026-05-11T07:00,52.3,45.9,0.0,0.0,0.0,0.0,3,Overcast,5.6,13.6,43,
2026-05-11T08:00,53.3,45.8,0.0,0.0,0.0,0.0,3,Overcast,7.1,17.4,36,
2026-05-11T09:00,55.0,47.1,0.0,0.0,0.0,0.0,3,Overcast,7.2,18.6,31,
2026-05-11T10:00,57.4,49.8,0.0,0.0,0.0,0.0,3,Overcast,7.1,19.7,28,
2026-05-11T11:00,57.7,50.4,0.0,0.0,0.0,0.0,3,Overcast,6.2,19.5,30,
2026-05-11T12:00,58.4,52.0,0.0,0.0,0.0,0.0,3,Overcast,4.4,17.2,30,
2026-05-11T13:00,59.5,53.7,0.0,0.0,0.0,0.0,3,Overcast,3.3,13.4,29,
2026-05-11T14:00,60.0,54.1,0.0,0.0,0.0,0.0,3,Overcast,2.7,11.6,27,
2026-05-11T15:00,61.3,55.2,0.0,0.0,0.0,0.0,3,Overcast,3.6,12.1,27,
2026-05-11T16:00,61.3,54.7,0.0,0.0,0.0,0.0,3,Overcast,5.1,13.0,27,
2026-05-11T17:00,61.8,54.7,0.0,0.0,0.0,0.0,3,Overcast,6.6,17.0,28,
2026-05-11T18:00,61.8,54.0,0.0,0.0,0.0,0.0,3,Overcast,8.0,18.8,27,
2026-05-11T19:00,60.4,52.3,0.0,0.0,0.0,0.0,0,Clear sky,9.4,21.9,31,
2026-05-11T20:00,59.2,54.6,0.0,0.0,0.0,0.0,0,Clear sky,2.9,20.6,40,
2026-05-11T21:00,56.5,53.1,0.0,0.0,0.0,0.0,0,Clear sky,0.2,5.1,44,
2026-05-11T22:00,54.7,51.4,0.0,0.0,0.0,0.0,1,Mainly clear,0.3,2.0,49,
2026-05-11T23:00,54.0,48.5,0.0,0.0,0.0,0.0,3,Overcast,4.3,7.2,45,
2026-05-12T00:00,52.8,45.1,0.0,0.0,0.0,0.0,1,Mainly clear,11.3,26.4,56,
2026-05-12T01:00,50.1,44.4,0.004,0.004,0.0,0.0,51,Light drizzle,7.4,26.4,65,
2026-05-12T02:00,51.0,46.0,0.0,0.0,0.0,0.0,1,Mainly clear,5.3,15.9,61,
2026-05-12T03:00,50.1,43.0,0.0,0.0,0.0,0.0,0,Clear sky,7.8,17.7,49,
2026-05-12T04:00,48.0,40.9,0.0,0.0,0.0,0.0,0,Clear sky,6.7,17.9,48,
2026-05-12T05:00,46.5,39.9,0.0,0.0,0.0,0.0,0,Clear sky,5.4,15.0,49,
2026-05-12T06:00,45.3,39.1,0.0,0.0,0.0,0.0,0,Clear sky,4.5,11.9,51,
2026-05-12T07:00,46.7,40.2,0.0,0.0,0.0,0.0,0,Clear sky,4.9,11.6,48,
2026-05-12T08:00,50.0,43.3,0.0,0.0,0.0,0.0,0,Clear sky,5.4,15.4,42,
2026-05-12T09:00,53.6,46.8,0.0,0.0,0.0,0.0,0,Clear sky,5.6,16.6,36,
2026-05-12T10:00,56.7,51.1,0.0,0.0,0.0,0.0,0,Clear sky,5.2,16.8,30,
2026-05-12T11:00,59.4,55.5,0.0,0.0,0.0,0.0,0,Clear sky,4.5,16.8,25,
2026-05-12T12:00,61.5,58.9,0.0,0.0,0.0,0.0,0,Clear sky,4.3,16.1,22,
2026-05-12T13:00,63.5,61.1,0.0,0.0,0.0,0.0,0,Clear sky,4.8,17.0,20,
2026-05-12T14:00,65.7,63.3,0.0,0.0,0.0,0.0,0,Clear sky,4.8,17.2,20,
2026-05-12T15:00,66.6,63.1,0.0,0.0,0.0,0.0,0,Clear sky,5.8,18.3,20,
2026-05-12T16:00,67.7,63.0,0.0,0.0,0.0,0.0,0,Clear sky,5.7,18.8,19,
2026-05-12T17:00,68.2,62.3,0.0,0.0,0.0,0.0,0,Clear sky,4.7,17.4,19,
2026-05-12T18:00,64.5,57.8,0.0,0.0,0.0,0.0,0,Clear sky,7.0,19.5,30,
2026-05-12T19:00,59.8,53.2,0.0,0.0,0.0,0.0,1,Mainly clear,8.8,22.1,43,
2026-05-12T20:00,56.1,50.0,0.0,0.0,0.0,0.0,3,Overcast,7.8,21.3,50,
2026-05-12T21:00,55.0,49.9,0.0,0.0,0.0,0.0,2,Partly cloudy,5.9,16.6,55,
2026-05-12T22:00,55.1,49.8,0.0,0.0,0.0,0.0,2,Partly cloudy,7.2,15.0,58,
2026-05-12T23:00,55.0,49.7,0.0,0.0,0.0,0.0,3,Overcast,7.3,17.0,58,
2026-05-13T00:00,55.1,49.8,0.0,0.0,0.0,0.0,3,Overcast,7.2,16.8,58,
2026-05-13T01:00,54.7,49.6,0.0,0.0,0.0,0.0,2,Partly cloudy,6.1,15.9,57,
2026-05-13T02:00,53.1,48.1,0.0,0.0,0.0,0.0,3,Overcast,6.5,13.2,63,
2026-05-13T03:00,53.0,48.8,0.0,0.0,0.0,0.0,3,Overcast,5.3,12.8,66,
2026-05-13T04:00,52.8,48.9,0.0,0.0,0.0,0.0,3,Overcast,5.1,11.6,70,
2026-05-13T05:00,53.1,49.1,0.0,0.0,0.0,0.0,3,Overcast,5.8,12.5,71,
2026-05-13T06:00,53.2,49.4,0.0,0.0,0.0,0.0,3,Overcast,5.4,12.8,71,
2026-05-13T07:00,54.7,51.2,0.0,0.0,0.0,0.0,3,Overcast,4.7,12.1,68,
2026-05-13T08:00,57.3,53.6,0.0,0.0,0.0,0.0,3,Overcast,5.2,15.2,61,
2026-05-13T09:00,60.4,56.3,0.0,0.0,0.0,0.0,3,Overcast,6.5,16.8,57,
2026-05-13T10:00,62.8,58.3,0.0,0.0,0.0,0.0,2,Partly cloudy,7.3,18.1,51,
2026-05-13T11:00,69.2,65.1,0.0,0.0,0.0,0.0,3,Overcast,9.8,25.3,40,
2026-05-13T12:00,72.1,68.1,0.0,0.0,0.0,0.0,3,Overcast,10.4,27.1,36,
2026-05-13T13:00,74.9,70.9,0.0,0.0,0.0,0.0,2,Partly cloudy,11.8,29.8,32,
2026-05-13T14:00,76.5,70.7,0.0,0.0,0.0,0.0,3,Overcast,12.5,33.1,26,
2026-05-13T15:00,72.0,65.5,0.0,0.0,0.0,0.0,3,Overcast,11.3,29.8,36,
2026-05-13T16:00,71.4,64.2,0.0,0.0,0.0,0.0,3,Overcast,13.2,31.5,36,
2026-05-13T17:00,70.4,62.6,0.0,0.0,0.0,0.0,3,Overcast,13.2,31.3,34,
2026-05-13T18:00,67.5,60.0,0.0,0.0,0.0,0.0,3,Overcast,13.8,32.9,42,
2026-05-13T19:00,64.9,58.7,0.0,0.0,0.0,0.0,3,Overcast,12.5,31.8,52,
2026-05-13T20:00,64.4,58.1,0.0,0.0,0.0,0.0,3,Overcast,11.7,28.2,49,
2026-05-13T21:00,62.2,56.5,0.0,0.0,0.0,0.0,3,Overcast,11.0,27.5,55,
2026-05-13T22:00,61.4,56.8,0.0,0.0,0.0,0.0,3,Overcast,9.4,25.7,60,
2026-05-13T23:00,61.1,56.7,0.0,0.0,0.0,0.0,3,Overcast,9.1,22.1,62,
2026-05-14T00:00,57.9,55.1,0.039,0.039,0.0,0.0,55,Dense drizzle,8.0,20.8,80,
2026-05-14T01:00,57.4,54.8,0.024,0.024,0.0,0.0,53,Moderate drizzle,8.0,17.0,84,
2026-05-14T02:00,58.3,56.6,0.016,0.016,0.0,0.0,51,Light drizzle,6.0,16.6,82,
2026-05-14T03:00,57.4,56.8,0.016,0.016,0.0,0.0,51,Light drizzle,3.7,13.0,86,
2026-05-14T04:00,56.7,56.4,0.012,0.012,0.0,0.0,51,Light drizzle,3.4,7.4,90,
2026-05-14T05:00,55.7,55.7,0.0,0.0,0.0,0.0,2,Partly cloudy,2.5,6.7,92,
2026-05-14T06:00,55.2,55.2,0.0,0.0,0.0,0.0,3,Overcast,2.5,5.4,94,
2026-05-14T07:00,55.9,55.9,0.0,0.0,0.0,0.0,3,Overcast,2.8,7.8,93,
2026-05-14T08:00,56.7,56.8,0.0,0.0,0.0,0.0,3,Overcast,3.0,6.7,93,
2026-05-14T09:00,56.6,55.6,0.008,0.008,0.0,0.0,51,Light drizzle,5.0,12.1,90,
2026-05-14T10:00,59.2,56.6,0.0,0.0,0.0,0.0,3,Overcast,6.0,15.9,71,
2026-05-14T11:00,62.9,60.7,0.0,0.0,0.0,0.0,3,Overcast,4.9,16.3,58,
2026-05-14T12:00,61.8,58.7,0.0,0.0,0.0,0.0,3,Overcast,4.5,15.9,55,
2026-05-14T13:00,62.0,58.6,0.004,0.004,0.0,0.0,51,Light drizzle,4.8,13.9,53,
2026-05-14T14:00,64.1,60.1,0.0,0.0,0.0,0.0,3,Overcast,5.2,15.4,46,
2026-05-14T15:00,64.2,59.8,0.0,0.0,0.0,0.0,1,Mainly clear,5.5,17.9,43,
2026-05-14T16:00,65.2,60.5,0.0,0.0,0.0,0.0,1,Mainly clear,5.2,16.6,39,
2026-05-14T17:00,66.3,60.1,0.0,0.0,0.0,0.0,1,Mainly clear,7.5,19.0,34,
2026-05-14T18:00,63.1,55.9,0.0,0.0,0.0,0.0,2,Partly cloudy,11.0,26.4,41,
2026-05-14T19:00,60.9,54.3,0.0,0.0,0.0,0.0,1,Mainly clear,9.4,26.6,44,
2026-05-14T20:00,61.0,55.1,0.0,0.0,0.0,0.0,1,Mainly clear,8.1,21.5,46,
2026-05-14T21:00,59.0,53.3,0.0,0.0,0.0,0.0,1,Mainly clear,7.8,19.7,49,
2026-05-14T22:00,57.3,52.2,0.0,0.0,0.0,0.0,1,Mainly clear,7.1,17.4,55,
2026-05-14T23:00,55.6,50.0,0.0,0.0,0.0,0.0,0,Clear sky,8.2,19.0,59,
2026-05-15T00:00,53.6,48.4,0.0,0.0,0.0,0.0,0,Clear sky,7.2,19.2,62,
2026-05-15T01:00,52.2,47.4,0.0,0.0,0.0,0.0,0,Clear sky,6.3,16.6,67,
2026-05-15T02:00,51.8,47.4,0.0,0.0,0.0,0.0,0,Clear sky,5.6,14.1,68,
2026-05-15T03:00,51.2,46.6,0.0,0.0,0.0,0.0,0,Clear sky,5.9,12.8,70,
2026-05-15T04:00,50.4,45.8,0.0,0.0,0.0,0.0,0,Clear sky,6.0,13.2,72,
2026-05-15T05:00,49.6,45.4,0.0,0.0,0.0,0.0,0,Clear sky,5.4,13.0,75,
2026-05-15T06:00,49.4,45.2,0.0,0.0,0.0,0.0,1,Mainly clear,5.3,11.9,77,
2026-05-15T07:00,51.6,47.1,0.0,0.0,0.0,0.0,1,Mainly clear,6.2,15.0,71,
2026-05-15T08:00,55.0,50.3,0.0,0.0,0.0,0.0,0,Clear sky,6.5,17.2,62,
2026-05-15T09:00,57.7,52.8,0.0,0.0,0.0,0.0,0,Clear sky,6.6,18.3,55,
2026-05-15T10:00,60.6,55.9,0.0,0.0,0.0,0.0,1,Mainly clear,7.3,20.1,47,
2026-05-15T11:00,62.9,58.1,0.0,0.0,0.0,0.0,1,Mainly clear,8.7,23.0,44,
2026-05-15T12:00,63.7,59.2,0.0,0.0,0.0,0.0,3,Overcast,8.9,24.6,45,
2026-05-15T13:00,64.9,60.1,0.0,0.0,0.0,0.0,3,Overcast,9.6,25.3,42,
2026-05-15T14:00,64.3,59.0,0.0,0.0,0.0,0.0,3,Overcast,8.0,25.5,44,
2026-05-15T15:00,64.9,59.8,0.0,0.0,0.0,0.0,3,Overcast,7.4,20.4,44,
2026-05-15T16:00,66.8,61.7,0.0,0.0,0.0,0.0,3,Overcast,7.9,21.3,42,
2026-05-15T17:00,66.7,61.5,0.0,0.0,0.0,0.0,3,Overcast,8.2,20.8,43,
2026-05-15T18:00,66.7,61.5,0.0,0.0,0.0,0.0,2,Partly cloudy,8.6,20.6,43,
2026-05-15T19:00,66.5,61.2,0.0,0.0,0.0,0.0,2,Partly cloudy,8.9,21.7,44,
2026-05-15T20:00,65.4,61.5,0.0,0.0,0.0,0.0,2,Partly cloudy,6.9,20.1,50,
2026-05-15T21:00,64.2,61.5,0.0,0.0,0.0,0.0,3,Overcast,4.0,15.0,52,
2026-05-15T22:00,63.2,60.6,0.0,0.0,0.0,0.0,3,Overcast,4.1,8.3,54,
2026-05-15T23:00,62.3,59.8,0.0,0.0,0.0,0.0,2,Partly cloudy,4.2,8.9,57,
2026-05-16T00:00,60.3,58.3,0.0,0.0,0.0,0.0,0,Clear sky,3.1,8.9,63,
2026-05-16T01:00,58.2,56.7,0.0,0.0,0.0,0.0,0,Clear sky,2.2,6.5,69,
2026-05-16T02:00,56.5,55.4,0.0,0.0,0.0,0.0,0,Clear sky,0.9,4.3,71,
2026-05-16T03:00,55.8,53.8,0.0,0.0,0.0,0.0,0,Clear sky,3.0,6.5,74,
2026-05-16T04:00,54.4,52.8,0.0,0.0,0.0,0.0,0,Clear sky,2.5,6.7,78,
2026-05-16T05:00,53.4,51.9,0.0,0.0,0.0,0.0,0,Clear sky,2.1,5.4,81,
2026-05-16T06:00,52.8,51.3,0.0,0.0,0.0,0.0,0,Clear sky,2.2,4.7,83,
2026-05-16T07:00,55.2,53.2,0.0,0.0,0.0,0.0,0,Clear sky,3.6,7.8,77,
2026-05-16T08:00,59.5,58.2,0.0,0.0,0.0,0.0,0,Clear sky,1.3,8.9,64,
2026-05-16T09:00,65.7,63.1,0.0,0.0,0.0,0.0,0,Clear sky,3.5,11.9,49,
2026-05-16T10:00,69.1,66.5,0.0,0.0,0.0,0.0,0,Clear sky,5.6,17.2,42,
2026-05-16T11:00,72.7,70.9,0.0,0.0,0.0,0.0,0,Clear sky,7.0,20.1,36,
2026-05-16T12:00,75.7,73.4,0.0,0.0,0.0,0.0,0,Clear sky,8.8,23.9,30,
2026-05-16T13:00,77.9,76.1,0.0,0.0,0.0,0.0,0,Clear sky,9.4,25.5,29,
2026-05-16T14:00,80.6,78.8,0.0,0.0,0.0,0.0,0,Clear sky,9.2,25.7,27,
2026-05-16T15:00,81.6,79.2,0.0,0.0,0.0,0.0,0,Clear sky,8.8,25.3,25,
2026-05-16T16:00,82.3,78.8,0.0,0.0,0.0,0.0,0,Clear sky,9.0,24.6,25,
2026-05-16T17:00,82.9,77.8,0.0,0.0,0.0,0.0,0,Clear sky,9.2,24.2,24,
2026-05-16T18:00,82.9,76.4,0.0,0.0,0.0,0.0,0,Clear sky,10.7,26.6,23,
2026-05-16T19:00,82.0,74.8,0.0,0.0,0.0,0.0,0,Clear sky,11.0,26.8,22,
2026-05-16T20:00,80.3,74.1,0.0,0.0,0.0,0.0,0,Clear sky,9.3,25.7,24,
2026-05-16T21:00,78.8,72.8,0.0,0.0,0.0,0.0,1,Mainly clear,9.9,23.5,28,
2026-05-16T22:00,77.5,72.4,0.0,0.0,0.0,0.0,1,Mainly clear,8.5,23.0,31,
2026-05-16T23:00,74.6,70.0,0.0,0.0,0.0,0.0,3,Overcast,8.9,20.4,37,
2026-05-17T00:00,72.8,68.7,0.0,0.0,0.0,0.0,3,Overcast,9.2,20.8,43,
2026-05-17T01:00,71.9,68.4,0.0,0.0,0.0,0.0,3,Overcast,8.2,21.0,46,
2026-05-17T02:00,72.2,69.5,0.0,0.0,0.0,0.0,2,Partly cloudy,7.2,17.9,47,
2026-05-17T03:00,71.4,69.1,0.0,0.0,0.0,0.0,1,Mainly clear,6.9,15.4,50,
2026-05-17T04:00,70.2,68.9,0.0,0.0,0.0,0.0,0,Clear sky,6.0,14.8,57,
2026-05-17T05:00,69.0,68.7,0.0,0.0,0.0,0.0,0,Clear sky,5.1,12.5,63,
2026-05-17T06:00,67.6,68.0,0.0,0.0,0.0,0.0,1,Mainly clear,4.2,10.5,69,
2026-05-17T07:00,68.9,69.6,0.0,0.0,0.0,0.0,3,Overcast,4.1,9.8,67,
2026-05-17T08:00,70.4,70.4,0.0,0.0,0.0,0.0,1,Mainly clear,5.9,14.1,64,
2026-05-17T09:00,73.5,74.0,0.0,0.0,0.0,0.0,1,Mainly clear,4.7,16.3,58,
2026-05-17T10:00,77.5,79.1,0.0,0.0,0.0,0.0,0,Clear sky,4.1,14.8,49,
2026-05-17T11:00,81.9,84.5,0.0,0.0,0.0,0.0,0,Clear sky,3.5,14.5,39,
2026-05-17T12:00,85.8,88.3,0.0,0.0,0.0,0.0,0,Clear sky,4.0,15.2,30,
2026-05-17T13:00,88.7,90.3,0.0,0.0,0.0,0.0,0,Clear sky,5.1,17.4,25,
2026-05-17T14:00,90.5,90.4,0.0,0.0,0.0,0.0,2,Partly cloudy,8.0,20.8,23,
2026-05-17T15:00,90.5,88.4,0.0,0.0,0.0,0.0,1,Mainly clear,8.9,24.8,23,
2026-05-17T16:00,90.0,87.8,0.0,0.0,0.0,0.0,2,Partly cloudy,7.7,24.6,25,
2026-05-17T17:00,89.3,87.7,0.0,0.0,0.0,0.0,0,Clear sky,5.7,23.0,29,
2026-05-17T18:00,88.0,88.3,0.0,0.0,0.0,0.0,0,Clear sky,4.8,16.8,36,
2026-05-17T19:00,85.9,87.6,0.0,0.0,0.0,0.0,0,Clear sky,4.3,14.8,42,
2026-05-17T20:00,84.6,86.2,0.0,0.0,0.0,0.0,3,Overcast,4.1,12.1,43,
2026-05-17T21:00,83.6,83.9,0.0,0.0,0.0,0.0,3,Overcast,3.0,9.6,38,
2026-05-17T22:00,83.8,82.6,0.0,0.0,0.0,0.0,3,Overcast,4.7,9.6,34,
2026-05-17T23:00,82.4,81.1,0.0,0.0,0.0,0.0,3,Overcast,6.3,13.6,38,
2026-05-18T00:00,80.2,79.3,0.0,0.0,0.0,0.0,3,Overcast,6.3,13.6,43,
2026-05-18T01:00,77.7,77.9,0.0,0.0,0.0,0.0,3,Overcast,6.0,13.6,51,
2026-05-18T02:00,75.4,76.2,0.0,0.0,0.0,0.0,3,Overcast,6.2,13.4,59,
2026-05-18T03:00,73.8,75.3,0.0,0.0,0.0,0.0,2,Partly cloudy,5.5,13.0,65,
2026-05-18T04:00,72.4,74.6,0.0,0.0,0.0,0.0,1,Mainly clear,4.3,11.4,69,
2026-05-18T05:00,71.2,73.8,0.0,0.0,0.0,0.0,0,Clear sky,3.3,8.9,72,
2026-05-18T06:00,70.3,73.4,0.0,0.0,0.0,0.0,2,Partly cloudy,2.3,6.9,74,
2026-05-18T07:00,72.5,75.7,0.0,0.0,0.0,0.0,0,Clear sky,1.9,6.0,68,
2026-05-18T08:00,76.4,80.0,0.0,0.0,0.0,0.0,2,Partly cloudy,1.5,8.9,62,
2026-05-18T09:00,80.3,83.5,0.0,0.0,0.0,0.0,1,Mainly clear,2.1,10.1,53,
2026-05-18T10:00,84.5,87.8,0.0,0.0,0.0,0.0,2,Partly cloudy,3.1,12.8,45,
2026-05-18T11:00,87.4,90.9,0.0,0.0,0.0,0.0,3,Overcast,5.0,16.6,41,
2026-05-18T12:00,89.6,92.9,0.0,0.0,0.0,0.0,3,Overcast,7.2,20.8,37,
2026-05-18T13:00,90.2,92.8,0.0,0.0,0.0,0.0,1,Mainly clear,9.0,24.8,37,
2026-05-18T14:00,90.1,92.3,0.0,0.0,0.0,0.0,1,Mainly clear,9.9,28.0,36,
2026-05-18T15:00,89.0,90.0,0.0,0.0,0.0,0.0,1,Mainly clear,10.4,27.7,36,
2026-05-18T16:00,86.8,86.8,0.0,0.0,0.0,0.0,0,Clear sky,10.6,28.6,39,
2026-05-18T17:00,84.4,83.3,0.0,0.0,0.0,0.0,0,Clear sky,9.9,27.1,42,
2026-05-18T18:00,82.1,81.6,0.0,0.0,0.0,0.0,0,Clear sky,8.7,25.3,46,
2026-05-18T19:00,81.6,81.9,0.0,0.0,0.0,0.0,0,Clear sky,7.0,21.9,47,
2026-05-18T20:00,80.1,81.1,0.0,0.0,0.0,0.0,0,Clear sky,6.9,17.7,53,
2026-05-18T21:00,78.2,79.1,0.0,0.0,0.0,0.0,0,Clear sky,6.8,14.8,55,
2026-05-18T22:00,82.4,83.7,0.0,0.0,0.0,0.0,0,Clear sky,7.7,17.2,52,
2026-05-18T23:00,82.6,83.5,0.0,0.0,0.0,0.0,0,Clear sky,8.3,18.6,51,
2026-05-19T00:00,81.1,81.8,0.0,0.0,0.0,0.0,0,Clear sky,8.5,18.8,52,
2026-05-19T01:00,80.0,80.6,0.0,0.0,0.0,0.0,0,Clear sky,8.2,18.6,54,
2026-05-19T02:00,78.3,79.7,0.0,0.0,0.0,0.0,0,Clear sky,7.3,17.9,59,
2026-05-19T03:00,76.8,78.6,0.0,0.0,0.0,0.0,0,Clear sky,6.9,15.9,63,
2026-05-19T04:00,75.7,78.0,0.0,0.0,0.0,0.0,0,Clear sky,6.4,14.8,66,
2026-05-19T05:00,74.8,77.3,0.0,0.0,0.0,0.0,0,Clear sky,6.1,13.6,69,
2026-05-19T06:00,74.3,77.0,0.0,0.0,0.0,0.0,0,Clear sky,6.0,13.0,71,
2026-05-19T07:00,75.7,79.0,0.0,0.0,0.0,0.0,0,Clear sky,5.1,13.4,69,
2026-05-19T08:00,78.4,81.9,0.0,0.0,0.0,0.0,0,Clear sky,5.1,15.2,65,
2026-05-19T09:00,81.4,85.1,0.0,0.0,0.0,0.0,0,Clear sky,5.3,15.4,59,
2026-05-19T10:00,85.4,89.7,0.0,0.0,0.0,0.0,0,Clear sky,5.7,17.0,52,
2026-05-19T11:00,89.2,94.3,0.0,0.0,0.0,0.0,0,Clear sky,6.6,19.2,45,
2026-05-19T12:00,92.7,97.3,0.0,0.0,0.0,0.0,0,Clear sky,7.5,24.6,38,
2026-05-19T13:00,91.6,93.4,0.012,0.012,0.0,0.0,51,Light drizzle,13.2,32.2,38,
2026-05-19T14:00,95.6,94.9,0.012,0.012,0.0,0.0,51,Light drizzle,11.5,32.9,30,
2026-05-19T15:00,96.4,96.1,0.0,0.0,0.0,0.0,0,Clear sky,11.8,31.8,28,
2026-05-19T16:00,96.5,96.2,0.0,0.0,0.0,0.0,1,Mainly clear,10.5,30.9,29,
2026-05-19T17:00,95.2,94.2,0.004,0.004,0.0,0.0,51,Light drizzle,7.7,28.2,28,
2026-05-19T18:00,96.0,94.3,0.0,0.0,0.0,0.0,3,Overcast,9.6,23.9,28,
2026-05-19T19:00,94.9,92.6,0.0,0.0,0.0,0.0,0,Clear sky,10.2,27.1,27,
2026-05-19T20:00,92.3,90.3,0.0,0.0,0.0,0.0,3,Overcast,10.7,24.4,31,
2026-05-19T21:00,88.5,87.2,0.0,0.0,0.0,0.0,2,Partly cloudy,9.5,23.9,36,
2026-05-19T22:00,86.6,86.5,0.0,0.0,0.0,0.0,0,Clear sky,7.5,20.6,39,
2026-05-19T23:00,84.7,85.1,0.0,0.0,0.0,0.0,1,Mainly clear,7.5,16.3,44,
2026-05-20T00:00,82.9,83.8,0.0,0.0,0.0,0.0,2,Partly cloudy,7.8,17.0,50,
2026-05-20T01:00,81.9,83.1,0.0,0.0,0.0,0.0,3,Overcast,7.2,17.7,51,
2026-05-20T02:00,80.5,83.0,0.0,0.0,0.0,0.0,2,Partly cloudy,6.0,15.7,57,
2026-05-20T03:00,78.9,81.6,0.0,0.0,0.0,0.0,2,Partly cloudy,5.9,12.8,61,
2026-05-20T04:00,77.6,80.6,0.0,0.0,0.0,0.0,2,Partly cloudy,5.5,12.5,64,
2026-05-20T05:00,76.4,79.4,0.0,0.0,0.0,0.0,2,Partly cloudy,5.5,11.6,67,
2026-05-20T06:00,75.6,78.5,0.0,0.0,0.0,0.0,1,Mainly clear,6.0,12.8,70,
2026-05-20T07:00,76.8,80.2,0.0,0.0,0.0,0.0,1,Mainly clear,5.4,13.4,68,
2026-05-20T08:00,81.1,83.5,0.0,0.0,0.0,0.0,0,Clear sky,6.9,15.9,58,
2026-05-20T09:00,83.7,85.2,0.0,0.0,0.0,0.0,0,Clear sky,8.3,20.6,52,
2026-05-20T10:00,86.1,88.0,0.0,0.0,0.0,0.0,0,Clear sky,7.8,21.5,45,
2026-05-20T11:00,88.5,91.0,0.0,0.0,0.0,0.0,0,Clear sky,8.2,22.1,40,
2026-05-20T12:00,90.8,93.9,0.0,0.0,0.0,0.0,0,Clear sky,7.9,22.1,36,
2026-05-20T13:00,92.7,95.6,0.0,0.0,0.0,0.0,0,Clear sky,8.3,25.5,32,
2026-05-20T14:00,92.0,95.0,0.0,0.0,0.0,0.0,2,Partly cloudy,8.3,25.9,33,
2026-05-20T15:00,92.1,93.9,0.02,0.02,0.0,0.0,53,Moderate drizzle,7.1,24.2,33,
2026-05-20T16:00,90.0,88.5,0.012,0.012,0.0,0.0,51,Light drizzle,11.5,29.3,35,
2026-05-20T17:00,90.1,89.5,0.016,0.016,0.0,0.0,51,Light drizzle,8.2,28.2,35,
2026-05-20T18:00,78.1,80.6,0.047,0.047,0.0,0.0,55,Dense drizzle,9.3,31.1,69,
2026-05-20T19:00,77.8,82.5,0.051,0.051,0.0,0.0,61,Slight rain,6.8,19.7,75,
2026-05-20T20:00,74.4,79.5,0.012,0.012,0.0,0.0,51,Light drizzle,5.7,14.8,84,
2026-05-20T21:00,74.5,77.6,0.016,0.016,0.0,0.0,51,Light drizzle,6.6,14.8,75,
2026-05-20T22:00,72.5,74.3,0.02,0.02,0.0,0.0,53,Moderate drizzle,7.3,17.0,73,
2026-05-20T23:00,71.3,71.5,0.0,0.0,0.0,0.0,3,Overcast,6.8,16.6,66,
2026-05-21T00:00,69.9,68.6,0.0,0.0,0.0,0.0,2,Partly cloudy,6.9,17.2,59,
2026-05-21T01:00,68.6,66.6,0.0,0.0,0.0,0.0,3,Overcast,6.0,16.3,55,
2026-05-21T02:00,67.6,65.0,0.0,0.0,0.0,0.0,3,Overcast,6.4,14.8,54,
2026-05-21T03:00,66.4,62.9,0.0,0.0,0.0,0.0,3,Overcast,7.1,16.3,52,
2026-05-21T04:00,65.1,60.4,0.0,0.0,0.0,0.0,3,Overcast,7.5,17.7,46,
2026-05-21T05:00,64.2,58.8,0.0,0.0,0.0,0.0,3,Overcast,7.0,17.2,40,
2026-05-21T06:00,63.1,57.7,0.0,0.0,0.0,0.0,3,Overcast,6.6,16.6,40,
2026-05-21T07:00,63.5,57.7,0.0,0.0,0.0,0.0,3,Overcast,7.4,17.7,40,
2026-05-21T08:00,64.1,58.3,0.0,0.0,0.0,0.0,3,Overcast,8.2,19.9,42,
2026-05-21T09:00,62.0,56.9,0.004,0.004,0.0,0.0,51,Light drizzle,8.2,21.7,51,
2026-05-21T10:00,59.8,55.6,0.012,0.012,0.0,0.0,51,Light drizzle,8.0,21.3,62,
2026-05-21T11:00,57.6,55.3,0.067,0.067,0.0,0.0,61,Slight rain,6.8,19.5,81,
2026-05-21T12:00,57.3,56.3,0.122,0.122,0.0,0.0,63,Moderate rain,5.7,15.7,90,
2026-05-21T13:00,58.0,57.2,0.083,0.083,0.0,0.0,61,Slight rain,5.6,12.8,90,
2026-05-21T14:00,58.7,58.2,0.047,0.047,0.0,0.0,55,Dense drizzle,5.3,16.6,89,
2026-05-21T15:00,58.6,57.7,0.043,0.043,0.0,0.0,55,Dense drizzle,6.1,14.8,88,
2026-05-21T16:00,58.9,58.6,0.028,0.028,0.0,0.0,53,Moderate drizzle,3.7,14.8,84,
2026-05-21T17:00,58.9,58.6,0.012,0.012,0.0,0.0,51,Light drizzle,3.0,10.5,81,
2026-05-21T18:00,59.5,59.7,0.0,0.0,0.0,0.0,3,Overcast,1.7,8.9,78,
2026-05-21T19:00,59.9,60.0,0.0,0.0,0.0,0.0,3,Overcast,1.6,5.6,77,
2026-05-21T20:00,60.9,60.4,0.0,0.0,0.0,0.0,3,Overcast,1.3,4.3,68,
2026-05-21T21:00,60.9,61.1,0.0,0.0,0.0,0.0,3,Overcast,0.0,2.5,69,
2026-05-21T22:00,60.7,60.7,0.0,0.0,0.0,0.0,3,Overcast,0.4,1.3,69,
2026-05-21T23:00,60.5,60.9,0.0,0.0,0.0,0.0,3,Overcast,0.0,1.3,71,
2026-05-22T00:00,60.0,59.8,0.0,0.0,0.0,0.0,3,Overcast,1.0,2.2,71,
2026-05-22T01:00,59.4,58.8,0.0,0.0,0.0,0.0,3,Overcast,2.5,5.4,75,
2026-05-22T02:00,58.2,56.6,0.0,0.0,0.0,0.0,3,Overcast,3.7,8.7,73,
2026-05-22T03:00,57.4,54.8,0.0,0.0,0.0,0.0,3,Overcast,4.1,8.9,67,
2026-05-22T04:00,56.8,52.9,0.0,0.0,0.0,0.0,3,Overcast,6.0,12.8,64,
2026-05-22T05:00,56.1,50.8,0.0,0.0,0.0,0.0,3,Overcast,7.6,16.8,58,
2026-05-22T06:00,55.1,49.7,0.0,0.0,0.0,0.0,3,Overcast,7.8,17.4,60,
2026-05-22T07:00,55.1,49.4,0.0,0.0,0.0,0.0,3,Overcast,8.2,18.8,58,
2026-05-22T08:00,57.2,50.4,0.0,0.0,0.0,0.0,3,Overcast,8.9,21.5,46,
2026-05-22T09:00,59.5,52.8,0.0,0.0,0.0,0.0,3,Overcast,9.0,23.0,43,
2026-05-22T10:00,61.7,55.6,0.0,0.0,0.0,0.0,3,Overcast,9.0,24.4,41,
2026-05-22T11:00,61.2,54.4,0.0,0.0,0.0,0.0,3,Overcast,9.0,24.4,41,
2026-05-22T12:00,61.4,54.6,0.0,0.0,0.0,0.0,3,Overcast,8.7,23.3,39,
2026-05-22T13:00,63.2,56.4,0.0,0.0,0.0,0.0,3,Overcast,8.9,23.7,37,
2026-05-22T14:00,67.5,61.3,0.0,0.0,0.0,0.0,2,Partly cloudy,8.5,23.9,27,
2026-05-22T15:00,68.4,64.9,0.0,0.0,0.0,0.0,3,Overcast,7.6,24.2,27,
2026-05-22T16:00,69.1,65.3,0.0,0.0,0.0,0.0,3,Overcast,5.8,22.4,28,
2026-05-22T17:00,68.3,63.0,0.0,0.0,0.0,0.0,3,Overcast,5.7,18.3,31,
2026-05-22T18:00,64.6,58.2,0.0,0.0,0.0,0.0,3,Overcast,8.4,21.9,37,
2026-05-22T19:00,61.1,54.7,0.0,0.0,0.0,0.0,3,Overcast,8.1,22.4,41,
2026-05-22T20:00,59.8,54.0,0.0,0.0,0.0,0.0,3,Overcast,6.7,20.4,42,
2026-05-22T21:00,58.7,53.4,0.0,0.0,0.0,0.0,3,Overcast,5.9,16.1,46,
2026-05-22T22:00,58.2,53.3,0.0,0.0,0.0,0.0,3,Overcast,4.8,14.5,47,
2026-05-22T23:00,57.8,53.4,0.0,0.0,0.0,0.0,3,Overcast,3.9,12.1,47,
2026-05-23T00:00,57.4,52.6,0.0,0.0,0.0,0.0,3,Overcast,4.5,11.4,47,
2026-05-23T01:00,57.0,52.2,0.0,0.0,0.0,0.0,3,Overcast,4.4,11.4,47,
2026-05-23T02:00,56.8,51.7,0.0,0.0,0.0,0.0,3,Overcast,5.0,11.0,47,
2026-05-23T03:00,56.7,51.9,0.0,0.0,0.0,0.0,3,Overcast,4.3,11.9,48,
2026-05-23T04:00,56.5,51.8,0.0,0.0,0.0,0.0,3,Overcast,4.3,10.5,49,
2026-05-23T05:00,56.1,51.1,0.0,0.0,0.0,0.0,3,Overcast,4.8,11.6,49,
2026-05-23T06:00,54.9,50.1,0.008,0.008,0.0,0.0,51,Light drizzle,4.4,11.6,51,
2026-05-23T07:00,54.0,49.2,0.012,0.012,0.0,0.0,51,Light drizzle,4.9,11.4,56,
2026-05-23T08:00,55.0,50.1,0.0,0.0,0.0,0.0,3,Overcast,5.6,13.0,56,
2026-05-23T09:00,55.9,52.2,0.0,0.0,0.0,0.0,3,Overcast,4.4,13.2,61,
2026-05-23T10:00,55.8,51.9,0.008,0.008,0.0,0.0,51,Light drizzle,6.4,15.9,68,
2026-05-23T11:00,55.2,51.3,0.031,0.031,0.0,0.0,53,Moderate drizzle,7.1,16.3,72,
2026-05-23T12:00,55.0,50.6,0.031,0.031,0.0,0.0,53,Moderate drizzle,7.4,17.0,69,
2026-05-23T13:00,53.7,49.0,0.067,0.067,0.0,0.0,61,Slight rain,8.4,17.9,73,
2026-05-23T14:00,53.0,48.1,0.059,0.059,0.0,0.0,61,Slight rain,8.9,19.2,76,
2026-05-23T15:00,53.0,48.5,0.035,0.035,0.0,0.0,53,Moderate drizzle,7.3,19.9,74,
2026-05-23T16:00,52.2,48.2,0.051,0.051,0.0,0.0,61,Slight rain,7.1,16.3,81,
2026-05-23T17:00,51.3,47.2,0.063,0.063,0.0,0.0,61,Slight rain,7.4,16.3,84,
2026-05-23T18:00,50.6,46.6,0.091,0.091,0.0,0.0,61,Slight rain,7.5,17.7,87,
2026-05-23T19:00,50.5,46.5,0.075,0.075,0.0,0.0,61,Slight rain,7.6,16.1,89,
2026-05-23T20:00,51.2,47.5,0.031,0.031,0.0,0.0,53,Moderate drizzle,7.6,16.8,90,
2026-05-23T21:00,50.7,46.7,0.031,0.031,0.0,0.0,53,Moderate drizzle,8.3,17.2,90,
2026-05-23T22:00,50.5,46.3,0.008,0.008,0.0,0.0,51,Light drizzle,8.0,17.9,87,
2026-05-23T23:00,50.8,46.6,0.0,0.0,0.0,0.0,3,Overcast,7.8,17.9,85,
2026-05-24T00:00,51.3,47.0,0.004,0.004,0.0,0.0,51,Light drizzle,7.6,17.9,82,
2026-05-24T01:00,51.5,47.5,0.012,0.012,0.0,0.0,51,Light drizzle,7.4,17.9,83,
2026-05-24T02:00,51.3,47.3,0.055,0.055,0.0,0.0,61,Slight rain,8.7,17.0,92,
2026-05-24T03:00,50.7,46.5,0.098,0.098,0.0,0.0,63,Moderate rain,9.4,19.5,93,
2026-05-24T04:00,50.5,46.3,0.094,0.094,0.0,0.0,61,Slight rain,9.3,19.5,93,
2026-05-24T05:00,50.5,46.3,0.091,0.091,0.0,0.0,61,Slight rain,8.9,19.9,94,
2026-05-24T06:00,50.5,46.8,0.106,0.106,0.0,0.0,63,Moderate rain,8.2,18.3,94,
2026-05-24T07:00,50.9,46.7,0.079,0.079,0.0,0.0,61,Slight rain,9.5,19.7,94,
2026-05-24T08:00,52.0,48.6,0.024,0.024,0.0,0.0,53,Moderate drizzle,8.6,20.8,95,
2026-05-24T09:00,52.6,50.1,0.051,0.051,0.0,0.0,61,Slight rain,7.2,19.0,96,
2026-05-24T10:00,53.2,51.4,0.106,0.106,0.0,0.0,63,Moderate rain,5.9,16.8,96,
2026-05-24T11:00,53.9,52.1,0.122,0.122,0.0,0.0,63,Moderate rain,6.1,14.8,96,
2026-05-24T12:00,55.5,52.8,0.083,0.083,0.0,0.0,61,Slight rain,8.5,18.3,91,
2026-05-24T13:00,56.3,53.5,0.043,0.043,0.0,0.0,55,Dense drizzle,9.4,20.8,91,
2026-05-24T14:00,56.8,53.3,0.047,0.047,0.0,0.0,55,Dense drizzle,10.2,24.6,86,
2026-05-24T15:00,58.3,55.3,0.0,0.0,0.0,0.0,3,Overcast,9.3,23.0,83,
2026-05-24T16:00,59.3,56.8,0.0,0.0,0.0,0.0,3,Overcast,8.7,21.9,82,
2026-05-24T17:00,58.8,56.6,0.0,0.0,0.0,0.0,3,Overcast,8.5,20.8,85,
2026-05-24T18:00,58.7,57.3,0.0,0.0,0.0,0.0,3,Overcast,6.9,20.4,87,
2026-05-24T19:00,58.6,57.3,0.02,0.02,0.0,0.0,53,Moderate drizzle,7.0,18.8,90,
2026-05-24T20:00,56.9,55.3,0.055,0.055,0.0,0.0,61,Slight rain,7.4,16.3,93,
2026-05-24T21:00,56.8,55.8,0.008,0.008,0.0,0.0,51,Light drizzle,6.0,15.9,94,
2026-05-24T22:00,56.8,56.4,0.008,0.008,0.0,0.0,51,Light drizzle,5.2,12.5,95,
2026-05-24T23:00,56.9,57.0,0.0,0.0,0.0,0.0,3,Overcast,4.2,10.5,96,
2026-05-25T00:00,56.9,57.3,0.0,0.0,0.0,0.0,3,Overcast,3.8,8.5,97,
2026-05-25T01:00,56.9,57.8,0.004,0.004,0.0,0.0,51,Light drizzle,2.7,7.6,97,
2026-05-25T02:00,56.9,58.4,0.0,0.0,0.0,0.0,3,Overcast,1.1,5.6,97,
2026-05-25T03:00,57.2,58.9,0.0,0.0,0.0,0.0,3,Overcast,0.6,1.6,96,
2026-05-25T04:00,57.2,58.8,0.004,0.004,0.0,0.0,51,Light drizzle,0.9,2.0,96,
2026-05-25T05:00,57.2,59.0,0.0,0.0,0.0,0.0,3,Overcast,0.5,2.7,96,
2026-05-25T06:00,57.4,58.5,0.004,0.004,0.0,0.0,51,Light drizzle,2.4,5.1,97,
2026-05-25T07:00,57.7,59.0,0.028,0.028,0.0,0.0,53,Moderate drizzle,2.3,5.4,97,
2026-05-25T08:00,57.7,58.9,0.071,0.071,0.0,0.0,61,Slight rain,2.8,7.2,98,
2026-05-25T09:00,59.3,60.7,0.028,0.028,0.0,0.0,53,Moderate drizzle,3.0,8.1,96,
2026-05-25T10:00,60.5,61.8,0.035,0.035,0.0,0.0,53,Moderate drizzle,4.0,10.3,95,
2026-05-25T11:00,61.5,62.4,0.012,0.012,0.0,0.0,51,Light drizzle,5.4,13.0,93,
2026-05-25T12:00,64.6,65.2,0.004,0.004,0.0,0.0,51,Light drizzle,6.8,16.6,86,
2026-05-25T13:00,66.2,67.0,0.0,0.0,0.0,0.0,3,Overcast,6.5,17.4,82,
2026-05-25T14:00,69.1,69.9,0.0,0.0,0.0,0.0,3,Overcast,6.8,16.8,75,
2026-05-25T15:00,70.0,71.3,0.0,0.0,0.0,0.0,3,Overcast,6.0,17.7,74,
2026-05-25T16:00,71.4,74.7,0.0,0.0,0.0,0.0,3,Overcast,2.2,15.2,72,
2026-05-25T17:00,73.6,76.3,0.0,0.0,0.0,0.0,2,Partly cloudy,4.4,12.3,69,
2026-05-25T18:00,73.0,75.9,0.0,0.0,0.0,0.0,3,Overcast,5.4,13.4,73,
2026-05-25T19:00,71.3,74.2,0.0,0.0,0.0,0.0,3,Overcast,5.9,13.4,80,
2026-05-25T20:00,70.4,73.4,0.0,0.0,0.0,0.0,3,Overcast,5.7,13.4,82,
2026-05-25T21:00,68.3,71.0,0.0,0.0,0.0,0.0,3,Overcast,5.6,12.3,86,
2026-05-25T22:00,67.2,70.1,0.0,0.0,0.0,0.0,2,Partly cloudy,5.1,11.2,89,
2026-05-25T23:00,66.1,69.4,0.0,0.0,0.0,0.0,2,Partly cloudy,4.0,10.1,92,
2026-05-26T00:00,64.4,67.8,0.0,0.0,0.0,0.0,1,Mainly clear,2.6,7.8,94,
2026-05-26T01:00,62.9,65.4,0.0,0.0,0.0,0.0,1,Mainly clear,2.6,5.1,92,
2026-05-26T02:00,62.9,63.6,0.0,0.0,0.0,0.0,0,Clear sky,4.0,7.2,83,
2026-05-26T03:00,61.8,61.9,0.0,0.0,0.0,0.0,0,Clear sky,4.8,9.4,83,
2026-05-26T04:00,60.6,60.3,0.0,0.0,0.0,0.0,0,Clear sky,5.5,11.2,85,
2026-05-26T05:00,59.3,59.2,0.0,0.0,0.0,0.0,3,Overcast,4.7,11.2,89,
2026-05-26T06:00,58.5,58.6,0.0,0.0,0.0,0.0,1,Mainly clear,3.9,9.4,90,
2026-05-26T07:00,60.3,60.8,0.0,0.0,0.0,0.0,1,Mainly clear,3.4,7.6,87,
2026-05-26T08:00,63.7,64.0,0.0,0.0,0.0,0.0,2,Partly cloudy,3.1,9.4,74,
2026-05-26T09:00,67.0,67.4,0.0,0.0,0.0,0.0,2,Partly cloudy,3.4,10.5,67,
2026-05-26T10:00,70.2,71.5,0.0,0.0,0.0,0.0,3,Overcast,4.1,12.8,61,
2026-05-26T11:00,72.6,76.1,0.0,0.0,0.0,0.0,3,Overcast,2.4,12.8,56,
2026-05-26T12:00,74.8,79.9,0.0,0.0,0.0,0.0,2,Partly cloudy,1.7,9.8,51,
2026-05-26T13:00,76.4,81.9,0.0,0.0,0.0,0.0,2,Partly cloudy,1.1,9.2,46,
2026-05-26T14:00,78.8,82.6,0.0,0.0,0.0,0.0,3,Overcast,1.9,8.7,37,
2026-05-26T15:00,78.8,81.1,0.0,0.0,0.0,0.0,3,Overcast,3.7,12.1,39,
2026-05-26T16:00,78.5,79.5,0.0,0.0,0.0,0.0,3,Overcast,5.7,15.4,43,
2026-05-26T17:00,77.6,76.6,0.0,0.0,0.0,0.0,3,Overcast,6.3,16.6,43,
2026-05-26T18:00,76.0,74.4,0.0,0.0,0.0,0.0,3,Overcast,5.5,16.1,44,
2026-05-26T19:00,72.9,72.0,0.0,0.0,0.0,0.0,3,Overcast,4.9,13.0,52,
2026-05-26T20:00,70.4,69.1,0.0,0.0,0.0,0.0,3,Overcast,5.8,11.6,55,
2026-05-26T21:00,67.5,66.6,0.0,0.0,0.0,0.0,3,Overcast,6.1,13.2,65,
2026-05-26T22:00,66.8,66.5,0.0,0.0,0.0,0.0,3,Overcast,6.1,13.2,71,
2026-05-26T23:00,66.3,66.2,0.0,0.0,0.0,0.0,3,Overcast,5.8,12.5,73,
2026-05-27T00:00,66.1,66.1,0.0,0.0,0.0,0.0,3,Overcast,6.3,13.0,76,
2026-05-27T01:00,65.8,65.7,0.0,0.0,0.0,0.0,3,Overcast,6.6,13.6,76,
2026-05-27T02:00,66.2,66.5,0.0,0.0,0.0,0.0,3,Overcast,5.3,13.4,74,
2026-05-27T03:00,66.4,66.8,0.0,0.0,0.0,0.0,3,Overcast,5.6,11.6,76,
2026-05-27T04:00,66.2,67.1,0.0,0.0,0.0,0.0,3,Overcast,5.1,11.6,78,
2026-05-27T05:00,66.3,67.2,0.0,0.0,0.0,0.0,3,Overcast,5.6,11.4,79,
2026-05-27T06:00,66.2,67.3,0.0,0.0,0.0,0.0,3,Overcast,5.6,11.4,81,
2026-05-27T07:00,66.9,68.5,0.0,0.0,0.0,0.0,3,Overcast,5.3,11.6,82,
2026-05-27T08:00,70.4,73.2,0.0,0.0,0.0,0.0,3,Overcast,4.2,11.9,77,
2026-05-27T09:00,72.3,75.6,0.0,0.0,0.0,0.0,3,Overcast,4.5,12.1,76,
2026-05-27T10:00,74.9,78.8,0.0,0.0,0.0,0.0,3,Overcast,4.7,13.4,73,
2026-05-27T11:00,75.6,79.8,0.0,0.0,0.0,0.0,3,Overcast,4.8,13.4,74,
2026-05-27T12:00,74.5,78.4,0.0,0.0,0.0,0.0,3,Overcast,6.4,15.4,79,
2026-05-27T13:00,77.2,81.6,0.0,0.0,0.0,0.0,3,Overcast,6.6,17.0,75,
2026-05-27T14:00,78.4,82.3,0.0,0.0,0.0,0.0,3,Overcast,6.8,18.3,70,
2026-05-27T15:00,78.5,82.2,0.0,0.0,0.0,0.0,3,Overcast,7.2,17.9,69,
2026-05-27T16:00,79.9,83.5,0.0,0.0,0.0,0.0,2,Partly cloudy,7.4,18.6,66,
2026-05-27T17:00,81.4,84.5,0.0,0.0,0.0,0.0,1,Mainly clear,7.8,23.3,60,
2026-05-27T18:00,81.6,83.1,0.0,0.0,0.0,0.0,1,Mainly clear,8.5,22.1,55,
2026-05-27T19:00,80.1,82.6,0.0,0.0,0.0,0.0,2,Partly cloudy,7.7,18.6,61,
2026-05-27T20:00,78.0,80.2,0.0,0.0,0.0,0.0,1,Mainly clear,8.2,17.0,65,
2026-05-27T21:00,76.7,79.0,0.0,0.0,0.0,0.0,3,Overcast,7.7,17.7,67,
2026-05-27T22:00,75.7,78.0,0.0,0.0,0.0,0.0,3,Overcast,6.7,16.1,68,
2026-05-27T23:00,75.2,75.7,0.0,0.0,0.0,0.0,3,Overcast,7.3,15.4,60,
2026-05-28T00:00,73.9,72.1,0.0,0.0,0.0,0.0,3,Overcast,7.9,17.0,51,
2026-05-28T01:00,71.7,69.5,0.0,0.0,0.0,0.0,3,Overcast,7.2,16.8,51,
2026-05-28T02:00,70.2,67.7,0.0,0.0,0.0,0.0,3,Overcast,6.5,15.4,51,
2026-05-28T03:00,69.3,66.5,0.0,0.0,0.0,0.0,2,Partly cloudy,6.8,14.5,51,
2026-05-28T04:00,68.7,66.2,0.0,0.0,0.0,0.0,0,Clear sky,6.5,15.2,52,
2026-05-28T05:00,66.7,64.9,0.0,0.0,0.0,0.0,1,Mainly clear,5.1,13.9,57,
2026-05-28T06:00,65.3,63.5,0.0,0.0,0.0,0.0,0,Clear sky,5.2,10.5,61,
2026-05-28T07:00,66.5,64.6,0.0,0.0,0.0,0.0,0,Clear sky,5.6,13.0,59,
2026-05-28T08:00,69.0,67.2,0.0,0.0,0.0,0.0,0,Clear sky,5.7,15.9,54,
2026-05-28T09:00,71.8,69.5,0.0,0.0,0.0,0.0,0,Clear sky,5.9,15.7,47,
2026-05-28T10:00,73.6,71.7,0.0,0.0,0.0,0.0,1,Mainly clear,6.7,17.9,43,
2026-05-28T11:00,74.5,69.8,0.0,0.0,0.0,0.0,1,Mainly clear,9.1,22.8,34,
2026-05-28T12:00,76.5,71.6,0.0,0.0,0.0,0.0,1,Mainly clear,10.5,25.7,27,
2026-05-28T13:00,75.8,68.7,0.0,0.0,0.0,0.0,1,Mainly clear,15.3,36.0,29,
2026-05-28T14:00,74.8,69.1,0.0,0.0,0.0,0.0,1,Mainly clear,12.8,36.2,32,
2026-05-28T15:00,75.8,69.2,0.0,0.0,0.0,0.0,1,Mainly clear,13.0,30.4,30,
2026-05-28T16:00,74.5,67.9,0.0,0.0,0.0,0.0,2,Partly cloudy,12.3,31.8,33,
2026-05-28T17:00,73.5,66.6,0.0,0.0,0.0,0.0,1,Mainly clear,12.9,30.0,35,
2026-05-28T18:00,72.4,65.6,0.0,0.0,0.0,0.0,2,Partly cloudy,12.7,30.6,36,
2026-05-28T19:00,70.3,63.9,0.0,0.0,0.0,0.0,2,Partly cloudy,12.2,34.0,40,
2026-05-28T20:00,69.5,63.9,0.0,0.0,0.0,0.0,3,Overcast,9.9,27.5,40,
2026-05-28T21:00,68.2,63.2,0.0,0.0,0.0,0.0,2,Partly cloudy,8.6,22.4,43,
2026-05-28T22:00,66.4,61.7,0.0,0.0,0.0,0.0,0,Clear sky,8.0,19.7,46,
2026-05-28T23:00,64.5,59.7,0.0,0.0,0.0,0.0,0,Clear sky,8.1,18.3,48,
2026-05-29T00:00,63.1,58.4,0.0,0.0,0.0,0.0,0,Clear sky,7.6,18.3,49,
2026-05-29T01:00,61.9,57.3,0.0,0.0,0.0,0.0,0,Clear sky,7.2,17.2,52,
2026-05-29T02:00,60.4,56.2,0.0,0.0,0.0,0.0,2,Partly cloudy,6.8,16.1,56,
2026-05-29T03:00,59.6,55.7,0.0,0.0,0.0,0.0,1,Mainly clear,6.3,14.8,58,
2026-05-29T04:00,58.6,55.0,0.0,0.0,0.0,0.0,0,Clear sky,5.7,13.9,61,
2026-05-29T05:00,58.1,54.4,0.0,0.0,0.0,0.0,1,Mainly clear,5.9,13.0,62,
2026-05-29T06:00,57.8,54.0,0.0,0.0,0.0,0.0,0,Clear sky,6.0,13.0,62,
2026-05-29T07:00,59.4,55.8,0.0,0.0,0.0,0.0,0,Clear sky,5.4,14.1,59,
2026-05-29T08:00,62.9,59.0,0.0,0.0,0.0,0.0,0,Clear sky,6.0,15.2,52,
2026-05-29T09:00,66.1,61.9,0.0,0.0,0.0,0.0,2,Partly cloudy,6.5,17.4,45,
2026-05-29T10:00,67.8,63.2,0.0,0.0,0.0,0.0,0,Clear sky,5.6,17.7,37,
2026-05-29T11:00,71.2,69.2,0.0,0.0,0.0,0.0,0,Clear sky,4.9,16.3,32,
2026-05-29T12:00,73.4,72.7,0.0,0.0,0.0,0.0,0,Clear sky,5.0,16.6,29,
2026-05-29T13:00,75.7,74.4,0.0,0.0,0.0,0.0,1,Mainly clear,6.6,19.7,26,
2026-05-29T14:00,76.6,75.4,0.0,0.0,0.0,0.0,2,Partly cloudy,6.8,22.1,26,
2026-05-29T15:00,78.2,74.7,0.0,0.0,0.0,0.0,3,Overcast,8.0,22.1,23,
2026-05-29T16:00,79.0,72.6,0.0,0.0,0.0,0.0,3,Overcast,8.2,22.1,22,
2026-05-29T17:00,80.2,73.4,0.0,0.0,0.0,0.0,3,Overcast,10.5,25.9,22,
2026-05-29T18:00,79.0,72.2,0.0,0.0,0.0,0.0,3,Overcast,10.2,25.9,25,
2026-05-29T19:00,78.5,72.2,0.0,0.0,0.0,0.0,3,Overcast,8.5,23.9,24,
2026-05-29T20:00,75.9,69.9,0.0,0.0,0.0,0.0,3,Overcast,8.6,25.5,27,
2026-05-29T21:00,74.8,68.8,0.0,0.0,0.0,0.0,3,Overcast,9.7,22.1,31,
2026-05-29T22:00,73.5,68.4,0.0,0.0,0.0,0.0,3,Overcast,10.3,23.9,39,
2026-05-29T23:00,70.0,66.4,0.004,0.004,0.0,0.0,51,Light drizzle,8.5,23.7,49,
2026-05-30T00:00,67.6,65.3,0.0,0.0,0.0,0.0,3,Overcast,7.4,19.5,59,
2026-05-30T01:00,68.6,66.3,0.0,0.0,0.0,0.0,0,Clear sky,6.7,16.6,54,
2026-05-30T02:00,69.1,63.3,0.0,0.0,0.0,0.0,3,Overcast,11.4,27.3,44,
2026-05-30T03:00,65.4,58.4,0.0,0.0,0.0,0.0,0,Clear sky,12.1,28.4,44,
2026-05-30T04:00,61.3,52.6,0.0,0.0,0.0,0.0,0,Clear sky,12.8,29.5,38,
2026-05-30T05:00,57.0,48.0,0.0,0.0,0.0,0.0,0,Clear sky,12.8,30.4,41,
2026-05-30T06:00,53.3,44.0,0.0,0.0,0.0,0.0,1,Mainly clear,14.1,32.4,49,
2026-05-30T07:00,53.9,45.4,0.0,0.0,0.0,0.0,0,Clear sky,12.6,32.4,50,
2026-05-30T08:00,56.5,47.2,0.0,0.0,0.0,0.0,3,Overcast,14.6,34.7,47,
2026-05-30T09:00,57.7,48.5,0.0,0.0,0.0,0.0,2,Partly cloudy,15.0,39.4,47,
2026-05-30T10:00,59.6,49.6,0.0,0.0,0.0,0.0,2,Partly cloudy,16.5,39.6,41,
2026-05-30T11:00,60.4,51.4,0.0,0.0,0.0,0.0,3,Overcast,17.2,41.6,39,
2026-05-30T12:00,60.4,51.6,0.0,0.0,0.0,0.0,3,Overcast,17.1,41.8,41,
2026-05-30T13:00,59.5,49.9,0.0,0.0,0.0,0.0,3,Overcast,15.4,41.2,42,
2026-05-30T14:00,59.5,50.0,0.0,0.0,0.0,0.0,3,Overcast,15.5,37.4,43,
2026-05-30T15:00,59.8,50.6,0.0,0.0,0.0,0.0,3,Overcast,14.9,36.9,44,
2026-05-30T16:00,60.9,52.0,0.0,0.0,0.0,0.0,3,Overcast,14.5,35.8,42,
2026-05-30T17:00,61.2,52.2,0.0,0.0,0.0,0.0,3,Overcast,14.4,34.7,42,
2026-05-30T18:00,61.7,54.2,0.0,0.0,0.0,0.0,0,Clear sky,10.8,34.0,40,
2026-05-30T19:00,61.9,55.3,0.0,0.0,0.0,0.0,0,Clear sky,8.6,25.3,40,
2026-05-30T20:00,60.7,55.3,0.0,0.0,0.0,0.0,0,Clear sky,7.1,20.8,47,
2026-05-30T21:00,55.2,49.8,0.0,0.0,0.0,0.0,0,Clear sky,7.6,20.4,58,
2026-05-30T22:00,53.2,50.2,0.0,0.0,0.0,0.0,0,Clear sky,2.2,17.4,64,
2026-05-30T23:00,53.1,51.3,0.0,0.0,0.0,0.0,0,Clear sky,0.0,5.6,69,
2026-05-31T00:00,52.6,50.2,0.0,0.0,0.0,0.0,0,Clear sky,1.2,3.6,68,
2026-05-31T01:00,52.2,49.5,0.0,0.0,0.0,0.0,0,Clear sky,2.0,5.1,71,
2026-05-31T02:00,50.0,48.0,0.0,0.0,0.0,0.0,0,Clear sky,1.4,4.9,81,
2026-05-31T03:00,50.0,47.6,0.0,0.0,0.0,0.0,0,Clear sky,2.1,4.5,81,
2026-05-31T04:00,49.9,46.9,0.0,0.0,0.0,0.0,0,Clear sky,2.7,6.0,76,
2026-05-31T05:00,49.6,45.9,0.0,0.0,0.0,0.0,0,Clear sky,3.2,7.2,70,
2026-05-31T06:00,49.7,46.2,0.0,0.0,0.0,0.0,0,Clear sky,2.8,7.2,70,
2026-05-31T07:00,52.3,48.6,0.0,0.0,0.0,0.0,1,Mainly clear,3.3,8.5,65,
2026-05-31T08:00,55.1,51.7,0.0,0.0,0.0,0.0,2,Partly cloudy,2.7,11.0,58,
2026-05-31T09:00,60.4,56.9,0.0,0.0,0.0,0.0,1,Mainly clear,2.6,10.3,48,
2026-05-31T10:00,64.9,62.6,0.0,0.0,0.0,0.0,1,Mainly clear,3.4,12.5,41,
2026-05-31T11:00,68.6,67.7,0.0,0.0,0.0,0.0,2,Partly cloudy,4.3,14.5,37,
2026-05-31T12:00,72.1,71.0,0.0,0.0,0.0,0.0,2,Partly cloudy,6.3,18.3,32,
2026-05-31T13:00,75.9,72.4,0.0,0.0,0.0,0.0,3,Overcast,10.1,25.1,25,
2026-05-31T14:00,75.4,68.2,0.0,0.0,0.0,0.0,3,Overcast,9.8,26.4,24,
2026-05-31T15:00,76.6,69.0,0.0,0.0,0.0,0.0,3,Overcast,10.9,26.4,24,
2026-05-31T16:00,77.2,68.9,0.0,0.0,0.0,0.0,3,Overcast,11.9,27.7,22,
2026-05-31T17:00,77.2,69.1,0.0,0.0,0.0,0.0,3,Overcast,10.7,28.0,21,
2026-05-31T18:00,78.0,69.9,0.0,0.0,0.0,0.0,3,Overcast,10.8,27.5,20,
2026-05-31T19:00,76.3,69.5,0.0,0.0,0.0,0.0,2,Partly cloudy,8.1,23.3,22,
2026-05-31T20:00,73.7,68.9,0.0,0.0,0.0,0.0,2,Partly cloudy,4.9,22.4,28,
2026-05-31T21:00,70.1,67.1,0.0,0.0,0.0,0.0,1,Mainly clear,2.7,10.1,37,
2026-05-31T22:00,68.5,66.9,0.0,0.0,0.0,0.0,1,Mainly clear,1.2,4.7,44,
2026-05-31T23:00,66.9,64.9,0.0,0.0,0.0,0.0,2,Partly cloudy,0.9,2.0,43,
