WEATHER_DATE,WEATHER_HOUR,TEMPERATURE_F,APPARENT_TEMPERATURE_F,PRECIPITATION_INCH,RAIN_INCH,SNOWFALL_INCH,SNOW_DEPTH_INCH,WEATHER_CODE,WEATHER_DESCRIPTION,WIND_SPEED_MPH,WIND_GUSTS_MPH,RELATIVE_HUMIDITY_PCT,VISIBILITY_FT,WEATHER_CATEGORY,IS_ADVERSE_WEATHER
2025-01-01,0,45.6,39.5,0.146,0.146,0.0,0.0,63,Moderate rain,10.7,22.4,94,,Rain,True
2025-01-01,1,46.9,41.8,0.035,0.035,0.0,0.0,53,Moderate drizzle,9.3,23.7,96,,Drizzle,False
2025-01-01,2,47.6,44.7,0.0,0.0,0.0,0.0,3,Overcast,4.8,18.1,97,,Cloudy,False
2025-01-01,3,48.0,45.1,0.0,0.0,0.0,0.0,3,Overcast,5.4,10.1,99,,Cloudy,False
2025-01-01,4,48.0,45.1,0.0,0.0,0.0,0.0,3,Overcast,5.5,10.3,98,,Cloudy,False
2025-01-01,5,47.0,43.5,0.0,0.0,0.0,0.0,3,Overcast,6.2,11.6,99,,Cloudy,False
2025-01-01,6,46.5,41.5,0.0,0.0,0.0,0.0,1,Mainly clear,9.1,18.1,97,,Clear,False
2025-01-01,7,43.9,38.5,0.0,0.0,0.0,0.0,1,Mainly clear,8.6,18.6,96,,Clear,False
2025-01-01,8,41.6,36.0,0.0,0.0,0.0,0.0,0,Clear sky,7.8,17.4,96,,Clear,False
2025-01-01,9,44.6,39.8,0.0,0.0,0.0,0.0,0,Clear sky,7.7,14.8,96,,Clear,False
2025-01-01,10,46.4,41.7,0.0,0.0,0.0,0.0,0,Clear sky,7.6,17.7,92,,Clear,False
2025-01-01,11,48.8,44.6,0.0,0.0,0.0,0.0,0,Clear sky,7.3,17.2,88,,Clear,False
2025-01-01,12,50.6,44.9,0.0,0.0,0.0,0.0,1,Mainly clear,9.6,22.6,76,,Clear,False
2025-01-01,13,51.7,45.6,0.0,0.0,0.0,0.0,2,Partly cloudy,9.8,22.6,69,,Cloudy,False
2025-01-01,14,51.2,43.8,0.0,0.0,0.0,0.0,3,Overcast,12.1,27.3,67,,Cloudy,False
2025-01-01,15,47.1,38.4,0.0,0.0,0.0,0.0,3,Overcast,14.1,32.0,71,,Cloudy,False
2025-01-01,16,43.7,34.2,0.0,0.0,0.0,0.0,2,Partly cloudy,14.4,34.4,70,,Cloudy,False
2025-01-01,17,42.2,32.8,0.004,0.004,0.0,0.0,51,Light drizzle,13.7,35.3,71,,Drizzle,False
2025-01-01,18,41.2,32.0,0.004,0.004,0.0,0.0,51,Light drizzle,12.8,31.3,71,,Drizzle,False
2025-01-01,19,40.6,31.2,0.0,0.0,0.0,0.0,0,Clear sky,12.7,28.9,67,,Clear,False
2025-01-01,20,40.2,30.5,0.0,0.0,0.0,0.0,0,Clear sky,12.7,28.9,63,,Clear,False
2025-01-01,21,41.1,31.1,0.0,0.0,0.0,0.0,0,Clear sky,13.1,29.3,58,,Clear,False
2025-01-01,22,40.0,29.6,0.0,0.0,0.0,0.0,0,Clear sky,13.2,30.0,54,,Clear,False
2025-01-01,23,38.8,28.7,0.0,0.0,0.0,0.0,0,Clear sky,12.2,29.8,53,,Clear,False
2025-01-02,0,38.1,28.3,0.0,0.0,0.0,0.0,0,Clear sky,11.6,27.3,56,,Clear,False
2025-01-02,1,37.5,27.9,0.0,0.0,0.0,0.0,0,Clear sky,11.4,25.9,60,,Clear,False
2025-01-02,2,36.7,26.7,0.0,0.0,0.0,0.0,0,Clear sky,12.0,26.8,58,,Clear,False
2025-01-02,3,35.9,26.0,0.0,0.0,0.0,0.0,0,Clear sky,11.7,27.1,61,,Clear,False
2025-01-02,4,35.3,25.8,0.0,0.0,0.0,0.0,0,Clear sky,11.1,26.4,65,,Clear,False
2025-01-02,5,35.1,25.7,0.0,0.0,0.0,0.0,1,Mainly clear,10.7,24.8,66,,Clear,False
2025-01-02,6,34.5,25.1,0.0,0.0,0.0,0.0,0,Clear sky,10.7,24.2,65,,Clear,False
2025-01-02,7,33.5,23.7,0.0,0.0,0.0,0.0,0,Clear sky,11.4,25.5,65,,Clear,False
2025-01-02,8,32.9,23.3,0.0,0.0,0.0,0.0,0,Clear sky,10.6,25.3,65,,Clear,False
2025-01-02,9,35.7,25.9,0.0,0.0,0.0,0.0,0,Clear sky,11.3,26.2,60,,Clear,False
2025-01-02,10,37.4,27.8,0.0,0.0,0.0,0.0,0,Clear sky,11.2,26.6,59,,Clear,False
2025-01-02,11,39.2,29.6,0.0,0.0,0.0,0.0,0,Clear sky,11.3,25.9,56,,Clear,False
2025-01-02,12,40.5,29.2,0.0,0.0,0.0,0.0,0,Clear sky,14.9,35.6,50,,Clear,False
2025-01-02,13,41.0,29.1,0.0,0.0,0.0,0.0,2,Partly cloudy,16.0,35.8,46,,Cloudy,False
2025-01-02,14,41.5,30.0,0.0,0.0,0.0,0.0,2,Partly cloudy,14.7,36.0,44,,Cloudy,False
2025-01-02,15,41.6,29.7,0.0,0.0,0.0,0.0,2,Partly cloudy,15.4,35.1,40,,Cloudy,False
2025-01-02,16,40.3,29.8,0.0,0.0,0.0,0.0,3,Overcast,12.2,38.7,44,,Cloudy,False
2025-01-02,17,38.3,27.4,0.0,0.0,0.0,0.0,3,Overcast,13.0,29.8,46,,Cloudy,False
2025-01-02,18,36.1,25.6,0.0,0.0,0.0,0.0,1,Mainly clear,12.1,30.0,50,,Clear,False
2025-01-02,19,35.2,25.0,0.0,0.0,0.0,0.0,2,Partly cloudy,11.3,27.5,52,,Cloudy,False
2025-01-02,20,34.5,24.5,0.0,0.0,0.0,0.0,1,Mainly clear,11.1,25.7,54,,Clear,False
2025-01-02,21,35.0,24.3,0.0,0.0,0.0,0.0,2,Partly cloudy,12.5,28.2,52,,Cloudy,False
2025-01-02,22,34.4,24.0,0.0,0.0,0.0,0.0,2,Partly cloudy,11.9,28.2,53,,Cloudy,False
2025-01-02,23,33.4,23.8,0.0,0.0,0.0,0.0,1,Mainly clear,10.0,26.6,57,,Clear,False
2025-01-03,0,32.5,23.3,0.0,0.0,0.0,0.0,0,Clear sky,9.1,22.1,60,,Clear,False
2025-01-03,1,31.7,22.2,0.0,0.0,0.0,0.0,0,Clear sky,9.9,21.5,60,,Clear,False
2025-01-03,2,30.9,20.8,0.0,0.0,0.0,0.0,0,Clear sky,10.8,24.2,57,,Clear,False
2025-01-03,3,30.5,20.3,0.0,0.0,0.0,0.0,0,Clear sky,10.7,25.5,57,,Clear,False
2025-01-03,4,30.2,20.3,0.0,0.0,0.0,0.0,0,Clear sky,10.2,24.4,58,,Clear,False
2025-01-03,5,29.8,20.1,0.0,0.0,0.0,0.0,0,Clear sky,9.6,22.8,59,,Clear,False
2025-01-03,6,29.5,20.3,0.0,0.0,0.0,0.0,0,Clear sky,8.5,21.5,60,,Clear,False
2025-01-03,7,29.2,20.4,0.0,0.0,0.0,0.0,0,Clear sky,7.7,19.2,62,,Clear,False
2025-01-03,8,28.9,20.4,0.0,0.0,0.0,0.0,0,Clear sky,7.1,17.2,65,,Clear,False
2025-01-03,9,31.2,23.0,0.0,0.0,0.0,0.0,0,Clear sky,6.7,14.8,62,,Clear,False
2025-01-03,10,33.0,24.5,0.0,0.0,0.0,0.0,0,Clear sky,7.6,20.1,59,,Clear,False
2025-01-03,11,34.4,25.5,0.0,0.0,0.0,0.0,0,Clear sky,8.6,20.6,56,,Clear,False
2025-01-03,12,36.0,25.9,0.0,0.0,0.0,0.0,1,Mainly clear,11.1,26.4,50,,Clear,False
2025-01-03,13,36.4,26.9,0.0,0.0,0.0,0.0,2,Partly cloudy,9.9,26.4,51,,Cloudy,False
2025-01-03,14,37.4,27.8,0.0,0.0,0.0,0.0,2,Partly cloudy,10.1,24.2,49,,Cloudy,False
2025-01-03,15,37.6,28.1,0.0,0.0,0.0,0.0,1,Mainly clear,9.8,24.4,49,,Clear,False
2025-01-03,16,37.9,28.3,0.0,0.0,0.0,0.0,3,Overcast,9.9,24.4,47,,Cloudy,False
2025-01-03,17,37.4,29.5,0.0,0.0,0.0,0.0,3,Overcast,6.5,25.1,52,,Cloudy,False
2025-01-03,18,36.0,28.2,0.0,0.0,0.0,0.0,3,Overcast,6.3,14.8,57,,Cloudy,False
2025-01-03,19,34.7,26.9,0.0,0.0,0.0,0.0,3,Overcast,6.4,14.1,60,,Cloudy,False
2025-01-03,20,33.4,25.8,0.0,0.0,0.0,0.0,3,Overcast,5.9,14.3,63,,Cloudy,False
2025-01-03,21,30.7,23.2,0.0,0.0,0.0,0.0,1,Mainly clear,5.5,12.5,67,,Clear,False
2025-01-03,22,30.0,22.1,0.0,0.0,0.0,0.0,3,Overcast,6.3,13.9,67,,Cloudy,False
2025-01-03,23,29.6,21.5,0.0,0.0,0.0,0.0,0,Clear sky,6.3,14.1,66,,Clear,False
2025-01-04,0,29.3,20.8,0.0,0.0,0.0,0.0,0,Clear sky,7.2,15.7,65,,Clear,False
2025-01-04,1,28.9,19.9,0.0,0.0,0.0,0.0,0,Clear sky,8.4,18.3,63,,Clear,False
2025-01-04,2,28.9,19.4,0.0,0.0,0.0,0.0,0,Clear sky,9.1,20.4,58,,Clear,False
2025-01-04,3,28.5,19.0,0.0,0.0,0.0,0.0,3,Overcast,9.0,20.8,59,,Cloudy,False
2025-01-04,4,29.1,19.6,0.0,0.0,0.0,0.0,3,Overcast,9.2,21.0,59,,Cloudy,False
2025-01-04,5,29.7,19.7,0.0,0.0,0.0,0.0,2,Partly cloudy,9.9,22.6,54,,Cloudy,False
2025-01-04,6,28.8,18.1,0.0,0.0,0.0,0.0,2,Partly cloudy,10.8,24.4,47,,Cloudy,False
2025-01-04,7,28.0,17.4,0.0,0.0,0.0,0.0,0,Clear sky,11.0,25.3,50,,Clear,False
2025-01-04,8,27.7,16.9,0.0,0.0,0.0,0.0,0,Clear sky,11.2,25.7,51,,Clear,False
2025-01-04,9,29.3,19.3,0.0,0.0,0.0,0.0,1,Mainly clear,9.9,24.2,54,,Clear,False
2025-01-04,10,30.7,20.2,0.0,0.0,0.0,0.0,2,Partly cloudy,11.5,22.8,55,,Cloudy,False
2025-01-04,11,31.6,19.6,0.0,0.0,0.0,0.0,2,Partly cloudy,14.3,33.6,48,,Cloudy,False
2025-01-04,12,31.8,20.3,0.0,0.0,0.0,0.0,3,Overcast,13.3,33.6,47,,Cloudy,False
2025-01-04,13,31.2,19.4,0.0,0.0,0.0,0.0,3,Overcast,14.0,32.2,47,,Cloudy,False
2025-01-04,14,31.5,18.7,0.0,0.0,0.0,0.0,2,Partly cloudy,15.7,36.0,41,,Cloudy,False
2025-01-04,15,31.6,19.2,0.0,0.0,0.0,0.0,1,Mainly clear,14.6,37.1,40,,Clear,False
2025-01-04,16,31.1,18.6,0.0,0.0,0.0,0.0,3,Overcast,15.1,35.6,41,,Cloudy,False
2025-01-04,17,30.0,18.9,0.0,0.0,0.0,0.0,2,Partly cloudy,11.8,37.1,44,,Cloudy,False
2025-01-04,18,29.0,18.3,0.0,0.0,0.0,0.0,3,Overcast,10.9,26.6,45,,Cloudy,False
2025-01-04,19,28.9,18.5,0.0,0.0,0.0,0.0,2,Partly cloudy,10.1,24.6,45,,Cloudy,False
2025-01-04,20,28.5,18.1,0.0,0.0,0.0,0.0,1,Mainly clear,10.1,23.3,46,,Clear,False
2025-01-04,21,28.8,18.5,0.0,0.0,0.0,0.0,0,Clear sky,9.7,21.7,46,,Clear,False
2025-01-04,22,28.1,17.8,0.0,0.0,0.0,0.0,0,Clear sky,10.1,23.0,47,,Clear,False
2025-01-04,23,27.8,17.4,0.0,0.0,0.0,0.0,0,Clear sky,10.1,23.5,48,,Clear,False
2025-01-05,0,27.1,16.9,0.0,0.0,0.0,0.0,1,Mainly clear,9.5,22.8,50,,Clear,False
2025-01-05,1,26.5,16.5,0.0,0.0,0.0,0.0,1,Mainly clear,9.2,21.7,49,,Clear,False
2025-01-05,2,26.2,15.9,0.0,0.0,0.0,0.0,1,Mainly clear,9.8,22.1,49,,Clear,False
2025-01-05,3,25.8,15.9,0.0,0.0,0.0,0.0,0,Clear sky,8.7,21.9,50,,Clear,False
2025-01-05,4,25.8,16.1,0.0,0.0,0.0,0.0,0,Clear sky,8.5,20.4,52,,Clear,False
2025-01-05,5,25.7,16.3,0.0,0.0,0.0,0.0,0,Clear sky,7.9,19.2,53,,Clear,False
2025-01-05,6,25.9,16.3,0.0,0.0,0.0,0.0,0,Clear sky,8.3,18.6,53,,Clear,False
2025-01-05,7,26.2,16.7,0.0,0.0,0.0,0.0,1,Mainly clear,8.2,19.0,52,,Clear,False
2025-01-05,8,26.2,16.6,0.0,0.0,0.0,0.0,3,Overcast,8.3,18.8,51,,Cloudy,False
2025-01-05,9,26.8,17.4,0.0,0.0,0.0,0.0,2,Partly cloudy,8.2,19.0,57,,Cloudy,False
2025-01-05,10,28.0,18.5,0.0,0.0,0.0,0.0,3,Overcast,8.6,19.7,56,,Cloudy,False
2025-01-05,11,29.4,18.9,0.0,0.0,0.0,0.0,3,Overcast,11.0,25.3,52,,Cloudy,False
2025-01-05,12,30.6,20.0,0.0,0.0,0.0,0.0,3,Overcast,11.3,26.8,51,,Cloudy,False
2025-01-05,13,31.2,20.5,0.0,0.0,0.0,0.0,3,Overcast,11.5,27.1,50,,Cloudy,False
2025-01-05,14,31.6,20.7,0.0,0.0,0.0,0.0,2,Partly cloudy,12.0,28.0,49,,Cloudy,False
2025-01-05,15,32.5,21.7,0.0,0.0,0.0,0.0,0,Clear sky,11.7,29.5,45,,Clear,False
2025-01-05,16,32.0,21.4,0.0,0.0,0.0,0.0,0,Clear sky,10.9,27.3,44,,Clear,False
2025-01-05,17,30.6,20.7,0.0,0.0,0.0,0.0,1,Mainly clear,9.2,25.3,47,,Clear,False
2025-01-05,18,28.9,19.6,0.0,0.0,0.0,0.0,0,Clear sky,8.2,21.7,51,,Clear,False
2025-01-05,19,28.4,19.4,0.0,0.0,0.0,0.0,2,Partly cloudy,7.5,17.9,54,,Cloudy,False
2025-01-05,20,28.2,18.9,0.0,0.0,0.0,0.0,2,Partly cloudy,8.3,18.3,56,,Cloudy,False
2025-01-05,21,28.5,19.4,0.0,0.0,0.0,0.0,3,Overcast,7.7,17.2,56,,Cloudy,False
2025-01-05,22,28.1,19.4,0.0,0.0,0.0,0.0,3,Overcast,7.2,17.0,59,,Cloudy,False
2025-01-05,23,28.0,19.5,0.0,0.0,0.0,0.0,3,Overcast,6.7,15.7,61,,Cloudy,False
2025-01-06,0,27.7,19.5,0.0,0.0,0.0,0.0,3,Overcast,6.1,14.8,64,,Cloudy,False
2025-01-06,1,27.4,19.4,0.0,0.0,0.0,0.0,3,Overcast,5.8,13.6,66,,Cloudy,False
2025-01-06,2,27.5,19.5,0.0,0.0,0.0,0.0,3,Overcast,5.9,12.8,67,,Cloudy,False
2025-01-06,3,27.7,19.9,0.0,0.0,0.0,0.0,3,Overcast,5.4,13.4,67,,Cloudy,False
2025-01-06,4,27.7,20.2,0.0,0.0,0.0,0.0,3,Overcast,4.9,11.6,69,,Cloudy,False
2025-01-06,5,27.8,21.0,0.0,0.0,0.0,0.0,3,Overcast,3.3,11.2,70,,Cloudy,False
2025-01-06,6,28.1,21.8,0.0,0.0,0.0,0.0,3,Overcast,2.5,7.2,73,,Cloudy,False
2025-01-06,7,28.3,22.3,0.0,0.0,0.0,0.0,3,Overcast,2.0,5.1,76,,Cloudy,False
2025-01-06,8,28.3,22.4,0.0,0.0,0.0,0.0,3,Overcast,1.9,5.4,78,,Cloudy,False
2025-01-06,9,28.3,22.3,0.004,0.0,0.028,0.0,71,Slight snowfall,2.4,6.7,79,,Snow,True
2025-01-06,10,28.5,22.9,0.004,0.0,0.028,0.0,71,Slight snowfall,1.4,6.3,80,,Snow,True
2025-01-06,11,28.9,23.7,0.008,0.0,0.055,0.0,71,Slight snowfall,0.6,5.1,79,,Snow,True
2025-01-06,12,28.9,23.8,0.012,0.0,0.083,0.0,73,Moderate snowfall,0.6,5.1,81,,Snow,True
2025-01-06,13,28.9,23.2,0.02,0.0,0.138,0.033,73,Moderate snowfall,1.8,6.3,83,,Snow,True
2025-01-06,14,28.9,23.2,0.012,0.0,0.083,0.033,73,Moderate snowfall,2.0,6.0,83,,Snow,True
2025-01-06,15,28.9,22.9,0.004,0.0,0.028,0.033,71,Slight snowfall,2.7,8.1,83,,Snow,True
2025-01-06,16,29.2,22.6,0.0,0.0,0.0,0.066,3,Overcast,4.2,9.8,82,,Cloudy,False
2025-01-06,17,29.3,22.3,0.0,0.0,0.0,0.066,3,Overcast,5.1,12.8,80,,Cloudy,False
2025-01-06,18,29.1,22.2,0.0,0.0,0.0,0.066,3,Overcast,4.8,12.1,80,,Cloudy,False
2025-01-06,19,27.9,19.6,0.0,0.0,0.0,0.066,3,Overcast,7.3,15.9,76,,Cloudy,False
2025-01-06,20,26.5,18.1,0.0,0.0,0.0,0.066,3,Overcast,7.2,16.6,74,,Cloudy,False
2025-01-06,21,25.3,16.0,0.0,0.0,0.0,0.066,3,Overcast,8.8,19.0,70,,Cloudy,False
2025-01-06,22,25.2,14.9,0.0,0.0,0.0,0.066,3,Overcast,10.7,23.7,67,,Cloudy,False
2025-01-06,23,23.7,13.1,0.0,0.0,0.0,0.066,3,Overcast,11.3,25.3,66,,Cloudy,False
2025-01-07,0,21.4,10.5,0.0,0.0,0.0,0.066,3,Overcast,11.4,26.6,66,,Cloudy,False
2025-01-07,1,19.1,8.1,0.0,0.0,0.0,0.066,3,Overcast,11.4,25.3,65,,Cloudy,False
2025-01-07,2,17.5,6.1,0.0,0.0,0.0,0.066,3,Overcast,12.1,26.6,64,,Cloudy,False
2025-01-07,3,16.6,4.5,0.0,0.0,0.0,0.066,3,Overcast,13.7,29.8,63,,Cloudy,False
2025-01-07,4,16.7,5.1,0.0,0.0,0.0,0.066,2,Partly cloudy,12.5,30.6,64,,Cloudy,False
2025-01-07,5,17.7,6.7,0.0,0.0,0.0,0.066,2,Partly cloudy,11.2,27.7,66,,Cloudy,False
2025-01-07,6,18.8,8.2,0.0,0.0,0.0,0.033,1,Mainly clear,10.2,24.4,66,,Clear,False
2025-01-07,7,19.0,8.9,0.0,0.0,0.0,0.033,3,Overcast,9.3,22.4,65,,Cloudy,False
2025-01-07,8,19.9,9.2,0.0,0.0,0.0,0.033,1,Mainly clear,10.7,23.5,64,,Clear,False
2025-01-07,9,21.2,10.3,0.0,0.0,0.0,0.033,0,Clear sky,11.5,25.5,65,,Clear,False
2025-01-07,10,22.4,11.5,0.0,0.0,0.0,0.033,3,Overcast,11.5,26.8,63,,Cloudy,False
2025-01-07,11,22.9,9.2,0.0,0.0,0.0,0.033,3,Overcast,18.4,39.6,63,,Cloudy,False
2025-01-07,12,24.4,13.0,0.0,0.0,0.0,0.033,3,Overcast,12.9,44.3,61,,Cloudy,False
2025-01-07,13,26.0,11.9,0.0,0.0,0.0,0.033,3,Overcast,19.4,44.5,58,,Cloudy,False
2025-01-07,14,26.2,12.4,0.0,0.0,0.0,0.033,3,Overcast,18.8,43.8,60,,Cloudy,False
2025-01-07,15,26.9,13.4,0.0,0.0,0.0,0.033,3,Overcast,18.2,41.6,60,,Cloudy,False
2025-01-07,16,26.5,14.2,0.0,0.0,0.0,0.033,3,Overcast,15.7,42.3,63,,Cloudy,False
2025-01-07,17,26.3,15.6,0.0,0.0,0.0,0.033,3,Overcast,11.5,38.9,60,,Cloudy,False
2025-01-07,18,25.8,14.6,0.0,0.0,0.0,0.033,2,Partly cloudy,12.9,30.4,63,,Cloudy,False
2025-01-07,19,25.9,15.1,0.0,0.0,0.0,0.033,3,Overcast,11.9,29.1,62,,Cloudy,False
2025-01-07,20,25.6,13.6,0.0,0.0,0.0,0.033,2,Partly cloudy,14.8,32.4,63,,Cloudy,False
2025-01-07,21,26.7,15.7,0.0,0.0,0.0,0.033,1,Mainly clear,11.8,30.0,54,,Clear,False
2025-01-07,22,26.1,15.5,0.0,0.0,0.0,0.033,3,Overcast,10.8,26.4,55,,Cloudy,False
2025-01-07,23,26.2,15.4,0.0,0.0,0.0,0.033,3,Overcast,11.3,25.5,55,,Cloudy,False
2025-01-08,0,26.1,16.1,0.0,0.0,0.0,0.033,3,Overcast,9.3,25.5,54,,Cloudy,False
2025-01-08,1,25.6,14.4,0.0,0.0,0.0,0.033,3,Overcast,12.2,26.4,54,,Cloudy,False
2025-01-08,2,25.4,14.0,0.0,0.0,0.0,0.033,1,Mainly clear,12.7,29.8,53,,Clear,False
2025-01-08,3,25.1,13.2,0.0,0.0,0.0,0.033,2,Partly cloudy,13.6,30.0,54,,Cloudy,False
2025-01-08,4,24.4,12.5,0.0,0.0,0.0,0.033,2,Partly cloudy,13.4,31.5,54,,Cloudy,False
2025-01-08,5,24.2,12.7,0.0,0.0,0.0,0.033,3,Overcast,12.5,30.0,53,,Cloudy,False
2025-01-08,6,24.3,13.5,0.0,0.0,0.0,0.033,3,Overcast,11.1,27.5,56,,Cloudy,False
2025-01-08,7,24.2,13.6,0.0,0.0,0.0,0.033,3,Overcast,10.6,24.8,57,,Cloudy,False
2025-01-08,8,23.5,13.0,0.0,0.0,0.0,0.033,1,Mainly clear,10.5,23.7,57,,Clear,False
2025-01-08,9,24.4,13.2,0.0,0.0,0.0,0.033,0,Clear sky,11.7,26.8,49,,Clear,False
2025-01-08,10,25.3,13.8,0.0,0.0,0.0,0.033,0,Clear sky,12.1,29.8,42,,Clear,False
2025-01-08,11,26.3,14.0,0.0,0.0,0.0,0.033,2,Partly cloudy,14.0,33.3,42,,Cloudy,False
2025-01-08,12,26.9,13.5,0.0,0.0,0.0,0.033,3,Overcast,16.6,38.7,43,,Cloudy,False
2025-01-08,13,27.2,14.5,0.0,0.0,0.0,0.033,1,Mainly clear,15.1,38.0,41,,Clear,False
2025-01-08,14,27.7,14.3,0.0,0.0,0.0,0.033,2,Partly cloudy,16.5,37.4,39,,Cloudy,False
2025-01-08,15,27.3,14.3,0.0,0.0,0.0,0.033,1,Mainly clear,15.5,38.5,37,,Clear,False
2025-01-08,16,26.2,13.3,0.0,0.0,0.0,0.033,1,Mainly clear,15.2,37.4,39,,Clear,False
2025-01-08,17,24.1,11.6,0.0,0.0,0.0,0.033,1,Mainly clear,14.3,34.7,43,,Clear,False
2025-01-08,18,21.9,10.0,0.0,0.0,0.0,0.033,0,Clear sky,12.9,34.0,46,,Clear,False
2025-01-08,19,20.8,9.1,0.0,0.0,0.0,0.033,1,Mainly clear,12.4,29.8,48,,Clear,False
2025-01-08,20,20.1,8.4,0.0,0.0,0.0,0.0,1,Mainly clear,12.3,28.6,49,,Clear,False
2025-01-08,21,22.1,10.1,0.0,0.0,0.0,0.0,2,Partly cloudy,13.1,29.8,46,,Cloudy,False
2025-01-08,22,21.7,10.6,0.0,0.0,0.0,0.0,2,Partly cloudy,11.1,30.4,49,,Cloudy,False
2025-01-08,23,21.1,10.1,0.0,0.0,0.0,0.0,1,Mainly clear,11.0,25.1,53,,Clear,False
2025-01-09,0,20.6,9.4,0.0,0.0,0.0,0.0,2,Partly cloudy,11.4,25.9,54,,Cloudy,False
2025-01-09,1,20.2,9.3,0.0,0.0,0.0,0.0,2,Partly cloudy,10.9,26.8,55,,Cloudy,False
2025-01-09,2,20.8,9.1,0.0,0.0,0.0,0.0,3,Overcast,12.6,28.0,53,,Cloudy,False
2025-01-09,3,21.2,8.7,0.0,0.0,0.0,0.0,3,Overcast,14.6,32.4,53,,Cloudy,False
2025-01-09,4,21.6,9.6,0.0,0.0,0.0,0.0,2,Partly cloudy,13.4,32.2,55,,Cloudy,False
2025-01-09,5,21.7,9.6,0.0,0.0,0.0,0.0,3,Overcast,13.6,30.6,54,,Cloudy,False
2025-01-09,6,21.7,9.5,0.0,0.0,0.0,0.0,3,Overcast,13.7,34.0,53,,Cloudy,False
2025-01-09,7,21.6,9.4,0.0,0.0,0.0,0.0,1,Mainly clear,13.7,33.8,52,,Clear,False
2025-01-09,8,21.6,9.5,0.0,0.0,0.0,0.0,1,Mainly clear,13.4,32.0,53,,Clear,False
2025-01-09,9,23.6,11.1,0.0,0.0,0.0,0.0,1,Mainly clear,14.8,33.6,52,,Clear,False
2025-01-09,10,24.5,12.4,0.0,0.0,0.0,0.0,1,Mainly clear,13.8,34.2,48,,Clear,False
2025-01-09,11,25.3,12.7,0.0,0.0,0.0,0.0,3,Overcast,15.0,34.9,44,,Cloudy,False
2025-01-09,12,26.5,14.0,0.0,0.0,0.0,0.0,1,Mainly clear,14.6,34.7,42,,Clear,False
2025-01-09,13,28.2,15.3,0.0,0.0,0.0,0.0,0,Clear sky,15.6,37.6,40,,Clear,False
2025-01-09,14,28.8,15.3,0.0,0.0,0.0,0.0,1,Mainly clear,17.0,39.8,42,,Clear,False
2025-01-09,15,28.9,15.6,0.0,0.0,0.0,0.0,1,Mainly clear,17.0,40.5,44,,Clear,False
2025-01-09,16,27.8,13.5,0.0,0.0,0.0,0.0,2,Partly cloudy,19.3,42.3,48,,Cloudy,False
2025-01-09,17,26.8,14.1,0.0,0.0,0.0,0.0,2,Partly cloudy,15.8,43.6,53,,Cloudy,False
2025-01-09,18,25.3,12.0,0.0,0.0,0.0,0.0,2,Partly cloudy,17.3,39.1,59,,Cloudy,False
2025-01-09,19,25.6,13.2,0.0,0.0,0.0,0.0,3,Overcast,15.3,39.8,59,,Cloudy,False
2025-01-09,20,25.3,12.4,0.0,0.0,0.0,0.0,3,Overcast,16.7,40.0,62,,Cloudy,False
2025-01-09,21,27.9,15.8,0.0,0.0,0.0,0.0,1,Mainly clear,14.9,34.4,59,,Clear,False
2025-01-09,22,28.2,16.3,0.0,0.0,0.0,0.0,1,Mainly clear,14.8,33.6,59,,Clear,False
2025-01-09,23,28.4,16.7,0.0,0.0,0.0,0.0,0,Clear sky,14.4,32.9,60,,Clear,False
2025-01-10,0,27.9,16.1,0.0,0.0,0.0,0.0,0,Clear sky,14.3,32.2,60,,Clear,False
2025-01-10,1,27.3,15.5,0.0,0.0,0.0,0.0,1,Mainly clear,14.3,32.2,60,,Clear,False
2025-01-10,2,26.8,14.9,0.0,0.0,0.0,0.0,1,Mainly clear,14.6,32.7,61,,Clear,False
2025-01-10,3,26.3,14.5,0.0,0.0,0.0,0.0,1,Mainly clear,14.3,32.9,62,,Clear,False
2025-01-10,4,26.2,14.7,0.0,0.0,0.0,0.0,1,Mainly clear,13.6,31.8,62,,Clear,False
2025-01-10,5,26.0,14.7,0.0,0.0,0.0,0.0,0,Clear sky,13.1,30.6,62,,Clear,False
2025-01-10,6,25.8,14.9,0.0,0.0,0.0,0.0,0,Clear sky,12.1,28.6,62,,Clear,False
2025-01-10,7,25.8,15.2,0.0,0.0,0.0,0.0,1,Mainly clear,11.3,26.6,61,,Clear,False
2025-01-10,8,25.4,15.0,0.0,0.0,0.0,0.0,0,Clear sky,10.7,24.8,62,,Clear,False
2025-01-10,9,27.5,17.3,0.0,0.0,0.0,0.0,3,Overcast,10.7,23.5,60,,Cloudy,False
2025-01-10,10,29.5,19.5,0.0,0.0,0.0,0.0,3,Overcast,9.9,25.5,54,,Cloudy,False
2025-01-10,11,31.3,21.8,0.0,0.0,0.0,0.0,2,Partly cloudy,8.7,23.5,49,,Cloudy,False
2025-01-10,12,34.2,24.9,0.0,0.0,0.0,0.0,0,Clear sky,7.9,21.5,43,,Clear,False
2025-01-10,13,36.5,27.2,0.0,0.0,0.0,0.0,0,Clear sky,8.1,20.4,38,,Clear,False
2025-01-10,14,37.7,28.5,0.0,0.0,0.0,0.0,2,Partly cloudy,8.1,21.3,39,,Cloudy,False
2025-01-10,15,37.9,29.1,0.0,0.0,0.0,0.0,3,Overcast,7.3,19.9,39,,Cloudy,False
2025-01-10,16,37.4,28.9,0.0,0.0,0.0,0.0,3,Overcast,6.6,17.7,40,,Cloudy,False
2025-01-10,17,35.5,27.8,0.0,0.0,0.0,0.0,3,Overcast,4.9,15.0,46,,Cloudy,False
2025-01-10,18,33.4,26.0,0.0,0.0,0.0,0.0,3,Overcast,4.2,10.5,51,,Cloudy,False
2025-01-10,19,32.1,24.6,0.0,0.0,0.0,0.0,3,Overcast,4.3,10.1,52,,Cloudy,False
2025-01-10,20,30.7,22.8,0.0,0.0,0.0,0.0,3,Overcast,5.3,10.7,53,,Cloudy,False
2025-01-10,21,32.4,25.0,0.0,0.0,0.0,0.0,3,Overcast,4.6,9.6,57,,Cloudy,False
2025-01-10,22,31.6,24.6,0.0,0.0,0.0,0.0,3,Overcast,3.7,9.8,60,,Cloudy,False
2025-01-10,23,31.5,25.2,0.0,0.0,0.0,0.0,3,Overcast,2.3,7.6,64,,Cloudy,False
2025-01-11,0,30.9,25.1,0.0,0.0,0.0,0.0,3,Overcast,1.7,4.5,71,,Cloudy,False
2025-01-11,1,30.7,24.8,0.0,0.0,0.0,0.0,3,Overcast,1.7,3.4,67,,Cloudy,False
2025-01-11,2,30.8,24.6,0.0,0.0,0.0,0.0,3,Overcast,2.5,5.4,67,,Cloudy,False
2025-01-11,3,29.9,24.7,0.024,0.0,0.165,0.0,73,Moderate snowfall,0.7,10.1,77,,Snow,True
2025-01-11,4,29.4,22.6,0.004,0.0,0.028,0.0,71,Slight snowfall,3.6,7.8,70,,Snow,True
2025-01-11,5,28.8,21.5,0.004,0.0,0.028,0.0,71,Slight snowfall,4.7,10.5,69,,Snow,True
2025-01-11,6,27.3,21.2,0.024,0.0,0.165,0.0,73,Moderate snowfall,2.5,10.3,81,,Snow,True
2025-01-11,7,27.1,21.4,0.016,0.0,0.11,0.0,73,Moderate snowfall,1.5,6.0,84,,Snow,True
2025-01-11,8,27.0,21.2,0.004,0.0,0.028,0.0,71,Slight snowfall,1.9,5.6,85,,Snow,True
2025-01-11,9,27.4,21.5,0.0,0.0,0.0,0.0,3,Overcast,2.2,5.6,83,,Cloudy,False
2025-01-11,10,28.1,22.0,0.0,0.0,0.0,0.0,3,Overcast,2.7,6.9,83,,Cloudy,False
2025-01-11,11,29.7,22.9,0.0,0.0,0.0,0.0,3,Overcast,4.5,10.5,79,,Cloudy,False
2025-01-11,12,31.1,23.9,0.0,0.0,0.0,0.0,3,Overcast,5.6,13.9,77,,Cloudy,False
2025-01-11,13,31.9,24.1,0.0,0.0,0.0,0.0,3,Overcast,6.9,16.8,73,,Cloudy,False
2025-01-11,14,32.2,23.9,0.0,0.0,0.0,0.0,3,Overcast,7.8,18.3,69,,Cloudy,False
2025-01-11,15,32.6,23.7,0.0,0.0,0.0,0.0,3,Overcast,9.5,21.9,68,,Cloudy,False
2025-01-11,16,32.6,24.2,0.0,0.0,0.0,0.0,3,Overcast,8.1,24.6,69,,Cloudy,False
2025-01-11,17,32.5,24.2,0.0,0.0,0.0,0.0,3,Overcast,8.0,18.8,70,,Cloudy,False
2025-01-11,18,31.4,21.9,0.0,0.0,0.0,0.0,3,Overcast,10.1,22.1,67,,Cloudy,False
2025-01-11,19,29.9,20.5,0.0,0.0,0.0,0.0,1,Mainly clear,9.8,22.4,67,,Clear,False
2025-01-11,20,28.8,19.0,0.0,0.0,0.0,0.0,0,Clear sky,10.2,22.1,65,,Clear,False
2025-01-11,21,29.4,19.3,0.0,0.0,0.0,0.0,0,Clear sky,10.8,24.2,63,,Clear,False
2025-01-11,22,29.0,19.0,0.0,0.0,0.0,0.0,0,Clear sky,10.8,23.9,64,,Clear,False
2025-01-11,23,28.9,19.1,0.0,0.0,0.0,0.0,0,Clear sky,10.3,23.5,65,,Clear,False
2025-01-12,0,29.3,19.8,0.0,0.0,0.0,0.0,0,Clear sky,9.8,22.4,67,,Clear,False
2025-01-12,1,29.2,19.9,0.0,0.0,0.0,0.0,2,Partly cloudy,9.5,21.3,70,,Cloudy,False
2025-01-12,2,29.9,20.9,0.0,0.0,0.0,0.0,3,Overcast,9.0,20.8,69,,Cloudy,False
2025-01-12,3,30.6,21.9,0.0,0.0,0.0,0.0,3,Overcast,8.3,19.5,69,,Cloudy,False
2025-01-12,4,30.9,22.3,0.0,0.0,0.0,0.0,1,Mainly clear,8.2,17.9,68,,Clear,False
2025-01-12,5,30.4,22.2,0.0,0.0,0.0,0.0,0,Clear sky,7.2,17.7,70,,Clear,False
2025-01-12,6,29.8,21.7,0.0,0.0,0.0,0.0,0,Clear sky,7.0,15.2,70,,Clear,False
2025-01-12,7,29.5,21.5,0.0,0.0,0.0,0.0,0,Clear sky,6.6,14.8,70,,Clear,False
2025-01-12,8,29.1,21.7,0.0,0.0,0.0,0.0,0,Clear sky,5.1,13.6,71,,Clear,False
2025-01-12,9,30.4,23.0,0.0,0.0,0.0,0.0,0,Clear sky,5.0,9.8,67,,Clear,False
2025-01-12,10,33.6,25.5,0.0,0.0,0.0,0.0,0,Clear sky,6.7,14.5,57,,Clear,False
2025-01-12,11,36.1,28.7,0.0,0.0,0.0,0.0,0,Clear sky,4.8,15.9,51,,Clear,False
2025-01-12,12,37.9,30.2,0.0,0.0,0.0,0.0,0,Clear sky,5.8,15.4,49,,Clear,False
2025-01-12,13,39.7,31.4,0.0,0.0,0.0,0.0,3,Overcast,7.3,18.3,48,,Cloudy,False
2025-01-12,14,40.3,32.4,0.0,0.0,0.0,0.0,3,Overcast,6.7,18.1,49,,Cloudy,False
2025-01-12,15,40.2,32.6,0.0,0.0,0.0,0.0,2,Partly cloudy,6.3,16.6,52,,Cloudy,False
2025-01-12,16,39.5,32.6,0.0,0.0,0.0,0.0,0,Clear sky,4.9,15.0,55,,Clear,False
2025-01-12,17,37.2,31.8,0.0,0.0,0.0,0.0,0,Clear sky,2.3,10.5,67,,Clear,False
2025-01-12,18,33.7,27.7,0.0,0.0,0.0,0.0,0,Clear sky,2.4,3.6,65,,Clear,False
2025-01-12,19,32.3,26.0,0.0,0.0,0.0,0.0,0,Clear sky,3.2,5.1,69,,Clear,False
2025-01-12,20,31.4,25.3,0.0,0.0,0.0,0.0,0,Clear sky,2.7,5.4,72,,Clear,False
2025-01-12,21,30.8,24.8,0.0,0.0,0.0,0.0,2,Partly cloudy,2.5,4.5,74,,Cloudy,False
2025-01-12,22,29.8,24.0,0.0,0.0,0.0,0.0,0,Clear sky,2.2,4.5,77,,Clear,False
2025-01-12,23,29.6,23.7,0.0,0.0,0.0,0.0,3,Overcast,2.2,4.7,79,,Cloudy,False
2025-01-13,0,31.6,25.5,0.0,0.0,0.0,0.0,3,Overcast,2.9,6.0,76,,Cloudy,False
2025-01-13,1,31.8,25.7,0.0,0.0,0.0,0.0,3,Overcast,3.2,6.7,76,,Cloudy,False
2025-01-13,2,32.0,25.7,0.0,0.0,0.0,0.0,2,Partly cloudy,3.7,7.4,75,,Cloudy,False
2025-01-13,3,30.7,24.4,0.0,0.0,0.0,0.0,2,Partly cloudy,3.2,7.4,76,,Cloudy,False
2025-01-13,4,30.3,23.8,0.0,0.0,0.0,0.0,3,Overcast,3.6,7.4,75,,Cloudy,False
2025-01-13,5,29.8,23.2,0.0,0.0,0.0,0.0,1,Mainly clear,3.8,8.1,75,,Clear,False
2025-01-13,6,29.2,22.3,0.0,0.0,0.0,0.0,0,Clear sky,4.4,8.5,75,,Clear,False
2025-01-13,7,28.9,21.9,0.0,0.0,0.0,0.0,0,Clear sky,4.6,9.6,75,,Clear,False
2025-01-13,8,28.6,21.5,0.0,0.0,0.0,0.0,0,Clear sky,4.5,9.4,75,,Clear,False
2025-01-13,9,29.9,22.6,0.0,0.0,0.0,0.0,0,Clear sky,5.3,10.5,73,,Clear,False
2025-01-13,10,32.4,25.3,0.0,0.0,0.0,0.0,2,Partly cloudy,4.9,11.6,69,,Cloudy,False
2025-01-13,11,34.5,27.6,0.0,0.0,0.0,0.0,3,Overcast,4.9,13.2,65,,Cloudy,False
2025-01-13,12,35.4,28.8,0.0,0.0,0.0,0.0,2,Partly cloudy,4.3,13.0,64,,Cloudy,False
2025-01-13,13,38.6,31.6,0.0,0.0,0.0,0.0,0,Clear sky,5.3,13.9,60,,Clear,False
2025-01-13,14,41.0,33.8,0.0,0.0,0.0,0.0,0,Clear sky,6.2,16.6,57,,Clear,False
2025-01-13,15,43.4,35.2,0.0,0.0,0.0,0.0,1,Mainly clear,8.5,19.5,50,,Clear,False
2025-01-13,16,42.9,33.4,0.0,0.0,0.0,0.0,1,Mainly clear,11.1,25.5,48,,Clear,False
2025-01-13,17,40.8,31.5,0.0,0.0,0.0,0.0,2,Partly cloudy,10.4,25.1,50,,Cloudy,False
2025-01-13,18,38.2,29.0,0.0,0.0,0.0,0.0,0,Clear sky,9.5,23.5,51,,Clear,False
2025-01-13,19,36.0,27.7,0.0,0.0,0.0,0.0,0,Clear sky,7.0,21.0,52,,Clear,False
2025-01-13,20,34.3,25.6,0.0,0.0,0.0,0.0,0,Clear sky,7.5,15.7,52,,Clear,False
2025-01-13,21,33.6,26.1,0.0,0.0,0.0,0.0,0,Clear sky,5.8,11.6,62,,Clear,False
2025-01-13,22,33.0,25.1,0.0,0.0,0.0,0.0,0,Clear sky,6.2,12.3,61,,Clear,False
2025-01-13,23,32.9,24.4,0.0,0.0,0.0,0.0,0,Clear sky,7.5,15.2,59,,Clear,False
2025-01-14,0,32.5,23.9,0.0,0.0,0.0,0.0,0,Clear sky,7.5,16.6,58,,Clear,False
2025-01-14,1,31.2,23.2,0.0,0.0,0.0,0.0,0,Clear sky,6.0,15.4,60,,Clear,False
2025-01-14,2,30.0,22.1,0.0,0.0,0.0,0.0,0,Clear sky,6.0,12.5,63,,Clear,False
2025-01-14,3,29.0,20.9,0.0,0.0,0.0,0.0,0,Clear sky,6.2,13.2,63,,Clear,False
2025-01-14,4,28.1,19.5,0.0,0.0,0.0,0.0,0,Clear sky,7.1,15.2,62,,Clear,False
2025-01-14,5,27.2,18.4,0.0,0.0,0.0,0.0,0,Clear sky,7.4,16.6,61,,Clear,False
2025-01-14,6,26.5,17.5,0.0,0.0,0.0,0.0,0,Clear sky,7.6,16.8,59,,Clear,False
2025-01-14,7,26.0,16.1,0.0,0.0,0.0,0.0,0,Clear sky,9.0,20.1,54,,Clear,False
2025-01-14,8,25.4,15.1,0.0,0.0,0.0,0.0,0,Clear sky,9.6,21.5,48,,Clear,False
2025-01-14,9,26.9,16.5,0.0,0.0,0.0,0.0,1,Mainly clear,10.1,23.0,50,,Clear,False
2025-01-14,10,28.0,17.5,0.0,0.0,0.0,0.0,0,Clear sky,10.2,23.5,47,,Clear,False
2025-01-14,11,28.9,17.0,0.0,0.0,0.0,0.0,0,Clear sky,13.1,30.4,39,,Clear,False
2025-01-14,12,29.1,17.1,0.0,0.0,0.0,0.0,0,Clear sky,13.5,32.2,39,,Clear,False
2025-01-14,13,31.3,19.1,0.0,0.0,0.0,0.0,3,Overcast,13.8,31.8,35,,Cloudy,False
2025-01-14,14,31.6,20.4,0.0,0.0,0.0,0.0,3,Overcast,11.9,32.7,39,,Cloudy,False
2025-01-14,15,31.9,21.2,0.0,0.0,0.0,0.0,2,Partly cloudy,10.8,28.2,40,,Cloudy,False
2025-01-14,16,32.5,21.7,0.0,0.0,0.0,0.0,0,Clear sky,10.7,25.7,37,,Clear,False
2025-01-14,17,31.2,21.3,0.0,0.0,0.0,0.0,0,Clear sky,8.7,25.3,40,,Clear,False
2025-01-14,18,29.0,20.0,0.0,0.0,0.0,0.0,1,Mainly clear,7.0,19.9,46,,Clear,False
2025-01-14,19,28.0,18.6,0.0,0.0,0.0,0.0,2,Partly cloudy,7.7,16.8,48,,Cloudy,False
2025-01-14,20,27.4,17.9,0.0,0.0,0.0,0.0,3,Overcast,8.0,17.7,47,,Cloudy,False
2025-01-14,21,28.1,18.3,0.0,0.0,0.0,0.0,3,Overcast,9.0,20.4,48,,Cloudy,False
2025-01-14,22,27.3,17.7,0.0,0.0,0.0,0.0,3,Overcast,8.5,20.4,51,,Cloudy,False
2025-01-14,23,27.3,17.7,0.0,0.0,0.0,0.0,2,Partly cloudy,8.7,19.9,53,,Cloudy,False
2025-01-15,0,25.8,15.1,0.0,0.0,0.0,0.0,1,Mainly clear,10.5,27.1,46,,Clear,False
2025-01-15,1,24.2,14.1,0.0,0.0,0.0,0.0,0,Clear sky,9.1,24.4,49,,Clear,False
2025-01-15,2,23.1,13.5,0.0,0.0,0.0,0.0,0,Clear sky,7.9,23.9,52,,Clear,False
2025-01-15,3,22.6,11.6,0.0,0.0,0.0,0.0,0,Clear sky,10.9,25.3,49,,Clear,False
2025-01-15,4,22.2,11.5,0.0,0.0,0.0,0.0,0,Clear sky,10.1,25.1,48,,Clear,False
2025-01-15,5,22.0,11.9,0.0,0.0,0.0,0.033,0,Clear sky,8.8,23.3,50,,Clear,False
2025-01-15,6,22.3,11.7,0.0,0.0,0.0,0.033,1,Mainly clear,10.0,22.6,52,,Clear,False
2025-01-15,7,23.1,12.9,0.0,0.0,0.0,0.033,2,Partly cloudy,9.2,22.6,52,,Cloudy,False
2025-01-15,8,23.8,13.4,0.0,0.0,0.0,0.033,2,Partly cloudy,9.9,22.4,53,,Cloudy,False
2025-01-15,9,24.5,13.8,0.0,0.0,0.0,0.033,0,Clear sky,10.8,26.2,53,,Clear,False
2025-01-15,10,26.2,15.6,0.0,0.0,0.0,0.033,1,Mainly clear,10.6,24.2,50,,Clear,False
2025-01-15,11,28.0,15.2,0.0,0.0,0.0,0.066,2,Partly cloudy,15.7,36.7,44,,Cloudy,False
2025-01-15,12,29.0,17.2,0.0,0.0,0.0,0.066,2,Partly cloudy,13.3,36.2,43,,Cloudy,False
2025-01-15,13,29.7,17.7,0.0,0.0,0.0,0.066,3,Overcast,13.6,32.9,42,,Cloudy,False
2025-01-15,14,29.6,17.8,0.0,0.0,0.0,0.066,1,Mainly clear,13.1,33.1,41,,Clear,False
2025-01-15,15,29.8,17.9,0.0,0.0,0.0,0.066,2,Partly cloudy,13.2,32.9,41,,Cloudy,False
2025-01-15,16,29.4,18.1,0.0,0.0,0.0,0.066,2,Partly cloudy,12.0,31.1,41,,Cloudy,False
2025-01-15,17,28.6,17.7,0.0,0.0,0.0,0.066,1,Mainly clear,11.1,28.0,42,,Clear,False
2025-01-15,18,27.0,17.0,0.0,0.0,0.0,0.033,0,Clear sky,8.9,25.3,46,,Clear,False
2025-01-15,19,26.2,16.8,0.0,0.0,0.0,0.033,1,Mainly clear,7.6,19.7,49,,Clear,False
2025-01-15,20,26.3,17.5,0.0,0.0,0.0,0.033,3,Overcast,6.5,17.0,51,,Cloudy,False
2025-01-15,21,26.7,17.7,0.0,0.0,0.0,0.033,0,Clear sky,7.1,17.7,54,,Clear,False
2025-01-15,22,26.4,18.0,0.0,0.0,0.0,0.033,0,Clear sky,5.9,15.7,56,,Clear,False
2025-01-15,23,26.0,18.3,0.0,0.0,0.0,0.033,0,Clear sky,4.3,13.0,60,,Clear,False
2025-01-16,0,25.5,18.3,0.0,0.0,0.0,0.033,2,Partly cloudy,3.3,9.2,63,,Cloudy,False
2025-01-16,1,25.6,18.4,0.0,0.0,0.0,0.033,3,Overcast,3.3,7.2,64,,Cloudy,False
2025-01-16,2,26.3,19.0,0.0,0.0,0.0,0.033,3,Overcast,3.7,8.9,63,,Cloudy,False
2025-01-16,3,26.2,18.6,0.0,0.0,0.0,0.033,1,Mainly clear,4.2,8.5,63,,Clear,False
2025-01-16,4,25.6,17.2,0.0,0.0,0.0,0.033,0,Clear sky,6.3,13.2,63,,Clear,False
2025-01-16,5,24.6,16.1,0.0,0.0,0.0,0.033,2,Partly cloudy,6.2,14.5,60,,Cloudy,False
2025-01-16,6,23.7,15.6,0.0,0.0,0.0,0.033,3,Overcast,4.9,13.2,60,,Cloudy,False
2025-01-16,7,23.1,15.0,0.0,0.0,0.0,0.033,3,Overcast,4.7,10.3,60,,Cloudy,False
2025-01-16,8,22.2,14.2,0.0,0.0,0.0,0.033,1,Mainly clear,4.4,10.1,60,,Clear,False
2025-01-16,9,22.2,13.9,0.0,0.0,0.0,0.033,2,Partly cloudy,5.0,10.7,56,,Cloudy,False
2025-01-16,10,23.5,15.1,0.0,0.0,0.0,0.033,1,Mainly clear,4.9,13.4,50,,Clear,False
2025-01-16,11,25.6,17.2,0.0,0.0,0.0,0.033,1,Mainly clear,4.9,14.5,45,,Clear,False
2025-01-16,12,27.7,19.2,0.0,0.0,0.0,0.033,3,Overcast,5.1,15.4,41,,Cloudy,False
2025-01-16,13,29.4,20.3,0.0,0.0,0.0,0.033,3,Overcast,6.6,18.3,39,,Cloudy,False
2025-01-16,14,30.7,21.7,0.0,0.0,0.0,0.033,3,Overcast,6.6,18.6,37,,Cloudy,False
2025-01-16,15,30.0,21.1,0.0,0.0,0.0,0.033,3,Overcast,6.7,18.1,43,,Cloudy,False
2025-01-16,16,29.7,21.0,0.0,0.0,0.0,0.033,3,Overcast,6.4,17.0,47,,Cloudy,False
2025-01-16,17,28.6,20.2,0.004,0.0,0.028,0.033,71,Slight snowfall,6.0,15.9,54,,Snow,True
2025-01-16,18,27.9,20.1,0.004,0.0,0.028,0.033,71,Slight snowfall,4.7,14.3,58,,Snow,True
2025-01-16,19,27.6,20.4,0.0,0.0,0.0,0.033,3,Overcast,3.3,10.5,58,,Cloudy,False
2025-01-16,20,27.7,20.4,0.0,0.0,0.0,0.033,3,Overcast,3.4,7.2,57,,Cloudy,False
2025-01-16,21,27.6,20.0,0.004,0.0,0.028,0.033,71,Slight snowfall,5.2,12.1,70,,Snow,True
2025-01-16,22,27.1,19.9,0.004,0.0,0.028,0.033,71,Slight snowfall,4.6,12.1,75,,Snow,True
2025-01-16,23,27.1,19.7,0.0,0.0,0.0,0.033,3,Overcast,5.0,10.7,75,,Cloudy,False
2025-01-17,0,26.7,19.2,0.0,0.0,0.0,0.033,2,Partly cloudy,5.3,12.3,77,,Cloudy,False
2025-01-17,1,26.0,18.6,0.0,0.0,0.0,0.033,1,Mainly clear,4.8,11.4,79,,Clear,False
2025-01-17,2,25.7,18.3,0.0,0.0,0.0,0.033,0,Clear sky,4.9,10.5,79,,Clear,False
2025-01-17,3,25.0,17.7,0.0,0.0,0.0,0.033,0,Clear sky,4.5,10.3,80,,Clear,False
2025-01-17,4,24.6,17.3,0.0,0.0,0.0,0.033,0,Clear sky,4.5,9.4,79,,Clear,False
2025-01-17,5,24.2,17.0,0.0,0.0,0.0,0.033,0,Clear sky,4.0,9.2,78,,Clear,False
2025-01-17,6,24.1,16.4,0.0,0.0,0.0,0.033,0,Clear sky,5.1,9.8,77,,Clear,False
2025-01-17,7,24.5,16.1,0.0,0.0,0.0,0.033,0,Clear sky,6.7,13.9,75,,Clear,False
2025-01-17,8,24.6,16.5,0.0,0.0,0.0,0.033,0,Clear sky,6.1,14.1,73,,Clear,False
2025-01-17,9,24.9,17.1,0.0,0.0,0.0,0.033,0,Clear sky,5.0,11.6,70,,Clear,False
2025-01-17,10,28.2,20.6,0.0,0.0,0.0,0.033,0,Clear sky,4.7,11.4,61,,Clear,False
2025-01-17,11,31.8,24.6,0.0,0.0,0.0,0.033,0,Clear sky,3.9,11.6,54,,Clear,False
2025-01-17,12,35.1,27.7,0.0,0.0,0.0,0.033,0,Clear sky,4.3,13.4,50,,Clear,False
2025-01-17,13,37.7,30.3,0.0,0.0,0.0,0.033,0,Clear sky,4.6,14.1,46,,Clear,False
2025-01-17,14,40.1,32.2,0.0,0.0,0.0,0.033,3,Overcast,6.1,15.4,45,,Cloudy,False
2025-01-17,15,40.6,32.7,0.0,0.0,0.0,0.033,3,Overcast,6.5,15.9,45,,Cloudy,False
2025-01-17,16,40.6,34.3,0.0,0.0,0.0,0.033,3,Overcast,3.1,16.1,48,,Cloudy,False
2025-01-17,17,39.0,32.9,0.0,0.0,0.0,0.033,3,Overcast,3.1,6.9,57,,Cloudy,False
2025-01-17,18,36.4,29.7,0.0,0.0,0.0,0.033,1,Mainly clear,4.4,8.7,62,,Clear,False
2025-01-17,19,34.6,27.5,0.0,0.0,0.0,0.033,0,Clear sky,5.0,9.8,62,,Clear,False
2025-01-17,20,33.7,26.4,0.0,0.0,0.0,0.033,1,Mainly clear,5.3,10.3,63,,Clear,False
2025-01-17,21,33.5,26.8,0.0,0.0,0.0,0.033,0,Clear sky,4.1,12.3,65,,Clear,False
2025-01-17,22,33.0,25.8,0.0,0.0,0.0,0.033,0,Clear sky,5.2,10.3,67,,Clear,False
2025-01-17,23,31.8,24.6,0.0,0.0,0.0,0.033,0,Clear sky,5.2,10.7,70,,Clear,False
2025-01-18,0,31.6,23.7,0.0,0.0,0.0,0.033,0,Clear sky,6.7,13.4,68,,Clear,False
2025-01-18,1,31.2,23.3,0.0,0.0,0.0,0.033,3,Overcast,6.5,13.9,69,,Cloudy,False
2025-01-18,2,30.7,23.0,0.0,0.0,0.0,0.033,3,Overcast,6.0,13.4,71,,Cloudy,False
2025-01-18,3,30.6,22.8,0.0,0.0,0.0,0.033,3,Overcast,6.5,13.4,72,,Cloudy,False
2025-01-18,4,30.6,22.9,0.0,0.0,0.0,0.033,1,Mainly clear,6.3,13.4,72,,Clear,False
2025-01-18,5,31.0,23.0,0.0,0.0,0.0,0.033,3,Overcast,6.9,14.1,70,,Cloudy,False
2025-01-18,6,31.6,23.7,0.0,0.0,0.0,0.033,3,Overcast,7.0,14.5,70,,Cloudy,False
2025-01-18,7,32.5,24.7,0.0,0.0,0.0,0.033,3,Overcast,6.7,14.8,71,,Cloudy,False
2025-01-18,8,33.4,25.6,0.0,0.0,0.0,0.033,3,Overcast,7.1,15.0,73,,Cloudy,False
2025-01-18,9,35.8,28.1,0.0,0.0,0.0,0.033,3,Overcast,7.8,17.4,73,,Cloudy,False
2025-01-18,10,38.1,30.7,0.0,0.0,0.0,0.033,3,Overcast,8.0,17.2,73,,Cloudy,False
2025-01-18,11,41.3,34.9,0.0,0.0,0.0,0.033,3,Overcast,6.4,17.9,73,,Cloudy,False
2025-01-18,12,42.8,35.4,0.0,0.0,0.0,0.033,3,Overcast,9.0,19.0,70,,Cloudy,False
2025-01-18,13,43.6,36.7,0.0,0.0,0.0,0.033,3,Overcast,8.9,20.4,75,,Cloudy,False
2025-01-18,14,43.2,37.2,0.004,0.004,0.0,0.033,51,Light drizzle,7.4,19.5,81,,Drizzle,False
2025-01-18,15,42.4,37.5,0.024,0.024,0.0,0.033,53,Moderate drizzle,5.5,15.2,86,,Drizzle,False
2025-01-18,16,41.0,37.2,0.024,0.024,0.0,0.033,53,Moderate drizzle,3.0,9.6,93,,Drizzle,False
2025-01-18,17,41.0,37.5,0.008,0.008,0.0,0.033,51,Light drizzle,2.3,6.5,95,,Drizzle,False
2025-01-18,18,40.3,37.0,0.028,0.028,0.0,0.033,53,Moderate drizzle,1.4,3.4,94,,Drizzle,False
2025-01-18,19,39.4,35.7,0.0,0.0,0.0,0.033,3,Overcast,2.3,3.1,96,,Cloudy,False
2025-01-18,20,39.1,34.7,0.0,0.0,0.0,0.033,2,Partly cloudy,4.0,7.2,97,,Cloudy,False
2025-01-18,21,40.1,36.0,0.0,0.0,0.0,0.033,1,Mainly clear,3.9,6.9,98,,Clear,False
2025-01-18,22,38.8,34.5,0.0,0.0,0.0,0.033,3,Overcast,3.4,7.2,97,,Cloudy,False
2025-01-18,23,37.3,32.3,0.0,0.0,0.0,0.033,1,Mainly clear,4.5,7.8,97,,Clear,False
2025-01-19,0,35.9,30.0,0.0,0.0,0.0,0.033,1,Mainly clear,6.0,11.4,96,,Clear,False
2025-01-19,1,34.7,28.9,0.0,0.0,0.0,0.033,0,Clear sky,5.3,11.4,96,,Clear,False
2025-01-19,2,33.8,27.8,0.0,0.0,0.0,0.033,0,Clear sky,5.3,10.3,95,,Clear,False
2025-01-19,3,33.2,27.2,0.0,0.0,0.0,0.033,0,Clear sky,4.9,9.8,94,,Clear,False
2025-01-19,4,33.4,26.7,0.0,0.0,0.0,0.033,0,Clear sky,6.6,12.3,93,,Clear,False
2025-01-19,5,33.4,26.9,0.0,0.0,0.0,0.033,0,Clear sky,6.0,13.0,93,,Clear,False
2025-01-19,6,32.8,26.3,0.0,0.0,0.0,0.033,0,Clear sky,6.0,11.6,93,,Clear,False
2025-01-19,7,32.3,25.7,0.0,0.0,0.0,0.033,1,Mainly clear,5.9,11.4,93,,Clear,False
2025-01-19,8,31.6,24.7,0.0,0.0,0.0,0.033,2,Partly cloudy,6.3,11.9,92,,Cloudy,False
2025-01-19,9,35.1,28.9,0.0,0.0,0.0,0.033,3,Overcast,5.8,11.9,90,,Cloudy,False
2025-01-19,10,36.0,30.6,0.0,0.0,0.0,0.033,3,Overcast,4.0,11.0,89,,Cloudy,False
2025-01-19,11,36.6,30.4,0.0,0.0,0.0,0.033,3,Overcast,6.0,13.6,86,,Cloudy,False
2025-01-19,12,36.2,30.3,0.004,0.004,0.0,0.033,51,Light drizzle,5.2,14.5,86,,Drizzle,False
2025-01-19,13,35.7,29.2,0.008,0.008,0.0,0.033,51,Light drizzle,6.2,14.1,85,,Drizzle,False
2025-01-19,14,35.4,29.0,0.004,0.004,0.0,0.033,51,Light drizzle,5.3,14.3,79,,Drizzle,False
2025-01-19,15,34.6,28.5,0.012,0.0,0.083,0.033,73,Moderate snowfall,4.6,12.3,81,,Snow,True
2025-01-19,16,33.8,27.3,0.035,0.0,0.248,0.033,73,Moderate snowfall,5.5,11.2,85,,Snow,True
2025-01-19,17,32.7,25.0,0.024,0.0,0.165,0.033,73,Moderate snowfall,8.6,18.6,89,,Snow,True
2025-01-19,18,31.9,24.0,0.016,0.004,0.083,0.066,73,Moderate snowfall,8.6,18.8,88,,Snow,True
2025-01-19,19,30.3,21.3,0.043,0.0,0.303,0.066,73,Moderate snowfall,10.7,23.3,88,,Snow,True
2025-01-19,20,29.0,19.5,0.079,0.0,0.551,0.098,75,Heavy snowfall,11.6,25.1,89,,Snow,True
2025-01-19,21,29.6,20.7,0.063,0.0,0.441,0.131,75,Heavy snowfall,10.2,21.7,90,,Snow,True
2025-01-19,22,28.8,19.1,0.035,0.0,0.248,0.131,73,Moderate snowfall,11.8,24.8,88,,Snow,True
2025-01-19,23,27.8,18.4,0.008,0.0,0.055,0.164,71,Slight snowfall,10.6,25.5,84,,Snow,True
2025-01-20,0,27.1,18.0,0.0,0.0,0.0,0.164,3,Overcast,9.5,22.6,83,,Cloudy,False
2025-01-20,1,25.3,16.1,0.004,0.0,0.028,0.164,71,Slight snowfall,9.2,20.4,82,,Snow,True
2025-01-20,2,22.9,13.5,0.004,0.0,0.028,0.164,71,Slight snowfall,9.1,20.8,78,,Snow,True
2025-01-20,3,21.3,11.5,0.0,0.0,0.0,0.164,3,Overcast,9.4,20.4,74,,Cloudy,False
2025-01-20,4,19.5,8.9,0.0,0.0,0.0,0.164,0,Clear sky,10.6,23.3,70,,Clear,False
2025-01-20,5,17.2,6.7,0.0,0.0,0.0,0.164,0,Clear sky,10.0,23.3,67,,Clear,False
2025-01-20,6,15.9,5.8,0.0,0.0,0.0,0.164,0,Clear sky,8.9,21.3,65,,Clear,False
2025-01-20,7,14.9,5.1,0.0,0.0,0.0,0.164,0,Clear sky,7.9,18.8,65,,Clear,False
2025-01-20,8,14.1,4.4,0.0,0.0,0.0,0.164,0,Clear sky,7.6,16.6,65,,Clear,False
2025-01-20,9,14.9,5.0,0.0,0.0,0.0,0.164,0,Clear sky,8.2,17.7,68,,Clear,False
2025-01-20,10,15.8,6.3,0.0,0.0,0.0,0.164,0,Clear sky,7.5,16.8,67,,Clear,False
2025-01-20,11,17.7,9.4,0.0,0.0,0.0,0.164,0,Clear sky,4.8,15.2,66,,Clear,False
2025-01-20,12,20.5,12.5,0.0,0.0,0.0,0.164,0,Clear sky,4.2,11.4,61,,Clear,False
2025-01-20,13,22.6,12.3,0.0,0.0,0.0,0.164,2,Partly cloudy,9.8,22.1,56,,Cloudy,False
2025-01-20,14,23.5,13.7,0.0,0.0,0.0,0.164,2,Partly cloudy,8.6,24.8,55,,Cloudy,False
2025-01-20,15,23.7,14.4,0.0,0.0,0.0,0.164,3,Overcast,7.4,21.3,53,,Cloudy,False
2025-01-20,16,23.1,14.0,0.0,0.0,0.0,0.164,1,Mainly clear,6.7,18.1,52,,Clear,False
2025-01-20,17,21.7,13.2,0.0,0.0,0.0,0.164,2,Partly cloudy,5.4,14.8,56,,Cloudy,False
2025-01-20,18,19.9,11.8,0.0,0.0,0.0,0.164,3,Overcast,4.5,11.4,63,,Cloudy,False
2025-01-20,19,18.7,11.1,0.0,0.0,0.0,0.164,3,Overcast,3.5,9.2,68,,Cloudy,False
2025-01-20,20,18.1,10.5,0.0,0.0,0.0,0.164,3,Overcast,3.6,7.4,73,,Cloudy,False
2025-01-20,21,17.5,8.5,0.0,0.0,0.0,0.164,1,Mainly clear,6.5,13.0,65,,Clear,False
2025-01-20,22,15.8,6.7,0.0,0.0,0.0,0.164,0,Clear sky,6.4,13.4,63,,Clear,False
2025-01-20,23,14.1,5.2,0.0,0.0,0.0,0.164,0,Clear sky,5.7,13.0,65,,Clear,False
2025-01-21,0,12.7,3.9,0.0,0.0,0.0,0.164,0,Clear sky,5.3,11.4,66,,Clear,False
2025-01-21,1,11.2,2.4,0.0,0.0,0.0,0.164,0,Clear sky,5.4,10.5,67,,Clear,False
2025-01-21,2,10.4,1.2,0.0,0.0,0.0,0.164,0,Clear sky,6.0,11.9,67,,Clear,False
2025-01-21,3,9.7,0.6,0.0,0.0,0.0,0.164,0,Clear sky,5.6,12.1,67,,Clear,False
2025-01-21,4,8.4,-0.4,0.0,0.0,0.0,0.164,1,Mainly clear,4.9,11.2,68,,Clear,False
2025-01-21,5,7.3,-1.3,0.0,0.0,0.0,0.164,1,Mainly clear,4.3,9.8,68,,Clear,False
2025-01-21,6,4.6,-3.7,0.0,0.0,0.0,0.164,1,Mainly clear,3.5,8.5,69,,Clear,False
2025-01-21,7,4.1,-4.3,0.0,0.0,0.0,0.164,1,Mainly clear,3.7,7.2,69,,Clear,False
2025-01-21,8,4.4,-4.2,0.0,0.0,0.0,0.164,2,Partly cloudy,4.2,8.5,70,,Cloudy,False
2025-01-21,9,5.9,-2.8,0.0,0.0,0.0,0.164,1,Mainly clear,4.6,10.3,67,,Clear,False
2025-01-21,10,8.0,-0.6,0.0,0.0,0.0,0.164,2,Partly cloudy,4.4,9.6,65,,Cloudy,False
2025-01-21,11,10.6,2.1,0.0,0.0,0.0,0.164,2,Partly cloudy,4.2,10.3,62,,Cloudy,False
2025-01-21,12,13.3,5.2,0.0,0.0,0.0,0.164,3,Overcast,3.5,10.5,59,,Cloudy,False
2025-01-21,13,15.3,7.3,0.0,0.0,0.0,0.164,3,Overcast,3.3,9.2,56,,Cloudy,False
2025-01-21,14,16.5,8.3,0.0,0.0,0.0,0.164,3,Overcast,3.8,10.1,53,,Cloudy,False
2025-01-21,15,17.2,8.7,0.0,0.0,0.0,0.164,3,Overcast,4.5,11.0,50,,Cloudy,False
2025-01-21,16,17.2,8.3,0.0,0.0,0.0,0.164,3,Overcast,5.1,12.8,49,,Cloudy,False
2025-01-21,17,16.7,7.7,0.0,0.0,0.0,0.164,3,Overcast,5.5,13.4,51,,Cloudy,False
2025-01-21,18,16.1,7.3,0.0,0.0,0.0,0.164,3,Overcast,5.2,12.5,57,,Cloudy,False
2025-01-21,19,15.5,6.7,0.004,0.0,0.028,0.164,71,Slight snowfall,5.6,12.3,61,,Snow,True
2025-01-21,20,15.0,6.1,0.004,0.0,0.028,0.164,71,Slight snowfall,5.8,12.8,65,,Snow,True
2025-01-21,21,15.7,7.0,0.0,0.0,0.0,0.164,3,Overcast,5.4,12.1,63,,Cloudy,False
2025-01-21,22,15.2,6.0,0.004,0.0,0.028,0.164,71,Slight snowfall,6.4,13.4,66,,Snow,True
2025-01-21,23,14.6,5.5,0.0,0.0,0.0,0.164,3,Overcast,6.4,13.6,65,,Cloudy,False
2025-01-22,0,13.9,4.5,0.0,0.0,0.0,0.164,3,Overcast,6.9,14.3,64,,Cloudy,False
2025-01-22,1,12.6,3.5,0.0,0.0,0.0,0.164,3,Overcast,5.8,14.5,65,,Cloudy,False
2025-01-22,2,11.1,2.1,0.0,0.0,0.0,0.164,0,Clear sky,5.7,11.9,66,,Clear,False
2025-01-22,3,8.4,-0.1,0.0,0.0,0.0,0.164,0,Clear sky,4.3,11.6,67,,Clear,False
2025-01-22,4,5.1,-3.2,0.0,0.0,0.0,0.164,0,Clear sky,3.4,8.5,66,,Clear,False
2025-01-22,5,4.1,-4.2,0.0,0.0,0.0,0.164,0,Clear sky,3.3,6.7,65,,Clear,False
2025-01-22,6,3.6,-4.8,0.0,0.0,0.0,0.164,0,Clear sky,3.5,6.9,65,,Clear,False
2025-01-22,7,2.9,-5.5,0.0,0.0,0.0,0.164,0,Clear sky,3.6,6.5,65,,Clear,False
2025-01-22,8,2.7,-5.8,0.0,0.0,0.0,0.164,0,Clear sky,3.5,7.2,66,,Clear,False
2025-01-22,9,5.6,-2.6,0.0,0.0,0.0,0.164,0,Clear sky,3.3,8.5,61,,Clear,False
2025-01-22,10,9.4,0.9,0.0,0.0,0.0,0.164,0,Clear sky,4.0,10.5,57,,Clear,False
2025-01-22,11,11.9,2.6,0.0,0.0,0.0,0.164,0,Clear sky,6.0,14.1,53,,Clear,False
2025-01-22,12,14.4,5.4,0.0,0.0,0.0,0.164,0,Clear sky,5.1,14.1,48,,Clear,False
2025-01-22,13,15.8,7.3,0.0,0.0,0.0,0.164,0,Clear sky,3.9,12.3,43,,Clear,False
2025-01-22,14,16.6,8.9,0.0,0.0,0.0,0.164,0,Clear sky,2.0,10.3,40,,Clear,False
2025-01-22,15,17.1,9.5,0.0,0.0,0.0,0.164,0,Clear sky,1.6,6.5,39,,Clear,False
2025-01-22,16,17.2,10.0,0.0,0.0,0.0,0.164,0,Clear sky,0.7,5.4,38,,Clear,False
2025-01-22,17,16.0,9.1,0.0,0.0,0.0,0.164,0,Clear sky,0.2,2.5,44,,Clear,False
2025-01-22,18,13.4,6.2,0.0,0.0,0.0,0.164,1,Mainly clear,0.5,2.7,41,,Clear,False
2025-01-22,19,12.4,5.2,0.0,0.0,0.0,0.164,3,Overcast,0.5,2.0,42,,Cloudy,False
2025-01-22,20,11.7,4.5,0.0,0.0,0.0,0.164,3,Overcast,0.5,2.0,45,,Cloudy,False
2025-01-22,21,14.6,7.3,0.0,0.0,0.0,0.164,3,Overcast,1.6,3.8,53,,Cloudy,False
2025-01-22,22,14.1,6.9,0.0,0.0,0.0,0.164,3,Overcast,1.0,4.0,51,,Cloudy,False
2025-01-22,23,12.5,5.2,0.0,0.0,0.0,0.164,1,Mainly clear,1.0,2.9,49,,Clear,False
2025-01-23,0,11.0,3.2,0.0,0.0,0.0,0.164,2,Partly cloudy,2.4,4.5,51,,Cloudy,False
2025-01-23,1,10.7,3.2,0.0,0.0,0.0,0.164,1,Mainly clear,1.5,4.9,50,,Clear,False
2025-01-23,2,9.6,1.6,0.0,0.0,0.0,0.164,0,Clear sky,2.6,4.7,52,,Clear,False
2025-01-23,3,9.2,1.0,0.0,0.0,0.0,0.164,3,Overcast,3.2,6.0,54,,Cloudy,False
2025-01-23,4,10.2,2.2,0.0,0.0,0.0,0.164,3,Overcast,2.9,6.0,56,,Cloudy,False
2025-01-23,5,11.3,3.4,0.0,0.0,0.0,0.164,3,Overcast,2.7,6.3,57,,Cloudy,False
2025-01-23,6,13.7,6.4,0.0,0.0,0.0,0.164,3,Overcast,1.8,5.4,60,,Cloudy,False
2025-01-23,7,14.0,7.2,0.0,0.0,0.0,0.164,3,Overcast,0.5,3.6,59,,Cloudy,False
2025-01-23,8,13.2,6.4,0.0,0.0,0.0,0.164,3,Overcast,0.4,1.8,61,,Cloudy,False
2025-01-23,9,11.8,4.7,0.0,0.0,0.0,0.164,3,Overcast,1.2,2.9,62,,Cloudy,False
2025-01-23,10,15.3,8.2,0.0,0.0,0.0,0.164,2,Partly cloudy,1.1,3.6,54,,Cloudy,False
2025-01-23,11,18.1,10.9,0.0,0.0,0.0,0.164,2,Partly cloudy,1.4,4.7,44,,Cloudy,False
2025-01-23,12,20.7,13.4,0.0,0.0,0.0,0.164,3,Overcast,1.8,6.0,46,,Cloudy,False
2025-01-23,13,22.6,14.9,0.0,0.0,0.0,0.164,3,Overcast,3.3,9.2,51,,Cloudy,False
2025-01-23,14,24.5,16.5,0.0,0.0,0.0,0.164,0,Clear sky,4.5,11.9,54,,Clear,False
2025-01-23,15,25.3,17.4,0.0,0.0,0.0,0.164,0,Clear sky,4.4,11.9,52,,Clear,False
2025-01-23,16,25.4,17.3,0.0,0.0,0.0,0.164,0,Clear sky,4.5,12.1,49,,Clear,False
2025-01-23,17,24.1,16.5,0.0,0.0,0.0,0.164,0,Clear sky,3.0,11.6,50,,Clear,False
2025-01-23,18,20.4,12.4,0.0,0.0,0.0,0.164,0,Clear sky,3.6,7.6,51,,Clear,False
2025-01-23,19,19.0,10.7,0.0,0.0,0.0,0.164,0,Clear sky,4.1,8.3,51,,Clear,False
2025-01-23,20,18.1,9.9,0.0,0.0,0.0,0.164,0,Clear sky,4.0,8.5,55,,Clear,False
2025-01-23,21,20.4,11.9,0.0,0.0,0.0,0.164,0,Clear sky,5.2,11.2,56,,Clear,False
2025-01-23,22,19.5,11.0,0.0,0.0,0.0,0.164,0,Clear sky,5.3,10.7,61,,Clear,False
2025-01-23,23,19.0,10.6,0.0,0.0,0.0,0.164,0,Clear sky,5.1,11.0,64,,Clear,False
2025-01-24,0,18.7,10.1,0.0,0.0,0.0,0.164,0,Clear sky,5.5,11.0,65,,Clear,False
2025-01-24,1,18.6,9.9,0.0,0.0,0.0,0.164,0,Clear sky,5.8,11.9,64,,Clear,False
2025-01-24,2,18.7,9.9,0.0,0.0,0.0,0.164,0,Clear sky,6.1,13.0,65,,Clear,False
2025-01-24,3,18.0,9.6,0.0,0.0,0.0,0.164,0,Clear sky,5.2,12.3,67,,Clear,False
2025-01-24,4,16.8,8.8,0.0,0.0,0.0,0.164,0,Clear sky,4.2,10.5,70,,Clear,False
2025-01-24,5,15.9,7.9,0.0,0.0,0.0,0.164,0,Clear sky,4.1,8.5,73,,Clear,False
2025-01-24,6,16.0,8.0,0.0,0.0,0.0,0.164,0,Clear sky,4.4,8.7,75,,Clear,False
2025-01-24,7,16.4,8.3,0.0,0.0,0.0,0.164,0,Clear sky,4.7,9.6,77,,Clear,False
2025-01-24,8,16.2,8.1,0.0,0.0,0.0,0.164,0,Clear sky,4.7,9.6,79,,Clear,False
2025-01-24,9,17.4,8.8,0.0,0.0,0.0,0.164,0,Clear sky,5.8,11.9,70,,Clear,False
2025-01-24,10,20.2,12.2,0.0,0.0,0.0,0.164,0,Clear sky,4.7,11.6,69,,Clear,False
2025-01-24,11,23.9,16.2,0.0,0.0,0.0,0.164,0,Clear sky,4.3,10.3,63,,Clear,False
2025-01-24,12,27.0,18.6,0.0,0.0,0.0,0.164,0,Clear sky,6.0,14.1,59,,Clear,False
2025-01-24,13,28.5,19.7,0.0,0.0,0.0,0.164,0,Clear sky,6.8,16.6,53,,Clear,False
2025-01-24,14,29.5,20.7,0.0,0.0,0.0,0.164,0,Clear sky,6.7,16.3,50,,Clear,False
2025-01-24,15,30.2,21.5,0.0,0.0,0.0,0.164,0,Clear sky,6.4,16.3,48,,Clear,False
2025-01-24,16,30.4,22.2,0.0,0.0,0.0,0.164,0,Clear sky,4.9,15.4,45,,Clear,False
2025-01-24,17,28.4,21.2,0.0,0.0,0.0,0.164,0,Clear sky,2.9,12.1,51,,Clear,False
2025-01-24,18,24.4,17.3,0.0,0.0,0.0,0.164,0,Clear sky,1.8,6.9,50,,Clear,False
2025-01-24,19,22.1,14.8,0.0,0.0,0.0,0.164,1,Mainly clear,2.6,4.9,55,,Clear,False
2025-01-24,20,20.5,13.1,0.0,0.0,0.0,0.164,3,Overcast,2.6,5.4,59,,Cloudy,False
2025-01-24,21,21.1,13.7,0.0,0.0,0.0,0.164,2,Partly cloudy,2.8,6.3,60,,Cloudy,False
2025-01-24,22,19.2,11.9,0.0,0.0,0.0,0.164,2,Partly cloudy,2.5,5.6,62,,Cloudy,False
2025-01-24,23,17.4,9.8,0.0,0.0,0.0,0.164,0,Clear sky,3.2,6.0,67,,Clear,False
2025-01-25,0,16.8,9.9,0.0,0.0,0.0,0.164,0,Clear sky,1.5,5.8,68,,Clear,False
2025-01-25,1,15.4,8.6,0.0,0.0,0.0,0.164,0,Clear sky,1.1,2.9,71,,Clear,False
2025-01-25,2,14.2,7.4,0.0,0.0,0.0,0.164,0,Clear sky,1.0,2.2,74,,Clear,False
2025-01-25,3,13.1,6.4,0.0,0.0,0.0,0.164,0,Clear sky,0.9,2.5,77,,Clear,False
2025-01-25,4,11.9,5.1,0.0,0.0,0.0,0.164,0,Clear sky,1.2,3.1,80,,Clear,False
2025-01-25,5,11.4,4.6,0.0,0.0,0.0,0.164,0,Clear sky,1.0,3.1,82,,Clear,False
2025-01-25,6,10.8,3.9,0.0,0.0,0.0,0.164,0,Clear sky,1.1,2.7,83,,Clear,False
2025-01-25,7,10.2,3.3,0.0,0.0,0.0,0.164,0,Clear sky,1.3,3.4,83,,Clear,False
2025-01-25,8,9.4,2.5,0.0,0.0,0.0,0.164,0,Clear sky,1.3,3.1,85,,Clear,False
2025-01-25,9,12.3,4.7,0.0,0.0,0.0,0.164,0,Clear sky,2.9,6.5,74,,Clear,False
2025-01-25,10,17.5,10.1,0.0,0.0,0.0,0.164,0,Clear sky,2.8,6.3,68,,Clear,False
2025-01-25,11,21.4,13.8,0.0,0.0,0.0,0.164,0,Clear sky,3.5,8.7,62,,Clear,False
2025-01-25,12,24.1,16.3,0.0,0.0,0.0,0.164,1,Mainly clear,4.2,10.7,58,,Clear,False
2025-01-25,13,25.6,17.1,0.0,0.0,0.0,0.164,0,Clear sky,5.6,14.1,53,,Clear,False
2025-01-25,14,26.9,17.8,0.0,0.0,0.0,0.164,2,Partly cloudy,7.0,17.0,51,,Cloudy,False
2025-01-25,15,27.6,18.4,0.0,0.0,0.0,0.164,3,Overcast,7.5,18.1,51,,Cloudy,False
2025-01-25,16,28.1,19.1,0.0,0.0,0.0,0.131,3,Overcast,7.3,17.9,52,,Cloudy,False
2025-01-25,17,27.6,19.3,0.0,0.0,0.0,0.131,2,Partly cloudy,5.7,17.0,55,,Cloudy,False
2025-01-25,18,26.2,18.1,0.0,0.0,0.0,0.131,3,Overcast,5.2,13.2,59,,Cloudy,False
2025-01-25,19,25.9,17.5,0.0,0.0,0.0,0.131,1,Mainly clear,6.1,12.5,60,,Clear,False
2025-01-25,20,25.4,16.8,0.0,0.0,0.0,0.131,2,Partly cloudy,6.5,13.2,61,,Cloudy,False
2025-01-25,21,26.5,17.8,0.0,0.0,0.0,0.131,1,Mainly clear,6.7,14.3,56,,Clear,False
2025-01-25,22,26.2,17.6,0.0,0.0,0.0,0.131,1,Mainly clear,6.4,14.1,60,,Clear,False
2025-01-25,23,25.3,17.3,0.0,0.0,0.0,0.131,3,Overcast,5.1,13.4,64,,Cloudy,False
2025-01-26,0,24.4,16.7,0.0,0.0,0.0,0.131,3,Overcast,4.3,10.7,66,,Cloudy,False
2025-01-26,1,23.2,15.8,0.0,0.0,0.0,0.131,3,Overcast,3.7,8.7,68,,Cloudy,False
2025-01-26,2,22.7,15.5,0.0,0.0,0.0,0.131,3,Overcast,3.4,7.4,70,,Cloudy,False
2025-01-26,3,25.3,17.8,0.0,0.0,0.0,0.131,3,Overcast,4.4,8.7,70,,Cloudy,False
2025-01-26,4,25.7,17.7,0.0,0.0,0.0,0.131,3,Overcast,5.9,11.4,72,,Cloudy,False
2025-01-26,5,26.9,18.2,0.0,0.0,0.0,0.131,3,Overcast,7.7,15.4,72,,Cloudy,False
2025-01-26,6,28.0,19.1,0.0,0.0,0.0,0.131,3,Overcast,8.3,17.0,72,,Cloudy,False
2025-01-26,7,28.6,19.8,0.0,0.0,0.0,0.131,3,Overcast,8.3,17.4,71,,Cloudy,False
2025-01-26,8,28.8,20.2,0.0,0.0,0.0,0.131,3,Overcast,7.9,17.2,71,,Cloudy,False
2025-01-26,9,29.0,20.7,0.0,0.0,0.0,0.131,2,Partly cloudy,6.9,14.5,66,,Cloudy,False
2025-01-26,10,31.1,23.0,0.0,0.0,0.0,0.131,2,Partly cloudy,6.7,14.5,64,,Cloudy,False
2025-01-26,11,34.8,27.9,0.0,0.0,0.0,0.131,3,Overcast,4.4,15.0,62,,Cloudy,False
2025-01-26,12,38.2,29.4,0.0,0.0,0.0,0.131,3,Overcast,9.2,18.6,55,,Cloudy,False
2025-01-26,13,38.8,29.1,0.0,0.0,0.0,0.131,3,Overcast,10.7,24.4,51,,Cloudy,False
2025-01-26,14,39.2,30.1,0.0,0.0,0.0,0.131,3,Overcast,9.1,24.2,48,,Cloudy,False
2025-01-26,15,39.3,30.7,0.0,0.0,0.0,0.131,3,Overcast,8.4,21.9,50,,Cloudy,False
2025-01-26,16,38.7,30.4,0.0,0.0,0.0,0.131,3,Overcast,7.6,19.7,52,,Cloudy,False
2025-01-26,17,37.0,28.9,0.0,0.0,0.0,0.131,3,Overcast,7.1,17.4,55,,Cloudy,False
2025-01-26,18,33.6,26.3,0.0,0.0,0.0,0.131,2,Partly cloudy,5.1,15.7,60,,Cloudy,False
2025-01-26,19,29.3,22.3,0.0,0.0,0.0,0.131,3,Overcast,4.0,10.5,66,,Cloudy,False
2025-01-26,20,25.9,18.8,0.0,0.0,0.0,0.131,1,Mainly clear,3.4,7.8,69,,Clear,False
2025-01-26,21,26.7,19.7,0.0,0.0,0.0,0.131,2,Partly cloudy,3.3,7.6,66,,Cloudy,False
2025-01-26,22,26.2,19.8,0.0,0.0,0.0,0.131,3,Overcast,1.8,6.0,64,,Cloudy,False
2025-01-26,23,24.4,17.2,0.0,0.0,0.0,0.131,1,Mainly clear,3.5,6.7,67,,Clear,False
2025-01-27,0,24.1,16.8,0.0,0.0,0.0,0.131,3,Overcast,3.5,6.9,67,,Cloudy,False
2025-01-27,1,25.2,17.9,0.0,0.0,0.0,0.131,3,Overcast,3.7,7.6,66,,Cloudy,False
2025-01-27,2,25.2,17.9,0.0,0.0,0.0,0.131,3,Overcast,3.7,7.6,66,,Cloudy,False
2025-01-27,3,26.2,18.3,0.0,0.0,0.0,0.131,3,Overcast,5.2,10.3,67,,Cloudy,False
2025-01-27,4,26.8,18.7,0.0,0.0,0.0,0.131,3,Overcast,6.0,12.3,68,,Cloudy,False
2025-01-27,5,26.7,18.7,0.0,0.0,0.0,0.131,3,Overcast,6.0,12.3,69,,Cloudy,False
2025-01-27,6,26.6,18.2,0.0,0.0,0.0,0.131,1,Mainly clear,6.8,14.1,69,,Clear,False
2025-01-27,7,25.3,16.8,0.0,0.0,0.0,0.131,0,Clear sky,6.6,14.3,70,,Clear,False
2025-01-27,8,23.5,15.5,0.0,0.0,0.0,0.131,0,Clear sky,5.5,13.6,72,,Clear,False
2025-01-27,9,25.6,17.9,0.0,0.0,0.0,0.131,0,Clear sky,4.6,12.3,63,,Clear,False
2025-01-27,10,28.0,20.8,0.0,0.0,0.0,0.131,0,Clear sky,3.6,10.1,60,,Clear,False
2025-01-27,11,30.7,22.6,0.0,0.0,0.0,0.131,0,Clear sky,5.7,13.9,56,,Clear,False
2025-01-27,12,32.8,24.3,0.0,0.0,0.0,0.131,0,Clear sky,7.0,16.8,52,,Clear,False
2025-01-27,13,34.0,24.6,0.0,0.0,0.0,0.131,0,Clear sky,9.0,21.3,50,,Clear,False
2025-01-27,14,35.1,25.4,0.0,0.0,0.0,0.131,0,Clear sky,9.7,23.0,49,,Clear,False
2025-01-27,15,35.5,26.1,0.0,0.0,0.0,0.131,0,Clear sky,9.4,23.0,49,,Clear,False
2025-01-27,16,35.4,26.3,0.0,0.0,0.0,0.131,0,Clear sky,9.0,21.9,52,,Clear,False
2025-01-27,17,34.4,25.4,0.0,0.0,0.0,0.131,0,Clear sky,8.4,20.8,51,,Clear,False
2025-01-27,18,32.6,23.3,0.0,0.0,0.0,0.131,0,Clear sky,8.8,18.6,51,,Clear,False
2025-01-27,19,31.6,21.9,0.0,0.0,0.0,0.131,0,Clear sky,9.4,19.7,50,,Clear,False
2025-01-27,20,31.0,21.1,0.0,0.0,0.0,0.131,0,Clear sky,9.8,21.0,52,,Clear,False
2025-01-27,21,31.8,21.9,0.0,0.0,0.0,0.131,0,Clear sky,9.8,20.4,48,,Clear,False
2025-01-27,22,32.5,22.1,0.0,0.0,0.0,0.131,2,Partly cloudy,11.3,24.2,51,,Cloudy,False
2025-01-27,23,33.2,23.0,0.0,0.0,0.0,0.131,1,Mainly clear,11.2,24.8,55,,Clear,False
2025-01-28,0,33.2,23.1,0.0,0.0,0.0,0.131,3,Overcast,11.1,24.4,58,,Cloudy,False
2025-01-28,1,33.5,23.5,0.0,0.0,0.0,0.131,3,Overcast,10.8,24.6,54,,Cloudy,False
2025-01-28,2,34.3,24.1,0.0,0.0,0.0,0.131,3,Overcast,10.8,23.5,48,,Cloudy,False
2025-01-28,3,33.9,23.8,0.0,0.0,0.0,0.131,3,Overcast,10.5,23.5,48,,Cloudy,False
2025-01-28,4,33.0,22.8,0.0,0.0,0.0,0.131,3,Overcast,10.9,23.7,51,,Cloudy,False
2025-01-28,5,32.7,22.6,0.0,0.0,0.0,0.131,3,Overcast,10.7,24.2,52,,Cloudy,False
2025-01-28,6,32.2,21.8,0.0,0.0,0.0,0.131,0,Clear sky,11.4,25.3,55,,Clear,False
2025-01-28,7,31.6,21.0,0.0,0.0,0.0,0.131,2,Partly cloudy,12.2,26.8,58,,Cloudy,False
2025-01-28,8,31.6,21.0,0.0,0.0,0.0,0.131,2,Partly cloudy,12.3,27.3,61,,Cloudy,False
2025-01-28,9,35.9,25.5,0.0,0.0,0.0,0.131,2,Partly cloudy,11.7,26.2,49,,Cloudy,False
2025-01-28,10,37.5,27.2,0.0,0.0,0.0,0.131,3,Overcast,11.9,26.2,50,,Cloudy,False
2025-01-28,11,38.7,28.8,0.0,0.0,0.0,0.131,0,Clear sky,11.1,26.6,50,,Clear,False
2025-01-28,12,39.4,28.0,0.0,0.0,0.0,0.131,1,Mainly clear,14.5,32.7,46,,Clear,False
2025-01-28,13,38.1,26.9,0.0,0.0,0.0,0.098,3,Overcast,13.9,33.6,48,,Cloudy,False
2025-01-28,14,34.4,23.5,0.0,0.0,0.0,0.098,0,Clear sky,12.6,32.7,48,,Clear,False
2025-01-28,15,33.8,23.8,0.0,0.0,0.0,0.098,1,Mainly clear,10.2,28.9,46,,Clear,False
2025-01-28,16,32.8,23.6,0.0,0.0,0.0,0.098,1,Mainly clear,8.1,23.9,47,,Clear,False
2025-01-28,17,31.6,22.9,0.0,0.0,0.0,0.098,2,Partly cloudy,6.7,19.2,47,,Cloudy,False
2025-01-28,18,28.6,21.9,0.0,0.0,0.0,0.098,3,Overcast,2.5,14.3,61,,Cloudy,False
2025-01-28,19,27.0,20.3,0.0,0.0,0.0,0.098,3,Overcast,2.4,4.9,65,,Cloudy,False
2025-01-28,20,26.5,20.1,0.0,0.0,0.0,0.098,1,Mainly clear,1.8,4.5,66,,Clear,False
2025-01-28,21,28.1,21.4,0.0,0.0,0.0,0.098,2,Partly cloudy,2.7,4.7,64,,Cloudy,False
2025-01-28,22,28.7,21.1,0.0,0.0,0.0,0.098,2,Partly cloudy,4.4,8.1,57,,Cloudy,False
2025-01-28,23,29.7,22.0,0.0,0.0,0.0,0.098,3,Overcast,4.9,10.1,58,,Cloudy,False
2025-01-29,0,31.9,24.0,0.0,0.0,0.0,0.098,3,Overcast,6.3,12.1,62,,Cloudy,False
2025-01-29,1,32.9,24.5,0.0,0.0,0.0,0.098,2,Partly cloudy,7.6,15.4,62,,Cloudy,False
2025-01-29,2,33.3,24.5,0.0,0.0,0.0,0.098,3,Overcast,8.5,17.0,62,,Cloudy,False
2025-01-29,3,34.6,25.6,0.0,0.0,0.0,0.098,3,Overcast,9.1,18.6,59,,Cloudy,False
2025-01-29,4,35.9,26.5,0.0,0.0,0.0,0.098,1,Mainly clear,10.2,21.9,58,,Clear,False
2025-01-29,5,35.8,26.1,0.0,0.0,0.0,0.098,0,Clear sky,10.9,23.3,58,,Clear,False
2025-01-29,6,36.2,26.6,0.0,0.0,0.0,0.098,1,Mainly clear,10.8,23.5,58,,Clear,False
2025-01-29,7,36.5,26.9,0.0,0.0,0.0,0.098,0,Clear sky,11.0,23.7,59,,Clear,False
2025-01-29,8,36.3,26.9,0.0,0.0,0.0,0.098,0,Clear sky,10.8,23.7,61,,Clear,False
2025-01-29,9,36.3,27.2,0.0,0.0,0.0,0.098,2,Partly cloudy,9.3,19.0,55,,Cloudy,False
2025-01-29,10,39.6,30.2,0.0,0.0,0.0,0.098,3,Overcast,10.0,21.0,50,,Cloudy,False
2025-01-29,11,42.5,34.1,0.0,0.0,0.0,0.098,0,Clear sky,8.1,22.4,46,,Clear,False
2025-01-29,12,45.7,37.1,0.0,0.0,0.0,0.098,0,Clear sky,9.1,21.0,44,,Clear,False
2025-01-29,13,47.6,37.8,0.0,0.0,0.0,0.098,1,Mainly clear,12.7,28.2,46,,Clear,False
2025-01-29,14,47.7,37.6,0.0,0.0,0.0,0.098,1,Mainly clear,13.6,33.6,47,,Clear,False
2025-01-29,15,48.1,38.8,0.0,0.0,0.0,0.066,1,Mainly clear,11.9,31.3,46,,Clear,False
2025-01-29,16,46.9,36.9,0.0,0.0,0.0,0.066,1,Mainly clear,13.0,30.0,47,,Clear,False
2025-01-29,17,45.0,35.0,0.0,0.0,0.0,0.066,0,Clear sky,12.7,29.8,48,,Clear,False
2025-01-29,18,42.1,31.0,0.0,0.0,0.0,0.066,0,Clear sky,13.8,31.3,42,,Clear,False
2025-01-29,19,38.6,28.0,0.0,0.0,0.0,0.066,0,Clear sky,12.1,30.9,44,,Clear,False
2025-01-29,20,36.2,26.1,0.0,0.0,0.0,0.066,0,Clear sky,10.9,27.1,47,,Clear,False
2025-01-29,21,36.3,27.0,0.0,0.0,0.0,0.066,3,Overcast,9.6,19.7,53,,Cloudy,False
2025-01-29,22,35.2,25.1,0.0,0.0,0.0,0.066,1,Mainly clear,11.5,25.1,55,,Clear,False
2025-01-29,23,32.3,22.3,0.0,0.0,0.0,0.066,2,Partly cloudy,11.3,26.4,64,,Cloudy,False
2025-01-30,0,30.4,21.7,0.0,0.0,0.0,0.066,0,Clear sky,8.1,24.4,65,,Clear,False
2025-01-30,1,27.8,18.6,0.0,0.0,0.0,0.066,1,Mainly clear,8.5,22.4,65,,Clear,False
2025-01-30,2,26.2,16.6,0.0,0.0,0.0,0.066,0,Clear sky,9.1,22.6,63,,Clear,False
2025-01-30,3,24.4,14.4,0.0,0.0,0.0,0.066,0,Clear sky,9.7,21.9,60,,Clear,False
2025-01-30,4,23.5,13.3,0.0,0.0,0.0,0.066,0,Clear sky,9.8,22.6,58,,Clear,False
2025-01-30,5,22.8,12.6,0.0,0.0,0.0,0.066,0,Clear sky,9.5,21.9,54,,Clear,False
2025-01-30,6,21.8,12.1,0.0,0.0,0.0,0.066,0,Clear sky,7.9,21.0,52,,Clear,False
2025-01-30,7,21.1,12.0,0.0,0.0,0.0,0.066,0,Clear sky,6.4,17.7,52,,Clear,False
2025-01-30,8,20.8,12.2,0.0,0.0,0.0,0.066,0,Clear sky,5.1,13.6,53,,Clear,False
2025-01-30,9,24.3,15.9,0.0,0.0,0.0,0.066,0,Clear sky,4.7,10.3,46,,Clear,False
2025-01-30,10,26.2,17.4,0.0,0.0,0.0,0.066,0,Clear sky,5.7,13.9,43,,Clear,False
2025-01-30,11,27.8,18.5,0.0,0.0,0.0,0.066,0,Clear sky,6.8,17.9,41,,Clear,False
2025-01-30,12,29.5,20.6,0.0,0.0,0.0,0.066,0,Clear sky,6.0,17.7,38,,Clear,False
2025-01-30,13,31.4,22.3,0.0,0.0,0.0,0.066,0,Clear sky,6.5,20.1,36,,Clear,False
2025-01-30,14,32.6,24.0,0.0,0.0,0.0,0.066,1,Mainly clear,5.7,17.9,36,,Clear,False
2025-01-30,15,33.2,25.4,0.0,0.0,0.0,0.066,0,Clear sky,4.0,16.1,39,,Clear,False
2025-01-30,16,33.6,25.6,0.0,0.0,0.0,0.066,3,Overcast,4.8,13.0,40,,Cloudy,False
2025-01-30,17,33.3,24.8,0.0,0.0,0.0,0.066,3,Overcast,6.1,15.0,44,,Cloudy,False
2025-01-30,18,30.7,23.9,0.0,0.0,0.0,0.066,3,Overcast,3.0,13.2,58,,Cloudy,False
2025-01-30,19,30.1,23.1,0.0,0.0,0.0,0.066,3,Overcast,3.4,6.7,58,,Cloudy,False
2025-01-30,20,30.2,23.3,0.0,0.0,0.0,0.066,3,Overcast,3.1,6.7,57,,Cloudy,False
2025-01-30,21,30.6,22.8,0.0,0.0,0.0,0.066,3,Overcast,4.1,7.6,46,,Cloudy,False
2025-01-30,22,31.5,23.2,0.0,0.0,0.0,0.066,3,Overcast,5.8,11.2,49,,Cloudy,False
2025-01-30,23,32.5,24.4,0.0,0.0,0.0,0.066,3,Overcast,7.1,14.1,63,,Cloudy,False
2025-01-31,0,32.9,25.0,0.0,0.0,0.0,0.066,3,Overcast,7.1,14.5,70,,Cloudy,False
2025-01-31,1,33.5,26.1,0.0,0.0,0.0,0.066,3,Overcast,6.6,14.5,74,,Cloudy,False
2025-01-31,2,33.5,26.7,0.0,0.0,0.0,0.066,3,Overcast,5.5,13.4,77,,Cloudy,False
2025-01-31,3,33.5,27.2,0.0,0.0,0.0,0.066,3,Overcast,4.5,11.0,79,,Cloudy,False
2025-01-31,4,34.5,28.3,0.0,0.0,0.0,0.066,3,Overcast,4.7,9.2,80,,Cloudy,False
2025-01-31,5,35.6,29.0,0.0,0.0,0.0,0.066,3,Overcast,6.0,11.6,81,,Cloudy,False
2025-01-31,6,36.3,29.8,0.016,0.016,0.0,0.066,51,Light drizzle,6.5,13.2,85,,Drizzle,False
2025-01-31,7,36.5,29.9,0.016,0.016,0.0,0.066,51,Light drizzle,7.3,14.1,90,,Drizzle,False
2025-01-31,8,36.2,30.4,0.004,0.004,0.0,0.066,51,Light drizzle,5.8,13.6,93,,Drizzle,False
2025-01-31,9,35.1,30.1,0.016,0.016,0.0,0.066,51,Light drizzle,3.3,8.3,95,,Drizzle,False
2025-01-31,10,35.6,30.9,0.012,0.012,0.0,0.066,51,Light drizzle,3.0,5.8,96,,Drizzle,False
2025-01-31,11,36.3,32.0,0.008,0.008,0.0,0.066,51,Light drizzle,2.5,5.4,97,,Drizzle,False
2025-01-31,12,37.5,33.6,0.008,0.008,0.0,0.066,51,Light drizzle,2.2,4.9,98,,Drizzle,False
2025-01-31,13,39.1,35.3,0.004,0.004,0.0,0.066,51,Light drizzle,2.5,7.6,96,,Drizzle,False
2025-01-31,14,40.6,36.8,0.004,0.004,0.0,0.066,51,Light drizzle,3.0,7.6,95,,Drizzle,False
2025-01-31,15,41.1,37.8,0.012,0.012,0.0,0.066,51,Light drizzle,2.4,7.8,98,,Drizzle,False
2025-01-31,16,39.8,36.4,0.004,0.004,0.0,0.066,51,Light drizzle,2.2,4.7,98,,Drizzle,False
2025-01-31,17,39.8,35.9,0.004,0.004,0.0,0.066,51,Light drizzle,3.1,5.4,97,,Drizzle,False
2025-01-31,18,38.8,34.6,0.02,0.02,0.0,0.066,53,Moderate drizzle,3.4,5.1,98,,Drizzle,False
2025-01-31,19,39.0,35.1,0.047,0.047,0.0,0.066,55,Dense drizzle,2.9,7.8,98,,Drizzle,False
2025-01-31,20,38.7,34.4,0.047,0.047,0.0,0.066,55,Dense drizzle,3.6,5.1,99,,Drizzle,False
2025-01-31,21,41.6,37.3,0.031,0.031,0.0,0.033,53,Moderate drizzle,5.1,11.2,98,,Drizzle,False
2025-01-31,22,41.3,37.0,0.028,0.028,0.0,0.033,53,Moderate drizzle,4.8,10.3,98,,Drizzle,False
2025-01-31,23,41.9,36.7,0.047,0.047,0.0,0.033,55,Dense drizzle,7.2,13.6,98,,Drizzle,False
2025-02-01,0,41.6,37.1,0.028,0.028,0.0,0.033,53,Moderate drizzle,5.5,13.6,97,,Drizzle,False
2025-02-01,1,40.8,36.7,0.012,0.012,0.0,0.033,51,Light drizzle,4.1,10.1,97,,Drizzle,False
2025-02-01,2,40.9,36.7,0.012,0.012,0.0,0.033,51,Light drizzle,4.4,7.6,97,,Drizzle,False
2025-02-01,3,40.8,36.4,0.012,0.012,0.0,0.033,51,Light drizzle,4.8,9.8,97,,Drizzle,False
2025-02-01,4,40.3,34.7,0.004,0.004,0.0,0.033,51,Light drizzle,7.1,12.1,96,,Drizzle,False
2025-02-01,5,39.5,32.0,0.0,0.0,0.0,0.033,3,Overcast,10.8,21.7,93,,Cloudy,False
2025-02-01,6,36.7,28.8,0.0,0.0,0.0,0.033,3,Overcast,10.6,22.1,93,,Cloudy,False
2025-02-01,7,35.6,28.4,0.0,0.0,0.0,0.033,3,Overcast,8.5,22.1,91,,Cloudy,False
2025-02-01,8,34.6,26.3,0.0,0.0,0.0,0.033,3,Overcast,10.6,22.4,89,,Cloudy,False
2025-02-01,9,34.8,26.6,0.0,0.0,0.0,0.033,3,Overcast,10.0,22.6,87,,Cloudy,False
2025-02-01,10,33.9,24.7,0.0,0.0,0.0,0.033,3,Overcast,11.7,25.9,81,,Cloudy,False
2025-02-01,11,33.5,23.9,0.0,0.0,0.0,0.033,3,Overcast,11.5,29.8,70,,Cloudy,False
2025-02-01,12,33.3,23.6,0.0,0.0,0.0,0.033,3,Overcast,10.6,26.6,62,,Cloudy,False
2025-02-01,13,32.3,22.4,0.0,0.0,0.0,0.033,3,Overcast,10.5,25.1,57,,Cloudy,False
2025-02-01,14,31.6,21.6,0.0,0.0,0.0,0.033,2,Partly cloudy,10.2,25.5,53,,Cloudy,False
2025-02-01,15,31.8,21.6,0.0,0.0,0.0,0.033,0,Clear sky,10.0,24.8,45,,Clear,False
2025-02-01,16,31.1,20.9,0.0,0.0,0.0,0.033,0,Clear sky,9.7,24.4,42,,Clear,False
2025-02-01,17,29.4,18.6,0.0,0.0,0.0,0.033,0,Clear sky,10.7,24.6,41,,Clear,False
2025-02-01,18,26.7,15.9,0.0,0.0,0.0,0.033,0,Clear sky,10.7,24.8,45,,Clear,False
2025-02-01,19,24.2,13.1,0.0,0.0,0.0,0.033,0,Clear sky,11.1,24.8,46,,Clear,False
2025-02-01,20,22.3,11.6,0.0,0.0,0.0,0.033,0,Clear sky,9.8,24.8,46,,Clear,False
2025-02-01,21,24.1,13.5,0.0,0.0,0.0,0.033,0,Clear sky,9.7,23.0,43,,Clear,False
2025-02-01,22,22.6,12.2,0.0,0.0,0.0,0.033,0,Clear sky,9.1,21.3,43,,Clear,False
2025-02-01,23,21.5,11.8,0.0,0.0,0.0,0.033,0,Clear sky,7.3,20.1,42,,Clear,False
2025-02-02,0,20.7,11.0,0.0,0.0,0.0,0.033,0,Clear sky,7.1,16.6,40,,Clear,False
2025-02-02,1,19.9,10.1,0.0,0.0,0.0,0.033,1,Mainly clear,7.0,16.1,39,,Clear,False
2025-02-02,2,18.6,8.6,0.0,0.0,0.0,0.033,0,Clear sky,7.6,17.7,40,,Clear,False
2025-02-02,3,17.3,7.7,0.0,0.0,0.0,0.033,1,Mainly clear,6.7,17.2,42,,Clear,False
2025-02-02,4,16.3,7.1,0.0,0.0,0.0,0.033,1,Mainly clear,5.9,15.7,44,,Clear,False
2025-02-02,5,15.6,6.5,0.0,0.0,0.0,0.033,2,Partly cloudy,5.6,13.6,47,,Cloudy,False
2025-02-02,6,15.1,5.9,0.0,0.0,0.0,0.033,3,Overcast,5.8,13.4,48,,Cloudy,False
2025-02-02,7,14.7,5.9,0.0,0.0,0.0,0.033,3,Overcast,4.8,13.4,48,,Cloudy,False
2025-02-02,8,14.9,6.3,0.0,0.0,0.0,0.033,3,Overcast,4.4,11.2,47,,Cloudy,False
2025-02-02,9,15.7,7.6,0.0,0.0,0.0,0.033,3,Overcast,3.5,9.4,52,,Cloudy,False
2025-02-02,10,18.1,10.6,0.0,0.0,0.0,0.033,3,Overcast,2.2,9.8,50,,Cloudy,False
2025-02-02,11,21.4,13.9,0.0,0.0,0.0,0.033,3,Overcast,2.5,10.1,48,,Cloudy,False
2025-02-02,12,24.4,16.4,0.0,0.0,0.0,0.033,3,Overcast,3.6,12.8,45,,Cloudy,False
2025-02-02,13,27.1,19.0,0.0,0.0,0.0,0.033,3,Overcast,4.3,14.1,46,,Cloudy,False
2025-02-02,14,29.0,20.5,0.0,0.0,0.0,0.033,3,Overcast,6.4,17.0,55,,Cloudy,False
2025-02-02,15,28.1,20.2,0.0,0.0,0.0,0.033,3,Overcast,5.6,17.4,63,,Cloudy,False
2025-02-02,16,28.2,20.7,0.0,0.0,0.0,0.033,3,Overcast,4.8,15.2,66,,Cloudy,False
2025-02-02,17,29.3,22.0,0.0,0.0,0.0,0.033,3,Overcast,4.3,12.5,64,,Cloudy,False
2025-02-02,18,30.4,24.2,0.0,0.0,0.0,0.033,3,Overcast,2.0,10.7,64,,Cloudy,False
2025-02-02,19,31.4,25.2,0.0,0.0,0.0,0.033,3,Overcast,2.2,4.0,65,,Cloudy,False
2025-02-02,20,33.1,26.2,0.0,0.0,0.0,0.033,3,Overcast,4.6,8.5,68,,Cloudy,False
2025-02-02,21,29.0,22.9,0.035,0.0,0.248,0.033,73,Moderate snowfall,3.0,5.8,81,,Snow,True
2025-02-02,22,29.5,24.3,0.016,0.0,0.11,0.066,73,Moderate snowfall,1.5,5.4,89,,Snow,True
2025-02-02,23,30.4,24.3,0.028,0.0,0.193,0.098,73,Moderate snowfall,4.1,6.9,93,,Snow,True
2025-02-03,0,31.6,26.1,0.008,0.0,0.055,0.098,71,Slight snowfall,3.6,8.9,95,,Snow,True
2025-02-03,1,31.6,26.2,0.0,0.0,0.0,0.131,3,Overcast,2.9,6.5,94,,Cloudy,False
2025-02-03,2,31.7,26.0,0.0,0.0,0.0,0.131,2,Partly cloudy,3.6,7.4,92,,Cloudy,False
2025-02-03,3,31.8,25.4,0.0,0.0,0.0,0.131,3,Overcast,5.2,10.1,91,,Cloudy,False
2025-02-03,4,32.6,26.2,0.0,0.0,0.0,0.131,3,Overcast,5.5,11.9,90,,Cloudy,False
2025-02-03,5,31.6,25.8,0.0,0.0,0.0,0.131,2,Partly cloudy,3.5,11.0,91,,Cloudy,False
2025-02-03,6,28.6,22.5,0.0,0.0,0.0,0.131,1,Mainly clear,3.4,6.9,91,,Clear,False
2025-02-03,7,28.5,22.3,0.0,0.0,0.0,0.131,2,Partly cloudy,3.7,7.6,91,,Cloudy,False
2025-02-03,8,26.6,20.4,0.0,0.0,0.0,0.131,3,Overcast,3.1,7.2,92,,Cloudy,False
2025-02-03,9,28.0,22.3,0.0,0.0,0.0,0.131,3,Overcast,2.7,7.8,93,,Cloudy,False
2025-02-03,10,31.7,26.0,0.0,0.0,0.0,0.131,3,Overcast,3.3,8.1,87,,Cloudy,False
2025-02-03,11,33.9,28.5,0.0,0.0,0.0,0.131,3,Overcast,2.6,8.7,83,,Cloudy,False
2025-02-03,12,35.8,31.1,0.0,0.0,0.0,0.098,3,Overcast,1.4,7.6,80,,Cloudy,False
2025-02-03,13,39.4,34.2,0.0,0.0,0.0,0.098,3,Overcast,2.4,8.7,69,,Cloudy,False
2025-02-03,14,40.4,34.7,0.0,0.0,0.0,0.098,3,Overcast,4.1,10.7,70,,Cloudy,False
2025-02-03,15,41.1,35.2,0.0,0.0,0.0,0.098,2,Partly cloudy,5.4,13.0,73,,Cloudy,False
2025-02-03,16,42.4,36.5,0.0,0.0,0.0,0.098,3,Overcast,5.5,13.9,72,,Cloudy,False
2025-02-03,17,41.9,36.6,0.0,0.0,0.0,0.098,3,Overcast,4.6,13.0,76,,Cloudy,False
2025-02-03,18,38.1,33.2,0.0,0.0,0.0,0.098,2,Partly cloudy,3.3,9.2,85,,Cloudy,False
2025-02-03,19,36.5,32.1,0.0,0.0,0.0,0.098,3,Overcast,1.7,5.4,86,,Cloudy,False
2025-02-03,20,38.3,32.7,0.0,0.0,0.0,0.098,3,Overcast,5.0,8.9,85,,Cloudy,False
2025-02-03,21,40.0,33.2,0.0,0.0,0.0,0.098,3,Overcast,8.3,15.9,83,,Cloudy,False
2025-02-03,22,40.2,33.3,0.0,0.0,0.0,0.098,3,Overcast,8.2,17.0,81,,Cloudy,False
2025-02-03,23,40.6,34.3,0.0,0.0,0.0,0.098,3,Overcast,7.1,17.7,83,,Cloudy,False
2025-02-04,0,39.9,33.9,0.0,0.0,0.0,0.098,3,Overcast,6.6,14.3,86,,Cloudy,False
2025-02-04,1,39.5,33.3,0.0,0.0,0.0,0.098,3,Overcast,7.1,13.9,88,,Cloudy,False
2025-02-04,2,39.8,33.3,0.0,0.0,0.0,0.098,2,Partly cloudy,8.3,16.3,88,,Cloudy,False
2025-02-04,3,40.1,33.8,0.0,0.0,0.0,0.066,3,Overcast,7.8,17.0,89,,Cloudy,False
2025-02-04,4,40.0,34.3,0.0,0.0,0.0,0.066,3,Overcast,6.4,15.4,87,,Cloudy,False
2025-02-04,5,39.9,34.2,0.0,0.0,0.0,0.066,3,Overcast,6.1,12.3,86,,Cloudy,False
2025-02-04,6,41.2,34.6,0.0,0.0,0.0,0.066,3,Overcast,8.1,16.1,81,,Cloudy,False
2025-02-04,7,40.0,33.0,0.0,0.0,0.0,0.066,0,Clear sky,8.6,17.9,82,,Clear,False
2025-02-04,8,37.0,30.0,0.0,0.0,0.0,0.066,0,Clear sky,7.9,18.1,85,,Clear,False
2025-02-04,9,39.7,31.8,0.0,0.0,0.0,0.066,0,Clear sky,9.7,19.9,76,,Clear,False
2025-02-04,10,41.0,33.0,0.0,0.0,0.0,0.066,1,Mainly clear,9.9,24.4,71,,Clear,False
2025-02-04,11,42.1,32.9,0.0,0.0,0.0,0.066,2,Partly cloudy,12.1,27.3,62,,Cloudy,False
2025-02-04,12,42.9,33.5,0.0,0.0,0.0,0.066,2,Partly cloudy,12.2,30.0,58,,Cloudy,False
2025-02-04,13,42.1,31.7,0.0,0.0,0.0,0.066,0,Clear sky,12.9,30.9,49,,Clear,False
2025-02-04,14,41.2,30.6,0.0,0.0,0.0,0.066,0,Clear sky,13.1,31.3,48,,Clear,False
2025-02-04,15,40.6,29.8,0.0,0.0,0.0,0.066,0,Clear sky,13.0,31.3,46,,Clear,False
2025-02-04,16,38.7,27.5,0.0,0.0,0.0,0.066,3,Overcast,14.1,33.1,50,,Cloudy,False
2025-02-04,17,36.4,25.6,0.0,0.0,0.0,0.066,2,Partly cloudy,12.6,33.3,48,,Cloudy,False
2025-02-04,18,35.2,25.4,0.0,0.0,0.0,0.066,1,Mainly clear,10.1,32.9,50,,Clear,False
2025-02-04,19,32.8,23.4,0.0,0.0,0.0,0.066,0,Clear sky,9.1,23.3,53,,Clear,False
2025-02-04,20,31.2,21.9,0.0,0.0,0.0,0.066,1,Mainly clear,8.8,20.6,55,,Clear,False
2025-02-04,21,33.4,24.1,0.0,0.0,0.0,0.066,1,Mainly clear,8.9,19.2,52,,Clear,False
2025-02-04,22,32.5,23.0,0.0,0.0,0.0,0.066,0,Clear sky,9.2,21.0,54,,Clear,False
2025-02-04,23,30.9,21.6,0.0,0.0,0.0,0.066,1,Mainly clear,8.8,20.6,56,,Clear,False
2025-02-05,0,29.4,19.8,0.0,0.0,0.0,0.066,1,Mainly clear,9.1,19.9,57,,Clear,False
2025-02-05,1,27.7,17.9,0.0,0.0,0.0,0.066,3,Overcast,9.2,22.1,54,,Cloudy,False
2025-02-05,2,26.2,17.1,0.0,0.0,0.0,0.066,3,Overcast,7.5,20.6,57,,Cloudy,False
2025-02-05,3,25.9,17.3,0.0,0.0,0.0,0.066,3,Overcast,6.5,16.8,60,,Cloudy,False
2025-02-05,4,26.0,17.6,0.0,0.0,0.0,0.066,3,Overcast,6.1,14.8,60,,Cloudy,False
2025-02-05,5,26.2,17.6,0.0,0.0,0.0,0.066,3,Overcast,6.4,14.5,56,,Cloudy,False
2025-02-05,6,26.4,17.8,0.0,0.0,0.0,0.066,3,Overcast,6.1,14.5,53,,Cloudy,False
2025-02-05,7,26.3,17.5,0.0,0.0,0.0,0.066,3,Overcast,6.5,15.0,52,,Cloudy,False
2025-02-05,8,26.3,17.3,0.0,0.0,0.0,0.066,3,Overcast,6.8,15.7,51,,Cloudy,False
2025-02-05,9,27.1,17.9,0.0,0.0,0.0,0.066,3,Overcast,7.4,17.0,53,,Cloudy,False
2025-02-05,10,27.8,18.9,0.0,0.0,0.0,0.066,3,Overcast,6.9,17.0,52,,Cloudy,False
2025-02-05,11,29.0,20.5,0.0,0.0,0.0,0.066,3,Overcast,6.1,16.8,50,,Cloudy,False
2025-02-05,12,30.9,22.9,0.0,0.0,0.0,0.066,3,Overcast,4.9,16.1,47,,Cloudy,False
2025-02-05,13,32.6,24.9,0.0,0.0,0.0,0.066,3,Overcast,4.2,14.5,43,,Cloudy,False
2025-02-05,14,34.0,26.4,0.0,0.0,0.0,0.066,1,Mainly clear,4.1,13.6,40,,Clear,False
2025-02-05,15,34.8,27.2,0.0,0.0,0.0,0.066,3,Overcast,3.5,13.4,37,,Cloudy,False
2025-02-05,16,35.0,27.6,0.0,0.0,0.0,0.066,3,Overcast,2.8,11.9,34,,Cloudy,False
2025-02-05,17,34.4,27.3,0.0,0.0,0.0,0.066,3,Overcast,2.1,9.6,34,,Cloudy,False
2025-02-05,18,32.2,25.8,0.0,0.0,0.0,0.066,3,Overcast,1.8,6.5,53,,Cloudy,False
2025-02-05,19,29.8,23.1,0.0,0.0,0.0,0.066,3,Overcast,2.2,4.3,55,,Cloudy,False
2025-02-05,20,29.3,22.6,0.0,0.0,0.0,0.066,3,Overcast,2.4,4.9,58,,Cloudy,False
2025-02-05,21,29.7,23.4,0.0,0.0,0.0,0.066,3,Overcast,1.1,3.1,53,,Cloudy,False
2025-02-05,22,28.8,22.3,0.0,0.0,0.0,0.066,3,Overcast,2.1,4.3,61,,Cloudy,False
2025-02-05,23,29.0,22.6,0.0,0.0,0.0,0.066,3,Overcast,2.3,4.7,65,,Cloudy,False
2025-02-06,0,28.8,22.0,0.0,0.0,0.0,0.066,3,Overcast,3.1,6.3,67,,Cloudy,False
2025-02-06,1,29.0,21.7,0.0,0.0,0.0,0.066,3,Overcast,4.7,8.7,68,,Cloudy,False
2025-02-06,2,29.2,21.7,0.004,0.0,0.028,0.066,71,Slight snowfall,5.3,9.8,70,,Snow,True
2025-02-06,3,29.9,22.2,0.0,0.0,0.0,0.066,3,Overcast,6.3,10.1,74,,Cloudy,False
2025-02-06,4,30.7,22.7,0.0,0.0,0.0,0.066,3,Overcast,7.2,13.6,73,,Cloudy,False
2025-02-06,5,31.3,23.8,0.004,0.0,0.028,0.066,71,Slight snowfall,5.8,15.0,72,,Snow,True
2025-02-06,6,31.0,24.2,0.02,0.0,0.138,0.066,73,Moderate snowfall,5.3,13.6,82,,Snow,True
2025-02-06,7,30.9,24.2,0.071,0.0,0.496,0.098,75,Heavy snowfall,5.8,11.6,91,,Snow,True
2025-02-06,8,31.8,24.6,0.087,0.004,0.579,0.131,75,Heavy snowfall,7.5,16.8,95,,Snow,True
2025-02-06,9,31.4,23.5,0.067,0.028,0.276,0.131,73,Moderate snowfall,8.8,19.9,93,,Snow,True
2025-02-06,10,33.3,26.2,0.024,0.012,0.083,0.164,73,Moderate snowfall,7.2,19.7,90,,Snow,True
2025-02-06,11,34.4,27.8,0.035,0.035,0.0,0.164,53,Moderate drizzle,6.4,14.3,89,,Drizzle,False
2025-02-06,12,35.4,30.2,0.02,0.02,0.0,0.164,53,Moderate drizzle,3.7,13.6,91,,Drizzle,False
2025-02-06,13,35.6,31.2,0.012,0.012,0.0,0.164,51,Light drizzle,2.0,6.9,94,,Drizzle,False
2025-02-06,14,35.7,31.8,0.035,0.035,0.0,0.164,53,Moderate drizzle,1.1,3.8,95,,Drizzle,False
2025-02-06,15,35.8,32.1,0.004,0.004,0.0,0.131,51,Light drizzle,0.8,2.5,96,,Drizzle,False
2025-02-06,16,37.1,33.0,0.0,0.0,0.0,0.131,3,Overcast,2.1,6.0,95,,Cloudy,False
2025-02-06,17,37.4,32.8,0.0,0.0,0.0,0.131,3,Overcast,3.4,6.9,94,,Cloudy,False
2025-02-06,18,36.9,31.4,0.0,0.0,0.0,0.131,3,Overcast,5.2,11.0,94,,Cloudy,False
2025-02-06,19,36.5,30.9,0.0,0.0,0.0,0.131,3,Overcast,5.5,10.7,95,,Cloudy,False
2025-02-06,20,36.2,30.2,0.0,0.0,0.0,0.131,0,Clear sky,6.4,12.3,95,,Clear,False
2025-02-06,21,33.6,26.8,0.0,0.0,0.0,0.131,0,Clear sky,7.2,13.9,95,,Clear,False
2025-02-06,22,33.2,26.3,0.0,0.0,0.0,0.131,0,Clear sky,7.3,14.1,95,,Clear,False
2025-02-06,23,32.2,25.6,0.0,0.0,0.0,0.131,3,Overcast,6.4,14.1,97,,Cloudy,False
2025-02-07,0,32.5,25.7,0.0,0.0,0.0,0.131,3,Overcast,6.8,13.4,97,,Cloudy,False
2025-02-07,1,33.4,26.8,0.0,0.0,0.0,0.131,3,Overcast,6.7,13.4,97,,Cloudy,False
2025-02-07,2,33.9,27.7,0.0,0.0,0.0,0.131,3,Overcast,6.2,13.4,99,,Cloudy,False
2025-02-07,3,35.2,28.6,0.0,0.0,0.0,0.131,3,Overcast,7.5,16.3,99,,Cloudy,False
2025-02-07,4,36.1,29.4,0.0,0.0,0.0,0.131,3,Overcast,8.3,16.3,98,,Cloudy,False
2025-02-07,5,37.0,29.9,0.0,0.0,0.0,0.131,3,Overcast,9.2,18.6,95,,Cloudy,False
2025-02-07,6,36.2,28.5,0.0,0.0,0.0,0.131,3,Overcast,9.6,18.6,88,,Cloudy,False
2025-02-07,7,36.4,27.2,0.0,0.0,0.0,0.131,2,Partly cloudy,11.9,24.4,76,,Cloudy,False
2025-02-07,8,36.1,26.7,0.0,0.0,0.0,0.131,0,Clear sky,10.7,26.4,62,,Clear,False
2025-02-07,9,37.1,28.3,0.0,0.0,0.0,0.131,1,Mainly clear,10.3,21.3,67,,Clear,False
2025-02-07,10,39.8,30.8,0.0,0.0,0.0,0.131,3,Overcast,9.8,22.4,52,,Cloudy,False
2025-02-07,11,40.5,30.5,0.0,0.0,0.0,0.131,3,Overcast,11.5,27.7,49,,Cloudy,False
2025-02-07,12,38.5,26.6,0.0,0.0,0.0,0.098,1,Mainly clear,15.0,35.3,42,,Clear,False
2025-02-07,13,36.1,23.3,0.0,0.0,0.0,0.098,0,Clear sky,16.3,38.3,37,,Clear,False
2025-02-07,14,35.7,24.2,0.0,0.0,0.0,0.098,0,Clear sky,13.8,38.0,37,,Clear,False
2025-02-07,15,34.7,23.6,0.0,0.0,0.0,0.098,0,Clear sky,12.4,32.2,42,,Clear,False
2025-02-07,16,33.1,21.9,0.0,0.0,0.0,0.098,0,Clear sky,12.5,30.0,43,,Clear,False
2025-02-07,17,31.6,20.6,0.0,0.0,0.0,0.098,1,Mainly clear,11.8,29.8,42,,Clear,False
2025-02-07,18,30.2,20.7,0.0,0.0,0.0,0.098,2,Partly cloudy,8.2,26.6,46,,Cloudy,False
2025-02-07,19,29.0,20.2,0.0,0.0,0.0,0.098,3,Overcast,6.6,18.3,49,,Cloudy,False
2025-02-07,20,28.5,19.8,0.0,0.0,0.0,0.098,0,Clear sky,6.4,14.5,51,,Clear,False
2025-02-07,21,29.3,21.3,0.0,0.0,0.0,0.098,1,Mainly clear,5.2,12.8,52,,Clear,False
2025-02-07,22,28.2,20.7,0.0,0.0,0.0,0.098,0,Clear sky,4.1,10.7,56,,Clear,False
2025-02-07,23,27.7,20.1,0.0,0.0,0.0,0.098,0,Clear sky,4.2,8.9,57,,Clear,False
2025-02-08,0,27.2,19.5,0.0,0.0,0.0,0.098,1,Mainly clear,4.3,9.4,55,,Clear,False
2025-02-08,1,26.7,19.1,0.0,0.0,0.0,0.098,1,Mainly clear,3.8,9.2,55,,Clear,False
2025-02-08,2,26.3,18.5,0.0,0.0,0.0,0.098,1,Mainly clear,4.3,9.2,54,,Clear,False
2025-02-08,3,25.8,17.5,0.0,0.0,0.0,0.098,1,Mainly clear,5.2,11.2,52,,Clear,False
2025-02-08,4,25.1,16.5,0.0,0.0,0.0,0.098,0,Clear sky,5.6,12.3,51,,Clear,False
2025-02-08,5,24.4,15.5,0.0,0.0,0.0,0.098,3,Overcast,6.3,13.6,51,,Cloudy,False
2025-02-08,6,23.9,15.0,0.0,0.0,0.0,0.098,3,Overcast,6.3,14.8,51,,Cloudy,False
2025-02-08,7,23.9,15.7,0.0,0.0,0.0,0.098,3,Overcast,4.5,13.6,50,,Cloudy,False
2025-02-08,8,23.9,16.3,0.0,0.0,0.0,0.098,3,Overcast,3.3,9.8,50,,Cloudy,False
2025-02-08,9,25.2,17.9,0.0,0.0,0.0,0.098,3,Overcast,2.8,7.8,55,,Cloudy,False
2025-02-08,10,26.7,19.7,0.0,0.0,0.0,0.098,3,Overcast,2.4,8.7,54,,Cloudy,False
2025-02-08,11,29.0,22.2,0.0,0.0,0.0,0.098,3,Overcast,2.2,9.6,52,,Cloudy,False
2025-02-08,12,31.1,24.7,0.0,0.0,0.0,0.098,3,Overcast,1.3,9.4,48,,Cloudy,False
2025-02-08,13,32.5,26.0,0.0,0.0,0.0,0.098,3,Overcast,1.9,9.2,48,,Cloudy,False
2025-02-08,14,33.6,26.8,0.0,0.0,0.0,0.098,3,Overcast,2.7,10.3,49,,Cloudy,False
2025-02-08,15,33.4,26.2,0.0,0.0,0.0,0.098,3,Overcast,3.9,11.6,50,,Cloudy,False
2025-02-08,16,33.2,25.9,0.0,0.0,0.0,0.098,3,Overcast,3.9,12.3,50,,Cloudy,False
2025-02-08,17,32.3,25.2,0.0,0.0,0.0,0.098,3,Overcast,3.5,11.2,53,,Cloudy,False
2025-02-08,18,31.0,23.7,0.0,0.0,0.0,0.098,3,Overcast,4.4,10.3,60,,Cloudy,False
2025-02-08,19,30.4,23.2,0.0,0.0,0.0,0.098,3,Overcast,4.5,11.2,66,,Cloudy,False
2025-02-08,20,30.4,23.3,0.0,0.0,0.0,0.098,3,Overcast,4.7,10.3,70,,Cloudy,False
2025-02-08,21,30.8,24.8,0.008,0.0,0.055,0.098,71,Slight snowfall,2.5,11.4,72,,Snow,True
2025-02-08,22,29.3,22.6,0.087,0.0,0.606,0.131,75,Heavy snowfall,5.0,12.1,89,,Snow,True
2025-02-08,23,29.4,23.5,0.15,0.008,0.992,0.164,75,Heavy snowfall,3.6,14.3,95,,Snow,True
2025-02-09,0,29.2,23.0,0.091,0.02,0.496,0.197,75,Heavy snowfall,4.6,14.1,98,,Snow,True
2025-02-09,1,29.3,22.4,0.075,0.02,0.386,0.23,75,Heavy snowfall,6.0,11.6,97,,Snow,True
2025-02-09,2,29.9,23.1,0.039,0.039,0.0,0.295,55,Dense drizzle,6.2,11.2,97,,Drizzle,False
2025-02-09,3,30.7,24.7,0.012,0.012,0.0,0.295,51,Light drizzle,4.3,11.4,98,,Drizzle,False
2025-02-09,4,31.5,25.8,0.008,0.008,0.0,0.295,51,Light drizzle,3.9,8.3,97,,Drizzle,False
2025-02-09,5,31.4,26.6,0.004,0.004,0.0,0.328,51,Light drizzle,2.0,7.2,99,,Drizzle,False
2025-02-09,6,31.3,25.7,0.008,0.004,0.028,0.328,71,Slight snowfall,4.0,7.6,100,,Snow,True
2025-02-09,7,31.5,25.9,0.008,0.008,0.0,0.328,51,Light drizzle,3.7,8.3,99,,Drizzle,False
2025-02-09,8,31.7,26.2,0.004,0.004,0.0,0.328,51,Light drizzle,3.7,7.6,98,,Drizzle,False
2025-02-09,9,31.2,25.4,0.0,0.0,0.0,0.328,3,Overcast,3.9,7.8,96,,Cloudy,False
2025-02-09,10,32.5,25.7,0.0,0.0,0.0,0.328,2,Partly cloudy,6.3,13.0,89,,Cloudy,False
2025-02-09,11,33.0,26.1,0.0,0.0,0.0,0.328,3,Overcast,6.3,13.6,85,,Cloudy,False
2025-02-09,12,34.0,26.7,0.0,0.0,0.0,0.328,3,Overcast,6.7,14.1,77,,Cloudy,False
2025-02-09,13,34.3,26.4,0.0,0.0,0.0,0.328,3,Overcast,7.8,16.3,73,,Cloudy,False
2025-02-09,14,34.1,26.2,0.0,0.0,0.0,0.328,2,Partly cloudy,7.8,17.2,73,,Cloudy,False
2025-02-09,15,34.2,26.5,0.0,0.0,0.0,0.295,2,Partly cloudy,7.2,16.6,72,,Cloudy,False
2025-02-09,16,34.1,26.5,0.0,0.0,0.0,0.295,2,Partly cloudy,6.8,15.4,72,,Cloudy,False
2025-02-09,17,33.2,25.7,0.0,0.0,0.0,0.295,0,Clear sky,6.5,14.5,74,,Clear,False
2025-02-09,18,31.6,24.6,0.0,0.0,0.0,0.295,3,Overcast,5.1,13.4,76,,Cloudy,False
2025-02-09,19,28.9,22.5,0.0,0.0,0.0,0.295,3,Overcast,3.5,9.6,81,,Cloudy,False
2025-02-09,20,29.7,23.7,0.0,0.0,0.0,0.295,3,Overcast,2.8,5.8,82,,Cloudy,False
2025-02-09,21,30.9,25.1,0.0,0.0,0.0,0.295,3,Overcast,3.0,5.1,83,,Cloudy,False
2025-02-09,22,31.2,24.4,0.0,0.0,0.0,0.295,2,Partly cloudy,5.0,8.7,81,,Cloudy,False
2025-02-09,23,30.7,23.0,0.0,0.0,0.0,0.295,1,Mainly clear,6.8,13.0,75,,Clear,False
2025-02-10,0,29.7,22.6,0.0,0.0,0.0,0.295,2,Partly cloudy,4.7,13.0,73,,Cloudy,False
2025-02-10,1,28.9,21.8,0.0,0.0,0.0,0.295,3,Overcast,4.6,8.5,73,,Cloudy,False
2025-02-10,2,28.5,21.2,0.0,0.0,0.0,0.295,3,Overcast,5.1,9.8,76,,Cloudy,False
2025-02-10,3,28.9,21.4,0.0,0.0,0.0,0.295,3,Overcast,5.7,11.2,77,,Cloudy,False
2025-02-10,4,28.2,20.4,0.0,0.0,0.0,0.295,3,Overcast,6.6,12.8,79,,Cloudy,False
2025-02-10,5,27.0,18.9,0.0,0.0,0.0,0.295,3,Overcast,7.0,13.9,80,,Cloudy,False
2025-02-10,6,25.0,17.1,0.0,0.0,0.0,0.295,3,Overcast,6.0,13.9,80,,Cloudy,False
2025-02-10,7,23.8,16.3,0.0,0.0,0.0,0.295,2,Partly cloudy,4.9,11.6,80,,Cloudy,False
2025-02-10,8,22.6,15.1,0.0,0.0,0.0,0.295,0,Clear sky,4.5,9.4,80,,Clear,False
2025-02-10,9,23.7,16.6,0.0,0.0,0.0,0.295,0,Clear sky,3.6,6.7,74,,Clear,False
2025-02-10,10,26.4,19.9,0.0,0.0,0.0,0.295,1,Mainly clear,2.9,7.2,76,,Clear,False
2025-02-10,11,29.5,23.3,0.0,0.0,0.0,0.295,3,Overcast,2.4,6.3,70,,Cloudy,False
2025-02-10,12,31.7,24.7,0.0,0.0,0.0,0.295,3,Overcast,4.4,8.9,65,,Cloudy,False
2025-02-10,13,32.4,23.9,0.0,0.0,0.0,0.295,3,Overcast,7.8,18.6,64,,Cloudy,False
2025-02-10,14,32.5,24.1,0.0,0.0,0.0,0.295,2,Partly cloudy,7.6,19.9,64,,Cloudy,False
2025-02-10,15,32.4,24.2,0.0,0.0,0.0,0.295,0,Clear sky,7.0,17.9,63,,Clear,False
2025-02-10,16,31.9,24.2,0.0,0.0,0.0,0.295,0,Clear sky,5.5,15.4,60,,Clear,False
2025-02-10,17,30.8,23.7,0.0,0.0,0.0,0.295,0,Clear sky,4.2,12.1,63,,Clear,False
2025-02-10,18,26.8,19.6,0.0,0.0,0.0,0.295,0,Clear sky,3.9,8.9,67,,Clear,False
2025-02-10,19,24.6,17.0,0.0,0.0,0.0,0.295,0,Clear sky,4.4,8.1,67,,Clear,False
2025-02-10,20,23.9,16.0,0.0,0.0,0.0,0.295,0,Clear sky,4.9,9.2,68,,Clear,False
2025-02-10,21,25.1,17.2,0.0,0.0,0.0,0.295,3,Overcast,5.2,9.6,66,,Cloudy,False
2025-02-10,22,23.8,16.0,0.0,0.0,0.0,0.295,3,Overcast,4.9,10.3,69,,Cloudy,False
2025-02-10,23,21.6,14.1,0.0,0.0,0.0,0.295,3,Overcast,3.9,9.4,73,,Cloudy,False
2025-02-11,0,19.4,12.0,0.0,0.0,0.0,0.295,2,Partly cloudy,3.5,7.2,75,,Cloudy,False
2025-02-11,1,18.1,10.8,0.0,0.0,0.0,0.295,1,Mainly clear,3.1,6.3,75,,Clear,False
2025-02-11,2,17.9,11.3,0.0,0.0,0.0,0.295,2,Partly cloudy,1.3,5.4,75,,Cloudy,False
2025-02-11,3,16.9,10.4,0.0,0.0,0.0,0.295,3,Overcast,1.0,2.9,77,,Cloudy,False
2025-02-11,4,15.5,9.0,0.0,0.0,0.0,0.295,3,Overcast,0.9,2.2,79,,Cloudy,False
2025-02-11,5,14.8,8.2,0.0,0.0,0.0,0.295,3,Overcast,1.0,2.2,81,,Cloudy,False
2025-02-11,6,15.0,8.4,0.0,0.0,0.0,0.295,3,Overcast,1.2,2.9,81,,Cloudy,False
2025-02-11,7,15.2,8.6,0.0,0.0,0.0,0.295,3,Overcast,1.0,2.5,81,,Cloudy,False
2025-02-11,8,15.9,9.3,0.0,0.0,0.0,0.295,3,Overcast,1.3,2.7,81,,Cloudy,False
2025-02-11,9,19.3,12.8,0.0,0.0,0.0,0.295,3,Overcast,1.6,3.6,79,,Cloudy,False
2025-02-11,10,22.9,16.3,0.0,0.0,0.0,0.295,3,Overcast,2.2,4.7,75,,Cloudy,False
2025-02-11,11,25.5,19.5,0.0,0.0,0.0,0.295,3,Overcast,1.2,4.9,73,,Cloudy,False
2025-02-11,12,27.8,22.0,0.0,0.0,0.0,0.295,3,Overcast,0.5,4.3,65,,Cloudy,False
2025-02-11,13,29.6,23.4,0.0,0.0,0.0,0.295,3,Overcast,1.5,4.9,60,,Cloudy,False
2025-02-11,14,30.6,24.1,0.0,0.0,0.0,0.295,3,Overcast,2.2,6.0,59,,Cloudy,False
2025-02-11,15,31.3,24.6,0.0,0.0,0.0,0.295,3,Overcast,3.0,7.6,60,,Cloudy,False
2025-02-11,16,31.3,24.8,0.0,0.0,0.0,0.262,3,Overcast,2.8,8.1,64,,Cloudy,False
2025-02-11,17,31.0,25.6,0.0,0.0,0.0,0.262,3,Overcast,1.1,7.2,73,,Cloudy,False
2025-02-11,18,29.9,24.6,0.0,0.0,0.0,0.262,3,Overcast,0.6,2.7,74,,Cloudy,False
2025-02-11,19,28.9,23.6,0.004,0.0,0.028,0.262,71,Slight snowfall,0.7,1.6,78,,Snow,True
2025-02-11,20,28.6,23.2,0.004,0.0,0.028,0.262,71,Slight snowfall,1.1,2.7,83,,Snow,True
2025-02-11,21,29.3,23.7,0.008,0.0,0.055,0.262,71,Slight snowfall,1.7,2.7,80,,Snow,True
2025-02-11,22,29.2,24.2,0.016,0.0,0.11,0.295,73,Moderate snowfall,0.5,3.1,82,,Snow,True
2025-02-11,23,28.9,23.6,0.012,0.0,0.083,0.295,73,Moderate snowfall,1.5,2.5,87,,Snow,True
2025-02-12,0,28.9,23.3,0.028,0.0,0.193,0.295,73,Moderate snowfall,2.0,3.8,88,,Snow,True
2025-02-12,1,28.7,22.5,0.028,0.0,0.193,0.295,73,Moderate snowfall,3.7,7.2,90,,Snow,True
2025-02-12,2,28.4,22.1,0.028,0.0,0.193,0.328,73,Moderate snowfall,3.9,8.7,91,,Snow,True
2025-02-12,3,28.2,21.7,0.028,0.0,0.193,0.328,73,Moderate snowfall,4.5,9.2,93,,Snow,True
2025-02-12,4,28.1,21.0,0.016,0.0,0.11,0.361,73,Moderate snowfall,6.2,12.3,95,,Snow,True
2025-02-12,5,28.6,21.5,0.008,0.0,0.055,0.361,71,Slight snowfall,6.1,12.8,94,,Snow,True
2025-02-12,6,28.9,21.9,0.0,0.0,0.0,0.361,3,Overcast,5.9,12.1,94,,Cloudy,False
2025-02-12,7,28.9,21.6,0.0,0.0,0.0,0.361,3,Overcast,6.8,13.6,93,,Cloudy,False
2025-02-12,8,29.2,22.1,0.004,0.0,0.028,0.361,71,Slight snowfall,6.2,14.1,92,,Snow,True
2025-02-12,9,30.2,23.3,0.0,0.0,0.0,0.361,3,Overcast,5.6,12.3,88,,Cloudy,False
2025-02-12,10,31.0,23.9,0.0,0.0,0.0,0.361,3,Overcast,6.1,12.8,85,,Cloudy,False
2025-02-12,11,31.9,25.1,0.0,0.0,0.0,0.361,3,Overcast,5.6,13.6,84,,Cloudy,False
2025-02-12,12,32.6,25.7,0.0,0.0,0.0,0.361,3,Overcast,5.9,12.5,82,,Cloudy,False
2025-02-12,13,32.5,24.5,0.0,0.0,0.0,0.361,3,Overcast,8.4,17.9,82,,Cloudy,False
2025-02-12,14,32.1,24.1,0.0,0.0,0.0,0.361,3,Overcast,8.1,19.0,80,,Cloudy,False
2025-02-12,15,32.0,24.4,0.0,0.0,0.0,0.328,3,Overcast,7.0,17.4,79,,Cloudy,False
2025-02-12,16,31.9,24.3,0.0,0.0,0.0,0.328,3,Overcast,7.0,15.0,79,,Cloudy,False
2025-02-12,17,31.6,23.9,0.0,0.0,0.0,0.328,3,Overcast,7.4,15.0,80,,Cloudy,False
2025-02-12,18,31.6,24.3,0.0,0.0,0.0,0.328,3,Overcast,6.6,15.2,83,,Cloudy,False
2025-02-12,19,32.0,24.9,0.0,0.0,0.0,0.328,3,Overcast,6.5,13.4,85,,Cloudy,False
2025-02-12,20,32.6,25.3,0.004,0.0,0.028,0.361,71,Slight snowfall,7.3,14.8,85,,Snow,True
2025-02-12,21,32.7,25.0,0.012,0.0,0.083,0.361,73,Moderate snowfall,8.1,16.8,85,,Snow,True
2025-02-12,22,32.9,25.4,0.012,0.0,0.083,0.361,73,Moderate snowfall,7.9,16.6,87,,Snow,True
2025-02-12,23,33.0,25.6,0.012,0.0,0.083,0.361,73,Moderate snowfall,8.1,17.2,91,,Snow,True
2025-02-13,0,33.3,26.2,0.008,0.0,0.055,0.394,71,Slight snowfall,7.4,16.6,93,,Snow,True
2025-02-13,1,33.5,26.8,0.016,0.016,0.0,0.394,51,Light drizzle,6.8,15.0,94,,Drizzle,False
2025-02-13,2,34.6,27.8,0.02,0.02,0.0,0.394,53,Moderate drizzle,7.5,15.0,94,,Drizzle,False
2025-02-13,3,35.8,29.0,0.02,0.02,0.0,0.361,53,Moderate drizzle,7.7,15.2,93,,Drizzle,False
2025-02-13,4,36.2,29.8,0.035,0.035,0.0,0.361,53,Moderate drizzle,7.3,15.7,94,,Drizzle,False
2025-02-13,5,36.2,29.8,0.047,0.047,0.0,0.361,55,Dense drizzle,7.4,15.2,95,,Drizzle,False
2025-02-13,6,36.1,30.3,0.035,0.035,0.0,0.361,53,Moderate drizzle,5.6,14.3,96,,Drizzle,False
2025-02-13,7,36.0,30.2,0.02,0.02,0.0,0.361,53,Moderate drizzle,5.7,11.0,96,,Drizzle,False
2025-02-13,8,36.0,30.8,0.028,0.028,0.0,0.328,53,Moderate drizzle,4.3,11.2,97,,Drizzle,False
2025-02-13,9,34.9,28.8,0.008,0.008,0.0,0.328,51,Light drizzle,6.1,13.0,97,,Drizzle,False
2025-02-13,10,35.3,30.3,0.0,0.0,0.0,0.328,3,Overcast,3.7,12.1,97,,Cloudy,False
2025-02-13,11,35.4,31.4,0.004,0.004,0.0,0.328,51,Light drizzle,1.6,7.2,98,,Drizzle,False
2025-02-13,12,36.3,33.0,0.004,0.004,0.0,0.295,51,Light drizzle,0.3,2.5,98,,Drizzle,False
2025-02-13,13,37.5,33.0,0.0,0.0,0.0,0.295,3,Overcast,3.6,7.4,98,,Cloudy,False
2025-02-13,14,39.0,33.2,0.0,0.0,0.0,0.262,3,Overcast,7.3,15.0,97,,Cloudy,False
2025-02-13,15,39.9,33.5,0.0,0.0,0.0,0.262,3,Overcast,8.6,17.7,94,,Cloudy,False
2025-02-13,16,41.4,34.8,0.0,0.0,0.0,0.262,3,Overcast,9.1,19.2,90,,Cloudy,False
2025-02-13,17,42.4,35.3,0.0,0.0,0.0,0.23,3,Overcast,10.4,23.0,85,,Cloudy,False
2025-02-13,18,42.3,35.0,0.0,0.0,0.0,0.23,3,Overcast,10.1,22.6,82,,Cloudy,False
2025-02-13,19,41.5,32.9,0.0,0.0,0.0,0.23,1,Mainly clear,11.9,25.7,75,,Clear,False
2025-02-13,20,39.4,31.3,0.0,0.0,0.0,0.197,2,Partly cloudy,9.9,26.6,73,,Cloudy,False
2025-02-13,21,38.3,30.5,0.0,0.0,0.0,0.197,0,Clear sky,8.6,22.4,71,,Clear,False
2025-02-13,22,37.2,27.9,0.0,0.0,0.0,0.197,1,Mainly clear,11.4,24.2,66,,Clear,False
2025-02-13,23,34.8,25.1,0.0,0.0,0.0,0.197,1,Mainly clear,11.6,24.2,66,,Clear,False
2025-02-14,0,32.5,22.5,0.0,0.0,0.0,0.197,0,Clear sky,11.8,25.9,67,,Clear,False
2025-02-14,1,30.7,20.9,0.0,0.0,0.0,0.197,0,Clear sky,10.6,26.2,67,,Clear,False
2025-02-14,2,29.8,20.2,0.0,0.0,0.0,0.197,0,Clear sky,10.0,23.7,67,,Clear,False
2025-02-14,3,29.2,19.5,0.0,0.0,0.0,0.197,0,Clear sky,10.2,22.8,66,,Clear,False
2025-02-14,4,28.2,18.7,0.0,0.0,0.0,0.197,0,Clear sky,9.4,22.8,66,,Clear,False
2025-02-14,5,27.3,18.0,0.0,0.0,0.0,0.197,1,Mainly clear,8.7,21.0,63,,Clear,False
2025-02-14,6,26.7,17.3,0.0,0.0,0.0,0.197,0,Clear sky,8.7,19.5,63,,Clear,False
2025-02-14,7,26.9,17.2,0.0,0.0,0.0,0.197,0,Clear sky,9.7,21.3,66,,Clear,False
2025-02-14,8,26.9,17.3,0.0,0.0,0.0,0.197,0,Clear sky,9.4,21.9,67,,Clear,False
2025-02-14,9,29.1,19.6,0.0,0.0,0.0,0.197,0,Clear sky,8.9,22.4,54,,Clear,False
2025-02-14,10,30.1,20.3,0.0,0.0,0.0,0.197,0,Clear sky,9.3,20.6,51,,Clear,False
2025-02-14,11,30.4,20.3,0.0,0.0,0.0,0.197,0,Clear sky,10.1,24.6,51,,Clear,False
2025-02-14,12,31.2,20.9,0.0,0.0,0.0,0.197,1,Mainly clear,10.7,26.2,50,,Clear,False
2025-02-14,13,32.2,22.1,0.0,0.0,0.0,0.197,3,Overcast,11.7,27.5,49,,Cloudy,False
2025-02-14,14,32.1,22.7,0.0,0.0,0.0,0.197,0,Clear sky,9.8,27.5,49,,Clear,False
2025-02-14,15,31.8,22.1,0.0,0.0,0.0,0.197,0,Clear sky,10.1,24.6,50,,Clear,False
2025-02-14,16,32.3,22.4,0.0,0.0,0.0,0.197,1,Mainly clear,9.4,23.9,46,,Clear,False
2025-02-14,17,31.0,21.1,0.0,0.0,0.0,0.197,2,Partly cloudy,9.5,22.1,47,,Cloudy,False
2025-02-14,18,29.3,20.4,0.0,0.0,0.0,0.197,3,Overcast,7.2,21.3,53,,Cloudy,False
2025-02-14,19,27.4,19.0,0.0,0.0,0.0,0.197,3,Overcast,5.9,15.4,56,,Cloudy,False
2025-02-14,20,26.2,18.5,0.0,0.0,0.0,0.197,3,Overcast,4.4,12.1,59,,Cloudy,False
2025-02-14,21,27.4,20.3,0.0,0.0,0.0,0.197,3,Overcast,2.9,7.4,55,,Cloudy,False
2025-02-14,22,27.6,19.6,0.0,0.0,0.0,0.197,3,Overcast,4.7,9.4,52,,Cloudy,False
2025-02-14,23,26.9,19.2,0.0,0.0,0.0,0.197,3,Overcast,3.9,10.1,54,,Cloudy,False
2025-02-15,0,27.0,19.3,0.0,0.0,0.0,0.197,3,Overcast,3.9,8.3,53,,Cloudy,False
2025-02-15,1,26.8,19.1,0.0,0.0,0.0,0.197,3,Overcast,3.8,8.3,52,,Cloudy,False
2025-02-15,2,26.6,18.9,0.0,0.0,0.0,0.197,3,Overcast,3.8,8.1,50,,Cloudy,False
2025-02-15,3,26.2,18.8,0.0,0.0,0.0,0.197,3,Overcast,3.1,7.6,50,,Cloudy,False
2025-02-15,4,26.0,18.8,0.0,0.0,0.0,0.197,3,Overcast,2.5,6.5,50,,Cloudy,False
2025-02-15,5,25.8,18.6,0.0,0.0,0.0,0.197,3,Overcast,2.5,5.8,51,,Cloudy,False
2025-02-15,6,25.3,18.0,0.0,0.0,0.0,0.197,3,Overcast,2.9,6.3,53,,Cloudy,False
2025-02-15,7,25.2,18.1,0.0,0.0,0.0,0.197,3,Overcast,2.3,6.5,53,,Cloudy,False
2025-02-15,8,24.9,18.1,0.0,0.0,0.0,0.197,3,Overcast,1.7,5.1,55,,Cloudy,False
2025-02-15,9,26.8,19.5,0.0,0.0,0.0,0.197,3,Overcast,2.8,7.8,51,,Cloudy,False
2025-02-15,10,29.3,21.8,0.0,0.0,0.0,0.197,3,Overcast,3.3,10.5,44,,Cloudy,False
2025-02-15,11,31.6,23.8,0.0,0.0,0.0,0.197,3,Overcast,4.5,12.5,46,,Cloudy,False
2025-02-15,12,32.6,24.5,0.0,0.0,0.0,0.197,3,Overcast,6.3,15.2,55,,Cloudy,False
2025-02-15,13,34.0,25.5,0.0,0.0,0.0,0.197,3,Overcast,7.7,18.6,58,,Cloudy,False
2025-02-15,14,34.7,26.6,0.0,0.0,0.0,0.197,3,Overcast,7.4,19.2,62,,Cloudy,False
2025-02-15,15,33.9,26.0,0.012,0.0,0.083,0.197,73,Moderate snowfall,7.5,19.9,72,,Snow,True
2025-02-15,16,33.2,26.9,0.024,0.0,0.165,0.197,73,Moderate snowfall,4.8,16.8,84,,Snow,True
2025-02-15,17,33.4,26.6,0.02,0.0,0.138,0.197,73,Moderate snowfall,6.1,13.6,87,,Snow,True
2025-02-15,18,33.2,26.7,0.024,0.0,0.165,0.23,73,Moderate snowfall,5.9,13.9,92,,Snow,True
2025-02-15,19,33.1,26.5,0.024,0.0,0.165,0.23,73,Moderate snowfall,6.6,13.6,95,,Snow,True
2025-02-15,20,33.1,27.2,0.024,0.004,0.138,0.262,73,Moderate snowfall,5.1,14.3,97,,Snow,True
2025-02-15,21,32.3,26.5,0.035,0.024,0.083,0.262,73,Moderate snowfall,4.6,8.9,98,,Snow,True
2025-02-15,22,32.6,26.0,0.043,0.043,0.0,0.295,55,Dense drizzle,6.5,12.8,97,,Drizzle,False
2025-02-15,23,33.1,26.7,0.055,0.055,0.0,0.295,61,Slight rain,6.0,13.2,96,,Rain,True
2025-02-16,0,33.4,26.7,0.055,0.055,0.0,0.295,61,Slight rain,6.8,13.2,96,,Rain,True
2025-02-16,1,33.8,27.4,0.039,0.039,0.0,0.295,55,Dense drizzle,6.5,13.4,96,,Drizzle,False
2025-02-16,2,34.2,28.0,0.028,0.028,0.0,0.295,53,Moderate drizzle,6.1,13.0,97,,Drizzle,False
2025-02-16,3,34.7,29.2,0.016,0.016,0.0,0.262,51,Light drizzle,4.8,11.9,97,,Drizzle,False
2025-02-16,4,34.7,29.4,0.02,0.02,0.0,0.262,53,Moderate drizzle,4.4,16.3,98,,Drizzle,False
2025-02-16,5,34.7,29.2,0.012,0.012,0.0,0.262,51,Light drizzle,4.7,10.7,98,,Drizzle,False
2025-02-16,6,34.8,28.9,0.016,0.016,0.0,0.262,51,Light drizzle,5.9,11.4,98,,Drizzle,False
2025-02-16,7,35.2,28.9,0.031,0.031,0.0,0.262,53,Moderate drizzle,6.8,13.6,98,,Drizzle,False
2025-02-16,8,35.1,28.6,0.094,0.094,0.0,0.262,61,Slight rain,7.2,25.9,99,,Rain,True
2025-02-16,9,33.1,25.5,0.02,0.02,0.0,0.262,53,Moderate drizzle,9.0,31.8,98,,Drizzle,False
2025-02-16,10,33.3,25.9,0.008,0.008,0.0,0.262,51,Light drizzle,8.7,18.6,98,,Drizzle,False
2025-02-16,11,34.6,27.2,0.008,0.008,0.0,0.262,51,Light drizzle,9.5,18.8,99,,Drizzle,False
2025-02-16,12,36.7,31.2,0.016,0.016,0.0,0.23,51,Light drizzle,5.7,18.3,99,,Drizzle,False
2025-02-16,13,37.4,32.2,0.071,0.071,0.0,0.23,61,Slight rain,5.4,10.1,99,,Rain,True
2025-02-16,14,38.1,32.4,0.134,0.134,0.0,0.23,63,Moderate rain,6.9,24.4,100,,Rain,True
2025-02-16,15,36.3,30.5,0.157,0.157,0.0,0.23,63,Moderate rain,6.5,18.6,100,,Rain,True
2025-02-16,16,38.3,34.1,0.008,0.008,0.0,0.197,51,Light drizzle,3.1,12.1,98,,Drizzle,False
2025-02-16,17,38.2,33.8,0.012,0.012,0.0,0.197,51,Light drizzle,3.8,8.1,98,,Drizzle,False
2025-02-16,18,36.7,33.4,0.043,0.043,0.0,0.164,55,Dense drizzle,0.7,13.2,100,,Drizzle,False
2025-02-16,19,39.9,34.1,0.039,0.039,0.0,0.164,55,Dense drizzle,8.0,10.7,100,,Drizzle,False
2025-02-16,20,44.9,35.3,0.0,0.0,0.0,0.131,2,Partly cloudy,17.9,37.8,88,,Cloudy,False
2025-02-16,21,40.6,30.8,0.0,0.0,0.0,0.131,2,Partly cloudy,16.2,37.4,86,,Cloudy,False
2025-02-16,22,39.8,30.2,0.0,0.0,0.0,0.131,3,Overcast,14.9,36.0,83,,Cloudy,False
2025-02-16,23,38.0,27.0,0.0,0.0,0.0,0.131,1,Mainly clear,15.9,36.2,68,,Clear,False
2025-02-17,0,34.5,23.8,0.0,0.0,0.0,0.131,3,Overcast,13.9,35.6,67,,Cloudy,False
2025-02-17,1,31.9,20.4,0.0,0.0,0.0,0.131,3,Overcast,14.9,35.8,63,,Cloudy,False
2025-02-17,2,30.0,19.1,0.0,0.0,0.0,0.131,1,Mainly clear,12.8,35.3,59,,Clear,False
2025-02-17,3,28.3,18.2,0.0,0.0,0.0,0.131,1,Mainly clear,10.3,31.3,59,,Clear,False
2025-02-17,4,28.1,18.2,0.0,0.0,0.0,0.131,2,Partly cloudy,10.2,24.8,62,,Cloudy,False
2025-02-17,5,28.0,16.8,0.0,0.0,0.0,0.131,2,Partly cloudy,12.8,29.3,56,,Cloudy,False
2025-02-17,6,26.8,15.6,0.0,0.0,0.0,0.131,1,Mainly clear,12.3,29.8,54,,Clear,False
2025-02-17,7,26.2,15.0,0.0,0.0,0.0,0.131,3,Overcast,12.0,29.8,53,,Cloudy,False
2025-02-17,8,26.4,15.2,0.0,0.0,0.0,0.131,3,Overcast,12.2,29.3,53,,Cloudy,False
2025-02-17,9,29.9,19.6,0.0,0.0,0.0,0.131,1,Mainly clear,10.8,24.6,54,,Clear,False
2025-02-17,10,30.4,18.2,0.0,0.0,0.0,0.131,3,Overcast,14.9,35.1,50,,Cloudy,False
2025-02-17,11,30.5,17.8,0.0,0.0,0.0,0.131,3,Overcast,16.0,36.2,49,,Cloudy,False
2025-02-17,12,30.3,17.3,0.0,0.0,0.0,0.131,3,Overcast,16.4,39.6,46,,Cloudy,False
2025-02-17,13,30.8,17.2,0.0,0.0,0.0,0.131,3,Overcast,17.7,39.6,42,,Cloudy,False
2025-02-17,14,31.3,18.1,0.0,0.0,0.0,0.131,1,Mainly clear,16.6,40.9,39,,Clear,False
2025-02-17,15,31.3,18.0,0.0,0.0,0.0,0.131,3,Overcast,16.8,39.8,39,,Cloudy,False
2025-02-17,16,30.7,18.0,0.0,0.0,0.0,0.131,1,Mainly clear,15.4,38.9,40,,Clear,False
2025-02-17,17,29.9,17.4,0.0,0.0,0.0,0.131,3,Overcast,15.1,36.0,42,,Cloudy,False
2025-02-17,18,28.7,17.9,0.0,0.0,0.0,0.131,1,Mainly clear,11.1,37.4,46,,Clear,False
2025-02-17,19,27.5,16.8,0.0,0.0,0.0,0.098,1,Mainly clear,10.8,25.3,47,,Clear,False
2025-02-17,20,26.7,15.0,0.0,0.0,0.0,0.098,0,Clear sky,13.0,29.3,45,,Clear,False
2025-02-17,21,29.6,17.2,0.0,0.0,0.0,0.098,0,Clear sky,14.3,33.3,39,,Clear,False
2025-02-17,22,28.7,17.7,0.0,0.0,0.0,0.098,0,Clear sky,11.1,32.2,42,,Clear,False
2025-02-17,23,27.3,17.7,0.0,0.0,0.0,0.098,0,Clear sky,8.1,24.6,45,,Clear,False
2025-02-18,0,25.8,16.8,0.0,0.0,0.0,0.098,1,Mainly clear,6.4,18.1,48,,Clear,False
2025-02-18,1,24.9,16.2,0.0,0.0,0.0,0.098,2,Partly cloudy,5.8,14.1,49,,Cloudy,False
2025-02-18,2,24.2,14.7,0.0,0.0,0.0,0.098,1,Mainly clear,7.6,16.3,48,,Clear,False
2025-02-18,3,22.3,12.1,0.0,0.0,0.0,0.098,1,Mainly clear,8.9,20.4,47,,Clear,False
2025-02-18,4,20.8,11.3,0.0,0.0,0.0,0.098,1,Mainly clear,7.2,20.8,47,,Clear,False
2025-02-18,5,19.7,9.5,0.0,0.0,0.0,0.098,0,Clear sky,8.4,19.0,48,,Clear,False
2025-02-18,6,18.5,6.6,0.0,0.0,0.0,0.098,0,Clear sky,12.5,28.0,45,,Clear,False
2025-02-18,7,17.4,5.4,0.0,0.0,0.0,0.098,0,Clear sky,12.3,29.5,40,,Clear,False
2025-02-18,8,16.4,5.0,0.0,0.0,0.0,0.098,0,Clear sky,10.9,29.1,39,,Clear,False
2025-02-18,9,19.0,7.2,0.0,0.0,0.0,0.098,0,Clear sky,11.5,26.6,31,,Clear,False
2025-02-18,10,20.2,8.2,0.0,0.0,0.0,0.098,0,Clear sky,12.0,28.9,29,,Clear,False
2025-02-18,11,21.7,9.7,0.0,0.0,0.0,0.098,0,Clear sky,12.1,30.6,27,,Clear,False
2025-02-18,12,23.2,10.9,0.0,0.0,0.0,0.098,0,Clear sky,13.1,32.4,27,,Clear,False
2025-02-18,13,24.5,12.8,0.0,0.0,0.0,0.098,1,Mainly clear,13.4,35.8,24,,Clear,False
2025-02-18,14,25.7,13.9,0.0,0.0,0.0,0.098,2,Partly cloudy,13.5,34.7,23,,Cloudy,False
2025-02-18,15,26.3,13.9,0.0,0.0,0.0,0.098,0,Clear sky,13.8,33.3,22,,Clear,False
2025-02-18,16,26.1,13.8,0.0,0.0,0.0,0.098,3,Overcast,12.8,33.1,25,,Cloudy,False
2025-02-18,17,25.3,12.9,0.0,0.0,0.0,0.098,3,Overcast,13.0,32.2,25,,Cloudy,False
2025-02-18,18,23.7,11.7,0.0,0.0,0.0,0.098,0,Clear sky,12.2,30.2,27,,Clear,False
2025-02-18,19,22.4,11.0,0.0,0.0,0.0,0.098,0,Clear sky,10.7,28.0,31,,Clear,False
2025-02-18,20,21.4,10.0,0.0,0.0,0.0,0.098,0,Clear sky,10.6,24.6,33,,Clear,False
2025-02-18,21,22.2,10.9,0.0,0.0,0.0,0.098,0,Clear sky,10.8,25.1,37,,Clear,False
2025-02-18,22,21.7,10.5,0.0,0.0,0.0,0.098,0,Clear sky,10.9,24.8,38,,Clear,False
2025-02-18,23,21.1,10.3,0.0,0.0,0.0,0.098,0,Clear sky,9.8,24.6,40,,Clear,False
2025-02-19,0,20.0,9.3,0.0,0.0,0.0,0.098,1,Mainly clear,9.5,22.1,43,,Clear,False
2025-02-19,1,19.0,8.3,0.0,0.0,0.0,0.098,0,Clear sky,9.4,21.7,42,,Clear,False
2025-02-19,2,18.1,7.5,0.0,0.0,0.0,0.098,0,Clear sky,8.9,21.3,41,,Clear,False
2025-02-19,3,17.2,6.9,0.0,0.0,0.0,0.098,0,Clear sky,8.3,20.4,42,,Clear,False
2025-02-19,4,16.6,6.6,0.0,0.0,0.0,0.098,1,Mainly clear,7.6,19.2,44,,Clear,False
2025-02-19,5,16.1,6.3,0.0,0.0,0.0,0.098,1,Mainly clear,7.3,17.9,46,,Clear,False
2025-02-19,6,15.7,6.0,0.0,0.0,0.0,0.098,1,Mainly clear,7.1,16.6,48,,Clear,False
2025-02-19,7,15.4,5.6,0.0,0.0,0.0,0.098,3,Overcast,7.6,16.1,50,,Cloudy,False
2025-02-19,8,15.4,5.4,0.0,0.0,0.0,0.098,3,Overcast,7.9,17.9,52,,Cloudy,False
2025-02-19,9,19.0,8.7,0.0,0.0,0.0,0.098,3,Overcast,8.8,21.0,48,,Cloudy,False
2025-02-19,10,21.3,10.7,0.0,0.0,0.0,0.098,3,Overcast,9.6,23.3,45,,Cloudy,False
2025-02-19,11,24.0,13.0,0.0,0.0,0.0,0.098,3,Overcast,10.4,28.0,39,,Cloudy,False
2025-02-19,12,26.5,16.0,0.0,0.0,0.0,0.098,3,Overcast,9.4,25.3,37,,Cloudy,False
2025-02-19,13,28.4,18.9,0.0,0.0,0.0,0.098,3,Overcast,8.5,24.4,35,,Cloudy,False
2025-02-19,14,29.7,20.2,0.0,0.0,0.0,0.098,3,Overcast,8.1,23.0,35,,Cloudy,False
2025-02-19,15,29.8,20.1,0.0,0.0,0.0,0.098,3,Overcast,8.1,21.9,39,,Cloudy,False
2025-02-19,16,29.7,20.2,0.0,0.0,0.0,0.098,3,Overcast,7.7,21.3,42,,Cloudy,False
2025-02-19,17,28.5,19.1,0.0,0.0,0.0,0.098,3,Overcast,7.8,19.9,45,,Cloudy,False
2025-02-19,18,27.3,18.0,0.0,0.0,0.0,0.098,3,Overcast,7.6,19.0,48,,Cloudy,False
2025-02-19,19,25.9,16.8,0.0,0.0,0.0,0.098,1,Mainly clear,7.1,17.2,53,,Clear,False
2025-02-19,20,24.9,16.0,0.0,0.0,0.0,0.098,0,Clear sky,6.6,16.3,54,,Clear,False
2025-02-19,21,25.2,16.9,0.0,0.0,0.0,0.098,0,Clear sky,5.5,13.0,59,,Clear,False
2025-02-19,22,24.4,15.7,0.0,0.0,0.0,0.098,0,Clear sky,6.3,13.9,60,,Clear,False
2025-02-19,23,23.3,14.7,0.0,0.0,0.0,0.098,3,Overcast,6.1,14.3,62,,Cloudy,False
2025-02-20,0,22.2,13.8,0.0,0.0,0.0,0.098,3,Overcast,5.6,13.6,63,,Cloudy,False
2025-02-20,1,21.4,13.0,0.0,0.0,0.0,0.098,2,Partly cloudy,5.5,12.8,64,,Cloudy,False
2025-02-20,2,20.6,11.9,0.0,0.0,0.0,0.098,3,Overcast,5.9,13.6,64,,Cloudy,False
2025-02-20,3,19.9,11.6,0.0,0.0,0.0,0.098,1,Mainly clear,5.1,13.6,63,,Clear,False
2025-02-20,4,19.3,11.1,0.0,0.0,0.0,0.098,0,Clear sky,4.7,12.1,62,,Clear,False
2025-02-20,5,18.6,10.3,0.0,0.0,0.0,0.098,3,Overcast,4.7,11.4,63,,Cloudy,False
2025-02-20,6,17.9,9.4,0.0,0.0,0.0,0.098,0,Clear sky,5.1,12.3,64,,Clear,False
2025-02-20,7,16.8,8.3,0.0,0.0,0.0,0.098,0,Clear sky,5.1,12.3,65,,Clear,False
2025-02-20,8,15.9,7.6,0.0,0.0,0.0,0.098,0,Clear sky,4.5,12.1,66,,Clear,False
2025-02-20,9,19.3,11.2,0.0,0.0,0.0,0.098,0,Clear sky,4.1,11.6,57,,Clear,False
2025-02-20,10,21.6,12.8,0.0,0.0,0.0,0.098,0,Clear sky,5.8,16.1,53,,Clear,False
2025-02-20,11,24.4,15.3,0.0,0.0,0.0,0.098,2,Partly cloudy,6.4,18.3,48,,Cloudy,False
2025-02-20,12,27.0,18.2,0.0,0.0,0.0,0.098,2,Partly cloudy,6.3,18.6,43,,Cloudy,False
2025-02-20,13,29.8,21.3,0.0,0.0,0.0,0.098,3,Overcast,7.5,20.8,40,,Cloudy,False
2025-02-20,14,29.5,20.5,0.0,0.0,0.0,0.098,3,Overcast,6.7,20.6,45,,Cloudy,False
2025-02-20,15,29.1,19.9,0.0,0.0,0.0,0.098,3,Overcast,7.5,19.2,48,,Cloudy,False
2025-02-20,16,28.1,18.5,0.004,0.0,0.028,0.098,71,Slight snowfall,8.7,21.0,53,,Snow,True
2025-02-20,17,26.9,16.8,0.004,0.0,0.028,0.098,71,Slight snowfall,9.9,23.0,57,,Snow,True
2025-02-20,18,25.9,15.6,0.004,0.0,0.028,0.098,71,Slight snowfall,10.5,24.2,59,,Snow,True
2025-02-20,19,24.8,14.2,0.004,0.0,0.028,0.098,71,Slight snowfall,11.0,24.6,61,,Snow,True
2025-02-20,20,24.1,13.3,0.008,0.0,0.055,0.098,71,Slight snowfall,11.3,25.5,60,,Snow,True
2025-02-20,21,24.4,14.1,0.004,0.0,0.028,0.098,71,Slight snowfall,10.4,23.3,61,,Snow,True
2025-02-20,22,23.9,13.7,0.004,0.0,0.028,0.131,71,Slight snowfall,10.1,23.7,61,,Snow,True
2025-02-20,23,23.3,12.2,0.004,0.0,0.028,0.131,71,Slight snowfall,11.8,27.3,59,,Snow,True
2025-02-21,0,22.4,11.1,0.0,0.0,0.0,0.131,3,Overcast,12.1,27.7,58,,Cloudy,False
2025-02-21,1,21.6,10.6,0.0,0.0,0.0,0.131,3,Overcast,11.3,27.3,58,,Cloudy,False
2025-02-21,2,21.0,10.1,0.0,0.0,0.0,0.131,3,Overcast,11.2,25.9,59,,Cloudy,False
2025-02-21,3,20.8,10.0,0.0,0.0,0.0,0.131,2,Partly cloudy,11.1,26.6,60,,Cloudy,False
2025-02-21,4,20.8,10.5,0.0,0.0,0.0,0.131,2,Partly cloudy,9.8,24.8,62,,Cloudy,False
2025-02-21,5,20.9,11.1,0.0,0.0,0.0,0.131,2,Partly cloudy,8.7,21.9,63,,Cloudy,False
2025-02-21,6,21.3,11.4,0.0,0.0,0.0,0.131,3,Overcast,9.0,20.4,63,,Cloudy,False
2025-02-21,7,21.4,11.1,0.0,0.0,0.0,0.131,2,Partly cloudy,9.9,22.4,63,,Cloudy,False
2025-02-21,8,20.9,10.2,0.0,0.0,0.0,0.131,1,Mainly clear,11.0,25.1,63,,Clear,False
2025-02-21,9,23.9,13.3,0.0,0.0,0.0,0.131,0,Clear sky,10.7,27.1,55,,Clear,False
2025-02-21,10,25.4,14.3,0.0,0.0,0.0,0.131,0,Clear sky,11.9,28.0,53,,Clear,False
2025-02-21,11,27.4,15.8,0.0,0.0,0.0,0.131,1,Mainly clear,13.0,31.3,48,,Clear,False
2025-02-21,12,29.0,18.2,0.0,0.0,0.0,0.131,0,Clear sky,11.6,31.1,44,,Clear,False
2025-02-21,13,30.4,20.0,0.0,0.0,0.0,0.131,0,Clear sky,12.0,30.0,43,,Clear,False
2025-02-21,14,31.1,20.6,0.0,0.0,0.0,0.098,0,Clear sky,12.8,31.1,44,,Clear,False
2025-02-21,15,31.1,20.3,0.0,0.0,0.0,0.098,0,Clear sky,12.7,31.1,46,,Clear,False
2025-02-21,16,30.1,18.8,0.0,0.0,0.0,0.098,0,Clear sky,12.9,30.9,49,,Clear,False
2025-02-21,17,28.2,17.0,0.0,0.0,0.0,0.098,0,Clear sky,12.5,30.4,52,,Clear,False
2025-02-21,18,25.8,14.8,0.0,0.0,0.0,0.098,0,Clear sky,11.8,29.1,56,,Clear,False
2025-02-21,19,23.9,13.5,0.0,0.0,0.0,0.098,0,Clear sky,10.4,26.8,59,,Clear,False
2025-02-21,20,22.8,12.6,0.0,0.0,0.0,0.098,0,Clear sky,9.7,23.7,59,,Clear,False
2025-02-21,21,26.5,16.0,0.0,0.0,0.0,0.098,0,Clear sky,10.3,22.4,48,,Clear,False
2025-02-21,22,24.7,13.9,0.0,0.0,0.0,0.098,0,Clear sky,10.8,24.4,52,,Clear,False
2025-02-21,23,22.9,12.4,0.0,0.0,0.0,0.098,0,Clear sky,10.2,24.4,55,,Clear,False
2025-02-22,0,21.6,11.3,0.0,0.0,0.0,0.098,0,Clear sky,9.5,22.8,58,,Clear,False
2025-02-22,1,20.6,10.6,0.0,0.0,0.0,0.098,0,Clear sky,8.9,21.3,60,,Clear,False
2025-02-22,2,19.7,10.0,0.0,0.0,0.0,0.098,0,Clear sky,8.1,19.7,61,,Clear,False
2025-02-22,3,19.1,9.8,0.0,0.0,0.0,0.098,0,Clear sky,7.2,17.9,63,,Clear,False
2025-02-22,4,19.0,10.2,0.0,0.0,0.0,0.098,0,Clear sky,6.1,15.9,65,,Clear,False
2025-02-22,5,19.2,10.6,0.0,0.0,0.0,0.098,1,Mainly clear,5.7,13.4,66,,Clear,False
2025-02-22,6,19.5,11.2,0.0,0.0,0.0,0.098,1,Mainly clear,5.1,12.3,67,,Clear,False
2025-02-22,7,19.5,11.4,0.0,0.0,0.0,0.098,1,Mainly clear,4.7,11.0,68,,Clear,False
2025-02-22,8,19.5,11.4,0.0,0.0,0.0,0.098,0,Clear sky,4.6,9.6,69,,Clear,False
2025-02-22,9,24.0,16.2,0.0,0.0,0.0,0.098,0,Clear sky,4.0,10.5,56,,Clear,False
2025-02-22,10,26.9,19.0,0.0,0.0,0.0,0.098,0,Clear sky,4.3,13.0,51,,Clear,False
2025-02-22,11,29.8,21.8,0.0,0.0,0.0,0.098,0,Clear sky,4.6,14.5,46,,Clear,False
2025-02-22,12,32.5,25.0,0.0,0.0,0.0,0.098,0,Clear sky,4.6,15.2,42,,Clear,False
2025-02-22,13,34.7,28.4,0.0,0.0,0.0,0.098,0,Clear sky,4.1,15.2,43,,Clear,False
2025-02-22,14,36.4,30.6,0.0,0.0,0.0,0.098,0,Clear sky,3.8,13.9,45,,Clear,False
2025-02-22,15,37.6,30.7,0.0,0.0,0.0,0.098,0,Clear sky,5.2,15.0,46,,Clear,False
2025-02-22,16,37.9,29.9,0.0,0.0,0.0,0.098,1,Mainly clear,6.1,16.1,46,,Clear,False
2025-02-22,17,38.3,30.2,0.0,0.0,0.0,0.098,3,Overcast,6.5,15.9,46,,Cloudy,False
2025-02-22,18,36.6,29.1,0.0,0.0,0.0,0.098,3,Overcast,5.4,15.0,53,,Cloudy,False
2025-02-22,19,34.0,26.3,0.0,0.0,0.0,0.098,3,Overcast,5.9,12.1,60,,Cloudy,False
2025-02-22,20,33.3,25.1,0.0,0.0,0.0,0.098,3,Overcast,7.1,14.8,62,,Cloudy,False
2025-02-22,21,32.9,24.6,0.0,0.0,0.0,0.098,3,Overcast,7.3,15.7,61,,Cloudy,False
2025-02-22,22,32.3,23.9,0.0,0.0,0.0,0.098,3,Overcast,7.5,16.1,64,,Cloudy,False
2025-02-22,23,31.5,23.3,0.0,0.0,0.0,0.098,3,Overcast,7.0,16.1,64,,Cloudy,False
2025-02-23,0,31.1,22.8,0.0,0.0,0.0,0.098,2,Partly cloudy,7.1,15.0,63,,Cloudy,False
2025-02-23,1,30.4,22.1,0.0,0.0,0.0,0.098,3,Overcast,6.7,15.0,63,,Cloudy,False
2025-02-23,2,30.2,22.0,0.0,0.0,0.0,0.098,3,Overcast,6.5,14.1,62,,Cloudy,False
2025-02-23,3,29.8,21.7,0.0,0.0,0.0,0.098,3,Overcast,6.4,13.9,62,,Cloudy,False
2025-02-23,4,30.1,21.9,0.0,0.0,0.0,0.098,3,Overcast,6.5,13.6,60,,Cloudy,False
2025-02-23,5,29.9,21.8,0.0,0.0,0.0,0.098,2,Partly cloudy,5.9,13.6,59,,Cloudy,False
2025-02-23,6,29.8,21.6,0.0,0.0,0.0,0.098,1,Mainly clear,5.7,12.3,56,,Clear,False
2025-02-23,7,29.2,21.2,0.0,0.0,0.0,0.098,1,Mainly clear,5.4,11.9,55,,Clear,False
2025-02-23,8,29.1,21.0,0.0,0.0,0.0,0.098,2,Partly cloudy,5.5,11.2,55,,Cloudy,False
2025-02-23,9,32.8,25.5,0.0,0.0,0.0,0.098,0,Clear sky,5.2,11.6,63,,Clear,False
2025-02-23,10,35.8,28.7,0.0,0.0,0.0,0.098,0,Clear sky,4.8,13.0,59,,Clear,False
2025-02-23,11,38.4,30.5,0.0,0.0,0.0,0.098,0,Clear sky,6.2,16.3,48,,Clear,False
2025-02-23,12,40.5,32.9,0.0,0.0,0.0,0.098,0,Clear sky,6.1,17.2,44,,Clear,False
2025-02-23,13,42.2,35.4,0.0,0.0,0.0,0.098,0,Clear sky,6.2,17.2,42,,Clear,False
2025-02-23,14,43.8,37.3,0.0,0.0,0.0,0.098,2,Partly cloudy,6.0,17.4,42,,Cloudy,False
2025-02-23,15,45.1,38.3,0.0,0.0,0.0,0.066,3,Overcast,5.7,17.0,41,,Cloudy,False
2025-02-23,16,46.0,39.1,0.0,0.0,0.0,0.066,3,Overcast,4.5,15.4,40,,Cloudy,False
2025-02-23,17,45.7,39.1,0.0,0.0,0.0,0.066,3,Overcast,4.0,12.5,42,,Cloudy,False
2025-02-23,18,43.8,38.9,0.0,0.0,0.0,0.066,3,Overcast,1.8,9.4,59,,Cloudy,False
2025-02-23,19,41.1,36.4,0.0,0.0,0.0,0.066,3,Overcast,0.7,3.4,59,,Cloudy,False
2025-02-23,20,38.8,33.3,0.0,0.0,0.0,0.066,3,Overcast,2.6,3.8,66,,Cloudy,False
2025-02-23,21,37.6,32.2,0.0,0.0,0.0,0.066,3,Overcast,2.4,4.7,68,,Cloudy,False
2025-02-23,22,36.3,31.0,0.0,0.0,0.0,0.066,3,Overcast,1.7,4.3,67,,Cloudy,False
2025-02-23,23,34.9,29.3,0.0,0.0,0.0,0.066,3,Overcast,2.3,4.3,72,,Cloudy,False
2025-02-24,0,33.5,28.2,0.0,0.0,0.0,0.066,3,Overcast,1.6,4.3,74,,Cloudy,False
2025-02-24,1,32.4,26.7,0.0,0.0,0.0,0.066,3,Overcast,2.3,4.0,78,,Cloudy,False
2025-02-24,2,32.1,26.3,0.0,0.0,0.0,0.066,3,Overcast,2.6,4.7,78,,Cloudy,False
2025-02-24,3,32.5,26.5,0.0,0.0,0.0,0.066,3,Overcast,3.1,6.5,76,,Cloudy,False
2025-02-24,4,32.0,26.1,0.0,0.0,0.0,0.066,3,Overcast,3.0,6.7,78,,Cloudy,False
2025-02-24,5,31.2,25.2,0.0,0.0,0.0,0.066,1,Mainly clear,3.1,6.5,80,,Clear,False
2025-02-24,6,29.9,24.2,0.0,0.0,0.0,0.066,2,Partly cloudy,2.5,6.5,83,,Cloudy,False
2025-02-24,7,29.4,23.7,0.0,0.0,0.0,0.066,2,Partly cloudy,2.3,4.9,85,,Cloudy,False
2025-02-24,8,30.3,25.0,0.0,0.0,0.0,0.066,0,Clear sky,1.7,4.7,85,,Clear,False
2025-02-24,9,33.6,28.1,0.0,0.0,0.0,0.066,0,Clear sky,2.3,6.7,76,,Clear,False
2025-02-24,10,36.9,31.7,0.0,0.0,0.0,0.066,0,Clear sky,1.6,7.2,68,,Clear,False
2025-02-24,11,40.6,35.3,0.0,0.0,0.0,0.066,0,Clear sky,2.9,10.3,65,,Clear,False
2025-02-24,12,44.0,37.9,0.0,0.0,0.0,0.066,3,Overcast,5.9,16.6,62,,Cloudy,False
2025-02-24,13,45.3,38.2,0.0,0.0,0.0,0.066,3,Overcast,7.9,20.6,56,,Cloudy,False
2025-02-24,14,46.1,38.8,0.0,0.0,0.0,0.066,0,Clear sky,8.4,21.5,53,,Clear,False
2025-02-24,15,46.6,39.1,0.0,0.0,0.0,0.033,3,Overcast,9.0,23.0,51,,Cloudy,False
2025-02-24,16,46.0,38.0,0.0,0.0,0.0,0.033,3,Overcast,9.0,22.4,51,,Cloudy,False
2025-02-24,17,44.1,36.1,0.0,0.0,0.0,0.033,3,Overcast,8.9,21.7,55,,Cloudy,False
2025-02-24,18,42.2,33.2,0.0,0.0,0.0,0.033,3,Overcast,10.9,22.8,58,,Cloudy,False
2025-02-24,19,40.8,32.3,0.0,0.0,0.0,0.033,3,Overcast,9.7,23.5,59,,Cloudy,False
2025-02-24,20,40.6,32.3,0.0,0.0,0.0,0.033,3,Overcast,9.2,20.8,61,,Cloudy,False
2025-02-24,21,41.2,32.8,0.0,0.0,0.0,0.033,3,Overcast,8.8,19.7,54,,Cloudy,False
2025-02-24,22,41.0,32.8,0.0,0.0,0.0,0.033,3,Overcast,8.4,18.8,56,,Cloudy,False
2025-02-24,23,40.8,32.7,0.0,0.0,0.0,0.033,3,Overcast,8.5,18.6,58,,Cloudy,False
2025-02-25,0,40.7,32.8,0.0,0.0,0.0,0.033,3,Overcast,8.4,18.3,61,,Cloudy,False
2025-02-25,1,40.6,32.8,0.0,0.0,0.0,0.033,3,Overcast,8.1,17.9,61,,Cloudy,False
2025-02-25,2,40.2,32.6,0.0,0.0,0.0,0.033,3,Overcast,7.7,17.0,62,,Cloudy,False
2025-02-25,3,39.9,32.6,0.0,0.0,0.0,0.033,3,Overcast,7.2,16.1,64,,Cloudy,False
2025-02-25,4,39.1,32.3,0.0,0.0,0.0,0.033,3,Overcast,6.2,14.8,68,,Cloudy,False
2025-02-25,5,38.6,32.1,0.0,0.0,0.0,0.033,3,Overcast,5.5,12.5,71,,Cloudy,False
2025-02-25,6,38.4,32.2,0.0,0.0,0.0,0.033,3,Overcast,5.0,11.2,73,,Cloudy,False
2025-02-25,7,38.5,32.3,0.0,0.0,0.0,0.033,3,Overcast,5.0,10.3,73,,Cloudy,False
2025-02-25,8,38.4,32.6,0.0,0.0,0.0,0.033,3,Overcast,4.3,10.1,75,,Cloudy,False
2025-02-25,9,40.2,34.7,0.0,0.0,0.0,0.033,3,Overcast,3.7,7.8,71,,Cloudy,False
2025-02-25,10,43.7,38.3,0.0,0.0,0.0,0.033,2,Partly cloudy,4.0,10.3,66,,Cloudy,False
2025-02-25,11,46.8,41.6,0.0,0.0,0.0,0.033,3,Overcast,4.1,12.1,62,,Cloudy,False
2025-02-25,12,49.6,45.0,0.0,0.0,0.0,0.033,3,Overcast,3.5,12.1,59,,Cloudy,False
2025-02-25,13,52.5,49.2,0.0,0.0,0.0,0.033,3,Overcast,3.2,12.1,56,,Cloudy,False
2025-02-25,14,54.3,49.6,0.0,0.0,0.0,0.033,3,Overcast,4.9,13.2,55,,Cloudy,False
2025-02-25,15,51.5,45.5,0.0,0.0,0.0,0.033,3,Overcast,7.3,19.9,57,,Cloudy,False
2025-02-25,16,51.4,47.0,0.0,0.0,0.0,0.033,3,Overcast,3.8,17.4,61,,Cloudy,False
2025-02-25,17,51.3,48.7,0.0,0.0,0.0,0.033,2,Partly cloudy,0.3,10.1,64,,Cloudy,False
2025-02-25,18,49.7,47.3,0.0,0.0,0.0,0.033,3,Overcast,1.2,3.4,76,,Cloudy,False
2025-02-25,19,47.6,44.7,0.0,0.0,0.0,0.033,0,Clear sky,1.3,2.0,77,,Clear,False
2025-02-25,20,47.1,41.6,0.0,0.0,0.0,0.033,0,Clear sky,6.3,11.9,70,,Clear,False
2025-02-25,21,45.0,39.4,0.0,0.0,0.0,0.033,0,Clear sky,5.3,11.2,69,,Clear,False
2025-02-25,22,42.6,37.4,0.0,0.0,0.0,0.033,0,Clear sky,4.5,10.7,75,,Clear,False
2025-02-25,23,40.7,35.6,0.0,0.0,0.0,0.033,0,Clear sky,4.0,8.9,79,,Clear,False
2025-02-26,0,38.8,33.7,0.0,0.0,0.0,0.033,0,Clear sky,3.6,8.1,82,,Clear,False
2025-02-26,1,38.4,32.6,0.0,0.0,0.0,0.033,0,Clear sky,5.3,10.1,83,,Clear,False
2025-02-26,2,38.1,32.0,0.0,0.0,0.0,0.033,0,Clear sky,6.0,12.1,83,,Clear,False
2025-02-26,3,37.6,31.7,0.0,0.0,0.0,0.033,0,Clear sky,5.3,12.1,84,,Clear,False
2025-02-26,4,37.0,31.1,0.0,0.0,0.0,0.033,0,Clear sky,5.4,10.5,85,,Clear,False
2025-02-26,5,36.5,30.5,0.0,0.0,0.0,0.033,0,Clear sky,5.4,11.0,87,,Clear,False
2025-02-26,6,36.3,30.0,0.0,0.0,0.0,0.033,0,Clear sky,6.1,12.3,87,,Clear,False
2025-02-26,7,36.2,29.7,0.0,0.0,0.0,0.033,0,Clear sky,6.8,13.9,88,,Clear,False
2025-02-26,8,36.1,29.5,0.0,0.0,0.0,0.033,0,Clear sky,6.8,14.3,89,,Clear,False
2025-02-26,9,40.6,34.3,0.0,0.0,0.0,0.033,0,Clear sky,7.0,15.7,81,,Clear,False
2025-02-26,10,44.5,38.4,0.0,0.0,0.0,0.033,0,Clear sky,7.2,20.6,73,,Clear,False
2025-02-26,11,47.2,40.8,0.0,0.0,0.0,0.033,0,Clear sky,8.1,20.1,67,,Clear,False
2025-02-26,12,49.4,41.9,0.0,0.0,0.0,0.0,1,Mainly clear,10.2,23.3,53,,Clear,False
2025-02-26,13,51.5,43.4,0.0,0.0,0.0,0.0,0,Clear sky,10.9,26.6,44,,Clear,False
2025-02-26,14,53.0,44.9,0.0,0.0,0.0,0.0,2,Partly cloudy,11.8,28.6,41,,Cloudy,False
2025-02-26,15,54.0,45.8,0.0,0.0,0.0,0.0,2,Partly cloudy,9.7,28.4,38,,Cloudy,False
2025-02-26,16,55.1,46.4,0.0,0.0,0.0,0.0,3,Overcast,10.1,23.7,35,,Cloudy,False
2025-02-26,17,53.9,46.9,0.0,0.0,0.0,0.0,3,Overcast,6.9,23.3,41,,Cloudy,False
2025-02-26,18,51.0,47.0,0.0,0.0,0.0,0.0,3,Overcast,2.4,15.2,59,,Cloudy,False
2025-02-26,19,47.4,43.1,0.0,0.0,0.0,0.0,1,Mainly clear,1.8,3.8,59,,Clear,False
2025-02-26,20,44.5,39.4,0.0,0.0,0.0,0.0,3,Overcast,3.5,5.8,64,,Cloudy,False
2025-02-26,21,44.6,40.3,0.0,0.0,0.0,0.0,2,Partly cloudy,1.7,2.2,66,,Cloudy,False
2025-02-26,22,43.0,38.8,0.0,0.0,0.0,0.0,3,Overcast,1.6,6.0,70,,Cloudy,False
2025-02-26,23,43.1,39.0,0.004,0.004,0.0,0.0,51,Light drizzle,1.9,3.4,75,,Drizzle,False
2025-02-27,0,42.5,38.1,0.004,0.004,0.0,0.0,51,Light drizzle,2.8,3.6,76,,Drizzle,False
2025-02-27,1,41.8,36.9,0.0,0.0,0.0,0.0,3,Overcast,3.6,6.5,75,,Cloudy,False
2025-02-27,2,41.7,36.3,0.0,0.0,0.0,0.0,3,Overcast,5.1,10.5,78,,Cloudy,False
2025-02-27,3,41.1,35.5,0.0,0.0,0.0,0.0,3,Overcast,5.3,10.1,79,,Cloudy,False
2025-02-27,4,40.7,35.1,0.0,0.0,0.0,0.0,3,Overcast,5.4,11.9,80,,Cloudy,False
2025-02-27,5,39.4,33.8,0.0,0.0,0.0,0.0,3,Overcast,5.6,11.6,87,,Cloudy,False
2025-02-27,6,40.5,35.8,0.0,0.0,0.0,0.0,3,Overcast,4.0,11.0,87,,Cloudy,False
2025-02-27,7,41.5,36.9,0.0,0.0,0.0,0.0,3,Overcast,3.9,8.7,85,,Cloudy,False
2025-02-27,8,41.5,37.5,0.0,0.0,0.0,0.0,3,Overcast,2.7,7.6,86,,Cloudy,False
2025-02-27,9,43.3,39.8,0.008,0.008,0.0,0.0,51,Light drizzle,1.7,5.1,81,,Drizzle,False
2025-02-27,10,45.1,41.5,0.008,0.008,0.0,0.0,51,Light drizzle,3.1,6.9,85,,Drizzle,False
2025-02-27,11,47.3,44.9,0.0,0.0,0.0,0.0,3,Overcast,1.4,7.6,84,,Cloudy,False
2025-02-27,12,49.7,46.5,0.028,0.028,0.0,0.0,53,Moderate drizzle,4.0,11.6,80,,Drizzle,False
2025-02-27,13,49.4,46.3,0.02,0.02,0.0,0.0,53,Moderate drizzle,4.6,11.9,87,,Drizzle,False
2025-02-27,14,51.0,47.7,0.004,0.004,0.0,0.0,51,Light drizzle,5.9,11.9,87,,Drizzle,False
2025-02-27,15,53.1,48.5,0.004,0.004,0.0,0.0,51,Light drizzle,8.5,19.0,78,,Drizzle,False
2025-02-27,16,53.1,49.4,0.0,0.0,0.0,0.0,3,Overcast,6.7,19.2,80,,Cloudy,False
2025-02-27,17,53.2,49.9,0.004,0.004,0.0,0.0,51,Light drizzle,6.9,15.4,83,,Drizzle,False
2025-02-27,18,53.3,49.0,0.0,0.0,0.0,0.0,3,Overcast,8.4,21.7,79,,Cloudy,False
2025-02-27,19,52.2,47.8,0.0,0.0,0.0,0.0,3,Overcast,8.0,17.7,80,,Cloudy,False
2025-02-27,20,51.8,46.0,0.0,0.0,0.0,0.0,3,Overcast,9.4,20.1,72,,Cloudy,False
2025-02-27,21,47.8,44.1,0.0,0.0,0.0,0.0,3,Overcast,3.4,11.4,75,,Cloudy,False
2025-02-27,22,47.6,41.9,0.0,0.0,0.0,0.0,3,Overcast,7.2,13.6,72,,Cloudy,False
2025-02-27,23,46.0,39.9,0.0,0.0,0.0,0.0,3,Overcast,7.4,17.7,71,,Cloudy,False
2025-02-28,0,44.1,37.5,0.0,0.0,0.0,0.0,3,Overcast,8.3,18.1,75,,Cloudy,False
2025-02-28,1,42.4,36.2,0.0,0.0,0.0,0.0,2,Partly cloudy,7.1,18.1,75,,Cloudy,False
2025-02-28,2,40.5,34.0,0.0,0.0,0.0,0.0,0,Clear sky,6.9,15.2,76,,Clear,False
2025-02-28,3,38.5,32.4,0.0,0.0,0.0,0.0,0,Clear sky,5.4,15.0,78,,Clear,False
2025-02-28,4,37.3,31.2,0.0,0.0,0.0,0.0,0,Clear sky,5.3,11.6,80,,Clear,False
2025-02-28,5,36.2,30.3,0.0,0.0,0.0,0.0,0,Clear sky,4.9,11.0,83,,Clear,False
2025-02-28,6,35.6,29.1,0.0,0.0,0.0,0.0,0,Clear sky,5.9,12.1,84,,Clear,False
2025-02-28,7,35.3,28.3,0.0,0.0,0.0,0.0,0,Clear sky,7.0,14.5,83,,Clear,False
2025-02-28,8,35.2,28.3,0.0,0.0,0.0,0.0,0,Clear sky,6.7,15.4,82,,Clear,False
2025-02-28,9,41.8,33.7,0.0,0.0,0.0,0.0,0,Clear sky,9.4,22.4,63,,Clear,False
2025-02-28,10,43.9,34.8,0.0,0.0,0.0,0.0,0,Clear sky,10.9,27.5,53,,Clear,False
2025-02-28,11,44.6,35.1,0.0,0.0,0.0,0.0,0,Clear sky,11.0,26.4,44,,Clear,False
2025-02-28,12,45.3,36.6,0.0,0.0,0.0,0.0,0,Clear sky,10.0,26.8,39,,Clear,False
2025-02-28,13,46.1,38.5,0.0,0.0,0.0,0.0,1,Mainly clear,8.9,24.6,36,,Clear,False
2025-02-28,14,47.2,39.8,0.0,0.0,0.0,0.0,1,Mainly clear,8.6,22.6,34,,Clear,False
2025-02-28,15,47.6,39.5,0.0,0.0,0.0,0.0,1,Mainly clear,8.9,23.5,33,,Clear,False
2025-02-28,16,48.4,40.1,0.0,0.0,0.0,0.0,3,Overcast,7.1,22.6,32,,Cloudy,False
2025-02-28,17,48.7,40.9,0.0,0.0,0.0,0.0,3,Overcast,6.2,17.9,33,,Cloudy,False
2025-02-28,18,47.3,39.7,0.0,0.0,0.0,0.0,3,Overcast,6.4,15.7,39,,Cloudy,False
2025-02-28,19,44.1,38.5,0.0,0.0,0.0,0.0,3,Overcast,3.0,14.5,54,,Cloudy,False
2025-02-28,20,43.3,37.0,0.0,0.0,0.0,0.0,3,Overcast,4.4,8.3,52,,Cloudy,False
2025-02-28,21,43.4,36.5,0.0,0.0,0.0,0.0,3,Overcast,5.5,11.4,51,,Cloudy,False
2025-02-28,22,42.5,35.6,0.0,0.0,0.0,0.0,3,Overcast,5.8,12.1,55,,Cloudy,False
2025-02-28,23,41.5,34.0,0.0,0.0,0.0,0.0,3,Overcast,7.0,14.3,54,,Cloudy,False
2025-03-01,0,41.5,33.6,0.0,0.0,0.0,0.0,3,Overcast,7.5,15.7,54,,Cloudy,False
2025-03-01,1,41.6,32.7,0.0,0.0,0.0,0.0,2,Partly cloudy,10.0,21.5,53,,Cloudy,False
2025-03-01,2,41.2,32.5,0.0,0.0,0.0,0.0,2,Partly cloudy,9.8,22.4,57,,Cloudy,False
2025-03-01,3,41.3,33.1,0.0,0.0,0.0,0.0,0,Clear sky,9.0,21.3,60,,Clear,False
2025-03-01,4,41.1,33.6,0.0,0.0,0.0,0.0,0,Clear sky,7.7,19.5,62,,Clear,False
2025-03-01,5,41.3,34.0,0.0,0.0,0.0,0.0,3,Overcast,7.3,16.6,63,,Cloudy,False
2025-03-01,6,42.2,34.7,0.0,0.0,0.0,0.0,2,Partly cloudy,7.9,16.6,63,,Cloudy,False
2025-03-01,7,42.6,35.0,0.0,0.0,0.0,0.0,3,Overcast,8.4,17.7,61,,Cloudy,False
2025-03-01,8,43.6,36.1,0.0,0.0,0.0,0.0,3,Overcast,8.4,18.1,61,,Cloudy,False
2025-03-01,9,45.1,38.5,0.0,0.0,0.0,0.0,3,Overcast,7.2,14.8,63,,Cloudy,False
2025-03-01,10,47.4,40.5,0.0,0.0,0.0,0.0,3,Overcast,8.0,17.2,59,,Cloudy,False
2025-03-01,11,51.4,45.2,0.0,0.0,0.0,0.0,0,Clear sky,7.1,17.7,55,,Clear,False
2025-03-01,12,54.8,48.9,0.0,0.0,0.0,0.0,0,Clear sky,7.2,18.8,51,,Clear,False
2025-03-01,13,57.7,53.1,0.0,0.0,0.0,0.0,0,Clear sky,7.8,19.9,49,,Clear,False
2025-03-01,14,59.9,52.9,0.0,0.0,0.0,0.0,1,Mainly clear,12.2,27.1,41,,Clear,False
2025-03-01,15,57.2,46.5,0.0,0.0,0.0,0.0,3,Overcast,16.9,38.3,40,,Cloudy,False
2025-03-01,16,49.4,39.4,0.0,0.0,0.0,0.0,3,Overcast,14.9,39.1,53,,Cloudy,False
2025-03-01,17,45.6,34.9,0.0,0.0,0.0,0.0,3,Overcast,15.0,34.9,51,,Cloudy,False
2025-03-01,18,41.5,31.2,0.0,0.0,0.0,0.0,0,Clear sky,12.1,34.9,44,,Clear,False
2025-03-01,19,35.7,23.9,0.0,0.0,0.0,0.0,0,Clear sky,14.2,32.2,42,,Clear,False
2025-03-01,20,32.0,19.8,0.0,0.0,0.0,0.0,0,Clear sky,14.6,34.2,43,,Clear,False
2025-03-01,21,34.8,22.5,0.0,0.0,0.0,0.0,0,Clear sky,14.8,34.2,38,,Clear,False
2025-03-01,22,32.4,20.9,0.0,0.0,0.0,0.0,0,Clear sky,12.9,34.0,44,,Clear,False
2025-03-01,23,29.6,18.3,0.0,0.0,0.0,0.0,0,Clear sky,12.6,29.8,49,,Clear,False
2025-03-02,0,26.3,15.6,0.0,0.0,0.0,0.0,1,Mainly clear,10.8,28.9,50,,Clear,False
2025-03-02,1,24.5,13.9,0.0,0.0,0.0,0.0,1,Mainly clear,10.4,26.2,50,,Clear,False
2025-03-02,2,23.2,12.1,0.0,0.0,0.0,0.0,2,Partly cloudy,11.0,27.7,47,,Cloudy,False
2025-03-02,3,22.1,10.9,0.0,0.0,0.0,0.0,3,Overcast,11.3,29.1,47,,Cloudy,False
2025-03-02,4,21.9,10.7,0.0,0.0,0.0,0.0,3,Overcast,11.3,26.8,47,,Cloudy,False
2025-03-02,5,20.9,9.6,0.0,0.0,0.0,0.0,1,Mainly clear,11.2,25.7,45,,Clear,False
2025-03-02,6,19.2,8.1,0.0,0.0,0.0,0.0,0,Clear sky,10.3,25.7,41,,Clear,False
2025-03-02,7,18.5,7.8,0.0,0.0,0.0,0.0,0,Clear sky,9.4,23.5,41,,Clear,False
2025-03-02,8,19.4,8.4,0.0,0.0,0.0,0.0,1,Mainly clear,10.0,23.0,40,,Clear,False
2025-03-02,9,21.8,10.5,0.0,0.0,0.0,0.0,3,Overcast,11.2,28.0,43,,Cloudy,False
2025-03-02,10,23.7,12.2,0.0,0.0,0.0,0.0,1,Mainly clear,11.8,27.7,41,,Clear,False
2025-03-02,11,26.1,14.2,0.0,0.0,0.0,0.0,1,Mainly clear,12.6,31.1,37,,Clear,False
2025-03-02,12,27.7,17.6,0.0,0.0,0.0,0.0,0,Clear sky,10.7,30.4,36,,Clear,False
2025-03-02,13,29.4,20.2,0.0,0.0,0.0,0.0,0,Clear sky,10.1,27.1,34,,Clear,False
2025-03-02,14,30.8,21.8,0.0,0.0,0.0,0.0,0,Clear sky,9.9,26.2,32,,Clear,False
2025-03-02,15,32.2,22.7,0.0,0.0,0.0,0.0,0,Clear sky,9.6,25.9,29,,Clear,False
2025-03-02,16,32.5,21.7,0.0,0.0,0.0,0.0,0,Clear sky,9.9,24.8,28,,Clear,False
2025-03-02,17,31.6,21.1,0.0,0.0,0.0,0.0,0,Clear sky,9.4,24.8,28,,Clear,False
2025-03-02,18,30.0,19.8,0.0,0.0,0.0,0.0,0,Clear sky,8.7,22.8,31,,Clear,False
2025-03-02,19,28.0,18.8,0.0,0.0,0.0,0.0,0,Clear sky,6.5,20.1,38,,Clear,False
2025-03-02,20,26.4,16.5,0.0,0.0,0.0,0.0,0,Clear sky,8.2,17.9,40,,Clear,False
2025-03-02,21,26.2,16.1,0.0,0.0,0.0,0.0,1,Mainly clear,8.7,19.2,39,,Clear,False
2025-03-02,22,24.3,13.8,0.0,0.0,0.0,0.0,0,Clear sky,9.5,21.5,43,,Clear,False
2025-03-02,23,23.0,12.9,0.0,0.0,0.0,0.0,0,Clear sky,8.7,21.5,46,,Clear,False
2025-03-03,0,22.4,13.0,0.0,0.0,0.0,0.0,2,Partly cloudy,7.1,20.1,49,,Cloudy,False
2025-03-03,1,22.1,13.6,0.0,0.0,0.0,0.0,0,Clear sky,5.2,16.1,51,,Clear,False
2025-03-03,2,22.2,14.3,0.0,0.0,0.0,0.0,0,Clear sky,3.7,11.6,51,,Clear,False
2025-03-03,3,22.4,14.5,0.0,0.0,0.0,0.0,0,Clear sky,3.5,8.5,50,,Clear,False
2025-03-03,4,22.5,14.6,0.0,0.0,0.0,0.0,0,Clear sky,3.5,8.3,49,,Clear,False
2025-03-03,5,22.6,14.9,0.0,0.0,0.0,0.0,0,Clear sky,3.0,8.1,49,,Clear,False
2025-03-03,6,22.6,15.0,0.0,0.0,0.0,0.0,0,Clear sky,3.0,6.9,49,,Clear,False
2025-03-03,7,22.7,14.6,0.0,0.0,0.0,0.0,0,Clear sky,4.1,8.9,49,,Clear,False
2025-03-03,8,22.9,14.4,0.0,0.0,0.0,0.0,0,Clear sky,4.9,10.5,48,,Clear,False
2025-03-03,9,25.8,17.1,0.0,0.0,0.0,0.0,1,Mainly clear,5.6,13.6,43,,Clear,False
2025-03-03,10,27.8,18.9,0.0,0.0,0.0,0.0,1,Mainly clear,5.7,17.2,39,,Clear,False
2025-03-03,11,30.0,21.7,0.0,0.0,0.0,0.0,2,Partly cloudy,4.4,16.1,34,,Cloudy,False
2025-03-03,12,32.0,24.8,0.0,0.0,0.0,0.0,2,Partly cloudy,3.6,14.3,33,,Cloudy,False
2025-03-03,13,34.9,27.0,0.0,0.0,0.0,0.0,2,Partly cloudy,5.2,15.0,28,,Cloudy,False
2025-03-03,14,36.3,28.5,0.0,0.0,0.0,0.0,2,Partly cloudy,6.5,17.7,30,,Cloudy,False
2025-03-03,15,36.7,28.8,0.0,0.0,0.0,0.0,3,Overcast,6.5,18.3,33,,Cloudy,False
2025-03-03,16,37.4,28.4,0.0,0.0,0.0,0.0,2,Partly cloudy,6.9,18.1,33,,Cloudy,False
2025-03-03,17,38.1,28.9,0.0,0.0,0.0,0.0,0,Clear sky,7.5,18.1,32,,Clear,False
2025-03-03,18,37.8,29.5,0.0,0.0,0.0,0.0,0,Clear sky,5.5,17.9,35,,Clear,False
2025-03-03,19,33.5,26.5,0.0,0.0,0.0,0.0,0,Clear sky,3.4,12.1,51,,Clear,False
2025-03-03,20,32.3,24.5,0.0,0.0,0.0,0.0,0,Clear sky,5.1,10.3,53,,Clear,False
2025-03-03,21,32.3,24.6,0.0,0.0,0.0,0.0,0,Clear sky,4.8,13.0,51,,Clear,False
2025-03-03,22,31.2,23.4,0.0,0.0,0.0,0.0,0,Clear sky,5.4,11.2,57,,Clear,False
2025-03-03,23,30.4,22.5,0.0,0.0,0.0,0.0,0,Clear sky,5.6,11.4,59,,Clear,False
2025-03-04,0,29.8,21.9,0.0,0.0,0.0,0.0,0,Clear sky,5.5,11.9,60,,Clear,False
2025-03-04,1,29.5,21.6,0.0,0.0,0.0,0.0,0,Clear sky,5.5,11.4,60,,Clear,False
2025-03-04,2,29.3,21.5,0.0,0.0,0.0,0.0,0,Clear sky,5.4,11.2,61,,Clear,False
2025-03-04,3,29.1,21.2,0.0,0.0,0.0,0.0,1,Mainly clear,5.6,11.4,61,,Clear,False
2025-03-04,4,28.9,21.4,0.0,0.0,0.0,0.0,0,Clear sky,4.5,11.4,63,,Clear,False
2025-03-04,5,28.5,21.4,0.0,0.0,0.0,0.0,0,Clear sky,3.9,9.2,65,,Clear,False
2025-03-04,6,28.5,21.1,0.0,0.0,0.0,0.0,0,Clear sky,4.6,9.4,65,,Clear,False
2025-03-04,7,28.6,21.2,0.0,0.0,0.0,0.0,1,Mainly clear,4.5,9.6,66,,Clear,False
2025-03-04,8,29.5,21.9,0.0,0.0,0.0,0.0,1,Mainly clear,5.1,9.8,64,,Clear,False
2025-03-04,9,33.5,26.4,0.0,0.0,0.0,0.0,3,Overcast,5.0,11.6,66,,Cloudy,False
2025-03-04,10,36.6,29.6,0.0,0.0,0.0,0.0,3,Overcast,5.4,13.6,63,,Cloudy,False
2025-03-04,11,40.8,33.8,0.0,0.0,0.0,0.0,3,Overcast,6.3,17.0,60,,Cloudy,False
2025-03-04,12,44.5,37.4,0.0,0.0,0.0,0.0,3,Overcast,7.3,19.0,58,,Cloudy,False
2025-03-04,13,47.9,41.5,0.0,0.0,0.0,0.0,2,Partly cloudy,8.0,20.8,56,,Cloudy,False
2025-03-04,14,51.2,46.0,0.0,0.0,0.0,0.0,3,Overcast,7.3,21.3,53,,Cloudy,False
2025-03-04,15,53.1,46.7,0.0,0.0,0.0,0.0,1,Mainly clear,7.2,19.5,50,,Clear,False
2025-03-04,16,54.5,48.3,0.0,0.0,0.0,0.0,3,Overcast,6.9,19.2,48,,Cloudy,False
2025-03-04,17,53.2,47.9,0.0,0.0,0.0,0.0,0,Clear sky,5.1,17.4,51,,Clear,False
2025-03-04,18,51.4,46.7,0.0,0.0,0.0,0.0,0,Clear sky,4.6,11.9,61,,Clear,False
2025-03-04,19,47.7,43.2,0.0,0.0,0.0,0.0,0,Clear sky,4.4,10.3,71,,Clear,False
2025-03-04,20,48.3,42.5,0.0,0.0,0.0,0.0,0,Clear sky,6.1,12.1,62,,Clear,False
2025-03-04,21,46.4,39.6,0.0,0.0,0.0,0.0,0,Clear sky,8.2,17.0,64,,Clear,False
2025-03-04,22,45.9,39.1,0.0,0.0,0.0,0.0,0,Clear sky,7.5,16.8,61,,Clear,False
2025-03-04,23,44.7,38.1,0.0,0.0,0.0,0.0,0,Clear sky,6.8,15.4,62,,Clear,False
2025-03-05,0,43.4,37.5,0.0,0.0,0.0,0.0,0,Clear sky,5.4,14.1,66,,Clear,False
2025-03-05,1,42.6,37.1,0.0,0.0,0.0,0.0,0,Clear sky,4.7,11.0,70,,Clear,False
2025-03-05,2,42.1,36.9,0.0,0.0,0.0,0.0,0,Clear sky,4.1,9.4,75,,Clear,False
2025-03-05,3,42.4,37.1,0.0,0.0,0.0,0.0,1,Mainly clear,5.0,9.4,77,,Clear,False
2025-03-05,4,43.6,38.3,0.0,0.0,0.0,0.0,3,Overcast,5.8,11.4,79,,Cloudy,False
2025-03-05,5,44.6,39.5,0.0,0.0,0.0,0.0,3,Overcast,6.0,11.9,81,,Cloudy,False
2025-03-05,6,46.0,41.1,0.0,0.0,0.0,0.0,3,Overcast,6.1,11.9,81,,Cloudy,False
2025-03-05,7,46.9,42.3,0.0,0.0,0.0,0.0,3,Overcast,6.1,12.3,83,,Cloudy,False
2025-03-05,8,48.5,44.2,0.0,0.0,0.0,0.0,3,Overcast,6.6,13.2,84,,Cloudy,False
2025-03-05,9,52.6,46.8,0.0,0.0,0.0,0.0,3,Overcast,10.4,22.8,74,,Cloudy,False
2025-03-05,10,53.7,48.1,0.0,0.0,0.0,0.0,3,Overcast,10.5,23.0,73,,Cloudy,False
2025-03-05,11,54.2,48.3,0.0,0.0,0.0,0.0,3,Overcast,11.2,23.9,72,,Cloudy,False
2025-03-05,12,53.2,46.8,0.004,0.004,0.0,0.0,51,Light drizzle,12.2,27.5,74,,Drizzle,False
2025-03-05,13,53.2,48.5,0.0,0.0,0.0,0.0,3,Overcast,8.6,27.5,76,,Cloudy,False
2025-03-05,14,53.0,47.6,0.0,0.0,0.0,0.0,3,Overcast,9.8,23.0,75,,Cloudy,False
2025-03-05,15,53.2,44.5,0.004,0.004,0.0,0.0,51,Light drizzle,18.0,39.1,77,,Drizzle,False
2025-03-05,16,52.9,45.1,0.0,0.0,0.0,0.0,3,Overcast,16.1,39.1,79,,Cloudy,False
2025-03-05,17,52.5,45.2,0.012,0.012,0.0,0.0,51,Light drizzle,15.6,36.7,83,,Drizzle,False
2025-03-05,18,50.1,43.9,0.087,0.087,0.0,0.0,61,Slight rain,13.4,34.4,92,,Rain,True
2025-03-05,19,49.9,43.1,0.276,0.276,0.0,0.0,63,Moderate rain,14.7,35.1,93,,Rain,True
2025-03-05,20,50.4,43.2,0.303,0.303,0.0,0.0,65,Heavy rain,16.0,37.6,93,,Rain,True
2025-03-05,21,51.8,48.7,0.264,0.264,0.0,0.0,63,Moderate rain,7.9,23.5,96,,Rain,True
2025-03-05,22,50.5,45.2,0.299,0.299,0.0,0.0,65,Heavy rain,12.1,25.1,96,,Rain,True
2025-03-05,23,49.1,42.2,0.256,0.256,0.0,0.0,63,Moderate rain,15.3,30.6,97,,Rain,True
2025-03-06,0,50.1,44.3,0.122,0.122,0.0,0.0,63,Moderate rain,13.0,40.0,95,,Rain,True
2025-03-06,1,52.6,46.8,0.008,0.008,0.0,0.0,51,Light drizzle,14.1,29.3,92,,Drizzle,False
2025-03-06,2,52.6,48.5,0.0,0.0,0.0,0.0,3,Overcast,10.3,29.1,94,,Cloudy,False
2025-03-06,3,52.6,49.5,0.0,0.0,0.0,0.0,3,Overcast,8.6,20.8,96,,Cloudy,False
2025-03-06,4,53.2,50.5,0.0,0.0,0.0,0.0,3,Overcast,8.3,17.2,97,,Cloudy,False
2025-03-06,5,53.2,49.9,0.0,0.0,0.0,0.0,3,Overcast,9.2,18.3,96,,Cloudy,False
2025-03-06,6,51.3,47.1,0.0,0.0,0.0,0.0,3,Overcast,9.3,19.0,92,,Cloudy,False
2025-03-06,7,48.4,43.1,0.0,0.0,0.0,0.0,3,Overcast,9.2,19.2,86,,Cloudy,False
2025-03-06,8,46.0,40.2,0.0,0.0,0.0,0.0,3,Overcast,8.4,19.2,82,,Cloudy,False
2025-03-06,9,51.6,48.2,0.0,0.0,0.0,0.0,2,Partly cloudy,6.3,15.2,85,,Cloudy,False
2025-03-06,10,51.8,47.1,0.0,0.0,0.0,0.0,0,Clear sky,7.6,17.9,75,,Clear,False
2025-03-06,11,52.8,47.0,0.0,0.0,0.0,0.0,3,Overcast,8.8,21.9,65,,Cloudy,False
2025-03-06,12,53.0,46.3,0.0,0.0,0.0,0.0,1,Mainly clear,9.2,23.0,57,,Clear,False
2025-03-06,13,53.5,47.2,0.0,0.0,0.0,0.0,0,Clear sky,10.2,25.3,53,,Clear,False
2025-03-06,14,53.2,46.8,0.0,0.0,0.0,0.0,0,Clear sky,10.7,26.6,52,,Clear,False
2025-03-06,15,53.4,46.9,0.0,0.0,0.0,0.0,0,Clear sky,10.2,26.6,51,,Clear,False
2025-03-06,16,53.5,45.9,0.0,0.0,0.0,0.0,1,Mainly clear,10.0,25.1,49,,Clear,False
2025-03-06,17,52.4,43.8,0.0,0.0,0.0,0.0,3,Overcast,11.3,28.2,46,,Cloudy,False
2025-03-06,18,48.3,38.7,0.0,0.0,0.0,0.0,3,Overcast,13.0,29.8,50,,Cloudy,False
2025-03-06,19,43.6,32.6,0.0,0.0,0.0,0.0,2,Partly cloudy,14.7,33.6,47,,Cloudy,False
2025-03-06,20,39.2,27.4,0.0,0.0,0.0,0.0,0,Clear sky,15.6,35.8,48,,Clear,False
2025-03-06,21,39.5,28.8,0.0,0.0,0.0,0.0,2,Partly cloudy,13.4,30.4,52,,Cloudy,False
2025-03-06,22,37.4,27.2,0.0,0.0,0.0,0.0,3,Overcast,12.4,30.4,57,,Cloudy,False
2025-03-06,23,36.2,25.5,0.0,0.0,0.0,0.0,3,Overcast,13.5,28.9,58,,Cloudy,False
2025-03-07,0,34.3,24.0,0.0,0.0,0.0,0.0,2,Partly cloudy,11.9,30.4,56,,Cloudy,False
2025-03-07,1,33.1,24.6,0.0,0.0,0.0,0.0,1,Mainly clear,7.5,27.3,58,,Clear,False
2025-03-07,2,32.5,23.7,0.0,0.0,0.0,0.0,1,Mainly clear,8.4,23.3,61,,Clear,False
2025-03-07,3,33.0,24.2,0.0,0.0,0.0,0.0,3,Overcast,8.6,24.6,62,,Cloudy,False
2025-03-07,4,33.0,23.3,0.0,0.0,0.0,0.0,1,Mainly clear,10.6,23.5,61,,Clear,False
2025-03-07,5,32.4,21.2,0.0,0.0,0.0,0.0,1,Mainly clear,13.7,27.1,59,,Clear,False
2025-03-07,6,31.4,20.9,0.0,0.0,0.0,0.0,0,Clear sky,11.9,33.3,60,,Clear,False
2025-03-07,7,30.8,20.9,0.0,0.0,0.0,0.0,0,Clear sky,10.6,28.0,59,,Clear,False
2025-03-07,8,30.6,20.9,0.0,0.0,0.0,0.0,0,Clear sky,9.8,25.9,59,,Clear,False
2025-03-07,9,35.2,25.6,0.0,0.0,0.0,0.0,0,Clear sky,9.3,28.4,47,,Clear,False
2025-03-07,10,37.5,26.5,0.0,0.0,0.0,0.0,0,Clear sky,12.7,30.0,43,,Clear,False
2025-03-07,11,39.9,27.9,0.0,0.0,0.0,0.0,2,Partly cloudy,15.6,32.2,43,,Cloudy,False
2025-03-07,12,41.3,27.7,0.0,0.0,0.0,0.0,2,Partly cloudy,19.1,45.4,39,,Cloudy,False
2025-03-07,13,43.0,29.3,0.0,0.0,0.0,0.0,0,Clear sky,19.1,44.5,35,,Clear,False
2025-03-07,14,44.4,31.4,0.0,0.0,0.0,0.0,2,Partly cloudy,18.8,45.2,32,,Cloudy,False
2025-03-07,15,45.1,33.3,0.0,0.0,0.0,0.0,0,Clear sky,15.7,44.1,32,,Clear,False
2025-03-07,16,45.8,34.2,0.0,0.0,0.0,0.0,0,Clear sky,14.6,36.9,32,,Clear,False
2025-03-07,17,45.9,34.2,0.0,0.0,0.0,0.0,0,Clear sky,14.1,33.8,29,,Clear,False
2025-03-07,18,45.1,35.2,0.0,0.0,0.0,0.0,0,Clear sky,10.3,32.0,33,,Clear,False
2025-03-07,19,43.2,33.4,0.0,0.0,0.0,0.0,1,Mainly clear,9.7,23.3,33,,Clear,False
2025-03-07,20,41.3,32.4,0.0,0.0,0.0,0.0,2,Partly cloudy,7.8,21.5,37,,Cloudy,False
2025-03-07,21,40.6,33.2,0.0,0.0,0.0,0.0,3,Overcast,5.4,13.2,48,,Cloudy,False
2025-03-07,22,40.6,31.7,0.0,0.0,0.0,0.0,2,Partly cloudy,8.1,17.0,42,,Cloudy,False
2025-03-07,23,40.5,31.8,0.0,0.0,0.0,0.0,3,Overcast,7.5,17.4,40,,Cloudy,False
2025-03-08,0,39.2,31.4,0.0,0.0,0.0,0.0,3,Overcast,5.8,16.1,45,,Cloudy,False
2025-03-08,1,38.0,30.8,0.0,0.0,0.0,0.0,3,Overcast,4.7,12.3,50,,Cloudy,False
2025-03-08,2,36.1,29.9,0.0,0.0,0.0,0.0,3,Overcast,3.0,9.6,59,,Cloudy,False
2025-03-08,3,36.1,30.3,0.0,0.0,0.0,0.0,3,Overcast,2.5,6.0,62,,Cloudy,False
2025-03-08,4,36.1,30.3,0.0,0.0,0.0,0.0,3,Overcast,2.2,4.9,64,,Cloudy,False
2025-03-08,5,35.5,29.5,0.0,0.0,0.0,0.0,3,Overcast,2.7,5.6,64,,Cloudy,False
2025-03-08,6,35.3,28.9,0.0,0.0,0.0,0.0,2,Partly cloudy,3.8,7.6,65,,Cloudy,False
2025-03-08,7,34.0,27.0,0.0,0.0,0.0,0.0,1,Mainly clear,5.1,10.1,69,,Clear,False
2025-03-08,8,33.9,26.3,0.0,0.0,0.0,0.0,2,Partly cloudy,6.9,14.3,71,,Cloudy,False
2025-03-08,9,39.1,31.7,0.0,0.0,0.0,0.0,0,Clear sky,6.2,15.4,57,,Clear,False
2025-03-08,10,41.9,33.0,0.0,0.0,0.0,0.0,3,Overcast,10.0,21.0,53,,Cloudy,False
2025-03-08,11,42.4,31.5,0.0,0.0,0.0,0.0,3,Overcast,14.3,33.1,46,,Cloudy,False
2025-03-08,12,40.4,29.6,0.0,0.0,0.0,0.0,1,Mainly clear,13.3,33.1,47,,Clear,False
2025-03-08,13,40.7,29.5,0.0,0.0,0.0,0.0,0,Clear sky,14.2,34.4,42,,Clear,False
2025-03-08,14,40.6,30.8,0.0,0.0,0.0,0.0,0,Clear sky,13.4,34.4,36,,Clear,False
2025-03-08,15,41.8,31.7,0.0,0.0,0.0,0.0,0,Clear sky,13.1,32.4,32,,Clear,False
2025-03-08,16,42.0,30.8,0.0,0.0,0.0,0.0,0,Clear sky,13.3,31.8,32,,Clear,False
2025-03-08,17,40.6,29.2,0.0,0.0,0.0,0.0,0,Clear sky,13.4,31.8,34,,Clear,False
2025-03-08,18,40.0,29.5,0.0,0.0,0.0,0.0,0,Clear sky,11.2,31.1,34,,Clear,False
2025-03-08,19,37.9,27.7,0.0,0.0,0.0,0.0,0,Clear sky,10.5,25.5,39,,Clear,False
2025-03-08,20,36.2,26.1,0.0,0.0,0.0,0.0,0,Clear sky,10.4,24.4,42,,Clear,False
2025-03-08,21,37.0,27.9,0.0,0.0,0.0,0.0,0,Clear sky,8.2,19.7,41,,Clear,False
2025-03-08,22,36.2,26.3,0.0,0.0,0.0,0.0,0,Clear sky,9.7,21.9,41,,Clear,False
2025-03-08,23,35.2,25.5,0.0,0.0,0.0,0.0,0,Clear sky,9.3,21.7,44,,Clear,False
2025-03-09,0,34.0,24.3,0.0,0.0,0.0,0.0,0,Clear sky,9.4,20.8,48,,Clear,False
2025-03-09,1,32.8,23.4,0.0,0.0,0.0,0.0,0,Clear sky,9.0,20.8,52,,Clear,False
2025-03-09,2,31.6,22.4,0.0,0.0,0.0,0.0,0,Clear sky,8.4,19.7,56,,Clear,False
2025-03-09,3,30.5,21.6,0.0,0.0,0.0,0.0,0,Clear sky,8.0,18.6,59,,Clear,False
2025-03-09,4,29.7,21.1,0.0,0.0,0.0,0.0,0,Clear sky,7.3,17.4,61,,Clear,False
2025-03-09,5,29.1,21.1,0.0,0.0,0.0,0.0,0,Clear sky,6.1,15.9,63,,Clear,False
2025-03-09,6,28.5,21.1,0.0,0.0,0.0,0.0,0,Clear sky,4.7,13.2,67,,Clear,False
2025-03-09,7,28.1,20.6,0.0,0.0,0.0,0.0,0,Clear sky,5.0,11.0,69,,Clear,False
2025-03-09,8,28.6,20.9,0.0,0.0,0.0,0.0,0,Clear sky,5.5,11.9,69,,Clear,False
2025-03-09,9,32.3,24.6,0.0,0.0,0.0,0.0,1,Mainly clear,5.3,13.2,59,,Clear,False
2025-03-09,10,35.2,27.3,0.0,0.0,0.0,0.0,1,Mainly clear,6.0,15.9,55,,Clear,False
2025-03-09,11,38.3,30.0,0.0,0.0,0.0,0.0,0,Clear sky,7.4,19.2,49,,Clear,False
2025-03-09,12,41.5,33.7,0.0,0.0,0.0,0.0,3,Overcast,9.1,23.3,46,,Cloudy,False
2025-03-09,13,43.3,34.4,0.0,0.0,0.0,0.0,1,Mainly clear,9.5,23.7,46,,Clear,False
2025-03-09,14,48.3,39.9,0.0,0.0,0.0,0.0,2,Partly cloudy,12.0,26.4,44,,Cloudy,False
2025-03-09,15,48.1,37.5,0.0,0.0,0.0,0.0,3,Overcast,14.3,33.6,43,,Cloudy,False
2025-03-09,16,49.2,38.3,0.0,0.0,0.0,0.0,3,Overcast,14.0,37.1,37,,Cloudy,False
2025-03-09,17,50.3,41.8,0.0,0.0,0.0,0.0,0,Clear sky,9.0,34.2,38,,Clear,False
2025-03-09,18,49.8,43.0,0.0,0.0,0.0,0.0,0,Clear sky,5.4,19.7,41,,Clear,False
2025-03-09,19,45.5,39.5,0.0,0.0,0.0,0.0,0,Clear sky,3.9,11.6,51,,Clear,False
2025-03-09,20,43.3,37.1,0.0,0.0,0.0,0.0,0,Clear sky,4.0,8.5,54,,Clear,False
2025-03-09,21,43.1,36.7,0.0,0.0,0.0,0.0,0,Clear sky,4.6,8.9,54,,Clear,False
2025-03-09,22,42.3,35.7,0.0,0.0,0.0,0.0,1,Mainly clear,4.9,10.3,54,,Clear,False
2025-03-09,23,41.5,34.4,0.0,0.0,0.0,0.0,3,Overcast,5.9,11.6,55,,Cloudy,False
2025-03-10,0,40.9,34.0,0.0,0.0,0.0,0.0,2,Partly cloudy,5.4,12.3,56,,Cloudy,False
2025-03-10,1,39.9,33.0,0.0,0.0,0.0,0.0,1,Mainly clear,5.6,11.4,58,,Clear,False
2025-03-10,2,39.4,32.5,0.0,0.0,0.0,0.0,0,Clear sky,5.4,11.4,59,,Clear,False
2025-03-10,3,38.8,31.5,0.0,0.0,0.0,0.0,0,Clear sky,6.4,13.2,60,,Clear,False
2025-03-10,4,38.5,30.6,0.0,0.0,0.0,0.0,0,Clear sky,7.7,15.7,61,,Clear,False
2025-03-10,5,38.8,30.7,0.0,0.0,0.0,0.0,1,Mainly clear,8.3,17.4,61,,Clear,False
2025-03-10,6,38.9,31.0,0.0,0.0,0.0,0.0,0,Clear sky,8.1,17.4,62,,Clear,False
2025-03-10,7,39.2,31.5,0.0,0.0,0.0,0.0,0,Clear sky,7.6,16.8,63,,Clear,False
2025-03-10,8,39.7,32.3,0.0,0.0,0.0,0.0,0,Clear sky,7.3,15.7,64,,Clear,False
2025-03-10,9,44.5,37.9,0.0,0.0,0.0,0.0,0,Clear sky,6.2,13.6,59,,Clear,False
2025-03-10,10,49.1,43.8,0.0,0.0,0.0,0.0,0,Clear sky,4.1,11.4,55,,Clear,False
2025-03-10,11,53.3,48.5,0.0,0.0,0.0,0.0,0,Clear sky,3.8,11.6,50,,Clear,False
2025-03-10,12,56.4,52.8,0.0,0.0,0.0,0.0,0,Clear sky,4.4,13.2,48,,Clear,False
2025-03-10,13,58.7,56.2,0.0,0.0,0.0,0.0,0,Clear sky,4.0,13.4,45,,Clear,False
2025-03-10,14,60.8,58.4,0.0,0.0,0.0,0.0,0,Clear sky,4.1,13.0,43,,Clear,False
2025-03-10,15,62.2,59.1,0.0,0.0,0.0,0.0,0,Clear sky,4.2,12.8,41,,Clear,False
2025-03-10,16,62.9,57.9,0.0,0.0,0.0,0.0,0,Clear sky,5.6,14.5,39,,Clear,False
2025-03-10,17,61.9,56.9,0.0,0.0,0.0,0.0,0,Clear sky,5.7,14.8,43,,Clear,False
2025-03-10,18,57.1,52.6,0.0,0.0,0.0,0.0,0,Clear sky,6.7,14.5,60,,Clear,False
2025-03-10,19,52.8,48.8,0.0,0.0,0.0,0.0,0,Clear sky,6.1,14.8,73,,Clear,False
2025-03-10,20,52.7,48.3,0.0,0.0,0.0,0.0,0,Clear sky,6.2,12.5,69,,Clear,False
2025-03-10,21,52.5,48.4,0.0,0.0,0.0,0.0,0,Clear sky,4.3,12.5,63,,Clear,False
2025-03-10,22,50.9,46.6,0.0,0.0,0.0,0.0,0,Clear sky,4.3,8.7,65,,Clear,False
2025-03-10,23,48.6,44.3,0.0,0.0,0.0,0.0,0,Clear sky,3.9,8.7,70,,Clear,False
2025-03-11,0,48.2,43.5,0.0,0.0,0.0,0.0,0,Clear sky,4.8,9.4,69,,Clear,False
2025-03-11,1,46.5,41.9,0.0,0.0,0.0,0.0,0,Clear sky,4.1,9.6,71,,Clear,False
2025-03-11,2,43.9,39.4,0.0,0.0,0.0,0.0,0,Clear sky,3.2,8.3,75,,Clear,False
2025-03-11,3,42.6,38.3,0.0,0.0,0.0,0.0,0,Clear sky,2.3,5.8,74,,Clear,False
2025-03-11,4,41.5,37.1,0.0,0.0,0.0,0.0,0,Clear sky,2.1,3.6,75,,Clear,False
2025-03-11,5,40.0,35.7,0.0,0.0,0.0,0.0,0,Clear sky,2.0,4.9,79,,Clear,False
2025-03-11,6,38.8,34.4,0.0,0.0,0.0,0.0,0,Clear sky,1.6,3.8,80,,Clear,False
2025-03-11,7,37.2,32.5,0.0,0.0,0.0,0.0,0,Clear sky,2.3,4.0,84,,Clear,False
2025-03-11,8,39.3,33.7,0.0,0.0,0.0,0.0,0,Clear sky,4.9,9.2,81,,Clear,False
2025-03-11,9,42.7,37.2,0.0,0.0,0.0,0.0,0,Clear sky,4.9,11.0,73,,Clear,False
2025-03-11,10,47.2,42.9,0.0,0.0,0.0,0.0,0,Clear sky,3.0,10.3,66,,Clear,False
2025-03-11,11,52.3,48.5,0.0,0.0,0.0,0.0,0,Clear sky,2.8,10.1,61,,Clear,False
2025-03-11,12,56.7,53.6,0.0,0.0,0.0,0.0,0,Clear sky,4.7,13.6,54,,Clear,False
2025-03-11,13,59.5,55.4,0.0,0.0,0.0,0.0,0,Clear sky,7.4,19.2,45,,Clear,False
2025-03-11,14,60.4,56.4,0.0,0.0,0.0,0.0,0,Clear sky,7.6,20.1,44,,Clear,False
2025-03-11,15,60.9,56.8,0.0,0.0,0.0,0.0,0,Clear sky,7.2,19.9,45,,Clear,False
2025-03-11,16,59.9,54.7,0.0,0.0,0.0,0.0,0,Clear sky,7.7,19.0,49,,Clear,False
2025-03-11,17,57.0,51.8,0.0,0.0,0.0,0.0,0,Clear sky,7.1,19.0,55,,Clear,False
2025-03-11,18,53.5,49.1,0.0,0.0,0.0,0.0,0,Clear sky,5.3,16.8,63,,Clear,False
2025-03-11,19,50.8,46.5,0.0,0.0,0.0,0.0,1,Mainly clear,4.8,13.4,68,,Clear,False
2025-03-11,20,49.6,45.8,0.0,0.0,0.0,0.0,2,Partly cloudy,3.8,10.1,72,,Cloudy,False
2025-03-11,21,50.3,46.1,0.0,0.0,0.0,0.0,1,Mainly clear,4.2,10.3,67,,Clear,False
2025-03-11,22,50.8,46.1,0.0,0.0,0.0,0.0,1,Mainly clear,5.6,10.7,67,,Clear,False
2025-03-11,23,49.8,46.2,0.0,0.0,0.0,0.0,1,Mainly clear,3.3,11.2,72,,Clear,False
2025-03-12,0,51.2,45.4,0.0,0.0,0.0,0.0,0,Clear sky,7.8,14.5,64,,Clear,False
2025-03-12,1,48.7,41.8,0.0,0.0,0.0,0.0,0,Clear sky,7.7,17.9,55,,Clear,False
2025-03-12,2,46.3,38.7,0.0,0.0,0.0,0.0,0,Clear sky,7.8,16.1,49,,Clear,False
2025-03-12,3,44.2,35.5,0.0,0.0,0.0,0.0,2,Partly cloudy,8.7,18.3,42,,Cloudy,False
2025-03-12,4,42.1,33.1,0.0,0.0,0.0,0.0,2,Partly cloudy,8.7,18.8,42,,Cloudy,False
2025-03-12,5,40.2,31.8,0.0,0.0,0.0,0.0,3,Overcast,7.7,18.3,48,,Cloudy,False
2025-03-12,6,38.6,30.7,0.0,0.0,0.0,0.0,2,Partly cloudy,7.0,16.6,54,,Cloudy,False
2025-03-12,7,37.5,29.7,0.0,0.0,0.0,0.0,3,Overcast,7.0,15.2,59,,Cloudy,False
2025-03-12,8,37.5,29.4,0.0,0.0,0.0,0.0,3,Overcast,8.0,17.0,63,,Cloudy,False
2025-03-12,9,43.2,35.9,0.0,0.0,0.0,0.0,3,Overcast,5.5,13.9,45,,Cloudy,False
2025-03-12,10,45.1,37.3,0.0,0.0,0.0,0.0,3,Overcast,6.9,17.4,44,,Cloudy,False
2025-03-12,11,46.9,39.0,0.0,0.0,0.0,0.0,2,Partly cloudy,7.4,19.2,44,,Cloudy,False
2025-03-12,12,48.5,42.5,0.0,0.0,0.0,0.0,2,Partly cloudy,5.8,19.5,40,,Cloudy,False
2025-03-12,13,50.2,45.6,0.0,0.0,0.0,0.0,3,Overcast,4.2,16.8,39,,Cloudy,False
2025-03-12,14,51.4,46.1,0.0,0.0,0.0,0.0,3,Overcast,4.0,13.9,38,,Cloudy,False
2025-03-12,15,51.9,46.0,0.0,0.0,0.0,0.0,3,Overcast,3.3,13.2,38,,Cloudy,False
2025-03-12,16,51.9,46.2,0.0,0.0,0.0,0.0,3,Overcast,3.3,11.0,40,,Cloudy,False
2025-03-12,17,51.8,45.7,0.0,0.0,0.0,0.0,1,Mainly clear,4.5,12.3,42,,Clear,False
2025-03-12,18,50.1,44.2,0.0,0.0,0.0,0.0,0,Clear sky,4.4,12.3,47,,Clear,False
2025-03-12,19,46.3,41.3,0.0,0.0,0.0,0.0,1,Mainly clear,3.6,10.3,62,,Clear,False
2025-03-12,20,43.9,38.9,0.0,0.0,0.0,0.0,0,Clear sky,3.7,8.3,69,,Clear,False
2025-03-12,21,42.4,38.2,0.0,0.0,0.0,0.0,0,Clear sky,2.0,5.1,75,,Clear,False
2025-03-12,22,41.2,36.3,0.0,0.0,0.0,0.0,1,Mainly clear,2.9,6.3,73,,Clear,False
2025-03-12,23,39.9,34.7,0.0,0.0,0.0,0.0,0,Clear sky,3.3,6.7,73,,Clear,False
2025-03-13,0,39.2,33.8,0.0,0.0,0.0,0.0,1,Mainly clear,4.0,8.3,77,,Clear,False
2025-03-13,1,39.0,33.1,0.0,0.0,0.0,0.0,2,Partly cloudy,5.7,11.6,82,,Cloudy,False
2025-03-13,2,39.0,33.0,0.0,0.0,0.0,0.0,2,Partly cloudy,6.1,13.4,83,,Cloudy,False
2025-03-13,3,37.9,31.7,0.0,0.0,0.0,0.0,1,Mainly clear,6.1,13.2,82,,Clear,False
2025-03-13,4,37.4,30.9,0.0,0.0,0.0,0.0,0,Clear sky,6.1,13.2,79,,Clear,False
2025-03-13,5,36.6,29.9,0.0,0.0,0.0,0.0,0,Clear sky,6.0,13.2,76,,Clear,False
2025-03-13,6,36.1,29.5,0.0,0.0,0.0,0.0,0,Clear sky,5.6,12.5,74,,Clear,False
2025-03-13,7,35.4,28.6,0.0,0.0,0.0,0.0,0,Clear sky,5.8,12.1,75,,Clear,False
2025-03-13,8,36.0,29.1,0.0,0.0,0.0,0.0,2,Partly cloudy,6.2,12.8,76,,Cloudy,False
2025-03-13,9,39.0,32.4,0.0,0.0,0.0,0.0,3,Overcast,6.3,14.8,74,,Cloudy,False
2025-03-13,10,42.0,34.8,0.0,0.0,0.0,0.0,1,Mainly clear,7.6,19.0,66,,Clear,False
2025-03-13,11,44.7,37.8,0.0,0.0,0.0,0.0,2,Partly cloudy,7.2,19.9,60,,Cloudy,False
2025-03-13,12,46.9,41.9,0.0,0.0,0.0,0.0,2,Partly cloudy,6.2,19.0,60,,Cloudy,False
2025-03-13,13,49.8,45.7,0.0,0.0,0.0,0.0,1,Mainly clear,6.2,17.7,56,,Clear,False
2025-03-13,14,50.6,46.5,0.0,0.0,0.0,0.0,2,Partly cloudy,6.3,18.3,54,,Cloudy,False
2025-03-13,15,51.0,46.3,0.0,0.0,0.0,0.0,0,Clear sky,6.4,18.1,54,,Clear,False
2025-03-13,16,50.4,44.5,0.0,0.0,0.0,0.0,2,Partly cloudy,6.6,17.9,56,,Cloudy,False
2025-03-13,17,48.5,42.2,0.0,0.0,0.0,0.0,3,Overcast,7.5,19.0,63,,Cloudy,False
2025-03-13,18,45.0,38.3,0.0,0.0,0.0,0.0,3,Overcast,8.1,19.9,70,,Cloudy,False
2025-03-13,19,41.7,35.6,0.0,0.0,0.0,0.0,1,Mainly clear,6.5,19.0,77,,Clear,False
2025-03-13,20,40.2,34.4,0.0,0.0,0.0,0.0,0,Clear sky,5.8,14.5,81,,Clear,False
2025-03-13,21,39.7,34.3,0.0,0.0,0.0,0.0,0,Clear sky,4.4,12.1,79,,Clear,False
2025-03-13,22,38.8,33.8,0.0,0.0,0.0,0.0,1,Mainly clear,3.4,9.4,81,,Clear,False
2025-03-13,23,38.0,33.0,0.0,0.0,0.0,0.0,1,Mainly clear,3.3,7.4,83,,Clear,False
2025-03-14,0,37.3,31.8,0.0,0.0,0.0,0.0,1,Mainly clear,4.1,8.5,83,,Clear,False
2025-03-14,1,36.6,30.9,0.0,0.0,0.0,0.0,1,Mainly clear,4.3,8.9,83,,Clear,False
2025-03-14,2,36.1,30.1,0.0,0.0,0.0,0.0,2,Partly cloudy,5.0,10.1,84,,Cloudy,False
2025-03-14,3,35.8,29.8,0.0,0.0,0.0,0.0,1,Mainly clear,5.1,10.5,86,,Clear,False
2025-03-14,4,35.4,29.4,0.0,0.0,0.0,0.0,2,Partly cloudy,4.8,10.5,84,,Cloudy,False
2025-03-14,5,34.7,28.9,0.0,0.0,0.0,0.0,1,Mainly clear,4.0,9.8,84,,Clear,False
2025-03-14,6,34.1,28.1,0.0,0.0,0.0,0.0,1,Mainly clear,4.2,8.7,84,,Clear,False
2025-03-14,7,33.4,27.4,0.0,0.0,0.0,0.0,0,Clear sky,4.0,8.7,84,,Clear,False
2025-03-14,8,34.1,27.9,0.0,0.0,0.0,0.0,0,Clear sky,4.6,8.5,83,,Clear,False
2025-03-14,9,39.6,34.5,0.0,0.0,0.0,0.0,0,Clear sky,2.9,9.2,73,,Clear,False
2025-03-14,10,43.3,38.2,0.0,0.0,0.0,0.0,0,Clear sky,3.3,11.2,67,,Clear,False
2025-03-14,11,46.7,42.4,0.0,0.0,0.0,0.0,0,Clear sky,2.6,11.2,66,,Clear,False
2025-03-14,12,49.7,47.3,0.0,0.0,0.0,0.0,3,Overcast,2.9,11.6,66,,Cloudy,False
2025-03-14,13,52.1,50.6,0.0,0.0,0.0,0.0,0,Clear sky,3.1,12.3,65,,Clear,False
2025-03-14,14,54.1,53.5,0.0,0.0,0.0,0.0,3,Overcast,2.2,12.1,64,,Cloudy,False
2025-03-14,15,55.2,54.2,0.0,0.0,0.0,0.0,1,Mainly clear,2.3,10.3,65,,Clear,False
2025-03-14,16,55.3,52.4,0.0,0.0,0.0,0.0,3,Overcast,3.9,12.3,65,,Cloudy,False
2025-03-14,17,52.8,48.1,0.0,0.0,0.0,0.0,3,Overcast,6.5,16.8,67,,Cloudy,False
2025-03-14,18,48.7,44.0,0.0,0.0,0.0,0.0,3,Overcast,5.9,17.0,73,,Cloudy,False
2025-03-14,19,45.7,41.1,0.0,0.0,0.0,0.0,3,Overcast,5.0,14.1,80,,Cloudy,False
2025-03-14,20,43.8,39.6,0.0,0.0,0.0,0.0,3,Overcast,4.1,11.2,85,,Cloudy,False
2025-03-14,21,42.4,38.0,0.0,0.0,0.0,0.0,2,Partly cloudy,4.2,11.4,87,,Cloudy,False
2025-03-14,22,41.6,37.3,0.0,0.0,0.0,0.0,3,Overcast,4.1,8.9,90,,Cloudy,False
2025-03-14,23,40.9,36.6,0.0,0.0,0.0,0.0,3,Overcast,3.8,8.9,92,,Cloudy,False
2025-03-15,0,40.3,36.1,0.0,0.0,0.0,0.0,3,Overcast,3.6,8.1,93,,Cloudy,False
2025-03-15,1,39.7,35.6,0.0,0.0,0.0,0.0,3,Overcast,3.3,7.6,95,,Cloudy,False
2025-03-15,2,39.2,35.2,0.0,0.0,0.0,0.0,3,Overcast,2.9,6.7,96,,Cloudy,False
2025-03-15,3,39.7,35.7,0.0,0.0,0.0,0.0,3,Overcast,3.2,7.4,97,,Cloudy,False
2025-03-15,4,40.6,36.9,0.0,0.0,0.0,0.0,3,Overcast,3.0,6.7,97,,Cloudy,False
2025-03-15,5,40.8,36.9,0.0,0.0,0.0,0.0,3,Overcast,3.7,8.1,98,,Cloudy,False
2025-03-15,6,40.8,36.8,0.0,0.0,0.0,0.0,3,Overcast,4.1,8.9,98,,Cloudy,False
2025-03-15,7,40.8,36.9,0.0,0.0,0.0,0.0,3,Overcast,3.8,8.9,98,,Cloudy,False
2025-03-15,8,41.6,38.0,0.0,0.0,0.0,0.0,3,Overcast,3.3,8.1,96,,Cloudy,False
2025-03-15,9,42.2,36.9,0.0,0.0,0.0,0.0,3,Overcast,6.7,15.9,90,,Cloudy,False
2025-03-15,10,43.3,37.9,0.0,0.0,0.0,0.0,3,Overcast,7.3,17.4,88,,Cloudy,False
2025-03-15,11,44.1,38.5,0.0,0.0,0.0,0.0,3,Overcast,7.5,18.1,86,,Cloudy,False
2025-03-15,12,45.6,40.6,0.0,0.0,0.0,0.0,3,Overcast,6.5,17.9,83,,Cloudy,False
2025-03-15,13,47.4,43.0,0.0,0.0,0.0,0.0,3,Overcast,5.7,16.3,82,,Cloudy,False
2025-03-15,14,48.4,43.6,0.0,0.0,0.0,0.0,3,Overcast,7.0,17.7,81,,Cloudy,False
2025-03-15,15,48.9,44.4,0.0,0.0,0.0,0.0,3,Overcast,6.8,17.9,82,,Cloudy,False
2025-03-15,16,48.2,43.7,0.0,0.0,0.0,0.0,3,Overcast,7.0,17.2,85,,Cloudy,False
2025-03-15,17,47.6,43.1,0.0,0.0,0.0,0.0,3,Overcast,7.3,16.8,89,,Cloudy,False
2025-03-15,18,47.1,43.1,0.0,0.0,0.0,0.0,3,Overcast,6.5,17.7,92,,Cloudy,False
2025-03-15,19,46.4,43.3,0.004,0.004,0.0,0.0,51,Light drizzle,4.4,14.3,95,,Drizzle,False
2025-03-15,20,46.0,43.0,0.012,0.012,0.0,0.0,51,Light drizzle,4.2,9.8,97,,Drizzle,False
2025-03-15,21,44.8,40.7,0.004,0.004,0.0,0.0,51,Light drizzle,5.7,14.8,94,,Drizzle,False
2025-03-15,22,45.0,41.3,0.0,0.0,0.0,0.0,3,Overcast,5.1,12.5,96,,Cloudy,False
2025-03-15,23,45.6,42.4,0.0,0.0,0.0,0.0,3,Overcast,4.5,11.0,98,,Cloudy,False
2025-03-16,0,45.6,42.5,0.0,0.0,0.0,0.0,3,Overcast,4.5,9.8,99,,Cloudy,False
2025-03-16,1,46.0,43.3,0.0,0.0,0.0,0.0,3,Overcast,3.7,9.2,100,,Cloudy,False
2025-03-16,2,46.2,43.6,0.0,0.0,0.0,0.0,3,Overcast,3.9,7.8,100,,Cloudy,False
2025-03-16,3,47.1,44.2,0.0,0.0,0.0,0.0,3,Overcast,5.0,9.8,99,,Cloudy,False
2025-03-16,4,48.2,45.5,0.0,0.0,0.0,0.0,3,Overcast,5.3,10.7,100,,Cloudy,False
2025-03-16,5,49.7,47.0,0.0,0.0,0.0,0.0,3,Overcast,6.2,11.6,100,,Cloudy,False
2025-03-16,6,51.1,48.6,0.0,0.0,0.0,0.0,3,Overcast,6.6,13.2,100,,Cloudy,False
2025-03-16,7,51.8,49.3,0.0,0.0,0.0,0.0,3,Overcast,7.2,14.1,99,,Cloudy,False
2025-03-16,8,53.1,50.0,0.0,0.0,0.0,0.0,3,Overcast,9.2,17.7,99,,Cloudy,False
2025-03-16,9,53.7,50.5,0.0,0.0,0.0,0.0,3,Overcast,10.0,20.1,99,,Cloudy,False
2025-03-16,10,55.8,53.1,0.0,0.0,0.0,0.0,3,Overcast,9.8,20.1,96,,Cloudy,False
2025-03-16,11,57.0,54.7,0.0,0.0,0.0,0.0,3,Overcast,9.7,22.6,95,,Cloudy,False
2025-03-16,12,57.1,54.5,0.0,0.0,0.0,0.0,3,Overcast,10.0,22.8,93,,Cloudy,False
2025-03-16,13,56.9,54.7,0.0,0.0,0.0,0.0,3,Overcast,8.5,22.6,91,,Cloudy,False
2025-03-16,14,58.5,56.3,0.0,0.0,0.0,0.0,3,Overcast,8.6,19.9,87,,Cloudy,False
2025-03-16,15,58.4,56.2,0.0,0.0,0.0,0.0,3,Overcast,8.7,19.9,88,,Cloudy,False
2025-03-16,16,58.4,55.8,0.0,0.0,0.0,0.0,3,Overcast,9.9,21.0,88,,Cloudy,False
2025-03-16,17,57.7,51.6,0.0,0.0,0.0,0.0,3,Overcast,17.1,42.3,87,,Cloudy,False
2025-03-16,18,57.8,52.2,0.0,0.0,0.0,0.0,3,Overcast,15.9,40.9,85,,Cloudy,False
2025-03-16,19,58.6,53.8,0.0,0.0,0.0,0.0,3,Overcast,14.1,35.1,84,,Cloudy,False
2025-03-16,20,58.7,54.0,0.0,0.0,0.0,0.0,3,Overcast,14.1,32.4,84,,Cloudy,False
2025-03-16,21,60.0,56.4,0.008,0.008,0.0,0.0,51,Light drizzle,13.2,38.0,88,,Drizzle,False
2025-03-16,22,60.4,56.9,0.016,0.016,0.0,0.0,51,Light drizzle,13.5,38.0,89,,Drizzle,False
2025-03-16,23,60.2,56.2,0.004,0.004,0.0,0.0,51,Light drizzle,15.0,33.1,90,,Drizzle,False
2025-03-17,0,58.7,54.6,0.008,0.008,0.0,0.0,51,Light drizzle,14.8,32.9,92,,Drizzle,False
2025-03-17,1,58.4,55.4,0.055,0.055,0.0,0.0,61,Slight rain,12.1,32.4,94,,Rain,True
2025-03-17,2,57.9,55.5,0.126,0.126,0.0,0.0,63,Moderate rain,11.0,30.9,96,,Rain,True
2025-03-17,3,57.7,58.0,0.295,0.295,0.0,0.0,63,Moderate rain,4.3,26.2,97,,Rain,True
2025-03-17,4,56.8,57.6,0.307,0.307,0.0,0.0,65,Heavy rain,2.7,15.0,98,,Rain,True
2025-03-17,5,56.4,56.0,0.138,0.138,0.0,0.0,63,Moderate rain,5.1,6.5,97,,Rain,True
2025-03-17,6,56.2,55.4,0.024,0.024,0.0,0.0,53,Moderate drizzle,5.3,13.9,94,,Drizzle,False
2025-03-17,7,55.0,54.5,0.035,0.035,0.0,0.0,53,Moderate drizzle,3.7,9.4,95,,Drizzle,False
2025-03-17,8,54.1,53.3,0.051,0.051,0.0,0.0,61,Slight rain,4.1,8.1,96,,Rain,True
2025-03-17,9,55.3,54.6,0.004,0.004,0.0,0.0,51,Light drizzle,4.3,7.8,94,,Drizzle,False
2025-03-17,10,56.2,55.4,0.004,0.004,0.0,0.0,51,Light drizzle,5.1,9.8,94,,Drizzle,False
2025-03-17,11,57.5,56.0,0.0,0.0,0.0,0.0,3,Overcast,6.3,15.9,88,,Cloudy,False
2025-03-17,12,57.3,55.5,0.0,0.0,0.0,0.0,3,Overcast,6.1,15.9,84,,Cloudy,False
2025-03-17,13,57.3,52.5,0.0,0.0,0.0,0.0,3,Overcast,10.6,24.4,73,,Cloudy,False
2025-03-17,14,53.9,48.0,0.0,0.0,0.0,0.0,3,Overcast,10.5,25.5,70,,Cloudy,False
2025-03-17,15,54.2,47.9,0.0,0.0,0.0,0.0,3,Overcast,9.7,24.8,60,,Cloudy,False
2025-03-17,16,53.0,45.6,0.0,0.0,0.0,0.0,3,Overcast,10.8,25.3,57,,Cloudy,False
2025-03-17,17,50.8,42.7,0.0,0.0,0.0,0.0,3,Overcast,11.3,26.4,55,,Cloudy,False
2025-03-17,18,49.1,41.2,0.0,0.0,0.0,0.0,3,Overcast,10.3,26.4,55,,Cloudy,False
2025-03-17,19,46.0,37.5,0.0,0.0,0.0,0.0,2,Partly cloudy,11.1,25.5,58,,Cloudy,False
2025-03-17,20,43.4,35.0,0.0,0.0,0.0,0.0,1,Mainly clear,10.6,25.3,61,,Clear,False
2025-03-17,21,41.9,34.0,0.0,0.0,0.0,0.0,2,Partly cloudy,9.4,21.9,66,,Cloudy,False
2025-03-17,22,40.0,31.9,0.0,0.0,0.0,0.0,1,Mainly clear,9.5,21.9,67,,Clear,False
2025-03-17,23,38.1,29.3,0.0,0.0,0.0,0.0,1,Mainly clear,10.7,23.9,68,,Clear,False
2025-03-18,0,36.9,27.8,0.0,0.0,0.0,0.0,0,Clear sky,11.0,25.3,69,,Clear,False
2025-03-18,1,36.1,27.0,0.0,0.0,0.0,0.0,2,Partly cloudy,10.7,24.4,67,,Cloudy,False
2025-03-18,2,35.4,25.8,0.0,0.0,0.0,0.0,0,Clear sky,11.5,26.2,64,,Clear,False
2025-03-18,3,35.0,25.2,0.0,0.0,0.0,0.0,0,Clear sky,11.3,25.9,63,,Clear,False
2025-03-18,4,34.7,25.4,0.0,0.0,0.0,0.0,0,Clear sky,10.2,25.3,62,,Clear,False
2025-03-18,5,34.3,24.7,0.0,0.0,0.0,0.0,3,Overcast,10.6,23.7,62,,Cloudy,False
2025-03-18,6,33.8,24.0,0.0,0.0,0.0,0.0,0,Clear sky,11.2,25.1,62,,Clear,False
2025-03-18,7,33.4,24.0,0.0,0.0,0.0,0.0,0,Clear sky,10.1,24.8,63,,Clear,False
2025-03-18,8,34.1,25.2,0.0,0.0,0.0,0.0,0,Clear sky,8.8,22.4,61,,Clear,False
2025-03-18,9,37.5,29.0,0.0,0.0,0.0,0.0,0,Clear sky,8.6,20.8,57,,Clear,False
2025-03-18,10,40.6,31.8,0.0,0.0,0.0,0.0,0,Clear sky,9.4,23.0,53,,Clear,False
2025-03-18,11,44.2,35.7,0.0,0.0,0.0,0.0,0,Clear sky,9.9,25.1,47,,Clear,False
2025-03-18,12,47.7,41.4,0.0,0.0,0.0,0.0,0,Clear sky,8.2,24.6,43,,Clear,False
2025-03-18,13,51.2,45.9,0.0,0.0,0.0,0.0,0,Clear sky,7.8,21.5,39,,Clear,False
2025-03-18,14,53.6,48.7,0.0,0.0,0.0,0.0,0,Clear sky,6.3,20.8,36,,Clear,False
2025-03-18,15,55.6,51.7,0.0,0.0,0.0,0.0,0,Clear sky,4.0,17.0,36,,Clear,False
2025-03-18,16,56.8,52.4,0.0,0.0,0.0,0.0,0,Clear sky,2.5,12.8,35,,Clear,False
2025-03-18,17,57.4,52.0,0.0,0.0,0.0,0.0,0,Clear sky,2.6,9.2,34,,Clear,False
2025-03-18,18,56.7,53.3,0.0,0.0,0.0,0.0,0,Clear sky,1.2,7.6,49,,Clear,False
2025-03-18,19,53.3,49.6,0.0,0.0,0.0,0.0,0,Clear sky,0.2,2.2,46,,Clear,False
2025-03-18,20,50.5,46.4,0.0,0.0,0.0,0.0,0,Clear sky,1.3,1.8,51,,Clear,False
2025-03-18,21,49.5,45.3,0.0,0.0,0.0,0.0,0,Clear sky,1.6,6.3,56,,Clear,False
2025-03-18,22,48.7,44.8,0.0,0.0,0.0,0.0,0,Clear sky,0.6,2.0,55,,Clear,False
2025-03-18,23,46.7,42.5,0.0,0.0,0.0,0.0,0,Clear sky,1.5,3.1,60,,Clear,False
2025-03-19,0,44.3,40.0,0.0,0.0,0.0,0.0,0,Clear sky,2.0,3.4,68,,Clear,False
2025-03-19,1,42.2,37.6,0.0,0.0,0.0,0.0,0,Clear sky,2.8,5.1,75,,Clear,False
2025-03-19,2,40.8,36.6,0.0,0.0,0.0,0.0,0,Clear sky,1.7,5.1,77,,Clear,False
2025-03-19,3,39.4,34.8,0.0,0.0,0.0,0.0,0,Clear sky,2.5,4.7,80,,Clear,False
2025-03-19,4,38.8,34.1,0.0,0.0,0.0,0.0,0,Clear sky,2.3,4.7,80,,Clear,False
2025-03-19,5,38.1,33.3,0.0,0.0,0.0,0.0,0,Clear sky,2.6,4.9,81,,Clear,False
2025-03-19,6,37.4,32.8,0.0,0.0,0.0,0.0,0,Clear sky,2.0,5.1,82,,Clear,False
2025-03-19,7,37.0,32.7,0.0,0.0,0.0,0.0,0,Clear sky,1.1,3.6,84,,Clear,False
2025-03-19,8,39.2,35.6,0.0,0.0,0.0,0.0,1,Mainly clear,0.2,2.0,82,,Clear,False
2025-03-19,9,41.8,38.1,0.0,0.0,0.0,0.0,0,Clear sky,1.2,6.0,78,,Clear,False
2025-03-19,10,46.8,43.2,0.0,0.0,0.0,0.0,0,Clear sky,1.5,7.8,69,,Clear,False
2025-03-19,11,51.0,47.6,0.0,0.0,0.0,0.0,0,Clear sky,2.4,10.1,60,,Clear,False
2025-03-19,12,54.5,52.2,0.0,0.0,0.0,0.0,0,Clear sky,3.2,11.9,54,,Clear,False
2025-03-19,13,57.1,55.2,0.0,0.0,0.0,0.0,0,Clear sky,4.0,13.2,49,,Clear,False
2025-03-19,14,58.5,55.9,0.0,0.0,0.0,0.0,0,Clear sky,4.9,15.0,45,,Clear,False
2025-03-19,15,58.4,54.6,0.0,0.0,0.0,0.0,1,Mainly clear,5.5,15.9,42,,Clear,False
2025-03-19,16,57.4,51.8,0.0,0.0,0.0,0.0,3,Overcast,6.0,16.3,40,,Cloudy,False
2025-03-19,17,55.5,49.2,0.0,0.0,0.0,0.0,3,Overcast,5.9,16.1,41,,Cloudy,False
2025-03-19,18,52.3,46.6,0.0,0.0,0.0,0.0,3,Overcast,5.2,15.0,49,,Cloudy,False
2025-03-19,19,48.3,42.4,0.0,0.0,0.0,0.0,3,Overcast,5.9,13.4,60,,Cloudy,False
2025-03-19,20,45.5,40.6,0.0,0.0,0.0,0.0,3,Overcast,4.5,13.2,72,,Cloudy,False
2025-03-19,21,46.6,41.5,0.0,0.0,0.0,0.0,3,Overcast,5.1,11.9,69,,Cloudy,False
2025-03-19,22,45.9,40.8,0.0,0.0,0.0,0.0,3,Overcast,5.5,11.6,75,,Cloudy,False
2025-03-19,23,44.6,39.4,0.0,0.0,0.0,0.0,3,Overcast,6.2,13.4,82,,Cloudy,False
2025-03-20,0,43.2,38.5,0.0,0.0,0.0,0.0,3,Overcast,5.4,13.2,88,,Cloudy,False
2025-03-20,1,42.0,37.7,0.0,0.0,0.0,0.0,3,Overcast,4.8,11.4,95,,Cloudy,False
2025-03-20,2,42.2,38.3,0.0,0.0,0.0,0.0,3,Overcast,4.1,11.0,97,,Cloudy,False
2025-03-20,3,42.8,39.3,0.0,0.0,0.0,0.0,3,Overcast,3.6,8.5,98,,Cloudy,False
2025-03-20,4,43.4,40.2,0.0,0.0,0.0,0.0,3,Overcast,3.3,7.8,97,,Cloudy,False
2025-03-20,5,43.7,40.0,0.0,0.0,0.0,0.0,3,Overcast,4.6,8.9,97,,Cloudy,False
2025-03-20,6,43.8,40.4,0.0,0.0,0.0,0.0,3,Overcast,4.0,9.8,97,,Cloudy,False
2025-03-20,7,43.8,40.1,0.0,0.0,0.0,0.0,3,Overcast,4.6,10.5,97,,Cloudy,False
2025-03-20,8,44.1,39.7,0.0,0.0,0.0,0.0,3,Overcast,6.1,13.2,96,,Cloudy,False
2025-03-20,9,44.5,39.5,0.0,0.0,0.0,0.0,3,Overcast,7.3,16.6,92,,Cloudy,False
2025-03-20,10,46.3,41.4,0.0,0.0,0.0,0.0,3,Overcast,7.8,18.3,90,,Cloudy,False
2025-03-20,11,48.5,43.3,0.0,0.0,0.0,0.0,3,Overcast,9.2,21.5,88,,Cloudy,False
2025-03-20,12,49.6,44.7,0.0,0.0,0.0,0.0,3,Overcast,9.2,21.9,87,,Cloudy,False
2025-03-20,13,50.4,45.2,0.0,0.0,0.0,0.0,3,Overcast,10.3,24.6,87,,Cloudy,False
2025-03-20,14,50.5,45.7,0.0,0.0,0.0,0.0,3,Overcast,9.5,24.8,89,,Cloudy,False
2025-03-20,15,49.8,44.8,0.0,0.0,0.0,0.0,3,Overcast,10.0,23.7,90,,Cloudy,False
2025-03-20,16,48.7,43.6,0.0,0.0,0.0,0.0,3,Overcast,10.0,24.2,93,,Cloudy,False
2025-03-20,17,47.8,42.9,0.0,0.0,0.0,0.0,3,Overcast,9.3,23.7,95,,Cloudy,False
2025-03-20,18,47.7,42.9,0.0,0.0,0.0,0.0,3,Overcast,8.9,21.5,94,,Cloudy,False
2025-03-20,19,46.8,42.7,0.0,0.0,0.0,0.0,3,Overcast,7.0,20.4,96,,Cloudy,False
2025-03-20,20,46.2,42.7,0.012,0.012,0.0,0.0,51,Light drizzle,5.5,13.9,97,,Drizzle,False
2025-03-20,21,47.8,45.9,0.004,0.004,0.0,0.0,51,Light drizzle,2.8,11.4,98,,Drizzle,False
2025-03-20,22,47.8,45.6,0.134,0.134,0.0,0.0,63,Moderate rain,3.7,8.9,98,,Rain,True
2025-03-20,23,48.2,45.7,0.272,0.272,0.0,0.0,63,Moderate rain,4.3,7.6,97,,Rain,True
2025-03-21,0,48.2,44.9,0.169,0.169,0.0,0.0,63,Moderate rain,6.1,12.8,96,,Rain,True
2025-03-21,1,48.3,44.1,0.059,0.059,0.0,0.0,61,Slight rain,7.3,14.3,91,,Rain,True
2025-03-21,2,47.3,41.4,0.043,0.043,0.0,0.0,55,Dense drizzle,10.7,21.9,91,,Drizzle,False
2025-03-21,3,47.2,40.1,0.028,0.028,0.0,0.0,53,Moderate drizzle,13.2,25.9,89,,Drizzle,False
2025-03-21,4,43.6,35.5,0.016,0.016,0.0,0.0,51,Light drizzle,13.3,29.5,85,,Drizzle,False
2025-03-21,5,40.4,30.7,0.004,0.004,0.0,0.0,51,Light drizzle,14.9,33.3,80,,Drizzle,False
2025-03-21,6,37.5,27.6,0.0,0.0,0.0,0.0,2,Partly cloudy,13.6,33.8,74,,Cloudy,False
2025-03-21,7,36.7,26.3,0.0,0.0,0.0,0.0,1,Mainly clear,13.8,30.9,68,,Clear,False
2025-03-21,8,36.5,25.6,0.0,0.0,0.0,0.0,0,Clear sky,14.5,32.9,63,,Clear,False
2025-03-21,9,39.1,28.1,0.0,0.0,0.0,0.0,0,Clear sky,15.0,34.9,59,,Clear,False
2025-03-21,10,39.3,27.7,0.0,0.0,0.0,0.0,0,Clear sky,15.8,37.4,54,,Clear,False
2025-03-21,11,40.4,28.9,0.0,0.0,0.0,0.0,0,Clear sky,15.8,37.8,49,,Clear,False
2025-03-21,12,42.5,32.4,0.0,0.0,0.0,0.0,0,Clear sky,15.6,38.0,42,,Clear,False
2025-03-21,13,44.4,34.5,0.0,0.0,0.0,0.0,0,Clear sky,16.0,38.3,37,,Clear,False
2025-03-21,14,46.3,36.8,0.0,0.0,0.0,0.0,0,Clear sky,15.1,38.0,32,,Clear,False
2025-03-21,15,47.8,38.1,0.0,0.0,0.0,0.0,0,Clear sky,14.3,36.2,30,,Clear,False
2025-03-21,16,48.3,37.9,0.0,0.0,0.0,0.0,0,Clear sky,13.8,34.0,31,,Clear,False
2025-03-21,17,48.6,37.3,0.0,0.0,0.0,0.0,0,Clear sky,13.7,32.7,30,,Clear,False
2025-03-21,18,47.5,37.4,0.0,0.0,0.0,0.0,0,Clear sky,11.1,31.3,33,,Clear,False
2025-03-21,19,45.3,36.0,0.0,0.0,0.0,0.0,0,Clear sky,9.6,25.3,37,,Clear,False
2025-03-21,20,43.7,34.9,0.0,0.0,0.0,0.0,0,Clear sky,8.7,21.3,41,,Clear,False
2025-03-21,21,43.9,35.5,0.0,0.0,0.0,0.0,0,Clear sky,7.8,19.9,41,,Clear,False
2025-03-21,22,42.6,35.0,0.0,0.0,0.0,0.0,0,Clear sky,6.2,17.0,45,,Clear,False
2025-03-21,23,40.4,34.1,0.0,0.0,0.0,0.0,0,Clear sky,3.7,13.2,55,,Clear,False
2025-03-22,0,38.8,33.2,0.0,0.0,0.0,0.0,0,Clear sky,2.4,7.6,62,,Clear,False
2025-03-22,1,37.6,32.0,0.0,0.0,0.0,0.0,0,Clear sky,2.5,4.5,66,,Clear,False
2025-03-22,2,36.6,31.1,0.0,0.0,0.0,0.0,0,Clear sky,2.6,5.1,70,,Clear,False
2025-03-22,3,37.2,30.7,0.0,0.0,0.0,0.0,0,Clear sky,4.7,9.8,67,,Clear,False
2025-03-22,4,37.0,30.5,0.0,0.0,0.0,0.0,2,Partly cloudy,4.7,10.3,69,,Cloudy,False
2025-03-22,5,36.7,30.4,0.0,0.0,0.0,0.0,3,Overcast,4.3,9.6,70,,Cloudy,False
2025-03-22,6,37.0,30.6,0.0,0.0,0.0,0.0,3,Overcast,4.6,9.6,70,,Cloudy,False
2025-03-22,7,37.1,30.7,0.0,0.0,0.0,0.0,3,Overcast,4.8,9.8,70,,Cloudy,False
2025-03-22,8,38.8,32.1,0.0,0.0,0.0,0.0,3,Overcast,5.8,12.1,68,,Cloudy,False
2025-03-22,9,42.4,36.0,0.0,0.0,0.0,0.0,3,Overcast,5.7,13.0,64,,Cloudy,False
2025-03-22,10,46.0,40.8,0.0,0.0,0.0,0.0,3,Overcast,4.0,12.8,62,,Cloudy,False
2025-03-22,11,50.5,45.4,0.0,0.0,0.0,0.0,3,Overcast,4.7,13.2,58,,Cloudy,False
2025-03-22,12,55.0,50.5,0.0,0.0,0.0,0.0,3,Overcast,6.3,17.2,48,,Cloudy,False
2025-03-22,13,58.2,53.8,0.0,0.0,0.0,0.0,1,Mainly clear,6.5,17.4,43,,Clear,False
2025-03-22,14,60.6,53.6,0.0,0.0,0.0,0.0,3,Overcast,12.2,27.1,32,,Cloudy,False
2025-03-22,15,58.4,49.3,0.0,0.0,0.0,0.0,3,Overcast,12.9,31.8,39,,Cloudy,False
2025-03-22,16,57.1,48.1,0.004,0.004,0.0,0.0,51,Light drizzle,13.2,30.6,42,,Drizzle,False
2025-03-22,17,56.6,48.7,0.0,0.0,0.0,0.0,1,Mainly clear,11.2,30.6,46,,Clear,False
2025-03-22,18,56.9,49.8,0.0,0.0,0.0,0.0,1,Mainly clear,9.2,25.1,44,,Clear,False
2025-03-22,19,54.2,45.6,0.0,0.0,0.0,0.0,2,Partly cloudy,12.9,26.6,50,,Cloudy,False
2025-03-22,20,48.8,41.9,0.0,0.0,0.0,0.0,0,Clear sky,9.9,30.9,66,,Clear,False
2025-03-22,21,48.4,41.0,0.0,0.0,0.0,0.0,0,Clear sky,10.2,26.8,63,,Clear,False
2025-03-22,22,45.6,36.1,0.0,0.0,0.0,0.0,0,Clear sky,13.4,29.5,59,,Clear,False
2025-03-22,23,42.4,32.2,0.0,0.0,0.0,0.0,0,Clear sky,12.5,32.0,49,,Clear,False
2025-03-23,0,39.7,30.6,0.0,0.0,0.0,0.0,0,Clear sky,10.3,28.0,58,,Clear,False
2025-03-23,1,36.3,27.0,0.0,0.0,0.0,0.0,0,Clear sky,10.7,24.6,62,,Clear,False
2025-03-23,2,33.1,23.3,0.0,0.0,0.0,0.0,0,Clear sky,10.6,24.4,59,,Clear,False
2025-03-23,3,30.6,20.1,0.0,0.0,0.0,0.0,0,Clear sky,11.3,26.4,55,,Clear,False
2025-03-23,4,28.9,19.0,0.0,0.0,0.0,0.0,0,Clear sky,9.8,26.2,58,,Clear,False
2025-03-23,5,28.1,17.9,0.0,0.0,0.0,0.0,0,Clear sky,10.5,23.7,57,,Clear,False
2025-03-23,6,27.8,17.5,0.0,0.0,0.0,0.0,0,Clear sky,10.4,24.6,55,,Clear,False
2025-03-23,7,27.6,18.1,0.0,0.0,0.0,0.0,0,Clear sky,8.5,23.0,57,,Clear,False
2025-03-23,8,28.9,20.1,0.0,0.0,0.0,0.0,0,Clear sky,7.1,19.2,57,,Clear,False
2025-03-23,9,32.9,23.4,0.0,0.0,0.0,0.0,0,Clear sky,8.9,21.9,50,,Clear,False
2025-03-23,10,35.2,25.8,0.0,0.0,0.0,0.0,0,Clear sky,8.7,22.1,46,,Clear,False
2025-03-23,11,37.5,29.4,0.0,0.0,0.0,0.0,0,Clear sky,7.6,22.1,41,,Clear,False
2025-03-23,12,39.8,33.6,0.0,0.0,0.0,0.0,0,Clear sky,6.6,20.6,39,,Clear,False
2025-03-23,13,41.8,37.0,0.0,0.0,0.0,0.0,1,Mainly clear,5.4,18.8,37,,Clear,False
2025-03-23,14,43.7,39.7,0.0,0.0,0.0,0.0,3,Overcast,4.0,16.8,37,,Cloudy,False
2025-03-23,15,45.1,40.9,0.0,0.0,0.0,0.0,3,Overcast,2.9,13.9,37,,Cloudy,False
2025-03-23,16,46.0,40.7,0.0,0.0,0.0,0.0,3,Overcast,2.1,11.6,36,,Cloudy,False
2025-03-23,17,46.5,40.2,0.0,0.0,0.0,0.0,3,Overcast,2.6,9.6,36,,Cloudy,False
2025-03-23,18,46.0,39.4,0.0,0.0,0.0,0.0,3,Overcast,3.5,9.2,39,,Cloudy,False
2025-03-23,19,44.0,37.2,0.0,0.0,0.0,0.0,3,Overcast,5.1,10.5,50,,Cloudy,False
2025-03-23,20,40.3,33.1,0.0,0.0,0.0,0.0,3,Overcast,6.8,15.7,62,,Cloudy,False
2025-03-23,21,39.5,32.7,0.0,0.0,0.0,0.0,3,Overcast,5.6,13.9,63,,Cloudy,False
2025-03-23,22,39.4,32.9,0.0,0.0,0.0,0.0,3,Overcast,5.1,12.5,65,,Cloudy,False
2025-03-23,23,39.6,33.0,0.0,0.0,0.0,0.0,3,Overcast,6.2,12.8,71,,Cloudy,False
2025-03-24,0,39.1,32.6,0.0,0.0,0.0,0.0,3,Overcast,6.4,14.8,76,,Cloudy,False
2025-03-24,1,39.7,33.2,0.0,0.0,0.0,0.0,3,Overcast,6.3,13.6,73,,Cloudy,False
2025-03-24,2,40.1,33.4,0.0,0.0,0.0,0.0,3,Overcast,7.0,15.2,75,,Cloudy,False
2025-03-24,3,40.1,33.5,0.004,0.004,0.0,0.0,51,Light drizzle,7.2,15.7,77,,Drizzle,False
2025-03-24,4,39.7,32.3,0.024,0.024,0.0,0.0,53,Moderate drizzle,8.8,18.3,77,,Drizzle,False
2025-03-24,5,39.5,32.5,0.0,0.0,0.0,0.0,3,Overcast,8.2,18.3,81,,Cloudy,False
2025-03-24,6,39.4,32.1,0.004,0.004,0.0,0.0,51,Light drizzle,8.7,19.2,79,,Drizzle,False
2025-03-24,7,39.8,32.4,0.02,0.02,0.0,0.0,53,Moderate drizzle,8.9,19.7,77,,Drizzle,False
2025-03-24,8,40.0,32.7,0.035,0.035,0.0,0.0,53,Moderate drizzle,9.6,19.5,84,,Drizzle,False
2025-03-24,9,40.1,34.8,0.016,0.016,0.0,0.0,51,Light drizzle,5.1,18.6,85,,Drizzle,False
2025-03-24,10,42.6,36.9,0.031,0.031,0.0,0.0,53,Moderate drizzle,7.2,16.8,86,,Drizzle,False
2025-03-24,11,44.6,39.7,0.059,0.059,0.0,0.0,61,Slight rain,7.3,15.4,93,,Rain,True
2025-03-24,12,47.5,43.6,0.051,0.051,0.0,0.0,61,Slight rain,6.8,16.1,95,,Rain,True
2025-03-24,13,50.0,46.7,0.02,0.02,0.0,0.0,53,Moderate drizzle,6.2,15.9,91,,Drizzle,False
2025-03-24,14,50.0,47.1,0.043,0.043,0.0,0.0,55,Dense drizzle,6.2,14.5,96,,Drizzle,False
2025-03-24,15,49.5,48.5,0.11,0.11,0.0,0.0,63,Moderate rain,1.4,13.2,97,,Rain,True
2025-03-24,16,49.6,48.0,0.063,0.063,0.0,0.0,61,Slight rain,3.0,6.3,97,,Rain,True
2025-03-24,17,49.8,47.0,0.031,0.031,0.0,0.0,53,Moderate drizzle,5.9,11.4,97,,Drizzle,False
2025-03-24,18,50.7,47.9,0.0,0.0,0.0,0.0,3,Overcast,6.4,13.4,95,,Cloudy,False
2025-03-24,19,50.0,47.4,0.0,0.0,0.0,0.0,1,Mainly clear,5.5,12.8,95,,Clear,False
2025-03-24,20,48.2,45.1,0.0,0.0,0.0,0.0,0,Clear sky,5.7,10.7,96,,Clear,False
2025-03-24,21,45.4,41.9,0.0,0.0,0.0,0.0,0,Clear sky,5.1,9.2,98,,Clear,False
2025-03-24,22,44.8,40.7,0.0,0.0,0.0,0.0,0,Clear sky,6.0,11.4,97,,Clear,False
2025-03-24,23,43.9,39.9,0.0,0.0,0.0,0.0,3,Overcast,5.3,11.4,97,,Cloudy,False
2025-03-25,0,43.7,39.2,0.0,0.0,0.0,0.0,3,Overcast,6.5,12.1,97,,Cloudy,False
2025-03-25,1,43.9,39.1,0.0,0.0,0.0,0.0,3,Overcast,7.2,14.1,97,,Cloudy,False
2025-03-25,2,43.9,38.9,0.0,0.0,0.0,0.0,3,Overcast,7.0,14.1,92,,Cloudy,False
2025-03-25,3,43.4,38.0,0.0,0.0,0.0,0.0,3,Overcast,6.6,13.2,83,,Cloudy,False
2025-03-25,4,42.8,37.6,0.0,0.0,0.0,0.0,3,Overcast,5.1,12.3,79,,Cloudy,False
2025-03-25,5,42.5,36.4,0.0,0.0,0.0,0.0,3,Overcast,6.4,11.9,73,,Cloudy,False
2025-03-25,6,42.1,35.5,0.0,0.0,0.0,0.0,2,Partly cloudy,6.7,13.9,69,,Cloudy,False
2025-03-25,7,40.7,34.3,0.0,0.0,0.0,0.0,2,Partly cloudy,6.0,13.9,69,,Cloudy,False
2025-03-25,8,41.9,35.0,0.0,0.0,0.0,0.0,3,Overcast,7.1,15.2,67,,Cloudy,False
2025-03-25,9,46.8,41.0,0.0,0.0,0.0,0.0,3,Overcast,5.7,12.8,64,,Cloudy,False
2025-03-25,10,49.8,41.2,0.0,0.0,0.0,0.0,3,Overcast,10.9,22.8,47,,Cloudy,False
2025-03-25,11,51.2,41.6,0.0,0.0,0.0,0.0,0,Clear sky,12.9,31.3,39,,Clear,False
2025-03-25,12,52.7,44.1,0.0,0.0,0.0,0.0,0,Clear sky,13.4,31.5,35,,Clear,False
2025-03-25,13,54.4,46.9,0.0,0.0,0.0,0.0,0,Clear sky,12.5,32.2,34,,Clear,False
2025-03-25,14,56.5,47.4,0.0,0.0,0.0,0.0,2,Partly cloudy,15.3,34.9,28,,Cloudy,False
2025-03-25,15,55.8,46.3,0.0,0.0,0.0,0.0,1,Mainly clear,13.1,35.8,31,,Clear,False
2025-03-25,16,57.4,48.0,0.0,0.0,0.0,0.0,3,Overcast,12.4,30.6,26,,Cloudy,False
2025-03-25,17,57.1,48.0,0.0,0.0,0.0,0.0,1,Mainly clear,10.0,31.1,28,,Clear,False
2025-03-25,18,55.3,47.5,0.0,0.0,0.0,0.0,0,Clear sky,7.8,23.7,34,,Clear,False
2025-03-25,19,50.6,45.4,0.0,0.0,0.0,0.0,1,Mainly clear,3.5,17.2,49,,Clear,False
2025-03-25,20,48.7,42.9,0.0,0.0,0.0,0.0,3,Overcast,3.9,7.8,48,,Cloudy,False
2025-03-25,21,47.7,42.2,0.0,0.0,0.0,0.0,2,Partly cloudy,3.5,7.8,53,,Cloudy,False
2025-03-25,22,47.8,43.5,0.0,0.0,0.0,0.0,3,Overcast,1.3,6.7,54,,Cloudy,False
2025-03-25,23,46.0,40.7,0.0,0.0,0.0,0.0,3,Overcast,3.7,7.2,59,,Cloudy,False
2025-03-26,0,45.9,40.5,0.0,0.0,0.0,0.0,3,Overcast,3.9,8.1,61,,Cloudy,False
2025-03-26,1,44.1,37.3,0.0,0.0,0.0,0.0,3,Overcast,6.2,15.0,57,,Cloudy,False
2025-03-26,2,42.2,34.9,0.0,0.0,0.0,0.0,3,Overcast,7.2,15.4,60,,Cloudy,False
2025-03-26,3,40.7,33.6,0.0,0.0,0.0,0.0,2,Partly cloudy,6.7,16.3,62,,Cloudy,False
2025-03-26,4,39.1,32.5,0.0,0.0,0.0,0.0,2,Partly cloudy,5.3,14.3,65,,Cloudy,False
2025-03-26,5,37.1,30.5,0.0,0.0,0.0,0.0,3,Overcast,5.4,11.6,70,,Cloudy,False
2025-03-26,6,36.3,29.9,0.0,0.0,0.0,0.0,3,Overcast,4.9,12.1,73,,Cloudy,False
2025-03-26,7,35.5,29.7,0.0,0.0,0.0,0.0,1,Mainly clear,3.6,10.7,76,,Clear,False
2025-03-26,8,37.0,31.6,0.0,0.0,0.0,0.0,3,Overcast,2.9,7.8,75,,Cloudy,False
2025-03-26,9,41.9,37.2,0.0,0.0,0.0,0.0,3,Overcast,1.7,7.2,64,,Cloudy,False
2025-03-26,10,43.9,38.6,0.0,0.0,0.0,0.0,3,Overcast,2.3,8.9,55,,Cloudy,False
2025-03-26,11,44.4,39.1,0.0,0.0,0.0,0.0,3,Overcast,1.9,8.7,50,,Cloudy,False
2025-03-26,12,46.5,40.4,0.0,0.0,0.0,0.0,3,Overcast,3.6,11.6,46,,Cloudy,False
2025-03-26,13,48.2,41.0,0.0,0.0,0.0,0.0,3,Overcast,7.1,19.7,41,,Cloudy,False
2025-03-26,14,47.7,39.9,0.0,0.0,0.0,0.0,1,Mainly clear,7.7,21.5,45,,Clear,False
2025-03-26,15,49.7,43.0,0.0,0.0,0.0,0.0,1,Mainly clear,7.8,21.9,44,,Clear,False
2025-03-26,16,48.3,39.3,0.0,0.0,0.0,0.0,3,Overcast,10.9,27.5,40,,Cloudy,False
2025-03-26,17,44.2,36.0,0.004,0.004,0.0,0.0,51,Light drizzle,9.7,26.4,57,,Drizzle,False
2025-03-26,18,44.7,36.3,0.0,0.0,0.0,0.0,1,Mainly clear,9.1,22.8,49,,Clear,False
2025-03-26,19,43.5,35.3,0.0,0.0,0.0,0.0,1,Mainly clear,8.4,20.8,50,,Clear,False
2025-03-26,20,41.5,33.2,0.0,0.0,0.0,0.0,0,Clear sky,8.6,20.1,53,,Clear,False
2025-03-26,21,40.2,32.2,0.0,0.0,0.0,0.0,0,Clear sky,7.8,21.5,55,,Clear,False
2025-03-26,22,38.8,31.2,0.0,0.0,0.0,0.0,0,Clear sky,6.8,17.4,59,,Clear,False
2025-03-26,23,37.3,29.8,0.0,0.0,0.0,0.0,0,Clear sky,6.6,15.2,61,,Clear,False
2025-03-27,0,35.9,28.4,0.0,0.0,0.0,0.0,0,Clear sky,6.3,14.3,65,,Clear,False
2025-03-27,1,34.8,27.3,0.0,0.0,0.0,0.0,0,Clear sky,6.4,14.5,66,,Clear,False
2025-03-27,2,33.8,26.4,0.0,0.0,0.0,0.0,0,Clear sky,6.1,14.3,69,,Clear,False
2025-03-27,3,33.0,25.3,0.0,0.0,0.0,0.0,0,Clear sky,6.7,14.8,70,,Clear,False
2025-03-27,4,32.6,25.0,0.0,0.0,0.0,0.0,0,Clear sky,6.4,14.8,70,,Clear,False
2025-03-27,5,32.3,24.9,0.0,0.0,0.0,0.0,0,Clear sky,5.7,14.1,69,,Clear,False
2025-03-27,6,31.8,24.7,0.0,0.0,0.0,0.0,0,Clear sky,5.1,12.8,71,,Clear,False
2025-03-27,7,31.3,24.3,0.0,0.0,0.0,0.0,0,Clear sky,4.9,11.0,75,,Clear,False
2025-03-27,8,32.9,26.0,0.0,0.0,0.0,0.0,0,Clear sky,5.1,11.4,74,,Clear,False
2025-03-27,9,36.6,28.2,0.0,0.0,0.0,0.0,0,Clear sky,7.4,18.1,53,,Clear,False
2025-03-27,10,38.9,29.6,0.0,0.0,0.0,0.0,0,Clear sky,8.9,22.4,41,,Clear,False
2025-03-27,11,40.9,32.4,0.0,0.0,0.0,0.0,0,Clear sky,9.0,23.3,37,,Clear,False
2025-03-27,12,43.2,35.9,0.0,0.0,0.0,0.0,0,Clear sky,9.2,24.2,36,,Clear,False
2025-03-27,13,45.5,38.7,0.0,0.0,0.0,0.0,0,Clear sky,9.7,24.8,34,,Clear,False
2025-03-27,14,47.2,40.5,0.0,0.0,0.0,0.0,0,Clear sky,9.7,25.5,33,,Clear,False
2025-03-27,15,48.6,41.2,0.0,0.0,0.0,0.0,0,Clear sky,9.2,24.8,30,,Clear,False
2025-03-27,16,49.4,41.4,0.0,0.0,0.0,0.0,0,Clear sky,8.6,23.3,30,,Clear,False
2025-03-27,17,49.5,40.3,0.0,0.0,0.0,0.0,0,Clear sky,8.7,21.5,29,,Clear,False
2025-03-27,18,48.9,40.6,0.0,0.0,0.0,0.0,0,Clear sky,6.9,21.0,31,,Clear,False
2025-03-27,19,45.6,39.5,0.0,0.0,0.0,0.0,0,Clear sky,3.4,15.7,46,,Clear,False
2025-03-27,20,42.3,36.8,0.0,0.0,0.0,0.0,0,Clear sky,2.8,6.9,59,,Clear,False
2025-03-27,21,43.0,36.9,0.0,0.0,0.0,0.0,0,Clear sky,3.7,8.7,52,,Clear,False
2025-03-27,22,41.9,35.7,0.0,0.0,0.0,0.0,0,Clear sky,3.8,7.6,54,,Clear,False
2025-03-27,23,41.3,34.2,0.0,0.0,0.0,0.0,0,Clear sky,5.5,10.7,52,,Clear,False
2025-03-28,0,40.7,32.7,0.0,0.0,0.0,0.0,0,Clear sky,7.5,15.4,52,,Clear,False
2025-03-28,1,40.2,32.1,0.0,0.0,0.0,0.0,2,Partly cloudy,7.7,15.9,52,,Cloudy,False
2025-03-28,2,39.9,31.7,0.0,0.0,0.0,0.0,3,Overcast,7.8,17.2,53,,Cloudy,False
2025-03-28,3,41.0,32.8,0.0,0.0,0.0,0.0,2,Partly cloudy,8.4,17.7,54,,Cloudy,False
2025-03-28,4,41.1,33.2,0.0,0.0,0.0,0.0,1,Mainly clear,7.8,17.9,56,,Clear,False
2025-03-28,5,40.2,33.1,0.0,0.0,0.0,0.0,3,Overcast,6.2,16.6,60,,Cloudy,False
2025-03-28,6,39.9,32.9,0.0,0.0,0.0,0.0,2,Partly cloudy,6.3,12.8,63,,Cloudy,False
2025-03-28,7,40.1,33.4,0.0,0.0,0.0,0.0,3,Overcast,6.1,12.8,66,,Cloudy,False
2025-03-28,8,42.0,35.4,0.0,0.0,0.0,0.0,3,Overcast,6.3,12.8,65,,Cloudy,False
2025-03-28,9,46.7,41.2,0.0,0.0,0.0,0.0,3,Overcast,4.7,11.9,61,,Cloudy,False
2025-03-28,10,51.3,46.5,0.0,0.0,0.0,0.0,2,Partly cloudy,3.3,10.5,53,,Cloudy,False
2025-03-28,11,54.6,50.4,0.0,0.0,0.0,0.0,1,Mainly clear,3.8,12.3,46,,Clear,False
2025-03-28,12,56.8,53.8,0.0,0.0,0.0,0.0,3,Overcast,4.4,13.9,44,,Cloudy,False
2025-03-28,13,58.2,54.0,0.0,0.0,0.0,0.0,3,Overcast,5.1,14.8,44,,Cloudy,False
2025-03-28,14,58.8,53.2,0.0,0.0,0.0,0.0,3,Overcast,6.3,16.1,44,,Cloudy,False
2025-03-28,15,59.2,53.6,0.0,0.0,0.0,0.0,3,Overcast,6.5,16.3,45,,Cloudy,False
2025-03-28,16,59.6,54.1,0.0,0.0,0.0,0.0,3,Overcast,6.3,16.3,44,,Cloudy,False
2025-03-28,17,59.3,54.4,0.0,0.0,0.0,0.0,3,Overcast,5.1,15.2,46,,Cloudy,False
2025-03-28,18,58.3,54.1,0.0,0.0,0.0,0.0,3,Overcast,4.3,12.8,51,,Cloudy,False
2025-03-28,19,54.6,50.6,0.0,0.0,0.0,0.0,3,Overcast,5.0,10.7,63,,Cloudy,False
2025-03-28,20,51.6,48.7,0.0,0.0,0.0,0.0,3,Overcast,3.6,11.0,76,,Cloudy,False
2025-03-28,21,54.3,50.4,0.004,0.004,0.0,0.0,51,Light drizzle,4.8,11.6,64,,Drizzle,False
2025-03-28,22,52.7,50.1,0.012,0.012,0.0,0.0,51,Light drizzle,2.0,9.8,69,,Drizzle,False
2025-03-28,23,52.2,48.9,0.0,0.0,0.0,0.0,2,Partly cloudy,4.2,7.8,74,,Cloudy,False
2025-03-29,0,51.1,47.9,0.0,0.0,0.0,0.0,3,Overcast,3.8,7.8,76,,Cloudy,False
2025-03-29,1,51.4,47.8,0.0,0.0,0.0,0.0,3,Overcast,4.8,10.1,74,,Cloudy,False
2025-03-29,2,51.8,49.0,0.012,0.012,0.0,0.0,51,Light drizzle,3.5,9.4,77,,Drizzle,False
2025-03-29,3,52.1,48.5,0.0,0.0,0.0,0.0,0,Clear sky,6.0,11.0,80,,Clear,False
2025-03-29,4,51.0,47.3,0.0,0.0,0.0,0.0,3,Overcast,6.2,11.9,83,,Cloudy,False
2025-03-29,5,51.8,47.6,0.0,0.0,0.0,0.0,3,Overcast,8.1,15.7,83,,Cloudy,False
2025-03-29,6,52.7,48.2,0.0,0.0,0.0,0.0,3,Overcast,9.1,18.3,83,,Cloudy,False
2025-03-29,7,54.1,49.1,0.0,0.0,0.0,0.0,0,Clear sky,10.3,21.3,79,,Clear,False
2025-03-29,8,56.6,51.8,0.0,0.0,0.0,0.0,0,Clear sky,10.3,22.1,74,,Clear,False
2025-03-29,9,60.4,55.7,0.0,0.0,0.0,0.0,0,Clear sky,9.9,21.7,64,,Clear,False
2025-03-29,10,64.8,61.8,0.0,0.0,0.0,0.0,0,Clear sky,8.0,21.7,62,,Clear,False
2025-03-29,11,69.1,67.4,0.0,0.0,0.0,0.0,1,Mainly clear,7.8,18.8,58,,Clear,False
2025-03-29,12,73.0,72.6,0.0,0.0,0.0,0.0,3,Overcast,8.9,21.5,53,,Cloudy,False
2025-03-29,13,75.9,73.6,0.0,0.0,0.0,0.0,3,Overcast,11.6,26.2,45,,Cloudy,False
2025-03-29,14,78.4,74.4,0.0,0.0,0.0,0.0,3,Overcast,14.0,30.6,38,,Cloudy,False
2025-03-29,15,78.3,74.7,0.0,0.0,0.0,0.0,3,Overcast,11.0,31.8,41,,Cloudy,False
2025-03-29,16,73.0,73.1,0.008,0.008,0.0,0.0,51,Light drizzle,6.1,27.1,60,,Drizzle,False
2025-03-29,17,74.5,74.5,0.0,0.0,0.0,0.0,2,Partly cloudy,7.2,14.1,59,,Cloudy,False
2025-03-29,18,70.9,68.9,0.024,0.024,0.0,0.0,53,Moderate drizzle,8.5,19.5,57,,Drizzle,False
2025-03-29,19,62.4,61.1,0.114,0.114,0.0,0.0,63,Moderate rain,9.5,16.1,86,,Rain,True
2025-03-29,20,50.3,46.0,0.024,0.024,0.0,0.0,53,Moderate drizzle,8.7,24.8,91,,Drizzle,False
2025-03-29,21,46.3,40.7,0.008,0.008,0.0,0.0,51,Light drizzle,8.2,21.0,82,,Drizzle,False
2025-03-29,22,44.7,39.1,0.0,0.0,0.0,0.0,2,Partly cloudy,7.8,18.8,85,,Cloudy,False
2025-03-29,23,43.2,38.3,0.0,0.0,0.0,0.0,2,Partly cloudy,5.4,18.1,86,,Cloudy,False
2025-03-30,0,42.9,38.0,0.0,0.0,0.0,0.0,2,Partly cloudy,5.3,13.6,86,,Cloudy,False
2025-03-30,1,42.1,37.0,0.0,0.0,0.0,0.0,3,Overcast,5.9,14.1,89,,Cloudy,False
2025-03-30,2,41.6,36.2,0.0,0.0,0.0,0.0,3,Overcast,6.6,14.8,89,,Cloudy,False
2025-03-30,3,41.5,36.5,0.0,0.0,0.0,0.0,3,Overcast,5.8,15.4,90,,Cloudy,False
2025-03-30,4,41.7,36.8,0.0,0.0,0.0,0.0,3,Overcast,5.5,12.8,90,,Cloudy,False
2025-03-30,5,41.8,36.9,0.0,0.0,0.0,0.0,3,Overcast,5.6,13.2,90,,Cloudy,False
2025-03-30,6,41.6,36.8,0.0,0.0,0.0,0.0,3,Overcast,5.4,12.8,91,,Cloudy,False
2025-03-30,7,41.5,36.9,0.0,0.0,0.0,0.0,3,Overcast,5.1,12.5,92,,Cloudy,False
2025-03-30,8,42.7,37.7,0.0,0.0,0.0,0.0,3,Overcast,6.1,14.5,89,,Cloudy,False
2025-03-30,9,42.9,38.5,0.0,0.0,0.0,0.0,3,Overcast,4.6,14.5,88,,Cloudy,False
2025-03-30,10,44.6,40.1,0.0,0.0,0.0,0.0,3,Overcast,5.1,13.4,86,,Cloudy,False
2025-03-30,11,46.8,42.5,0.0,0.0,0.0,0.0,3,Overcast,5.4,14.8,83,,Cloudy,False
2025-03-30,12,49.9,46.3,0.0,0.0,0.0,0.0,3,Overcast,4.8,14.8,79,,Cloudy,False
2025-03-30,13,52.6,49.5,0.0,0.0,0.0,0.0,3,Overcast,4.7,13.9,77,,Cloudy,False
2025-03-30,14,54.7,52.1,0.0,0.0,0.0,0.0,3,Overcast,4.3,13.9,75,,Cloudy,False
2025-03-30,15,54.8,52.2,0.0,0.0,0.0,0.0,3,Overcast,4.8,13.0,77,,Cloudy,False
2025-03-30,16,57.0,54.9,0.0,0.0,0.0,0.0,3,Overcast,5.6,16.3,75,,Cloudy,False
2025-03-30,17,56.0,53.5,0.0,0.0,0.0,0.0,3,Overcast,5.5,15.9,78,,Cloudy,False
2025-03-30,18,53.9,51.2,0.0,0.0,0.0,0.0,2,Partly cloudy,5.8,14.3,83,,Cloudy,False
2025-03-30,19,52.2,49.8,0.0,0.0,0.0,0.0,2,Partly cloudy,4.5,14.3,87,,Cloudy,False
2025-03-30,20,50.3,47.5,0.0,0.0,0.0,0.0,2,Partly cloudy,5.2,11.4,91,,Cloudy,False
2025-03-30,21,45.6,42.0,0.0,0.0,0.0,0.0,3,Overcast,4.2,13.6,90,,Cloudy,False
2025-03-30,22,46.0,42.4,0.004,0.004,0.0,0.0,51,Light drizzle,4.7,11.6,92,,Drizzle,False
2025-03-30,23,46.0,43.2,0.008,0.008,0.0,0.0,51,Light drizzle,3.2,10.7,94,,Drizzle,False
2025-03-31,0,46.2,43.7,0.004,0.004,0.0,0.0,51,Light drizzle,2.9,7.8,95,,Drizzle,False
2025-03-31,1,46.8,44.8,0.0,0.0,0.0,0.0,3,Overcast,2.1,6.5,96,,Cloudy,False
2025-03-31,2,46.3,44.6,0.0,0.0,0.0,0.0,3,Overcast,1.3,4.0,97,,Cloudy,False
2025-03-31,3,46.8,44.6,0.0,0.0,0.0,0.0,3,Overcast,2.5,3.4,96,,Cloudy,False
2025-03-31,4,51.2,48.3,0.0,0.0,0.0,0.0,3,Overcast,6.4,11.9,94,,Cloudy,False
2025-03-31,5,54.9,52.4,0.0,0.0,0.0,0.0,3,Overcast,7.6,14.3,91,,Cloudy,False
2025-03-31,6,57.7,55.4,0.0,0.0,0.0,0.0,3,Overcast,9.0,17.4,90,,Cloudy,False
2025-03-31,7,58.6,56.3,0.0,0.0,0.0,0.0,3,Overcast,9.6,19.2,90,,Cloudy,False
2025-03-31,8,60.4,58.3,0.0,0.0,0.0,0.0,3,Overcast,10.3,21.0,88,,Cloudy,False
2025-03-31,9,58.3,57.0,0.0,0.0,0.0,0.0,3,Overcast,7.0,13.6,90,,Cloudy,False
2025-03-31,10,64.3,63.9,0.0,0.0,0.0,0.0,3,Overcast,7.5,23.0,81,,Cloudy,False
2025-03-31,11,66.9,64.9,0.0,0.0,0.0,0.0,3,Overcast,12.2,26.4,76,,Cloudy,False
2025-03-31,12,68.5,68.2,0.004,0.004,0.0,0.0,51,Light drizzle,9.5,30.9,76,,Drizzle,False
2025-03-31,13,71.4,69.6,0.016,0.016,0.0,0.0,51,Light drizzle,12.2,27.7,67,,Drizzle,False
2025-03-31,14,74.2,73.9,0.008,0.008,0.0,0.0,51,Light drizzle,10.9,29.1,60,,Drizzle,False
2025-03-31,15,74.8,74.3,0.004,0.004,0.0,0.0,51,Light drizzle,9.8,25.9,59,,Drizzle,False
2025-03-31,16,73.1,74.1,0.024,0.024,0.0,0.0,53,Moderate drizzle,7.8,25.1,68,,Drizzle,False
2025-03-31,17,68.6,72.3,0.134,0.134,0.0,0.0,63,Moderate rain,0.9,18.6,78,,Rain,True
2025-03-31,18,65.7,68.5,0.441,0.441,0.0,0.0,65,Heavy rain,3.5,21.5,89,,Rain,True
2025-03-31,19,63.7,67.4,0.13,0.13,0.0,0.0,63,Moderate rain,0.9,13.2,94,,Rain,True
2025-03-31,20,62.8,64.6,0.181,0.181,0.0,0.0,63,Moderate rain,5.0,12.3,95,,Rain,True
2025-03-31,21,61.8,63.2,0.118,0.118,0.0,0.0,63,Moderate rain,4.3,19.2,92,,Rain,True
2025-03-31,22,60.6,62.3,0.165,0.165,0.0,0.0,63,Moderate rain,3.4,8.3,95,,Rain,True
2025-03-31,23,60.3,61.6,0.185,0.185,0.0,0.0,63,Moderate rain,4.1,8.5,96,,Rain,True
2025-04-01,0,60.3,61.0,0.087,0.087,0.0,0.0,61,Slight rain,5.0,10.3,94,,Rain,True
2025-04-01,1,59.2,59.4,0.106,0.106,0.0,0.0,63,Moderate rain,5.4,9.4,94,,Rain,True
2025-04-01,2,53.9,48.2,0.055,0.055,0.0,0.0,61,Slight rain,14.3,28.6,90,,Rain,True
2025-04-01,3,48.7,41.7,0.016,0.016,0.0,0.0,51,Light drizzle,13.4,29.1,86,,Drizzle,False
2025-04-01,4,45.3,38.0,0.0,0.0,0.0,0.0,3,Overcast,10.9,29.8,76,,Cloudy,False
2025-04-01,5,44.1,35.9,0.0,0.0,0.0,0.0,3,Overcast,11.3,25.3,69,,Cloudy,False
2025-04-01,6,41.9,32.9,0.0,0.0,0.0,0.0,3,Overcast,11.6,27.1,64,,Cloudy,False
2025-04-01,7,40.4,31.0,0.0,0.0,0.0,0.0,1,Mainly clear,12.1,28.4,64,,Clear,False
2025-04-01,8,40.0,31.0,0.0,0.0,0.0,0.0,0,Clear sky,11.2,27.5,64,,Clear,False
2025-04-01,9,42.3,33.2,0.0,0.0,0.0,0.0,1,Mainly clear,11.5,27.3,61,,Clear,False
2025-04-01,10,43.6,34.4,0.0,0.0,0.0,0.0,0,Clear sky,11.9,28.9,57,,Clear,False
2025-04-01,11,45.5,37.4,0.0,0.0,0.0,0.0,0,Clear sky,11.6,29.5,53,,Clear,False
2025-04-01,12,47.5,40.8,0.0,0.0,0.0,0.0,1,Mainly clear,10.8,28.9,49,,Clear,False
2025-04-01,13,49.2,43.2,0.0,0.0,0.0,0.0,1,Mainly clear,10.7,27.7,46,,Clear,False
2025-04-01,14,50.5,44.4,0.0,0.0,0.0,0.0,0,Clear sky,10.7,27.1,42,,Clear,False
2025-04-01,15,51.4,44.7,0.0,0.0,0.0,0.0,1,Mainly clear,10.6,27.1,39,,Clear,False
2025-04-01,16,51.7,43.9,0.0,0.0,0.0,0.0,0,Clear sky,10.2,26.6,37,,Clear,False
2025-04-01,17,51.3,42.4,0.0,0.0,0.0,0.0,0,Clear sky,9.7,25.1,36,,Clear,False
2025-04-01,18,50.1,41.8,0.0,0.0,0.0,0.0,0,Clear sky,8.4,23.0,38,,Clear,False
2025-04-01,19,47.9,40.7,0.0,0.0,0.0,0.0,0,Clear sky,6.4,19.2,43,,Clear,False
2025-04-01,20,45.6,38.5,0.0,0.0,0.0,0.0,0,Clear sky,6.0,14.3,48,,Clear,False
2025-04-01,21,45.7,39.2,0.0,0.0,0.0,0.0,0,Clear sky,5.0,10.3,50,,Clear,False
2025-04-01,22,43.9,36.0,0.0,0.0,0.0,0.0,0,Clear sky,7.6,16.3,49,,Clear,False
2025-04-01,23,41.9,33.8,0.0,0.0,0.0,0.0,1,Mainly clear,7.5,17.7,48,,Clear,False
2025-04-02,0,39.8,31.7,0.0,0.0,0.0,0.0,3,Overcast,7.2,16.6,49,,Cloudy,False
2025-04-02,1,37.9,30.3,0.0,0.0,0.0,0.0,3,Overcast,5.9,15.7,52,,Cloudy,False
2025-04-02,2,36.3,28.8,0.0,0.0,0.0,0.0,3,Overcast,5.6,13.0,56,,Cloudy,False
2025-04-02,3,35.4,27.6,0.0,0.0,0.0,0.0,0,Clear sky,6.4,13.9,58,,Clear,False
2025-04-02,4,34.6,26.5,0.0,0.0,0.0,0.0,3,Overcast,6.9,15.0,57,,Cloudy,False
2025-04-02,5,33.5,25.4,0.0,0.0,0.0,0.0,3,Overcast,6.6,15.2,57,,Cloudy,False
2025-04-02,6,32.8,25.1,0.0,0.0,0.0,0.0,3,Overcast,5.6,14.3,58,,Cloudy,False
2025-04-02,7,32.2,24.5,0.0,0.0,0.0,0.0,0,Clear sky,5.7,12.5,60,,Clear,False
2025-04-02,8,33.6,25.9,0.0,0.0,0.0,0.0,1,Mainly clear,5.7,13.9,59,,Clear,False
2025-04-02,9,38.0,30.4,0.0,0.0,0.0,0.0,2,Partly cloudy,5.7,15.4,50,,Cloudy,False
2025-04-02,10,40.6,33.0,0.0,0.0,0.0,0.0,2,Partly cloudy,6.2,17.4,50,,Cloudy,False
2025-04-02,11,42.8,36.2,0.0,0.0,0.0,0.0,0,Clear sky,6.8,19.2,47,,Clear,False
2025-04-02,12,44.9,40.0,0.0,0.0,0.0,0.0,3,Overcast,6.1,19.2,46,,Cloudy,False
2025-04-02,13,47.3,42.9,0.0,0.0,0.0,0.0,3,Overcast,6.8,19.0,46,,Cloudy,False
2025-04-02,14,47.3,41.8,0.0,0.0,0.0,0.0,3,Overcast,8.4,23.5,44,,Cloudy,False
2025-04-02,15,46.6,40.2,0.0,0.0,0.0,0.0,3,Overcast,8.8,23.5,48,,Cloudy,False
2025-04-02,16,44.9,36.5,0.0,0.0,0.0,0.0,3,Overcast,9.7,25.1,53,,Cloudy,False
2025-04-02,17,42.9,34.8,0.0,0.0,0.0,0.0,3,Overcast,9.5,23.9,61,,Cloudy,False
2025-04-02,18,42.3,35.2,0.0,0.0,0.0,0.0,3,Overcast,8.3,22.6,71,,Cloudy,False
2025-04-02,19,42.0,34.6,0.0,0.0,0.0,0.0,3,Overcast,9.8,26.6,77,,Cloudy,False
2025-04-02,20,41.6,36.0,0.0,0.0,0.0,0.0,3,Overcast,5.9,21.5,81,,Cloudy,False
2025-04-02,21,42.1,36.1,0.0,0.0,0.0,0.0,3,Overcast,6.9,18.8,81,,Cloudy,False
2025-04-02,22,42.4,37.0,0.0,0.0,0.0,0.0,3,Overcast,6.2,19.2,84,,Cloudy,False
2025-04-02,23,42.9,38.2,0.0,0.0,0.0,0.0,3,Overcast,5.1,13.6,86,,Cloudy,False
2025-04-03,0,43.8,38.2,0.0,0.0,0.0,0.0,3,Overcast,7.5,16.6,85,,Cloudy,False
2025-04-03,1,44.5,39.4,0.0,0.0,0.0,0.0,3,Overcast,6.6,17.9,85,,Cloudy,False
2025-04-03,2,44.9,40.6,0.0,0.0,0.0,0.0,3,Overcast,5.0,14.5,86,,Cloudy,False
2025-04-03,3,45.1,41.0,0.004,0.004,0.0,0.0,51,Light drizzle,4.9,10.7,88,,Drizzle,False
2025-04-03,4,45.6,41.3,0.004,0.004,0.0,0.0,51,Light drizzle,5.9,12.1,90,,Drizzle,False
2025-04-03,5,46.4,42.4,0.004,0.004,0.0,0.0,51,Light drizzle,5.7,12.3,90,,Drizzle,False
2025-04-03,6,47.5,44.0,0.0,0.0,0.0,0.0,3,Overcast,5.0,11.9,90,,Cloudy,False
2025-04-03,7,49.7,46.0,0.0,0.0,0.0,0.0,3,Overcast,6.8,13.2,90,,Cloudy,False
2025-04-03,8,54.6,51.0,0.0,0.0,0.0,0.0,3,Overcast,9.1,19.0,87,,Cloudy,False
2025-04-03,9,52.3,48.7,0.083,0.083,0.0,0.0,61,Slight rain,8.0,25.1,89,,Rain,True
2025-04-03,10,53.6,50.2,0.008,0.008,0.0,0.0,51,Light drizzle,8.7,16.8,91,,Drizzle,False
2025-04-03,11,57.2,53.7,0.004,0.004,0.0,0.0,51,Light drizzle,11.2,23.5,89,,Drizzle,False
2025-04-03,12,60.4,57.8,0.0,0.0,0.0,0.0,3,Overcast,11.5,25.1,88,,Cloudy,False
2025-04-03,13,62.9,61.4,0.0,0.0,0.0,0.0,3,Overcast,11.0,27.3,89,,Cloudy,False
2025-04-03,14,66.3,66.2,0.004,0.004,0.0,0.0,51,Light drizzle,10.0,26.2,86,,Drizzle,False
2025-04-03,15,70.8,70.7,0.004,0.004,0.0,0.0,51,Light drizzle,13.5,36.2,78,,Drizzle,False
2025-04-03,16,69.8,70.1,0.0,0.0,0.0,0.0,3,Overcast,10.9,28.9,81,,Cloudy,False
2025-04-03,17,70.4,70.9,0.0,0.0,0.0,0.0,3,Overcast,11.2,24.4,81,,Cloudy,False
2025-04-03,18,70.4,70.8,0.0,0.0,0.0,0.0,3,Overcast,11.0,25.5,80,,Cloudy,False
2025-04-03,19,69.4,69.8,0.0,0.0,0.0,0.0,3,Overcast,10.2,24.2,80,,Cloudy,False
2025-04-03,20,69.5,69.7,0.0,0.0,0.0,0.0,3,Overcast,10.6,23.5,80,,Cloudy,False
2025-04-03,21,70.4,70.6,0.0,0.0,0.0,0.0,3,Overcast,10.9,23.5,78,,Cloudy,False
2025-04-03,22,70.4,70.5,0.0,0.0,0.0,0.0,3,Overcast,10.8,23.5,77,,Cloudy,False
2025-04-03,23,70.3,69.9,0.0,0.0,0.0,0.0,3,Overcast,11.4,24.6,76,,Cloudy,False
2025-04-04,0,69.7,69.9,0.0,0.0,0.0,0.0,3,Overcast,10.1,24.8,78,,Cloudy,False
2025-04-04,1,68.7,69.3,0.0,0.0,0.0,0.0,3,Overcast,8.9,21.5,80,,Cloudy,False
2025-04-04,2,67.4,68.1,0.0,0.0,0.0,0.0,3,Overcast,8.1,18.3,83,,Cloudy,False
2025-04-04,3,65.8,66.6,0.008,0.008,0.0,0.0,51,Light drizzle,7.0,16.8,84,,Drizzle,False
2025-04-04,4,64.9,65.2,0.008,0.008,0.0,0.0,51,Light drizzle,7.2,14.5,85,,Drizzle,False
2025-04-04,5,62.7,62.0,0.004,0.004,0.0,0.0,51,Light drizzle,6.7,14.3,81,,Drizzle,False
2025-04-04,6,57.5,55.2,0.094,0.094,0.0,0.0,61,Slight rain,6.4,18.1,81,,Rain,True
2025-04-04,7,54.8,52.7,0.13,0.13,0.0,0.0,63,Moderate rain,5.7,16.3,87,,Rain,True
2025-04-04,8,54.5,51.9,0.028,0.028,0.0,0.0,53,Moderate drizzle,6.6,11.4,86,,Drizzle,False
2025-04-04,9,61.5,62.2,0.0,0.0,0.0,0.0,3,Overcast,3.8,8.9,86,,Cloudy,False
2025-04-04,10,64.8,62.7,0.0,0.0,0.0,0.0,3,Overcast,6.5,14.8,64,,Cloudy,False
2025-04-04,11,64.3,59.6,0.0,0.0,0.0,0.0,3,Overcast,7.8,20.1,49,,Cloudy,False
2025-04-04,12,65.5,60.7,0.0,0.0,0.0,0.0,3,Overcast,7.4,19.0,45,,Cloudy,False
2025-04-04,13,65.8,61.2,0.0,0.0,0.0,0.0,3,Overcast,8.5,21.3,43,,Cloudy,False
2025-04-04,14,65.7,60.5,0.0,0.0,0.0,0.0,3,Overcast,8.4,21.3,40,,Cloudy,False
2025-04-04,15,66.3,61.9,0.0,0.0,0.0,0.0,3,Overcast,7.8,20.8,39,,Cloudy,False
2025-04-04,16,66.7,61.0,0.0,0.0,0.0,0.0,3,Overcast,7.5,19.7,37,,Cloudy,False
2025-04-04,17,66.7,61.5,0.0,0.0,0.0,0.0,3,Overcast,6.6,18.1,38,,Cloudy,False
2025-04-04,18,65.2,61.2,0.0,0.0,0.0,0.0,3,Overcast,5.1,15.2,43,,Cloudy,False
2025-04-04,19,61.9,58.5,0.0,0.0,0.0,0.0,3,Overcast,4.4,11.4,52,,Cloudy,False
2025-04-04,20,59.0,55.5,0.0,0.0,0.0,0.0,3,Overcast,4.5,9.2,56,,Cloudy,False
2025-04-04,21,58.7,55.2,0.0,0.0,0.0,0.0,3,Overcast,4.1,10.1,55,,Cloudy,False
2025-04-04,22,57.7,54.1,0.0,0.0,0.0,0.0,3,Overcast,4.7,9.2,59,,Cloudy,False
2025-04-04,23,55.7,51.5,0.0,0.0,0.0,0.0,3,Overcast,5.1,12.3,60,,Cloudy,False
2025-04-05,0,54.4,50.4,0.0,0.0,0.0,0.0,3,Overcast,4.2,10.7,60,,Cloudy,False
2025-04-05,1,53.3,48.5,0.0,0.0,0.0,0.0,3,Overcast,5.4,11.4,59,,Cloudy,False
2025-04-05,2,52.6,48.1,0.0,0.0,0.0,0.0,3,Overcast,4.9,11.2,61,,Cloudy,False
2025-04-05,3,51.9,46.4,0.0,0.0,0.0,0.0,3,Overcast,6.6,13.4,61,,Cloudy,False
2025-04-05,4,51.3,44.9,0.0,0.0,0.0,0.0,2,Partly cloudy,8.2,17.2,59,,Cloudy,False
2025-04-05,5,49.1,43.4,0.0,0.0,0.0,0.0,2,Partly cloudy,6.8,17.7,65,,Cloudy,False
2025-04-05,6,48.1,42.6,0.0,0.0,0.0,0.0,3,Overcast,6.6,14.3,68,,Cloudy,False
2025-04-05,7,48.4,43.0,0.0,0.0,0.0,0.0,3,Overcast,6.1,14.5,67,,Cloudy,False
2025-04-05,8,49.4,43.9,0.0,0.0,0.0,0.0,3,Overcast,6.6,14.8,66,,Cloudy,False
2025-04-05,9,50.4,44.7,0.0,0.0,0.0,0.0,3,Overcast,7.0,16.1,64,,Cloudy,False
2025-04-05,10,49.3,43.5,0.0,0.0,0.0,0.0,3,Overcast,8.0,18.1,71,,Cloudy,False
2025-04-05,11,49.4,43.5,0.0,0.0,0.0,0.0,3,Overcast,8.5,19.7,72,,Cloudy,False
2025-04-05,12,49.5,43.9,0.0,0.0,0.0,0.0,3,Overcast,7.1,20.8,68,,Cloudy,False
2025-04-05,13,48.7,42.2,0.012,0.012,0.0,0.0,51,Light drizzle,9.7,23.0,70,,Drizzle,False
2025-04-05,14,49.2,42.7,0.024,0.024,0.0,0.0,53,Moderate drizzle,10.0,23.9,72,,Drizzle,False
2025-04-05,15,48.7,42.6,0.063,0.063,0.0,0.0,61,Slight rain,8.9,24.4,74,,Rain,True
2025-04-05,16,48.6,43.6,0.004,0.004,0.0,0.0,51,Light drizzle,6.7,20.8,75,,Drizzle,False
2025-04-05,17,48.4,44.1,0.008,0.008,0.0,0.0,51,Light drizzle,5.2,15.9,77,,Drizzle,False
2025-04-05,18,47.7,43.3,0.016,0.016,0.0,0.0,51,Light drizzle,5.6,13.2,81,,Drizzle,False
2025-04-05,19,47.3,44.0,0.004,0.004,0.0,0.0,51,Light drizzle,3.8,13.0,86,,Drizzle,False
2025-04-05,20,47.1,43.4,0.0,0.0,0.0,0.0,3,Overcast,5.0,11.4,88,,Cloudy,False
2025-04-05,21,43.6,39.5,0.0,0.0,0.0,0.0,3,Overcast,5.1,12.5,93,,Cloudy,False
2025-04-05,22,43.2,38.7,0.0,0.0,0.0,0.0,3,Overcast,5.6,13.0,93,,Cloudy,False
2025-04-05,23,42.8,38.8,0.0,0.0,0.0,0.0,3,Overcast,4.3,12.8,94,,Cloudy,False
2025-04-06,0,42.8,39.1,0.0,0.0,0.0,0.0,3,Overcast,3.7,9.4,94,,Cloudy,False
2025-04-06,1,43.0,39.2,0.008,0.008,0.0,0.0,51,Light drizzle,3.7,9.2,93,,Drizzle,False
2025-04-06,2,43.1,39.8,0.047,0.047,0.0,0.0,55,Dense drizzle,3.0,9.8,95,,Drizzle,False
2025-04-06,3,43.3,40.3,0.102,0.102,0.0,0.0,63,Moderate rain,2.3,17.4,94,,Rain,True
2025-04-06,4,43.3,40.8,0.0,0.0,0.0,0.0,3,Overcast,1.5,6.9,96,,Cloudy,False
2025-04-06,5,43.7,41.4,0.0,0.0,0.0,0.0,3,Overcast,1.2,4.5,97,,Cloudy,False
2025-04-06,6,44.2,41.5,0.0,0.0,0.0,0.0,3,Overcast,2.1,5.1,97,,Cloudy,False
2025-04-06,7,44.7,41.4,0.0,0.0,0.0,0.0,3,Overcast,4.0,9.2,96,,Cloudy,False
2025-04-06,8,46.4,43.7,0.004,0.004,0.0,0.0,51,Light drizzle,3.1,11.4,93,,Drizzle,False
2025-04-06,9,45.6,41.9,0.004,0.004,0.0,0.0,51,Light drizzle,5.0,11.2,93,,Drizzle,False
2025-04-06,10,48.0,43.6,0.0,0.0,0.0,0.0,3,Overcast,7.5,16.3,90,,Cloudy,False
2025-04-06,11,50.0,45.4,0.0,0.0,0.0,0.0,3,Overcast,7.9,20.1,83,,Cloudy,False
2025-04-06,12,51.2,47.2,0.004,0.004,0.0,0.0,51,Light drizzle,6.3,18.3,79,,Drizzle,False
2025-04-06,13,54.9,52.7,0.004,0.004,0.0,0.0,51,Light drizzle,2.9,16.3,73,,Drizzle,False
2025-04-06,14,57.4,53.4,0.0,0.0,0.0,0.0,3,Overcast,6.5,15.2,64,,Cloudy,False
2025-04-06,15,59.1,55.0,0.0,0.0,0.0,0.0,3,Overcast,6.9,20.1,57,,Cloudy,False
2025-04-06,16,57.2,52.5,0.0,0.0,0.0,0.0,3,Overcast,6.2,17.9,56,,Cloudy,False
2025-04-06,17,56.2,51.8,0.0,0.0,0.0,0.0,3,Overcast,5.1,15.7,56,,Cloudy,False
2025-04-06,18,56.0,51.5,0.0,0.0,0.0,0.0,3,Overcast,4.8,11.6,54,,Cloudy,False
2025-04-06,19,54.0,49.2,0.0,0.0,0.0,0.0,3,Overcast,4.9,11.9,56,,Cloudy,False
2025-04-06,20,52.1,46.7,0.0,0.0,0.0,0.0,3,Overcast,5.2,11.9,53,,Cloudy,False
2025-04-06,21,51.2,46.1,0.0,0.0,0.0,0.0,3,Overcast,4.3,12.3,55,,Cloudy,False
2025-04-06,22,51.0,45.4,0.0,0.0,0.0,0.0,3,Overcast,5.6,11.9,55,,Cloudy,False
2025-04-06,23,49.6,43.6,0.0,0.0,0.0,0.0,3,Overcast,5.7,12.5,55,,Cloudy,False
2025-04-07,0,48.3,42.2,0.0,0.0,0.0,0.0,3,Overcast,5.7,13.0,55,,Cloudy,False
2025-04-07,1,47.5,42.2,0.0,0.0,0.0,0.0,3,Overcast,4.4,12.3,60,,Cloudy,False
2025-04-07,2,46.2,41.1,0.004,0.004,0.0,0.0,51,Light drizzle,4.6,10.7,66,,Drizzle,False
2025-04-07,3,45.0,39.9,0.024,0.024,0.0,0.0,53,Moderate drizzle,5.2,10.1,74,,Drizzle,False
2025-04-07,4,43.9,39.0,0.016,0.016,0.0,0.0,51,Light drizzle,5.4,11.2,83,,Drizzle,False
2025-04-07,5,43.1,37.7,0.024,0.024,0.0,0.0,53,Moderate drizzle,6.3,12.8,84,,Drizzle,False
2025-04-07,6,41.5,36.2,0.031,0.031,0.0,0.0,53,Moderate drizzle,6.3,13.2,88,,Drizzle,False
2025-04-07,7,40.8,34.7,0.012,0.012,0.0,0.0,51,Light drizzle,7.3,15.4,85,,Drizzle,False
2025-04-07,8,40.5,34.9,0.008,0.008,0.0,0.0,51,Light drizzle,6.0,16.3,86,,Drizzle,False
2025-04-07,9,39.8,34.1,0.024,0.024,0.0,0.0,53,Moderate drizzle,6.3,14.8,87,,Drizzle,False
2025-04-07,10,40.6,35.1,0.008,0.008,0.0,0.0,51,Light drizzle,5.9,15.2,87,,Drizzle,False
2025-04-07,11,40.5,35.1,0.039,0.039,0.0,0.0,55,Dense drizzle,6.2,14.3,91,,Drizzle,False
2025-04-07,12,41.3,35.6,0.039,0.039,0.0,0.0,55,Dense drizzle,6.9,15.9,88,,Drizzle,False
2025-04-07,13,41.6,36.4,0.028,0.028,0.0,0.0,53,Moderate drizzle,6.4,15.7,91,,Drizzle,False
2025-04-07,14,42.3,36.4,0.031,0.031,0.0,0.0,53,Moderate drizzle,7.9,17.7,89,,Drizzle,False
2025-04-07,15,43.0,37.4,0.012,0.012,0.0,0.0,51,Light drizzle,7.1,18.8,86,,Drizzle,False
2025-04-07,16,42.9,37.6,0.004,0.004,0.0,0.0,51,Light drizzle,6.5,17.0,86,,Drizzle,False
2025-04-07,17,42.8,37.5,0.012,0.012,0.0,0.0,51,Light drizzle,6.2,15.9,85,,Drizzle,False
2025-04-07,18,42.4,37.4,0.004,0.004,0.0,0.0,51,Light drizzle,5.7,14.5,87,,Drizzle,False
2025-04-07,19,42.2,37.7,0.0,0.0,0.0,0.0,3,Overcast,4.4,13.2,88,,Cloudy,False
2025-04-07,20,41.6,37.5,0.0,0.0,0.0,0.0,3,Overcast,3.5,10.7,89,,Cloudy,False
2025-04-07,21,41.1,36.8,0.0,0.0,0.0,0.0,3,Overcast,3.5,10.3,89,,Cloudy,False
2025-04-07,22,41.1,36.9,0.0,0.0,0.0,0.0,3,Overcast,3.5,8.9,89,,Cloudy,False
2025-04-07,23,41.3,37.7,0.0,0.0,0.0,0.0,3,Overcast,1.9,8.3,89,,Cloudy,False
2025-04-08,0,41.4,38.0,0.0,0.0,0.0,0.0,3,Overcast,1.6,5.6,89,,Cloudy,False
2025-04-08,1,41.2,37.9,0.0,0.0,0.0,0.0,3,Overcast,1.3,4.0,90,,Cloudy,False
2025-04-08,2,41.2,37.8,0.0,0.0,0.0,0.0,3,Overcast,1.6,3.6,90,,Cloudy,False
2025-04-08,3,41.4,37.6,0.0,0.0,0.0,0.0,3,Overcast,2.6,5.8,91,,Cloudy,False
2025-04-08,4,41.3,37.7,0.0,0.0,0.0,0.0,3,Overcast,2.2,6.0,91,,Cloudy,False
2025-04-08,5,41.7,37.2,0.0,0.0,0.0,0.0,3,Overcast,4.7,9.6,91,,Cloudy,False
2025-04-08,6,41.5,36.4,0.0,0.0,0.0,0.0,3,Overcast,5.8,12.5,89,,Cloudy,False
2025-04-08,7,39.4,30.3,0.0,0.0,0.0,0.0,0,Clear sky,11.5,26.2,67,,Clear,False
2025-04-08,8,35.2,25.2,0.0,0.0,0.0,0.0,0,Clear sky,11.4,26.6,55,,Clear,False
2025-04-08,9,38.1,27.8,0.0,0.0,0.0,0.0,0,Clear sky,12.1,28.6,49,,Clear,False
2025-04-08,10,39.4,29.2,0.0,0.0,0.0,0.0,0,Clear sky,11.7,28.9,47,,Clear,False
2025-04-08,11,40.7,31.1,0.0,0.0,0.0,0.0,0,Clear sky,13.6,33.1,42,,Clear,False
2025-04-08,12,42.5,32.8,0.0,0.0,0.0,0.0,2,Partly cloudy,15.4,36.5,36,,Cloudy,False
2025-04-08,13,43.4,33.9,0.0,0.0,0.0,0.0,2,Partly cloudy,16.1,38.5,35,,Cloudy,False
2025-04-08,14,43.3,32.5,0.0,0.0,0.0,0.0,3,Overcast,16.2,38.7,35,,Cloudy,False
2025-04-08,15,42.4,29.8,0.0,0.0,0.0,0.0,3,Overcast,16.6,38.7,37,,Cloudy,False
2025-04-08,16,41.5,29.4,0.0,0.0,0.0,0.0,2,Partly cloudy,15.8,39.4,39,,Cloudy,False
2025-04-08,17,40.1,28.0,0.0,0.0,0.0,0.0,0,Clear sky,15.8,38.0,41,,Clear,False
2025-04-08,18,39.2,26.3,0.0,0.0,0.0,0.0,0,Clear sky,17.2,39.4,39,,Clear,False
2025-04-08,19,37.6,26.7,0.0,0.0,0.0,0.0,0,Clear sky,12.5,40.3,43,,Clear,False
2025-04-08,20,36.1,26.0,0.0,0.0,0.0,0.0,0,Clear sky,10.7,28.4,47,,Clear,False
2025-04-08,21,37.3,27.8,0.0,0.0,0.0,0.0,0,Clear sky,9.5,23.0,46,,Clear,False
2025-04-08,22,36.4,26.7,0.0,0.0,0.0,0.0,0,Clear sky,9.9,22.4,46,,Clear,False
2025-04-08,23,35.3,25.9,0.0,0.0,0.0,0.0,0,Clear sky,9.1,22.4,46,,Clear,False
2025-04-09,0,34.3,25.1,0.0,0.0,0.0,0.0,0,Clear sky,8.4,20.6,49,,Clear,False
2025-04-09,1,33.2,25.0,0.0,0.0,0.0,0.0,0,Clear sky,6.3,18.6,53,,Clear,False
2025-04-09,2,32.2,24.5,0.0,0.0,0.0,0.0,1,Mainly clear,5.3,14.1,58,,Clear,False
2025-04-09,3,31.4,23.1,0.0,0.0,0.0,0.0,0,Clear sky,6.6,15.0,57,,Clear,False
2025-04-09,4,30.2,21.1,0.0,0.0,0.0,0.0,0,Clear sky,8.2,18.3,56,,Clear,False
2025-04-09,5,29.4,19.9,0.0,0.0,0.0,0.0,0,Clear sky,8.9,20.1,56,,Clear,False
2025-04-09,6,28.8,19.6,0.0,0.0,0.0,0.0,0,Clear sky,8.2,20.1,58,,Clear,False
2025-04-09,7,28.9,20.2,0.0,0.0,0.0,0.0,0,Clear sky,7.2,18.6,59,,Clear,False
2025-04-09,8,30.5,21.5,0.0,0.0,0.0,0.0,0,Clear sky,7.7,18.1,54,,Clear,False
2025-04-09,9,33.9,24.5,0.0,0.0,0.0,0.0,0,Clear sky,8.6,21.5,45,,Clear,False
2025-04-09,10,36.0,27.0,0.0,0.0,0.0,0.0,0,Clear sky,7.9,21.9,45,,Clear,False
2025-04-09,11,38.4,32.0,0.0,0.0,0.0,0.0,0,Clear sky,6.2,20.8,44,,Clear,False
2025-04-09,12,40.4,35.9,0.0,0.0,0.0,0.0,0,Clear sky,5.1,18.1,42,,Clear,False
2025-04-09,13,42.3,39.0,0.0,0.0,0.0,0.0,0,Clear sky,4.2,16.3,41,,Clear,False
2025-04-09,14,44.2,40.9,0.0,0.0,0.0,0.0,0,Clear sky,4.0,15.0,38,,Clear,False
2025-04-09,15,45.6,41.6,0.0,0.0,0.0,0.0,0,Clear sky,4.0,14.5,36,,Clear,False
2025-04-09,16,46.5,40.7,0.0,0.0,0.0,0.0,0,Clear sky,4.7,14.5,33,,Clear,False
2025-04-09,17,46.7,39.1,0.0,0.0,0.0,0.0,0,Clear sky,5.0,15.2,32,,Clear,False
2025-04-09,18,46.6,38.1,0.0,0.0,0.0,0.0,0,Clear sky,7.4,17.0,33,,Clear,False
2025-04-09,19,45.0,37.3,0.0,0.0,0.0,0.0,0,Clear sky,6.0,18.3,40,,Clear,False
2025-04-09,20,41.6,34.8,0.0,0.0,0.0,0.0,0,Clear sky,4.9,13.9,52,,Clear,False
2025-04-09,21,38.8,30.7,0.0,0.0,0.0,0.0,0,Clear sky,8.0,19.0,58,,Clear,False
2025-04-09,22,39.1,31.6,0.0,0.0,0.0,0.0,0,Clear sky,7.1,17.2,61,,Clear,False
2025-04-09,23,38.7,31.9,0.0,0.0,0.0,0.0,0,Clear sky,5.6,15.2,66,,Clear,False
2025-04-10,0,37.9,32.3,0.0,0.0,0.0,0.0,3,Overcast,3.7,12.1,73,,Cloudy,False
2025-04-10,1,37.6,32.1,0.0,0.0,0.0,0.0,1,Mainly clear,3.4,7.6,75,,Clear,False
2025-04-10,2,36.5,31.2,0.0,0.0,0.0,0.0,1,Mainly clear,2.9,7.4,77,,Clear,False
2025-04-10,3,35.6,30.3,0.0,0.0,0.0,0.0,2,Partly cloudy,2.6,5.8,77,,Cloudy,False
2025-04-10,4,35.7,31.1,0.0,0.0,0.0,0.0,2,Partly cloudy,0.8,4.9,76,,Cloudy,False
2025-04-10,5,35.7,31.3,0.0,0.0,0.0,0.0,3,Overcast,0.3,1.8,76,,Cloudy,False
2025-04-10,6,36.7,32.5,0.0,0.0,0.0,0.0,0,Clear sky,0.4,1.3,78,,Clear,False
2025-04-10,7,35.3,30.5,0.0,0.0,0.0,0.0,0,Clear sky,1.8,3.6,83,,Clear,False
2025-04-10,8,38.4,33.7,0.0,0.0,0.0,0.0,3,Overcast,1.9,5.8,77,,Cloudy,False
2025-04-10,9,42.5,37.6,0.0,0.0,0.0,0.0,3,Overcast,2.6,8.9,66,,Cloudy,False
2025-04-10,10,45.0,39.8,0.0,0.0,0.0,0.0,1,Mainly clear,3.6,11.4,63,,Clear,False
2025-04-10,11,48.5,43.6,0.0,0.0,0.0,0.0,3,Overcast,6.8,17.7,59,,Cloudy,False
2025-04-10,12,47.8,40.5,0.0,0.0,0.0,0.0,2,Partly cloudy,9.0,23.3,58,,Cloudy,False
2025-04-10,13,48.9,42.6,0.0,0.0,0.0,0.0,3,Overcast,9.2,23.7,51,,Cloudy,False
2025-04-10,14,48.2,40.8,0.0,0.0,0.0,0.0,3,Overcast,10.5,26.4,50,,Cloudy,False
2025-04-10,15,45.3,37.0,0.0,0.0,0.0,0.0,3,Overcast,10.0,26.6,55,,Cloudy,False
2025-04-10,16,43.9,36.4,0.0,0.0,0.0,0.0,3,Overcast,8.0,23.9,57,,Cloudy,False
2025-04-10,17,43.4,36.3,0.004,0.004,0.0,0.0,51,Light drizzle,6.9,18.8,58,,Drizzle,False
2025-04-10,18,42.4,35.9,0.004,0.004,0.0,0.0,51,Light drizzle,5.5,16.6,62,,Drizzle,False
2025-04-10,19,41.7,35.6,0.004,0.004,0.0,0.0,51,Light drizzle,5.3,13.0,68,,Drizzle,False
2025-04-10,20,41.2,34.7,0.008,0.008,0.0,0.0,51,Light drizzle,6.5,14.1,71,,Drizzle,False
2025-04-10,21,41.4,35.6,0.004,0.004,0.0,0.0,51,Light drizzle,4.8,13.0,71,,Drizzle,False
2025-04-10,22,40.9,34.9,0.004,0.004,0.0,0.0,51,Light drizzle,5.2,11.2,71,,Drizzle,False
2025-04-10,23,40.2,34.1,0.0,0.0,0.0,0.0,3,Overcast,5.4,12.3,73,,Cloudy,False
2025-04-11,0,39.8,34.0,0.0,0.0,0.0,0.0,3,Overcast,5.1,11.9,76,,Cloudy,False
2025-04-11,1,39.7,34.5,0.0,0.0,0.0,0.0,3,Overcast,3.8,11.4,78,,Cloudy,False
2025-04-11,2,39.7,34.4,0.0,0.0,0.0,0.0,3,Overcast,4.0,8.9,79,,Cloudy,False
2025-04-11,3,39.7,34.6,0.0,0.0,0.0,0.0,3,Overcast,4.0,9.8,81,,Cloudy,False
2025-04-11,4,39.9,34.5,0.0,0.0,0.0,0.0,3,Overcast,5.0,11.2,83,,Cloudy,False
2025-04-11,5,40.2,35.0,0.0,0.0,0.0,0.0,3,Overcast,4.8,11.2,85,,Cloudy,False
2025-04-11,6,40.4,35.4,0.0,0.0,0.0,0.0,3,Overcast,4.6,10.5,87,,Cloudy,False
2025-04-11,7,40.7,35.5,0.0,0.0,0.0,0.0,3,Overcast,5.3,11.6,86,,Cloudy,False
2025-04-11,8,41.3,36.2,0.0,0.0,0.0,0.0,3,Overcast,4.8,13.2,84,,Cloudy,False
2025-04-11,9,43.2,37.3,0.0,0.0,0.0,0.0,3,Overcast,6.5,16.1,77,,Cloudy,False
2025-04-11,10,42.6,36.8,0.008,0.008,0.0,0.0,51,Light drizzle,6.3,16.6,77,,Drizzle,False
2025-04-11,11,42.5,37.3,0.047,0.043,0.028,0.0,71,Slight snowfall,5.6,14.5,82,,Snow,True
2025-04-11,12,44.1,37.9,0.031,0.031,0.0,0.0,53,Moderate drizzle,8.4,19.0,82,,Drizzle,False
2025-04-11,13,44.2,38.6,0.028,0.028,0.0,0.0,53,Moderate drizzle,7.5,19.7,86,,Drizzle,False
2025-04-11,14,43.2,38.1,0.043,0.043,0.0,0.0,55,Dense drizzle,7.0,17.9,95,,Drizzle,False
2025-04-11,15,43.5,38.8,0.039,0.039,0.0,0.0,55,Dense drizzle,6.5,15.9,94,,Drizzle,False
2025-04-11,16,43.3,38.3,0.031,0.031,0.0,0.0,53,Moderate drizzle,7.1,15.2,96,,Drizzle,False
2025-04-11,17,44.8,40.0,0.016,0.016,0.0,0.0,51,Light drizzle,6.7,16.8,90,,Drizzle,False
2025-04-11,18,44.2,38.3,0.008,0.008,0.0,0.0,51,Light drizzle,8.7,18.6,90,,Drizzle,False
2025-04-11,19,43.1,36.6,0.02,0.02,0.0,0.0,53,Moderate drizzle,9.5,19.9,87,,Drizzle,False
2025-04-11,20,41.5,34.3,0.043,0.043,0.0,0.0,55,Dense drizzle,10.6,21.7,90,,Drizzle,False
2025-04-11,21,41.3,33.5,0.047,0.047,0.0,0.0,55,Dense drizzle,11.8,23.9,88,,Drizzle,False
2025-04-11,22,41.5,34.2,0.016,0.016,0.0,0.0,51,Light drizzle,10.5,23.9,88,,Drizzle,False
2025-04-11,23,41.5,34.9,0.047,0.047,0.0,0.0,55,Dense drizzle,9.6,21.9,92,,Drizzle,False
2025-04-12,0,41.9,34.4,0.091,0.091,0.0,0.0,61,Slight rain,12.1,24.4,93,,Rain,True
2025-04-12,1,40.0,32.1,0.114,0.114,0.0,0.0,63,Moderate rain,12.4,27.3,94,,Rain,True
2025-04-12,2,38.2,31.0,0.091,0.091,0.0,0.0,61,Slight rain,10.2,26.6,98,,Rain,True
2025-04-12,3,36.5,29.4,0.067,0.067,0.0,0.0,61,Slight rain,9.4,21.3,100,,Rain,True
2025-04-12,4,35.4,27.7,0.079,0.043,0.248,0.0,73,Moderate snowfall,10.5,21.7,100,,Snow,True
2025-04-12,5,35.1,25.4,0.075,0.031,0.303,0.033,73,Moderate snowfall,14.9,28.6,99,,Snow,True
2025-04-12,6,35.2,25.7,0.035,0.028,0.055,0.033,71,Slight snowfall,14.4,30.2,97,,Snow,True
2025-04-12,7,35.9,26.7,0.016,0.016,0.0,0.033,51,Light drizzle,13.3,28.6,93,,Drizzle,False
2025-04-12,8,36.6,27.3,0.016,0.016,0.0,0.033,51,Light drizzle,13.8,29.1,91,,Drizzle,False
2025-04-12,9,37.7,29.5,0.02,0.02,0.0,0.033,53,Moderate drizzle,11.4,24.4,90,,Drizzle,False
2025-04-12,10,38.2,30.1,0.008,0.008,0.0,0.033,51,Light drizzle,11.4,25.9,88,,Drizzle,False
2025-04-12,11,38.8,29.8,0.004,0.004,0.0,0.033,51,Light drizzle,13.2,31.1,84,,Drizzle,False
2025-04-12,12,39.7,31.5,0.008,0.008,0.0,0.033,51,Light drizzle,11.4,29.3,82,,Drizzle,False
2025-04-12,13,40.4,31.7,0.012,0.012,0.0,0.033,51,Light drizzle,12.6,27.7,81,,Drizzle,False
2025-04-12,14,41.7,33.5,0.008,0.008,0.0,0.033,51,Light drizzle,11.8,28.6,78,,Drizzle,False
2025-04-12,15,42.2,34.0,0.004,0.004,0.0,0.033,51,Light drizzle,11.5,27.1,77,,Drizzle,False
2025-04-12,16,41.6,34.0,0.012,0.012,0.0,0.033,51,Light drizzle,10.3,26.4,79,,Drizzle,False
2025-04-12,17,40.6,33.4,0.012,0.012,0.0,0.033,51,Light drizzle,9.7,25.5,83,,Drizzle,False
2025-04-12,18,40.0,33.1,0.004,0.004,0.0,0.033,51,Light drizzle,9.1,23.7,86,,Drizzle,False
2025-04-12,19,39.9,32.8,0.0,0.0,0.0,0.033,3,Overcast,9.2,21.0,85,,Cloudy,False
2025-04-12,20,39.9,32.6,0.0,0.0,0.0,0.033,3,Overcast,9.6,21.7,84,,Cloudy,False
2025-04-12,21,39.9,33.0,0.0,0.0,0.0,0.033,3,Overcast,8.6,20.1,84,,Cloudy,False
2025-04-12,22,39.8,33.0,0.0,0.0,0.0,0.033,3,Overcast,8.3,19.5,82,,Cloudy,False
2025-04-12,23,39.6,32.6,0.0,0.0,0.0,0.033,3,Overcast,8.3,18.3,81,,Cloudy,False
2025-04-13,0,39.5,33.0,0.0,0.0,0.0,0.033,3,Overcast,7.1,18.3,81,,Cloudy,False
2025-04-13,1,39.2,32.5,0.0,0.0,0.0,0.033,3,Overcast,7.6,16.8,83,,Cloudy,False
2025-04-13,2,38.9,32.0,0.0,0.0,0.0,0.033,3,Overcast,8.3,18.6,85,,Cloudy,False
2025-04-13,3,39.0,31.9,0.0,0.0,0.0,0.033,3,Overcast,8.8,19.9,84,,Cloudy,False
2025-04-13,4,39.3,32.3,0.0,0.0,0.0,0.033,3,Overcast,8.5,19.7,83,,Cloudy,False
2025-04-13,5,39.7,32.6,0.0,0.0,0.0,0.0,3,Overcast,8.6,19.0,82,,Cloudy,False
2025-04-13,6,40.1,33.1,0.0,0.0,0.0,0.0,3,Overcast,8.8,19.5,82,,Cloudy,False
2025-04-13,7,40.3,32.9,0.0,0.0,0.0,0.0,3,Overcast,9.7,21.7,82,,Cloudy,False
2025-04-13,8,41.2,34.8,0.0,0.0,0.0,0.0,3,Overcast,7.5,21.7,81,,Cloudy,False
2025-04-13,9,44.7,38.4,0.0,0.0,0.0,0.0,1,Mainly clear,7.6,19.9,73,,Clear,False
2025-04-13,10,48.0,40.1,0.0,0.0,0.0,0.0,2,Partly cloudy,11.5,28.6,64,,Cloudy,False
2025-04-13,11,50.9,42.9,0.0,0.0,0.0,0.0,3,Overcast,11.7,28.6,58,,Cloudy,False
2025-04-13,12,52.2,44.4,0.0,0.0,0.0,0.0,3,Overcast,11.5,27.5,57,,Cloudy,False
2025-04-13,13,52.8,44.8,0.0,0.0,0.0,0.0,3,Overcast,12.0,28.0,56,,Cloudy,False
2025-04-13,14,54.6,46.6,0.0,0.0,0.0,0.0,3,Overcast,12.1,28.9,53,,Cloudy,False
2025-04-13,15,56.8,48.9,0.0,0.0,0.0,0.0,3,Overcast,11.8,28.4,49,,Cloudy,False
2025-04-13,16,56.9,49.4,0.0,0.0,0.0,0.0,3,Overcast,11.2,31.1,49,,Cloudy,False
2025-04-13,17,56.8,49.7,0.0,0.0,0.0,0.0,3,Overcast,10.4,30.9,51,,Cloudy,False
2025-04-13,18,55.7,49.7,0.0,0.0,0.0,0.0,3,Overcast,8.1,23.5,54,,Cloudy,False
2025-04-13,19,54.7,48.7,0.0,0.0,0.0,0.0,3,Overcast,7.9,17.7,55,,Cloudy,False
2025-04-13,20,52.6,46.4,0.0,0.0,0.0,0.0,3,Overcast,8.0,17.7,57,,Cloudy,False
2025-04-13,21,51.9,47.4,0.0,0.0,0.0,0.0,3,Overcast,5.0,9.4,65,,Cloudy,False
2025-04-13,22,51.5,45.4,0.0,0.0,0.0,0.0,0,Clear sky,7.9,15.9,60,,Clear,False
2025-04-13,23,50.3,43.8,0.0,0.0,0.0,0.0,0,Clear sky,8.1,17.4,59,,Clear,False
2025-04-14,0,48.3,42.2,0.0,0.0,0.0,0.0,0,Clear sky,7.1,17.0,62,,Clear,False
2025-04-14,1,46.4,40.8,0.0,0.0,0.0,0.0,0,Clear sky,5.7,14.5,67,,Clear,False
2025-04-14,2,45.3,39.5,0.0,0.0,0.0,0.0,1,Mainly clear,6.1,12.8,68,,Clear,False
2025-04-14,3,44.2,38.7,0.0,0.0,0.0,0.0,0,Clear sky,5.2,12.5,70,,Clear,False
2025-04-14,4,43.3,37.9,0.0,0.0,0.0,0.0,3,Overcast,4.6,10.5,72,,Cloudy,False
2025-04-14,5,42.4,37.2,0.0,0.0,0.0,0.0,2,Partly cloudy,4.3,9.4,73,,Cloudy,False
2025-04-14,6,41.8,36.6,0.0,0.0,0.0,0.0,3,Overcast,4.0,8.7,74,,Cloudy,False
2025-04-14,7,42.4,37.4,0.0,0.0,0.0,0.0,2,Partly cloudy,3.7,7.8,73,,Cloudy,False
2025-04-14,8,45.4,40.8,0.0,0.0,0.0,0.0,2,Partly cloudy,3.8,8.5,72,,Cloudy,False
2025-04-14,9,49.6,45.7,0.0,0.0,0.0,0.0,3,Overcast,2.6,8.1,64,,Cloudy,False
2025-04-14,10,52.3,49.0,0.0,0.0,0.0,0.0,3,Overcast,1.4,8.3,60,,Cloudy,False
2025-04-14,11,55.1,51.9,0.0,0.0,0.0,0.0,3,Overcast,2.1,8.3,57,,Cloudy,False
2025-04-14,12,55.4,51.5,0.0,0.0,0.0,0.0,3,Overcast,3.5,9.4,56,,Cloudy,False
2025-04-14,13,55.0,50.8,0.0,0.0,0.0,0.0,2,Partly cloudy,5.0,12.1,59,,Cloudy,False
2025-04-14,14,58.6,53.9,0.0,0.0,0.0,0.0,3,Overcast,5.4,15.7,50,,Cloudy,False
2025-04-14,15,60.3,56.0,0.0,0.0,0.0,0.0,3,Overcast,4.8,14.8,47,,Cloudy,False
2025-04-14,16,60.8,56.3,0.0,0.0,0.0,0.0,3,Overcast,5.0,14.1,47,,Cloudy,False
2025-04-14,17,61.1,56.8,0.0,0.0,0.0,0.0,3,Overcast,5.7,14.8,50,,Cloudy,False
2025-04-14,18,58.1,53.8,0.0,0.0,0.0,0.0,3,Overcast,6.5,15.4,59,,Cloudy,False
2025-04-14,19,54.8,51.1,0.0,0.0,0.0,0.0,3,Overcast,4.7,15.2,65,,Cloudy,False
2025-04-14,20,51.4,48.3,0.0,0.0,0.0,0.0,3,Overcast,3.8,10.5,75,,Cloudy,False
2025-04-14,21,50.5,47.4,0.0,0.0,0.0,0.0,3,Overcast,2.9,11.0,74,,Cloudy,False
2025-04-14,22,50.4,47.1,0.0,0.0,0.0,0.0,3,Overcast,3.5,7.2,75,,Cloudy,False
2025-04-14,23,51.9,48.5,0.0,0.0,0.0,0.0,3,Overcast,4.1,8.3,73,,Cloudy,False
2025-04-15,0,52.9,49.2,0.0,0.0,0.0,0.0,3,Overcast,5.1,10.3,71,,Cloudy,False
2025-04-15,1,52.3,49.0,0.063,0.063,0.0,0.0,61,Slight rain,4.8,11.2,77,,Rain,True
2025-04-15,2,51.4,48.5,0.0,0.0,0.0,0.0,3,Overcast,4.9,11.4,83,,Cloudy,False
2025-04-15,3,51.3,48.4,0.016,0.016,0.0,0.0,51,Light drizzle,5.3,10.3,88,,Drizzle,False
2025-04-15,4,50.0,47.4,0.0,0.0,0.0,0.0,3,Overcast,4.4,9.6,90,,Cloudy,False
2025-04-15,5,49.6,46.9,0.0,0.0,0.0,0.0,3,Overcast,4.4,7.8,91,,Cloudy,False
2025-04-15,6,50.2,47.4,0.0,0.0,0.0,0.0,3,Overcast,5.3,9.8,92,,Cloudy,False
2025-04-15,7,51.0,48.5,0.0,0.0,0.0,0.0,3,Overcast,5.2,9.6,92,,Cloudy,False
2025-04-15,8,53.3,50.8,0.0,0.0,0.0,0.0,3,Overcast,6.3,12.5,90,,Cloudy,False
2025-04-15,9,56.1,54.6,0.0,0.0,0.0,0.0,3,Overcast,4.3,10.7,83,,Cloudy,False
2025-04-15,10,60.0,59.4,0.0,0.0,0.0,0.0,3,Overcast,3.8,10.7,78,,Cloudy,False
2025-04-15,11,61.8,61.3,0.0,0.0,0.0,0.0,3,Overcast,4.2,11.0,76,,Cloudy,False
2025-04-15,12,61.3,60.8,0.0,0.0,0.0,0.0,3,Overcast,4.8,11.4,79,,Cloudy,False
2025-04-15,13,61.5,58.1,0.0,0.0,0.0,0.0,3,Overcast,7.7,17.4,64,,Cloudy,False
2025-04-15,14,65.1,58.8,0.0,0.0,0.0,0.0,2,Partly cloudy,10.5,23.9,43,,Cloudy,False
2025-04-15,15,65.3,58.0,0.0,0.0,0.0,0.0,1,Mainly clear,15.2,34.9,39,,Clear,False
2025-04-15,16,63.6,53.5,0.0,0.0,0.0,0.0,1,Mainly clear,16.8,36.7,35,,Clear,False
2025-04-15,17,60.8,52.4,0.0,0.0,0.0,0.0,0,Clear sky,12.1,39.8,39,,Clear,False
2025-04-15,18,59.5,51.1,0.0,0.0,0.0,0.0,0,Clear sky,12.3,30.4,40,,Clear,False
2025-04-15,19,56.9,48.0,0.0,0.0,0.0,0.0,0,Clear sky,12.3,28.9,40,,Clear,False
2025-04-15,20,54.3,46.2,0.0,0.0,0.0,0.0,0,Clear sky,10.4,27.7,44,,Clear,False
2025-04-15,21,52.2,44.3,0.0,0.0,0.0,0.0,1,Mainly clear,10.5,24.4,51,,Clear,False
2025-04-15,22,49.8,42.1,0.0,0.0,0.0,0.0,0,Clear sky,10.6,23.5,58,,Clear,False
2025-04-15,23,47.8,39.9,0.004,0.004,0.0,0.0,51,Light drizzle,10.6,24.4,61,,Drizzle,False
2025-04-16,0,46.1,38.6,0.0,0.0,0.0,0.0,1,Mainly clear,9.2,23.7,60,,Clear,False
2025-04-16,1,44.6,37.0,0.0,0.0,0.0,0.0,0,Clear sky,8.9,20.4,61,,Clear,False
2025-04-16,2,43.6,35.8,0.0,0.0,0.0,0.0,3,Overcast,9.1,21.9,61,,Cloudy,False
2025-04-16,3,42.6,36.0,0.0,0.0,0.0,0.0,2,Partly cloudy,6.5,20.8,65,,Cloudy,False
2025-04-16,4,42.4,35.5,0.0,0.0,0.0,0.0,3,Overcast,7.5,16.6,67,,Cloudy,False
2025-04-16,5,42.5,35.1,0.0,0.0,0.0,0.0,3,Overcast,8.4,18.6,66,,Cloudy,False
2025-04-16,6,42.1,34.0,0.0,0.0,0.0,0.0,2,Partly cloudy,9.7,21.7,65,,Cloudy,False
2025-04-16,7,41.7,33.3,0.0,0.0,0.0,0.0,1,Mainly clear,10.3,22.6,64,,Clear,False
2025-04-16,8,43.0,33.0,0.0,0.0,0.0,0.0,3,Overcast,13.6,30.9,59,,Cloudy,False
2025-04-16,9,44.5,35.2,0.0,0.0,0.0,0.0,3,Overcast,12.1,33.6,55,,Cloudy,False
2025-04-16,10,45.6,35.3,0.0,0.0,0.0,0.0,3,Overcast,14.0,32.2,50,,Cloudy,False
2025-04-16,11,45.8,35.2,0.0,0.0,0.0,0.0,3,Overcast,14.5,34.0,49,,Cloudy,False
2025-04-16,12,47.2,36.2,0.0,0.0,0.0,0.0,3,Overcast,15.5,35.8,47,,Cloudy,False
2025-04-16,13,48.5,37.4,0.0,0.0,0.0,0.0,3,Overcast,15.9,36.9,45,,Cloudy,False
2025-04-16,14,49.7,38.7,0.0,0.0,0.0,0.0,3,Overcast,16.0,37.1,44,,Cloudy,False
2025-04-16,15,49.6,38.6,0.0,0.0,0.0,0.0,3,Overcast,15.9,37.4,45,,Cloudy,False
2025-04-16,16,49.3,38.6,0.0,0.0,0.0,0.0,3,Overcast,15.1,38.9,44,,Cloudy,False
2025-04-16,17,49.2,38.6,0.0,0.0,0.0,0.0,1,Mainly clear,15.1,38.5,46,,Clear,False
2025-04-16,18,48.5,39.2,0.0,0.0,0.0,0.0,2,Partly cloudy,12.2,34.7,49,,Cloudy,False
2025-04-16,19,47.1,38.6,0.0,0.0,0.0,0.0,1,Mainly clear,10.3,27.3,51,,Clear,False
2025-04-16,20,45.2,37.2,0.0,0.0,0.0,0.0,2,Partly cloudy,9.1,23.3,54,,Cloudy,False
2025-04-16,21,45.5,37.7,0.0,0.0,0.0,0.0,3,Overcast,8.6,19.7,54,,Cloudy,False
2025-04-16,22,44.6,37.0,0.0,0.0,0.0,0.0,1,Mainly clear,8.2,19.5,56,,Clear,False
2025-04-16,23,43.3,36.2,0.0,0.0,0.0,0.0,1,Mainly clear,7.3,18.1,60,,Clear,False
2025-04-17,0,42.3,35.1,0.0,0.0,0.0,0.0,1,Mainly clear,7.2,16.1,62,,Clear,False
2025-04-17,1,41.1,34.2,0.0,0.0,0.0,0.0,1,Mainly clear,6.7,16.1,65,,Clear,False
2025-04-17,2,40.3,33.5,0.0,0.0,0.0,0.0,0,Clear sky,6.4,14.8,68,,Clear,False
2025-04-17,3,39.7,33.0,0.0,0.0,0.0,0.0,0,Clear sky,6.2,14.1,70,,Clear,False
2025-04-17,4,39.1,32.4,0.0,0.0,0.0,0.0,0,Clear sky,6.4,14.1,72,,Clear,False
2025-04-17,5,38.7,32.0,0.0,0.0,0.0,0.0,0,Clear sky,6.4,14.1,73,,Clear,False
2025-04-17,6,38.3,31.5,0.0,0.0,0.0,0.0,0,Clear sky,6.5,14.1,74,,Clear,False
2025-04-17,7,38.9,32.1,0.0,0.0,0.0,0.0,0,Clear sky,6.8,14.8,72,,Clear,False
2025-04-17,8,41.5,34.4,0.0,0.0,0.0,0.0,0,Clear sky,7.2,19.9,65,,Clear,False
2025-04-17,9,45.9,38.0,0.0,0.0,0.0,0.0,0,Clear sky,8.9,21.9,54,,Clear,False
2025-04-17,10,48.4,40.8,0.0,0.0,0.0,0.0,0,Clear sky,8.6,22.6,47,,Clear,False
2025-04-17,11,50.5,44.8,0.0,0.0,0.0,0.0,0,Clear sky,8.2,21.9,44,,Clear,False
2025-04-17,12,52.6,48.3,0.0,0.0,0.0,0.0,0,Clear sky,8.0,21.7,43,,Clear,False
2025-04-17,13,55.0,51.3,0.0,0.0,0.0,0.0,0,Clear sky,7.6,21.5,39,,Clear,False
2025-04-17,14,56.8,53.2,0.0,0.0,0.0,0.0,0,Clear sky,7.4,20.8,36,,Clear,False
2025-04-17,15,58.5,54.0,0.0,0.0,0.0,0.0,0,Clear sky,7.7,20.4,34,,Clear,False
2025-04-17,16,59.2,53.2,0.0,0.0,0.0,0.0,0,Clear sky,8.3,21.0,33,,Clear,False
2025-04-17,17,59.4,51.7,0.0,0.0,0.0,0.0,0,Clear sky,8.2,21.0,32,,Clear,False
2025-04-17,18,58.3,51.4,0.0,0.0,0.0,0.0,0,Clear sky,6.9,19.7,35,,Clear,False
2025-04-17,19,55.4,50.4,0.0,0.0,0.0,0.0,0,Clear sky,4.0,15.0,47,,Clear,False
2025-04-17,20,51.6,47.0,0.0,0.0,0.0,0.0,0,Clear sky,3.7,8.5,56,,Clear,False
2025-04-17,21,51.7,46.9,0.0,0.0,0.0,0.0,0,Clear sky,3.7,8.5,54,,Clear,False
2025-04-17,22,49.9,45.2,0.0,0.0,0.0,0.0,0,Clear sky,3.5,7.2,58,,Clear,False
2025-04-17,23,47.8,43.7,0.0,0.0,0.0,0.0,0,Clear sky,2.1,6.7,63,,Clear,False
2025-04-18,0,45.2,41.1,0.0,0.0,0.0,0.0,0,Clear sky,2.7,5.1,72,,Clear,False
2025-04-18,1,43.6,39.4,0.0,0.0,0.0,0.0,0,Clear sky,2.6,5.8,76,,Clear,False
2025-04-18,2,42.3,38.1,0.0,0.0,0.0,0.0,0,Clear sky,2.5,5.4,79,,Clear,False
2025-04-18,3,40.9,36.7,0.0,0.0,0.0,0.0,0,Clear sky,2.5,5.1,82,,Clear,False
2025-04-18,4,40.7,37.4,0.0,0.0,0.0,0.0,1,Mainly clear,0.2,4.5,81,,Clear,False
2025-04-18,5,40.2,36.4,0.0,0.0,0.0,0.0,0,Clear sky,1.3,2.5,83,,Clear,False
2025-04-18,6,39.6,35.9,0.0,0.0,0.0,0.0,0,Clear sky,0.8,2.9,84,,Clear,False
2025-04-18,7,40.3,36.7,0.0,0.0,0.0,0.0,0,Clear sky,1.5,2.5,88,,Clear,False
2025-04-18,8,44.2,40.7,0.0,0.0,0.0,0.0,0,Clear sky,1.7,6.0,80,,Clear,False
2025-04-18,9,48.7,45.2,0.0,0.0,0.0,0.0,0,Clear sky,1.6,7.6,65,,Clear,False
2025-04-18,10,53.9,50.6,0.0,0.0,0.0,0.0,0,Clear sky,2.5,9.6,57,,Clear,False
2025-04-18,11,59.0,56.1,0.0,0.0,0.0,0.0,1,Mainly clear,5.3,14.8,47,,Clear,False
2025-04-18,12,62.0,58.5,0.0,0.0,0.0,0.0,0,Clear sky,7.6,19.9,38,,Clear,False
2025-04-18,13,63.2,60.5,0.0,0.0,0.0,0.0,0,Clear sky,8.1,21.0,40,,Clear,False
2025-04-18,14,64.0,60.6,0.0,0.0,0.0,0.0,3,Overcast,10.0,24.8,42,,Cloudy,False
2025-04-18,15,63.6,60.1,0.0,0.0,0.0,0.0,3,Overcast,10.1,25.5,49,,Cloudy,False
2025-04-18,16,62.3,56.6,0.0,0.0,0.0,0.0,3,Overcast,10.6,24.8,50,,Cloudy,False
2025-04-18,17,59.1,53.3,0.0,0.0,0.0,0.0,3,Overcast,9.7,24.8,55,,Cloudy,False
2025-04-18,18,58.3,53.7,0.0,0.0,0.0,0.0,3,Overcast,7.8,21.7,61,,Cloudy,False
2025-04-18,19,58.6,52.3,0.0,0.0,0.0,0.0,3,Overcast,11.2,25.7,58,,Cloudy,False
2025-04-18,20,58.1,54.1,0.0,0.0,0.0,0.0,3,Overcast,6.8,24.8,63,,Cloudy,False
2025-04-18,21,59.6,55.1,0.0,0.0,0.0,0.0,3,Overcast,8.1,19.5,59,,Cloudy,False
2025-04-18,22,59.4,55.3,0.0,0.0,0.0,0.0,3,Overcast,7.6,17.2,63,,Cloudy,False
2025-04-18,23,59.0,55.5,0.0,0.0,0.0,0.0,3,Overcast,7.0,16.1,67,,Cloudy,False
2025-04-19,0,58.9,55.7,0.004,0.004,0.0,0.0,51,Light drizzle,6.7,15.2,69,,Drizzle,False
2025-04-19,1,58.8,56.7,0.0,0.0,0.0,0.0,3,Overcast,4.6,13.9,71,,Cloudy,False
2025-04-19,2,58.8,56.5,0.0,0.0,0.0,0.0,3,Overcast,5.4,10.3,72,,Cloudy,False
2025-04-19,3,59.8,56.6,0.0,0.0,0.0,0.0,3,Overcast,8.1,15.7,71,,Cloudy,False
2025-04-19,4,61.0,57.5,0.0,0.0,0.0,0.0,3,Overcast,9.0,19.0,69,,Cloudy,False
2025-04-19,5,60.5,57.4,0.0,0.0,0.0,0.0,3,Overcast,8.2,19.0,71,,Cloudy,False
2025-04-19,6,60.1,57.3,0.02,0.02,0.0,0.0,53,Moderate drizzle,7.3,17.2,72,,Drizzle,False
2025-04-19,7,60.0,57.6,0.0,0.0,0.0,0.0,1,Mainly clear,7.1,13.9,75,,Clear,False
2025-04-19,8,62.8,60.2,0.0,0.0,0.0,0.0,3,Overcast,8.8,18.3,72,,Cloudy,False
2025-04-19,9,63.9,61.7,0.0,0.0,0.0,0.0,3,Overcast,7.5,18.6,69,,Cloudy,False
2025-04-19,10,65.0,63.1,0.0,0.0,0.0,0.0,3,Overcast,7.7,16.1,68,,Cloudy,False
2025-04-19,11,68.1,67.7,0.0,0.0,0.0,0.0,3,Overcast,5.9,16.1,67,,Cloudy,False
2025-04-19,12,69.5,69.0,0.0,0.0,0.0,0.0,3,Overcast,7.2,14.8,66,,Cloudy,False
2025-04-19,13,75.7,76.5,0.0,0.0,0.0,0.0,3,Overcast,9.3,22.4,55,,Cloudy,False
2025-04-19,14,78.5,79.5,0.0,0.0,0.0,0.0,3,Overcast,10.1,24.2,50,,Cloudy,False
2025-04-19,15,79.6,79.6,0.0,0.0,0.0,0.0,3,Overcast,10.3,24.2,49,,Cloudy,False
2025-04-19,16,79.0,77.4,0.0,0.0,0.0,0.0,2,Partly cloudy,10.8,25.3,50,,Cloudy,False
2025-04-19,17,79.1,77.3,0.0,0.0,0.0,0.0,3,Overcast,11.2,26.4,50,,Cloudy,False
2025-04-19,18,77.3,75.8,0.0,0.0,0.0,0.0,3,Overcast,10.8,25.9,54,,Cloudy,False
2025-04-19,19,75.4,74.1,0.0,0.0,0.0,0.0,3,Overcast,10.4,23.5,58,,Cloudy,False
2025-04-19,20,74.0,72.8,0.0,0.0,0.0,0.0,3,Overcast,9.9,22.6,59,,Cloudy,False
2025-04-19,21,73.0,72.1,0.0,0.0,0.0,0.0,3,Overcast,8.4,21.9,59,,Cloudy,False
2025-04-19,22,72.3,71.0,0.0,0.0,0.0,0.0,3,Overcast,9.3,19.5,61,,Cloudy,False
2025-04-19,23,71.8,70.9,0.0,0.0,0.0,0.0,2,Partly cloudy,8.8,20.1,63,,Cloudy,False
2025-04-20,0,70.8,70.4,0.0,0.0,0.0,0.0,2,Partly cloudy,7.6,18.6,65,,Cloudy,False
2025-04-20,1,68.6,68.7,0.0,0.0,0.0,0.0,1,Mainly clear,6.6,15.7,70,,Clear,False
2025-04-20,2,67.5,66.5,0.0,0.0,0.0,0.0,0,Clear sky,8.3,17.2,71,,Clear,False
2025-04-20,3,65.7,64.1,0.0,0.0,0.0,0.0,2,Partly cloudy,9.0,19.0,74,,Cloudy,False
2025-04-20,4,62.1,58.5,0.0,0.0,0.0,0.0,3,Overcast,11.3,25.9,74,,Cloudy,False
2025-04-20,5,58.4,54.9,0.0,0.0,0.0,0.0,3,Overcast,8.5,24.4,75,,Cloudy,False
2025-04-20,6,55.6,49.6,0.0,0.0,0.0,0.0,3,Overcast,10.9,23.7,66,,Cloudy,False
2025-04-20,7,52.9,46.9,0.0,0.0,0.0,0.0,3,Overcast,9.3,23.9,65,,Cloudy,False
2025-04-20,8,50.6,42.6,0.0,0.0,0.0,0.0,3,Overcast,12.1,28.6,60,,Cloudy,False
2025-04-20,9,54.8,46.7,0.0,0.0,0.0,0.0,3,Overcast,12.1,31.1,51,,Cloudy,False
2025-04-20,10,55.3,47.3,0.0,0.0,0.0,0.0,3,Overcast,12.0,29.1,50,,Cloudy,False
2025-04-20,11,57.8,51.4,0.0,0.0,0.0,0.0,3,Overcast,11.9,29.3,45,,Cloudy,False
2025-04-20,12,59.8,54.2,0.0,0.0,0.0,0.0,3,Overcast,11.7,29.5,39,,Cloudy,False
2025-04-20,13,61.3,56.6,0.0,0.0,0.0,0.0,3,Overcast,11.1,29.3,38,,Cloudy,False
2025-04-20,14,62.6,57.7,0.0,0.0,0.0,0.0,3,Overcast,10.9,28.0,35,,Cloudy,False
2025-04-20,15,63.6,58.2,0.0,0.0,0.0,0.0,3,Overcast,10.7,27.5,33,,Cloudy,False
2025-04-20,16,64.0,57.4,0.0,0.0,0.0,0.0,3,Overcast,10.2,26.8,30,,Cloudy,False
2025-04-20,17,63.3,55.8,0.0,0.0,0.0,0.0,3,Overcast,8.7,24.8,30,,Cloudy,False
2025-04-20,18,62.2,55.2,0.0,0.0,0.0,0.0,3,Overcast,7.4,21.0,32,,Cloudy,False
2025-04-20,19,59.9,54.7,0.0,0.0,0.0,0.0,3,Overcast,4.6,17.0,39,,Cloudy,False
2025-04-20,20,55.9,51.9,0.0,0.0,0.0,0.0,3,Overcast,3.2,9.8,52,,Cloudy,False
2025-04-20,21,56.1,52.0,0.0,0.0,0.0,0.0,3,Overcast,3.5,8.1,52,,Cloudy,False
2025-04-20,22,54.4,50.3,0.0,0.0,0.0,0.0,3,Overcast,3.5,7.2,55,,Cloudy,False
2025-04-20,23,51.9,47.8,0.0,0.0,0.0,0.0,2,Partly cloudy,3.3,7.6,60,,Cloudy,False
2025-04-21,0,49.4,45.5,0.0,0.0,0.0,0.0,2,Partly cloudy,2.9,6.9,67,,Cloudy,False
2025-04-21,1,48.4,44.2,0.0,0.0,0.0,0.0,3,Overcast,3.4,6.9,67,,Cloudy,False
2025-04-21,2,47.2,42.4,0.0,0.0,0.0,0.0,3,Overcast,4.0,8.3,65,,Cloudy,False
2025-04-21,3,46.3,41.2,0.0,0.0,0.0,0.0,3,Overcast,3.9,8.5,63,,Cloudy,False
2025-04-21,4,45.7,40.8,0.0,0.0,0.0,0.0,3,Overcast,3.2,8.5,64,,Cloudy,False
2025-04-21,5,45.0,40.0,0.0,0.0,0.0,0.0,3,Overcast,3.4,7.2,66,,Cloudy,False
2025-04-21,6,44.2,39.2,0.0,0.0,0.0,0.0,3,Overcast,3.4,7.4,67,,Cloudy,False
2025-04-21,7,44.8,39.3,0.0,0.0,0.0,0.0,3,Overcast,4.5,8.9,65,,Cloudy,False
2025-04-21,8,47.2,42.0,0.0,0.0,0.0,0.0,3,Overcast,3.9,10.3,59,,Cloudy,False
2025-04-21,9,50.4,45.1,0.0,0.0,0.0,0.0,3,Overcast,3.8,10.5,52,,Cloudy,False
2025-04-21,10,52.4,46.2,0.0,0.0,0.0,0.0,3,Overcast,5.5,13.9,44,,Cloudy,False
2025-04-21,11,53.7,46.6,0.0,0.0,0.0,0.0,3,Overcast,7.0,17.9,40,,Cloudy,False
2025-04-21,12,54.2,46.8,0.0,0.0,0.0,0.0,3,Overcast,7.8,19.7,39,,Cloudy,False
2025-04-21,13,54.9,47.5,0.0,0.0,0.0,0.0,3,Overcast,7.9,20.8,40,,Cloudy,False
2025-04-21,14,56.2,49.0,0.0,0.0,0.0,0.0,3,Overcast,8.4,21.5,41,,Cloudy,False
2025-04-21,15,54.9,47.7,0.0,0.0,0.0,0.0,3,Overcast,8.8,21.9,46,,Cloudy,False
2025-04-21,16,54.1,47.3,0.0,0.0,0.0,0.0,3,Overcast,8.7,21.7,51,,Cloudy,False
2025-04-21,17,53.5,47.1,0.0,0.0,0.0,0.0,3,Overcast,8.2,20.8,54,,Cloudy,False
2025-04-21,18,52.9,47.1,0.0,0.0,0.0,0.0,3,Overcast,7.3,19.5,59,,Cloudy,False
2025-04-21,19,51.5,46.6,0.0,0.0,0.0,0.0,3,Overcast,6.5,17.2,66,,Cloudy,False
2025-04-21,20,50.7,45.8,0.0,0.0,0.0,0.0,3,Overcast,7.1,15.7,73,,Cloudy,False
2025-04-21,21,50.5,47.3,0.0,0.0,0.0,0.0,3,Overcast,3.8,11.9,77,,Cloudy,False
2025-04-21,22,50.5,47.0,0.012,0.012,0.0,0.0,51,Light drizzle,5.0,9.4,81,,Drizzle,False
2025-04-21,23,50.6,47.9,0.0,0.0,0.0,0.0,3,Overcast,4.2,11.0,85,,Cloudy,False
2025-04-22,0,51.5,48.8,0.0,0.0,0.0,0.0,3,Overcast,5.2,13.6,88,,Cloudy,False
2025-04-22,1,52.4,50.3,0.004,0.004,0.0,0.0,51,Light drizzle,4.8,10.5,90,,Drizzle,False
2025-04-22,2,52.5,51.7,0.0,0.0,0.0,0.0,2,Partly cloudy,2.2,9.4,93,,Cloudy,False
2025-04-22,3,51.7,50.8,0.0,0.0,0.0,0.0,0,Clear sky,2.2,4.0,94,,Clear,False
2025-04-22,4,51.7,51.0,0.0,0.0,0.0,0.0,0,Clear sky,2.0,3.8,95,,Clear,False
2025-04-22,5,51.7,51.0,0.0,0.0,0.0,0.0,1,Mainly clear,2.1,3.4,96,,Clear,False
2025-04-22,6,51.1,50.0,0.0,0.0,0.0,0.0,2,Partly cloudy,2.8,4.5,97,,Cloudy,False
2025-04-22,7,53.6,52.9,0.0,0.0,0.0,0.0,1,Mainly clear,3.4,5.8,96,,Clear,False
2025-04-22,8,57.2,57.6,0.0,0.0,0.0,0.0,0,Clear sky,2.8,8.3,92,,Clear,False
2025-04-22,9,58.4,59.3,0.0,0.0,0.0,0.0,3,Overcast,1.1,6.9,86,,Cloudy,False
2025-04-22,10,64.0,65.5,0.0,0.0,0.0,0.0,0,Clear sky,1.3,8.1,76,,Clear,False
2025-04-22,11,69.3,72.4,0.0,0.0,0.0,0.0,0,Clear sky,2.6,10.3,65,,Clear,False
2025-04-22,12,73.9,73.4,0.0,0.0,0.0,0.0,0,Clear sky,8.1,20.8,44,,Clear,False
2025-04-22,13,74.8,74.5,0.0,0.0,0.0,0.0,0,Clear sky,9.0,23.5,42,,Clear,False
2025-04-22,14,76.7,76.4,0.0,0.0,0.0,0.0,0,Clear sky,8.5,23.0,39,,Clear,False
2025-04-22,15,78.2,75.8,0.0,0.0,0.0,0.0,1,Mainly clear,9.8,24.4,33,,Clear,False
2025-04-22,16,78.4,74.7,0.0,0.0,0.0,0.0,1,Mainly clear,9.7,25.1,31,,Clear,False
2025-04-22,17,77.9,72.4,0.0,0.0,0.0,0.0,2,Partly cloudy,8.9,23.9,29,,Cloudy,False
2025-04-22,18,75.5,69.1,0.0,0.0,0.0,0.0,3,Overcast,10.2,22.1,30,,Cloudy,False
2025-04-22,19,71.9,66.2,0.0,0.0,0.0,0.0,3,Overcast,9.4,22.8,36,,Cloudy,False
2025-04-22,20,68.5,64.2,0.0,0.0,0.0,0.0,2,Partly cloudy,6.6,19.7,41,,Cloudy,False
2025-04-22,21,67.4,62.1,0.0,0.0,0.0,0.0,3,Overcast,7.5,19.0,39,,Cloudy,False
2025-04-22,22,64.8,60.4,0.0,0.0,0.0,0.0,3,Overcast,6.5,15.7,46,,Cloudy,False
2025-04-22,23,62.9,59.1,0.0,0.0,0.0,0.0,3,Overcast,5.6,13.2,51,,Cloudy,False
2025-04-23,0,61.6,57.5,0.0,0.0,0.0,0.0,3,Overcast,6.1,12.3,52,,Cloudy,False
2025-04-23,1,59.4,53.4,0.0,0.0,0.0,0.0,3,Overcast,9.1,19.0,51,,Cloudy,False
2025-04-23,2,56.3,51.2,0.0,0.0,0.0,0.0,3,Overcast,7.5,19.7,59,,Cloudy,False
2025-04-23,3,54.1,49.3,0.0,0.0,0.0,0.0,3,Overcast,6.7,15.9,65,,Cloudy,False
2025-04-23,4,52.3,47.7,0.0,0.0,0.0,0.0,2,Partly cloudy,6.0,14.3,66,,Cloudy,False
2025-04-23,5,50.7,46.5,0.0,0.0,0.0,0.0,3,Overcast,4.8,12.8,69,,Cloudy,False
2025-04-23,6,48.9,45.6,0.0,0.0,0.0,0.0,1,Mainly clear,2.8,9.8,75,,Clear,False
2025-04-23,7,49.9,46.6,0.0,0.0,0.0,0.0,0,Clear sky,2.8,6.0,72,,Clear,False
2025-04-23,8,52.3,49.1,0.0,0.0,0.0,0.0,2,Partly cloudy,2.3,7.8,64,,Cloudy,False
2025-04-23,9,58.7,55.0,0.0,0.0,0.0,0.0,2,Partly cloudy,2.3,9.8,46,,Cloudy,False
2025-04-23,10,61.6,57.9,0.0,0.0,0.0,0.0,1,Mainly clear,2.2,10.5,38,,Clear,False
2025-04-23,11,64.1,62.5,0.0,0.0,0.0,0.0,3,Overcast,1.7,10.7,35,,Cloudy,False
2025-04-23,12,66.7,66.1,0.0,0.0,0.0,0.0,3,Overcast,1.7,11.0,32,,Cloudy,False
2025-04-23,13,68.8,68.0,0.0,0.0,0.0,0.0,1,Mainly clear,2.7,12.5,30,,Clear,False
2025-04-23,14,70.9,70.1,0.0,0.0,0.0,0.0,3,Overcast,3.7,14.5,29,,Cloudy,False
2025-04-23,15,73.0,71.4,0.0,0.0,0.0,0.0,3,Overcast,4.1,14.8,28,,Cloudy,False
2025-04-23,16,75.1,71.6,0.0,0.0,0.0,0.0,3,Overcast,5.3,15.9,27,,Cloudy,False
2025-04-23,17,75.8,69.5,0.0,0.0,0.0,0.0,3,Overcast,8.3,20.8,26,,Cloudy,False
2025-04-23,18,74.8,68.8,0.0,0.0,0.0,0.0,3,Overcast,7.9,22.1,27,,Cloudy,False
2025-04-23,19,73.0,67.9,0.0,0.0,0.0,0.0,1,Mainly clear,6.2,19.5,30,,Clear,False
2025-04-23,20,70.3,66.5,0.0,0.0,0.0,0.0,0,Clear sky,3.9,13.9,35,,Clear,False
2025-04-23,21,63.5,58.0,0.0,0.0,0.0,0.0,0,Clear sky,4.8,13.4,33,,Clear,False
2025-04-23,22,61.7,57.1,0.0,0.0,0.0,0.0,0,Clear sky,2.8,9.6,36,,Clear,False
2025-04-23,23,60.4,56.1,0.0,0.0,0.0,0.0,0,Clear sky,2.5,5.8,39,,Clear,False
2025-04-24,0,60.1,56.6,0.0,0.0,0.0,0.0,0,Clear sky,0.9,5.1,41,,Clear,False
2025-04-24,1,59.5,56.0,0.0,0.0,0.0,0.0,3,Overcast,0.8,2.0,42,,Cloudy,False
2025-04-24,2,58.3,53.9,0.0,0.0,0.0,0.0,3,Overcast,3.3,6.7,45,,Cloudy,False
2025-04-24,3,55.9,51.7,0.0,0.0,0.0,0.0,3,Overcast,3.2,7.6,50,,Cloudy,False
2025-04-24,4,54.7,50.7,0.0,0.0,0.0,0.0,1,Mainly clear,3.3,6.9,55,,Clear,False
2025-04-24,5,53.1,49.6,0.0,0.0,0.0,0.0,2,Partly cloudy,2.6,6.7,61,,Cloudy,False
2025-04-24,6,52.5,49.6,0.0,0.0,0.0,0.0,3,Overcast,1.3,4.9,63,,Cloudy,False
2025-04-24,7,54.1,50.5,0.0,0.0,0.0,0.0,2,Partly cloudy,3.2,5.6,60,,Cloudy,False
2025-04-24,8,57.2,54.0,0.0,0.0,0.0,0.0,0,Clear sky,2.0,7.6,53,,Clear,False
2025-04-24,9,61.7,58.1,0.0,0.0,0.0,0.0,0,Clear sky,2.9,10.7,45,,Clear,False
2025-04-24,10,66.1,62.6,0.0,0.0,0.0,0.0,0,Clear sky,2.8,12.1,37,,Clear,False
2025-04-24,11,70.8,69.2,0.0,0.0,0.0,0.0,0,Clear sky,2.6,12.1,31,,Clear,False
2025-04-24,12,74.8,74.0,0.0,0.0,0.0,0.0,0,Clear sky,3.2,13.4,26,,Clear,False
2025-04-24,13,77.5,75.7,0.0,0.0,0.0,0.0,0,Clear sky,5.6,17.9,23,,Clear,False
2025-04-24,14,79.8,77.6,0.0,0.0,0.0,0.0,0,Clear sky,6.7,20.1,22,,Clear,False
2025-04-24,15,78.0,74.2,0.0,0.0,0.0,0.0,0,Clear sky,9.1,24.6,25,,Clear,False
2025-04-24,16,76.3,71.7,0.0,0.0,0.0,0.0,0,Clear sky,8.8,25.7,27,,Clear,False
2025-04-24,17,75.4,70.1,0.0,0.0,0.0,0.0,3,Overcast,8.1,23.5,31,,Cloudy,False
2025-04-24,18,73.6,69.1,0.0,0.0,0.0,0.0,3,Overcast,6.4,21.5,33,,Cloudy,False
2025-04-24,19,72.8,69.1,0.0,0.0,0.0,0.0,1,Mainly clear,4.2,16.6,34,,Clear,False
2025-04-24,20,74.0,68.5,0.0,0.0,0.0,0.0,1,Mainly clear,8.2,14.8,31,,Clear,False
2025-04-24,21,73.1,66.7,0.0,0.0,0.0,0.0,2,Partly cloudy,9.9,21.7,31,,Cloudy,False
2025-04-24,22,70.7,64.3,0.0,0.0,0.0,0.0,0,Clear sky,9.2,21.7,32,,Clear,False
2025-04-24,23,68.5,61.5,0.0,0.0,0.0,0.0,0,Clear sky,8.6,20.1,28,,Clear,False
2025-04-25,0,66.7,59.3,0.0,0.0,0.0,0.0,1,Mainly clear,8.4,18.6,27,,Clear,False
2025-04-25,1,65.2,57.8,0.0,0.0,0.0,0.0,0,Clear sky,8.3,17.9,28,,Clear,False
2025-04-25,2,63.5,56.4,0.0,0.0,0.0,0.0,1,Mainly clear,7.7,17.7,31,,Clear,False
2025-04-25,3,62.2,55.6,0.0,0.0,0.0,0.0,2,Partly cloudy,7.0,16.1,34,,Cloudy,False
2025-04-25,4,60.8,55.0,0.0,0.0,0.0,0.0,3,Overcast,6.1,14.5,39,,Cloudy,False
2025-04-25,5,59.5,54.4,0.0,0.0,0.0,0.0,3,Overcast,5.4,12.5,45,,Cloudy,False
2025-04-25,6,58.3,54.2,0.0,0.0,0.0,0.0,3,Overcast,4.2,11.0,51,,Cloudy,False
2025-04-25,7,58.8,54.8,0.0,0.0,0.0,0.0,3,Overcast,5.0,9.6,55,,Cloudy,False
2025-04-25,8,61.0,57.7,0.0,0.0,0.0,0.0,3,Overcast,4.4,11.0,54,,Cloudy,False
2025-04-25,9,63.5,60.3,0.0,0.0,0.0,0.0,3,Overcast,5.2,14.1,53,,Cloudy,False
2025-04-25,10,67.6,64.7,0.0,0.0,0.0,0.0,3,Overcast,5.8,16.6,49,,Cloudy,False
2025-04-25,11,70.9,68.5,0.0,0.0,0.0,0.0,3,Overcast,6.7,18.8,45,,Cloudy,False
2025-04-25,12,74.2,72.3,0.0,0.0,0.0,0.0,3,Overcast,7.6,21.3,38,,Cloudy,False
2025-04-25,13,76.5,74.4,0.0,0.0,0.0,0.0,3,Overcast,7.6,21.5,34,,Cloudy,False
2025-04-25,14,77.4,76.1,0.0,0.0,0.0,0.0,3,Overcast,7.8,21.9,35,,Cloudy,False
2025-04-25,15,73.6,69.3,0.0,0.0,0.0,0.0,3,Overcast,9.5,24.4,42,,Cloudy,False
2025-04-25,16,74.0,70.2,0.0,0.0,0.0,0.0,3,Overcast,9.6,25.3,38,,Cloudy,False
2025-04-25,17,72.2,67.9,0.0,0.0,0.0,0.0,3,Overcast,9.6,24.8,44,,Cloudy,False
2025-04-25,18,69.6,66.3,0.0,0.0,0.0,0.0,3,Overcast,9.6,24.2,54,,Cloudy,False
2025-04-25,19,66.7,64.6,0.0,0.0,0.0,0.0,3,Overcast,8.3,23.0,65,,Cloudy,False
2025-04-25,20,64.0,62.9,0.0,0.0,0.0,0.0,3,Overcast,6.5,19.5,73,,Cloudy,False
2025-04-25,21,65.9,62.2,0.0,0.0,0.0,0.0,3,Overcast,10.7,24.6,62,,Cloudy,False
2025-04-25,22,65.8,62.9,0.0,0.0,0.0,0.0,3,Overcast,8.5,24.4,62,,Cloudy,False
2025-04-25,23,64.1,62.8,0.0,0.0,0.0,0.0,3,Overcast,8.1,19.0,76,,Cloudy,False
2025-04-26,0,61.6,60.7,0.0,0.0,0.0,0.0,3,Overcast,6.4,17.7,81,,Cloudy,False
2025-04-26,1,60.7,59.6,0.004,0.004,0.0,0.0,51,Light drizzle,7.3,15.9,85,,Drizzle,False
2025-04-26,2,62.1,61.9,0.0,0.0,0.0,0.0,3,Overcast,6.6,16.8,87,,Cloudy,False
2025-04-26,3,62.2,62.4,0.071,0.071,0.0,0.0,61,Slight rain,6.6,14.3,88,,Rain,True
2025-04-26,4,61.1,60.9,0.051,0.051,0.0,0.0,61,Slight rain,6.7,18.8,90,,Rain,True
2025-04-26,5,61.7,61.0,0.004,0.004,0.0,0.0,51,Light drizzle,8.7,17.4,91,,Drizzle,False
2025-04-26,6,61.5,61.3,0.031,0.031,0.0,0.0,53,Moderate drizzle,8.1,20.6,93,,Drizzle,False
2025-04-26,7,62.0,61.3,0.028,0.028,0.0,0.0,53,Moderate drizzle,9.7,19.5,94,,Drizzle,False
2025-04-26,8,63.1,62.1,0.004,0.004,0.0,0.0,51,Light drizzle,10.6,22.1,91,,Drizzle,False
2025-04-26,9,65.7,65.6,0.008,0.008,0.0,0.0,51,Light drizzle,10.0,23.9,87,,Drizzle,False
2025-04-26,10,67.4,68.1,0.035,0.035,0.0,0.0,53,Moderate drizzle,8.8,21.9,85,,Drizzle,False
2025-04-26,11,68.5,69.2,0.035,0.035,0.0,0.0,53,Moderate drizzle,10.1,21.5,85,,Drizzle,False
2025-04-26,12,68.8,68.2,0.059,0.059,0.0,0.0,61,Slight rain,13.0,27.1,83,,Rain,True
2025-04-26,13,70.5,72.0,0.02,0.02,0.0,0.0,53,Moderate drizzle,9.4,28.4,82,,Drizzle,False
2025-04-26,14,68.0,68.0,0.114,0.114,0.0,0.0,63,Moderate rain,11.3,27.3,85,,Rain,True
2025-04-26,15,68.5,68.9,0.012,0.012,0.0,0.0,51,Light drizzle,9.9,22.8,83,,Drizzle,False
2025-04-26,16,69.1,69.4,0.004,0.004,0.0,0.0,51,Light drizzle,10.1,25.3,81,,Drizzle,False
2025-04-26,17,68.8,68.4,0.004,0.004,0.0,0.0,51,Light drizzle,11.4,25.5,80,,Drizzle,False
2025-04-26,18,68.5,70.1,0.0,0.0,0.0,0.0,3,Overcast,7.3,25.1,84,,Cloudy,False
2025-04-26,19,65.8,65.6,0.075,0.075,0.0,0.0,61,Slight rain,11.1,26.4,90,,Rain,True
2025-04-26,20,64.9,63.9,0.004,0.004,0.0,0.0,51,Light drizzle,9.5,22.6,82,,Drizzle,False
2025-04-26,21,63.7,61.6,0.0,0.0,0.0,0.0,1,Mainly clear,11.5,22.6,83,,Clear,False
2025-04-26,22,60.4,55.2,0.0,0.0,0.0,0.0,3,Overcast,11.8,25.7,67,,Cloudy,False
2025-04-26,23,56.3,48.5,0.0,0.0,0.0,0.0,0,Clear sky,13.9,31.3,59,,Clear,False
2025-04-27,0,52.8,46.3,0.0,0.0,0.0,0.0,1,Mainly clear,9.6,31.1,62,,Clear,False
2025-04-27,1,50.9,44.1,0.0,0.0,0.0,0.0,1,Mainly clear,9.5,22.8,61,,Clear,False
2025-04-27,2,50.2,42.8,0.0,0.0,0.0,0.0,1,Mainly clear,10.4,25.3,60,,Clear,False
2025-04-27,3,48.9,42.3,0.0,0.0,0.0,0.0,2,Partly cloudy,7.9,23.5,60,,Cloudy,False
2025-04-27,4,48.0,41.2,0.0,0.0,0.0,0.0,3,Overcast,8.1,19.0,59,,Cloudy,False
2025-04-27,5,47.5,40.6,0.0,0.0,0.0,0.0,2,Partly cloudy,8.5,20.1,62,,Cloudy,False
2025-04-27,6,47.1,39.9,0.0,0.0,0.0,0.0,2,Partly cloudy,9.4,21.5,64,,Cloudy,False
2025-04-27,7,47.9,40.0,0.0,0.0,0.0,0.0,2,Partly cloudy,11.1,25.1,63,,Cloudy,False
2025-04-27,8,49.2,39.3,0.0,0.0,0.0,0.0,3,Overcast,15.5,34.9,58,,Cloudy,False
2025-04-27,9,50.9,41.6,0.0,0.0,0.0,0.0,2,Partly cloudy,14.1,36.2,55,,Cloudy,False
2025-04-27,10,52.7,41.7,0.0,0.0,0.0,0.0,2,Partly cloudy,17.6,40.3,49,,Cloudy,False
2025-04-27,11,54.1,43.2,0.0,0.0,0.0,0.0,2,Partly cloudy,17.8,43.4,48,,Cloudy,False
2025-04-27,12,55.1,44.8,0.0,0.0,0.0,0.0,3,Overcast,18.7,43.2,48,,Cloudy,False
2025-04-27,13,54.7,44.2,0.0,0.0,0.0,0.0,3,Overcast,17.2,43.4,49,,Cloudy,False
2025-04-27,14,55.7,44.7,0.0,0.0,0.0,0.0,2,Partly cloudy,18.8,43.6,47,,Cloudy,False
2025-04-27,15,56.0,45.3,0.0,0.0,0.0,0.0,3,Overcast,17.8,43.6,47,,Cloudy,False
2025-04-27,16,56.8,45.9,0.0,0.0,0.0,0.0,3,Overcast,18.1,43.4,46,,Cloudy,False
2025-04-27,17,57.2,45.9,0.0,0.0,0.0,0.0,1,Mainly clear,19.2,44.1,45,,Clear,False
2025-04-27,18,57.1,46.0,0.0,0.0,0.0,0.0,3,Overcast,19.0,43.8,46,,Cloudy,False
2025-04-27,19,56.9,48.9,0.0,0.0,0.0,0.0,0,Clear sky,12.3,43.0,48,,Clear,False
2025-04-27,20,55.7,48.9,0.0,0.0,0.0,0.0,0,Clear sky,9.0,27.7,50,,Clear,False
2025-04-27,21,55.7,49.0,0.0,0.0,0.0,0.0,0,Clear sky,8.3,21.7,48,,Clear,False
2025-04-27,22,55.3,47.5,0.0,0.0,0.0,0.0,0,Clear sky,10.2,22.4,45,,Clear,False
2025-04-27,23,54.8,46.9,0.0,0.0,0.0,0.0,0,Clear sky,9.7,22.6,42,,Clear,False
2025-04-28,0,53.7,46.4,0.0,0.0,0.0,0.0,0,Clear sky,8.2,21.0,44,,Clear,False
2025-04-28,1,52.4,45.6,0.0,0.0,0.0,0.0,0,Clear sky,7.5,17.7,48,,Clear,False
2025-04-28,2,51.5,44.7,0.0,0.0,0.0,0.0,0,Clear sky,7.8,16.6,51,,Clear,False
2025-04-28,3,50.5,44.2,0.0,0.0,0.0,0.0,0,Clear sky,7.0,16.6,54,,Clear,False
2025-04-28,4,49.6,43.3,0.0,0.0,0.0,0.0,0,Clear sky,6.7,14.5,57,,Clear,False
2025-04-28,5,48.7,42.7,0.0,0.0,0.0,0.0,0,Clear sky,6.3,13.9,58,,Clear,False
2025-04-28,6,47.9,42.2,0.0,0.0,0.0,0.0,0,Clear sky,5.5,13.2,60,,Clear,False
2025-04-28,7,49.3,43.7,0.0,0.0,0.0,0.0,0,Clear sky,5.6,11.6,59,,Clear,False
2025-04-28,8,52.8,47.7,0.0,0.0,0.0,0.0,0,Clear sky,5.4,12.1,57,,Clear,False
2025-04-28,9,58.6,54.1,0.0,0.0,0.0,0.0,0,Clear sky,4.6,12.8,48,,Clear,False
2025-04-28,10,63.4,59.2,0.0,0.0,0.0,0.0,0,Clear sky,4.9,14.1,39,,Clear,False
2025-04-28,11,66.7,64.1,0.0,0.0,0.0,0.0,0,Clear sky,4.7,14.8,33,,Clear,False
2025-04-28,12,68.9,67.7,0.0,0.0,0.0,0.0,0,Clear sky,3.8,14.5,29,,Clear,False
2025-04-28,13,70.4,70.4,0.0,0.0,0.0,0.0,0,Clear sky,2.6,13.2,27,,Clear,False
2025-04-28,14,71.5,71.6,0.0,0.0,0.0,0.0,0,Clear sky,2.4,11.4,26,,Clear,False
2025-04-28,15,72.2,71.0,0.0,0.0,0.0,0.0,0,Clear sky,3.4,12.3,26,,Clear,False
2025-04-28,16,72.4,69.3,0.0,0.0,0.0,0.0,0,Clear sky,4.7,14.5,26,,Clear,False
2025-04-28,17,71.8,66.5,0.0,0.0,0.0,0.0,0,Clear sky,5.5,15.2,27,,Clear,False
2025-04-28,18,71.3,65.7,0.0,0.0,0.0,0.0,0,Clear sky,6.1,15.7,28,,Clear,False
2025-04-28,19,69.0,64.7,0.0,0.0,0.0,0.0,0,Clear sky,4.2,14.8,34,,Clear,False
2025-04-28,20,63.1,58.3,0.0,0.0,0.0,0.0,3,Overcast,5.6,11.6,42,,Cloudy,False
2025-04-28,21,61.4,57.2,0.0,0.0,0.0,0.0,3,Overcast,3.6,11.0,43,,Cloudy,False
2025-04-28,22,60.1,55.8,0.0,0.0,0.0,0.0,0,Clear sky,4.0,8.1,46,,Clear,False
2025-04-28,23,61.1,55.5,0.0,0.0,0.0,0.0,0,Clear sky,6.1,11.9,41,,Clear,False
2025-04-29,0,60.2,54.2,0.0,0.0,0.0,0.0,0,Clear sky,7.0,14.1,42,,Clear,False
2025-04-29,1,58.6,52.7,0.0,0.0,0.0,0.0,0,Clear sky,7.2,15.0,45,,Clear,False
2025-04-29,2,56.7,51.1,0.0,0.0,0.0,0.0,0,Clear sky,6.3,14.5,48,,Clear,False
2025-04-29,3,55.1,49.9,0.0,0.0,0.0,0.0,3,Overcast,5.9,12.8,52,,Cloudy,False
2025-04-29,4,53.8,48.9,0.0,0.0,0.0,0.0,2,Partly cloudy,5.5,12.1,57,,Cloudy,False
2025-04-29,5,52.8,47.8,0.0,0.0,0.0,0.0,2,Partly cloudy,5.9,12.1,61,,Cloudy,False
2025-04-29,6,52.2,47.2,0.0,0.0,0.0,0.0,1,Mainly clear,6.1,12.5,64,,Clear,False
2025-04-29,7,53.4,48.3,0.0,0.0,0.0,0.0,2,Partly cloudy,6.6,13.4,61,,Cloudy,False
2025-04-29,8,56.7,52.0,0.0,0.0,0.0,0.0,3,Overcast,5.4,13.9,54,,Cloudy,False
2025-04-29,9,61.6,56.1,0.0,0.0,0.0,0.0,0,Clear sky,7.0,18.1,44,,Clear,False
2025-04-29,10,65.6,60.0,0.0,0.0,0.0,0.0,0,Clear sky,8.4,21.7,38,,Clear,False
2025-04-29,11,69.8,65.4,0.0,0.0,0.0,0.0,0,Clear sky,9.5,24.4,35,,Clear,False
2025-04-29,12,73.9,70.1,0.0,0.0,0.0,0.0,0,Clear sky,11.1,28.0,32,,Clear,False
2025-04-29,13,77.5,74.1,0.0,0.0,0.0,0.0,0,Clear sky,11.5,29.1,29,,Clear,False
2025-04-29,14,79.7,76.9,0.0,0.0,0.0,0.0,0,Clear sky,10.7,28.9,29,,Clear,False
2025-04-29,15,80.9,78.3,0.0,0.0,0.0,0.0,3,Overcast,9.7,27.5,29,,Cloudy,False
2025-04-29,16,81.1,77.6,0.0,0.0,0.0,0.0,3,Overcast,10.0,25.5,31,,Cloudy,False
2025-04-29,17,80.4,75.7,0.0,0.0,0.0,0.0,3,Overcast,10.5,26.2,33,,Cloudy,False
2025-04-29,18,78.9,74.8,0.0,0.0,0.0,0.0,3,Overcast,9.5,26.2,36,,Cloudy,False
2025-04-29,19,76.4,72.3,0.0,0.0,0.0,0.0,3,Overcast,10.2,22.8,41,,Cloudy,False
2025-04-29,20,73.9,69.4,0.0,0.0,0.0,0.0,3,Overcast,12.3,27.5,46,,Cloudy,False
2025-04-29,21,73.7,69.3,0.0,0.0,0.0,0.0,3,Overcast,12.4,28.0,48,,Cloudy,False
2025-04-29,22,72.3,68.5,0.0,0.0,0.0,0.0,3,Overcast,11.7,28.0,52,,Cloudy,False
2025-04-29,23,72.0,68.4,0.0,0.0,0.0,0.0,3,Overcast,11.2,25.9,53,,Cloudy,False
2025-04-30,0,71.5,68.4,0.0,0.0,0.0,0.0,3,Overcast,11.1,25.1,56,,Cloudy,False
2025-04-30,1,71.3,68.7,0.0,0.0,0.0,0.0,2,Partly cloudy,10.6,24.6,58,,Cloudy,False
2025-04-30,2,70.1,68.2,0.0,0.0,0.0,0.0,3,Overcast,9.7,23.0,63,,Cloudy,False
2025-04-30,3,69.4,68.2,0.0,0.0,0.0,0.0,3,Overcast,9.1,21.0,67,,Cloudy,False
2025-04-30,4,68.8,68.0,0.0,0.0,0.0,0.0,3,Overcast,8.4,19.5,69,,Cloudy,False
2025-04-30,5,67.9,67.7,0.0,0.0,0.0,0.0,3,Overcast,7.5,17.9,73,,Cloudy,False
2025-04-30,6,67.6,67.9,0.0,0.0,0.0,0.0,3,Overcast,7.1,16.1,75,,Cloudy,False
2025-04-30,7,66.8,64.9,0.0,0.0,0.0,0.0,3,Overcast,10.1,21.5,71,,Cloudy,False
2025-04-30,8,61.5,55.9,0.0,0.0,0.0,0.0,3,Overcast,11.0,25.7,57,,Cloudy,False
2025-04-30,9,68.0,62.1,0.0,0.0,0.0,0.0,1,Mainly clear,10.7,26.2,43,,Clear,False
2025-04-30,10,68.5,61.8,0.0,0.0,0.0,0.0,0,Clear sky,11.2,28.2,34,,Clear,False
2025-04-30,11,69.2,64.0,0.0,0.0,0.0,0.0,1,Mainly clear,10.3,28.2,31,,Clear,False
2025-04-30,12,70.6,65.4,0.0,0.0,0.0,0.0,0,Clear sky,10.9,28.6,25,,Clear,False
2025-04-30,13,71.2,67.4,0.0,0.0,0.0,0.0,0,Clear sky,9.5,28.6,25,,Clear,False
2025-04-30,14,72.8,68.8,0.0,0.0,0.0,0.0,0,Clear sky,8.8,25.9,21,,Clear,False
2025-04-30,15,72.9,68.2,0.0,0.0,0.0,0.0,3,Overcast,8.8,24.6,20,,Cloudy,False
2025-04-30,16,72.8,66.9,0.0,0.0,0.0,0.0,3,Overcast,8.8,24.4,21,,Cloudy,False
2025-04-30,17,72.1,64.6,0.0,0.0,0.0,0.0,3,Overcast,8.7,23.9,21,,Cloudy,False
2025-04-30,18,70.8,63.1,0.0,0.0,0.0,0.0,0,Clear sky,8.3,22.8,21,,Clear,False
2025-04-30,19,68.6,61.3,0.0,0.0,0.0,0.0,3,Overcast,7.9,21.0,24,,Cloudy,False
2025-04-30,20,66.2,59.5,0.0,0.0,0.0,0.0,3,Overcast,7.0,18.8,28,,Cloudy,False
2025-04-30,21,66.2,59.4,0.0,0.0,0.0,0.0,2,Partly cloudy,6.1,12.8,25,,Cloudy,False
2025-04-30,22,64.0,57.5,0.0,0.0,0.0,0.0,3,Overcast,6.4,13.6,30,,Cloudy,False
2025-04-30,23,61.6,55.5,0.0,0.0,0.0,0.0,3,Overcast,6.0,13.6,35,,Cloudy,False
2025-05-01,0,59.5,53.8,0.0,0.0,0.0,0.0,3,Overcast,5.3,12.8,39,,Cloudy,False
2025-05-01,1,57.7,52.3,0.0,0.0,0.0,0.0,3,Overcast,4.8,11.0,43,,Cloudy,False
2025-05-01,2,55.8,50.4,0.0,0.0,0.0,0.0,3,Overcast,5.2,10.7,47,,Cloudy,False
2025-05-01,3,54.1,48.9,0.0,0.0,0.0,0.0,3,Overcast,5.2,11.6,51,,Cloudy,False
2025-05-01,4,53.2,48.2,0.0,0.0,0.0,0.0,3,Overcast,4.1,11.0,51,,Cloudy,False
2025-05-01,5,51.4,46.0,0.0,0.0,0.0,0.0,3,Overcast,4.5,10.3,52,,Cloudy,False
2025-05-01,6,50.2,44.8,0.0,0.0,0.0,0.0,3,Overcast,4.3,9.6,53,,Cloudy,False
2025-05-01,7,50.6,45.2,0.0,0.0,0.0,0.0,3,Overcast,4.5,11.2,52,,Cloudy,False
2025-05-01,8,53.2,48.3,0.0,0.0,0.0,0.0,3,Overcast,3.4,11.0,47,,Cloudy,False
2025-05-01,9,58.6,53.6,0.0,0.0,0.0,0.0,3,Overcast,3.3,12.1,39,,Cloudy,False
2025-05-01,10,62.9,58.5,0.0,0.0,0.0,0.0,3,Overcast,3.4,13.2,34,,Cloudy,False
2025-05-01,11,67.0,64.2,0.0,0.0,0.0,0.0,3,Overcast,3.7,14.3,29,,Cloudy,False
2025-05-01,12,70.1,67.4,0.0,0.0,0.0,0.0,3,Overcast,5.4,17.4,26,,Cloudy,False
2025-05-01,13,71.4,68.6,0.0,0.0,0.0,0.0,3,Overcast,6.9,21.0,24,,Cloudy,False
2025-05-01,14,70.7,66.1,0.0,0.0,0.0,0.0,3,Overcast,7.8,22.6,23,,Cloudy,False
2025-05-01,15,69.9,64.1,0.0,0.0,0.0,0.0,0,Clear sky,8.4,23.5,23,,Clear,False
2025-05-01,16,68.5,62.4,0.0,0.0,0.0,0.0,0,Clear sky,9.0,24.6,25,,Clear,False
2025-05-01,17,67.3,60.0,0.0,0.0,0.0,0.0,0,Clear sky,8.6,24.6,28,,Clear,False
2025-05-01,18,65.2,58.5,0.0,0.0,0.0,0.0,0,Clear sky,7.9,22.8,32,,Clear,False
2025-05-01,19,62.5,56.6,0.0,0.0,0.0,0.0,0,Clear sky,7.0,20.6,39,,Clear,False
2025-05-01,20,60.1,55.2,0.0,0.0,0.0,0.0,1,Mainly clear,5.5,17.7,46,,Clear,False
2025-05-01,21,58.8,54.3,0.0,0.0,0.0,0.0,3,Overcast,5.1,15.0,50,,Cloudy,False
2025-05-01,22,58.5,54.1,0.0,0.0,0.0,0.0,3,Overcast,5.6,14.3,54,,Cloudy,False
2025-05-01,23,58.2,54.3,0.0,0.0,0.0,0.0,3,Overcast,5.3,14.1,57,,Cloudy,False
2025-05-02,0,58.5,54.9,0.0,0.0,0.0,0.0,3,Overcast,4.8,13.4,59,,Cloudy,False
2025-05-02,1,58.7,55.3,0.043,0.043,0.0,0.0,55,Dense drizzle,7.2,17.4,68,,Drizzle,False
2025-05-02,2,59.4,58.5,0.039,0.039,0.0,0.0,55,Dense drizzle,5.8,16.8,85,,Drizzle,False
2025-05-02,3,58.9,58.8,0.0,0.0,0.0,0.0,3,Overcast,5.0,11.4,91,,Cloudy,False
2025-05-02,4,58.4,59.2,0.0,0.0,0.0,0.0,3,Overcast,3.1,10.7,94,,Cloudy,False
2025-05-02,5,57.5,58.5,0.0,0.0,0.0,0.0,3,Overcast,2.5,6.5,96,,Cloudy,False
2025-05-02,6,57.3,58.3,0.0,0.0,0.0,0.0,3,Overcast,2.5,6.0,96,,Cloudy,False
2025-05-02,7,60.4,61.5,0.0,0.0,0.0,0.0,3,Overcast,3.3,6.5,90,,Cloudy,False
2025-05-02,8,65.4,67.0,0.0,0.0,0.0,0.0,3,Overcast,3.0,8.7,79,,Cloudy,False
2025-05-02,9,66.0,66.6,0.0,0.0,0.0,0.0,3,Overcast,2.9,10.3,70,,Cloudy,False
2025-05-02,10,66.9,67.7,0.0,0.0,0.0,0.0,3,Overcast,3.3,10.7,70,,Cloudy,False
2025-05-02,11,71.7,72.5,0.0,0.0,0.0,0.0,3,Overcast,4.2,13.2,62,,Cloudy,False
2025-05-02,12,77.6,79.0,0.0,0.0,0.0,0.0,3,Overcast,6.2,17.9,51,,Cloudy,False
2025-05-02,13,81.9,83.5,0.0,0.0,0.0,0.0,1,Mainly clear,8.4,26.4,44,,Clear,False
2025-05-02,14,84.8,85.2,0.0,0.0,0.0,0.0,1,Mainly clear,9.4,26.2,38,,Clear,False
2025-05-02,15,85.5,84.3,0.0,0.0,0.0,0.0,1,Mainly clear,8.4,26.2,33,,Clear,False
2025-05-02,16,86.1,83.8,0.0,0.0,0.0,0.0,2,Partly cloudy,8.0,23.9,30,,Cloudy,False
2025-05-02,17,83.5,81.1,0.0,0.0,0.0,0.0,2,Partly cloudy,8.4,24.8,36,,Cloudy,False
2025-05-02,18,83.8,81.0,0.0,0.0,0.0,0.0,1,Mainly clear,8.5,24.2,35,,Clear,False
2025-05-02,19,80.6,79.6,0.0,0.0,0.0,0.0,0,Clear sky,8.0,21.5,45,,Clear,False
2025-05-02,20,77.0,77.5,0.0,0.0,0.0,0.0,3,Overcast,6.2,18.3,54,,Cloudy,False
2025-05-02,21,77.2,76.6,0.0,0.0,0.0,0.0,3,Overcast,3.3,9.4,42,,Cloudy,False
2025-05-02,22,75.3,76.0,0.0,0.0,0.0,0.0,3,Overcast,5.0,10.1,56,,Cloudy,False
2025-05-02,23,74.9,75.4,0.0,0.0,0.0,0.0,3,Overcast,5.8,12.1,57,,Cloudy,False
2025-05-03,0,73.7,73.4,0.0,0.0,0.0,0.0,2,Partly cloudy,5.5,11.6,55,,Cloudy,False
2025-05-03,1,72.2,72.3,0.0,0.0,0.0,0.0,3,Overcast,4.1,11.4,56,,Cloudy,False
2025-05-03,2,71.2,70.8,0.0,0.0,0.0,0.0,2,Partly cloudy,5.0,11.4,57,,Cloudy,False
2025-05-03,3,68.4,68.6,0.0,0.0,0.0,0.0,3,Overcast,3.5,14.3,63,,Cloudy,False
2025-05-03,4,66.3,67.9,0.0,0.0,0.0,0.0,3,Overcast,0.6,6.3,69,,Cloudy,False
2025-05-03,5,66.7,67.3,0.0,0.0,0.0,0.0,3,Overcast,2.7,5.6,68,,Cloudy,False
2025-05-03,6,66.2,66.9,0.0,0.0,0.0,0.0,3,Overcast,3.3,6.5,71,,Cloudy,False
2025-05-03,7,66.9,67.9,0.0,0.0,0.0,0.0,2,Partly cloudy,4.2,9.2,74,,Cloudy,False
2025-05-03,8,69.5,71.3,0.0,0.0,0.0,0.0,3,Overcast,3.7,11.0,71,,Cloudy,False
2025-05-03,9,72.6,72.9,0.0,0.0,0.0,0.0,1,Mainly clear,7.1,18.1,64,,Clear,False
2025-05-03,10,75.9,77.1,0.0,0.0,0.0,0.0,3,Overcast,5.4,20.6,57,,Cloudy,False
2025-05-03,11,78.9,80.7,0.0,0.0,0.0,0.0,2,Partly cloudy,7.2,20.1,53,,Cloudy,False
2025-05-03,12,81.8,84.2,0.0,0.0,0.0,0.0,3,Overcast,8.8,23.9,47,,Cloudy,False
2025-05-03,13,83.9,85.7,0.0,0.0,0.0,0.0,3,Overcast,9.8,31.5,44,,Cloudy,False
2025-05-03,14,83.7,85.0,0.008,0.008,0.0,0.0,51,Light drizzle,10.2,34.2,44,,Drizzle,False
2025-05-03,15,73.9,76.6,0.299,0.299,0.0,0.0,65,Heavy rain,6.9,28.6,74,,Rain,True
2025-05-03,16,76.8,80.6,0.0,0.0,0.0,0.0,1,Mainly clear,4.1,16.8,67,,Clear,False
2025-05-03,17,75.9,77.0,0.039,0.039,0.0,0.0,55,Dense drizzle,8.5,24.2,65,,Drizzle,False
2025-05-03,18,75.2,77.7,0.004,0.004,0.0,0.0,51,Light drizzle,5.9,21.0,68,,Drizzle,False
2025-05-03,19,70.9,73.7,0.063,0.063,0.0,0.0,61,Slight rain,5.9,20.1,80,,Rain,True
2025-05-03,20,69.1,72.3,0.016,0.016,0.0,0.0,51,Light drizzle,5.5,11.6,87,,Drizzle,False
2025-05-03,21,70.6,74.3,0.0,0.0,0.0,0.0,3,Overcast,3.9,9.2,81,,Cloudy,False
2025-05-03,22,67.9,69.1,0.0,0.0,0.0,0.0,3,Overcast,5.9,14.3,78,,Cloudy,False
2025-05-03,23,64.8,64.8,0.0,0.0,0.0,0.0,3,Overcast,6.1,12.5,79,,Cloudy,False
2025-05-04,0,66.0,67.2,0.024,0.024,0.0,0.0,53,Moderate drizzle,5.6,16.1,82,,Drizzle,False
2025-05-04,1,64.8,66.3,0.004,0.004,0.0,0.0,51,Light drizzle,5.5,18.6,88,,Drizzle,False
2025-05-04,2,64.2,66.5,0.0,0.0,0.0,0.0,3,Overcast,3.7,10.7,90,,Cloudy,False
2025-05-04,3,63.1,65.9,0.0,0.0,0.0,0.0,3,Overcast,2.5,7.6,93,,Cloudy,False
2025-05-04,4,62.9,64.5,0.0,0.0,0.0,0.0,3,Overcast,4.2,8.1,91,,Cloudy,False
2025-05-04,5,62.2,62.8,0.0,0.0,0.0,0.0,3,Overcast,4.6,9.8,85,,Cloudy,False
2025-05-04,6,61.3,61.7,0.0,0.0,0.0,0.0,3,Overcast,4.4,9.4,85,,Cloudy,False
2025-05-04,7,61.8,62.3,0.0,0.0,0.0,0.0,3,Overcast,4.6,9.6,86,,Cloudy,False
2025-05-04,8,63.8,65.0,0.0,0.0,0.0,0.0,3,Overcast,3.8,10.1,83,,Cloudy,False
2025-05-04,9,67.1,69.4,0.0,0.0,0.0,0.0,3,Overcast,3.7,11.0,81,,Cloudy,False
2025-05-04,10,68.0,69.8,0.0,0.0,0.0,0.0,3,Overcast,5.0,13.6,79,,Cloudy,False
2025-05-04,11,69.0,70.9,0.004,0.004,0.0,0.0,51,Light drizzle,4.9,14.8,77,,Drizzle,False
2025-05-04,12,69.6,70.8,0.0,0.0,0.0,0.0,3,Overcast,6.7,17.7,76,,Cloudy,False
2025-05-04,13,67.7,69.0,0.039,0.039,0.0,0.0,55,Dense drizzle,5.5,18.1,78,,Drizzle,False
2025-05-04,14,68.6,70.7,0.008,0.008,0.0,0.0,51,Light drizzle,5.6,15.4,81,,Drizzle,False
2025-05-04,15,66.9,67.4,0.024,0.024,0.0,0.0,53,Moderate drizzle,8.9,22.8,85,,Drizzle,False
2025-05-04,16,63.7,64.0,0.051,0.051,0.0,0.0,61,Slight rain,7.6,21.0,89,,Rain,True
2025-05-04,17,62.1,62.1,0.083,0.083,0.0,0.0,61,Slight rain,7.2,18.3,90,,Rain,True
2025-05-04,18,60.4,60.4,0.059,0.059,0.0,0.0,61,Slight rain,6.4,17.4,93,,Rain,True
2025-05-04,19,60.6,60.4,0.02,0.02,0.0,0.0,53,Moderate drizzle,7.1,15.0,93,,Drizzle,False
2025-05-04,20,59.8,59.8,0.016,0.016,0.0,0.0,51,Light drizzle,6.3,15.2,94,,Drizzle,False
2025-05-04,21,60.3,61.1,0.043,0.043,0.0,0.0,55,Dense drizzle,5.1,12.5,96,,Drizzle,False
2025-05-04,22,60.1,61.4,0.039,0.039,0.0,0.0,55,Dense drizzle,4.2,10.3,97,,Drizzle,False
2025-05-04,23,59.9,61.0,0.055,0.055,0.0,0.0,61,Slight rain,4.3,9.6,96,,Rain,True
2025-05-05,0,59.8,61.0,0.0,0.0,0.0,0.0,3,Overcast,4.0,9.2,96,,Cloudy,False
2025-05-05,1,59.8,61.4,0.0,0.0,0.0,0.0,3,Overcast,3.1,7.8,96,,Cloudy,False
2025-05-05,2,59.2,60.3,0.0,0.0,0.0,0.0,3,Overcast,4.0,8.3,97,,Cloudy,False
2025-05-05,3,59.2,60.6,0.0,0.0,0.0,0.0,3,Overcast,3.0,8.9,96,,Cloudy,False
2025-05-05,4,58.6,59.7,0.0,0.0,0.0,0.0,3,Overcast,3.4,7.2,98,,Cloudy,False
2025-05-05,5,58.5,59.6,0.0,0.0,0.0,0.0,3,Overcast,3.3,7.4,97,,Cloudy,False
2025-05-05,6,58.5,58.9,0.0,0.0,0.0,0.0,3,Overcast,4.9,10.3,97,,Cloudy,False
2025-05-05,7,58.4,58.5,0.0,0.0,0.0,0.0,3,Overcast,5.5,12.3,97,,Cloudy,False
2025-05-05,8,59.0,58.6,0.0,0.0,0.0,0.0,3,Overcast,6.9,15.7,95,,Cloudy,False
2025-05-05,9,59.6,59.4,0.024,0.024,0.0,0.0,53,Moderate drizzle,7.5,16.8,97,,Drizzle,False
2025-05-05,10,60.0,59.3,0.008,0.008,0.0,0.0,51,Light drizzle,8.4,18.6,95,,Drizzle,False
2025-05-05,11,62.3,61.6,0.008,0.008,0.0,0.0,51,Light drizzle,9.1,21.3,89,,Drizzle,False
2025-05-05,12,64.2,64.0,0.008,0.008,0.0,0.0,51,Light drizzle,8.7,21.0,87,,Drizzle,False
2025-05-05,13,66.1,66.3,0.031,0.031,0.0,0.0,53,Moderate drizzle,8.5,22.8,84,,Drizzle,False
2025-05-05,14,64.9,66.0,0.039,0.039,0.0,0.0,55,Dense drizzle,7.1,21.9,90,,Drizzle,False
2025-05-05,15,66.4,67.3,0.016,0.016,0.0,0.0,51,Light drizzle,7.7,20.1,86,,Drizzle,False
2025-05-05,16,63.3,64.6,0.067,0.067,0.0,0.0,61,Slight rain,7.1,20.4,96,,Rain,True
2025-05-05,17,61.0,61.5,0.051,0.051,0.0,0.0,61,Slight rain,7.3,17.0,98,,Rain,True
2025-05-05,18,60.2,60.8,0.063,0.063,0.0,0.0,61,Slight rain,5.9,17.2,97,,Rain,True
2025-05-05,19,59.6,60.7,0.051,0.051,0.0,0.0,61,Slight rain,4.9,14.5,99,,Rain,True
2025-05-05,20,59.2,60.2,0.039,0.039,0.0,0.0,55,Dense drizzle,4.5,13.2,98,,Drizzle,False
2025-05-05,21,58.4,57.6,0.024,0.024,0.0,0.0,53,Moderate drizzle,7.4,17.4,96,,Drizzle,False
2025-05-05,22,58.2,57.7,0.016,0.016,0.0,0.0,51,Light drizzle,6.8,15.4,97,,Drizzle,False
2025-05-05,23,57.9,57.5,0.012,0.012,0.0,0.0,51,Light drizzle,6.7,14.5,98,,Drizzle,False
2025-05-06,0,57.7,57.4,0.051,0.051,0.0,0.0,61,Slight rain,6.2,14.5,97,,Rain,True
2025-05-06,1,57.6,56.8,0.008,0.008,0.0,0.0,51,Light drizzle,7.0,15.0,97,,Drizzle,False
2025-05-06,2,57.3,57.1,0.0,0.0,0.0,0.0,3,Overcast,5.5,14.3,97,,Cloudy,False
2025-05-06,3,57.4,57.6,0.0,0.0,0.0,0.0,3,Overcast,4.5,11.0,97,,Cloudy,False
2025-05-06,4,57.7,57.2,0.0,0.0,0.0,0.0,3,Overcast,6.0,13.0,96,,Cloudy,False
2025-05-06,5,58.0,57.4,0.0,0.0,0.0,0.0,3,Overcast,6.8,14.3,96,,Cloudy,False
2025-05-06,6,58.0,57.7,0.0,0.0,0.0,0.0,3,Overcast,6.0,13.9,97,,Cloudy,False
2025-05-06,7,58.1,58.0,0.0,0.0,0.0,0.0,3,Overcast,5.8,13.0,97,,Cloudy,False
2025-05-06,8,58.6,58.5,0.0,0.0,0.0,0.0,3,Overcast,6.2,15.7,96,,Cloudy,False
2025-05-06,9,61.0,61.3,0.0,0.0,0.0,0.0,3,Overcast,6.8,17.7,94,,Cloudy,False
2025-05-06,10,62.0,62.8,0.402,0.402,0.0,0.0,65,Heavy rain,5.8,16.8,92,,Rain,True
2025-05-06,11,62.6,62.5,0.276,0.276,0.0,0.0,63,Moderate rain,7.8,21.3,89,,Rain,True
2025-05-06,12,62.9,62.4,0.004,0.004,0.0,0.0,51,Light drizzle,8.9,24.2,89,,Drizzle,False
2025-05-06,13,64.9,64.4,0.0,0.0,0.0,0.0,3,Overcast,8.8,22.4,84,,Cloudy,False
2025-05-06,14,65.1,64.4,0.0,0.0,0.0,0.0,3,Overcast,9.6,23.0,83,,Cloudy,False
2025-05-06,15,65.5,65.2,0.0,0.0,0.0,0.0,3,Overcast,9.4,23.9,85,,Cloudy,False
2025-05-06,16,65.7,65.4,0.0,0.0,0.0,0.0,3,Overcast,9.3,23.0,84,,Cloudy,False
2025-05-06,17,64.1,63.7,0.0,0.0,0.0,0.0,1,Mainly clear,8.8,23.3,85,,Clear,False
2025-05-06,18,63.8,63.9,0.024,0.024,0.0,0.0,53,Moderate drizzle,5.8,20.6,82,,Drizzle,False
2025-05-06,19,62.5,63.9,0.004,0.004,0.0,0.0,51,Light drizzle,3.8,13.9,88,,Drizzle,False
2025-05-06,20,62.7,63.9,0.004,0.004,0.0,0.0,51,Light drizzle,3.4,13.6,85,,Drizzle,False
2025-05-06,21,60.6,61.8,0.0,0.0,0.0,0.0,3,Overcast,3.6,8.5,92,,Cloudy,False
2025-05-06,22,61.5,61.8,0.0,0.0,0.0,0.0,1,Mainly clear,5.0,9.6,86,,Clear,False
2025-05-06,23,60.0,59.8,0.0,0.0,0.0,0.0,0,Clear sky,4.4,10.5,84,,Clear,False
2025-05-07,0,58.5,58.3,0.0,0.0,0.0,0.0,1,Mainly clear,3.5,9.2,86,,Clear,False
2025-05-07,1,57.8,57.5,0.0,0.0,0.0,0.0,3,Overcast,3.7,7.4,87,,Cloudy,False
2025-05-07,2,57.9,57.3,0.0,0.0,0.0,0.0,3,Overcast,4.3,8.7,87,,Cloudy,False
2025-05-07,3,58.1,57.6,0.0,0.0,0.0,0.0,3,Overcast,3.9,9.6,85,,Cloudy,False
2025-05-07,4,57.0,56.5,0.0,0.0,0.0,0.0,3,Overcast,3.2,8.1,86,,Cloudy,False
2025-05-07,5,57.3,56.6,0.004,0.004,0.0,0.0,51,Light drizzle,3.6,7.4,84,,Drizzle,False
2025-05-07,6,56.8,55.8,0.004,0.004,0.0,0.0,51,Light drizzle,4.1,8.7,85,,Drizzle,False
2025-05-07,7,57.4,56.3,0.0,0.0,0.0,0.0,1,Mainly clear,4.6,8.9,84,,Clear,False
2025-05-07,8,59.3,58.0,0.0,0.0,0.0,0.0,0,Clear sky,5.0,12.3,79,,Clear,False
2025-05-07,9,62.2,61.4,0.0,0.0,0.0,0.0,0,Clear sky,3.9,11.6,70,,Clear,False
2025-05-07,10,64.6,63.8,0.0,0.0,0.0,0.0,0,Clear sky,4.4,13.4,62,,Clear,False
2025-05-07,11,66.4,67.4,0.0,0.0,0.0,0.0,0,Clear sky,4.0,13.6,58,,Clear,False
2025-05-07,12,68.5,69.3,0.0,0.0,0.0,0.0,2,Partly cloudy,6.5,17.9,53,,Cloudy,False
2025-05-07,13,69.4,68.3,0.0,0.0,0.0,0.0,2,Partly cloudy,5.7,18.1,49,,Cloudy,False
2025-05-07,14,70.3,68.3,0.0,0.0,0.0,0.0,3,Overcast,6.1,15.7,47,,Cloudy,False
2025-05-07,15,70.8,67.6,0.0,0.0,0.0,0.0,2,Partly cloudy,6.7,18.1,45,,Cloudy,False
2025-05-07,16,71.8,68.3,0.0,0.0,0.0,0.0,3,Overcast,7.1,19.2,43,,Cloudy,False
2025-05-07,17,71.4,69.3,0.0,0.0,0.0,0.0,3,Overcast,5.1,19.0,47,,Cloudy,False
2025-05-07,18,69.8,68.1,0.0,0.0,0.0,0.0,3,Overcast,5.2,11.9,53,,Cloudy,False
2025-05-07,19,68.2,67.2,0.0,0.0,0.0,0.0,0,Clear sky,4.4,11.9,58,,Clear,False
2025-05-07,20,65.2,64.9,0.0,0.0,0.0,0.0,0,Clear sky,3.7,9.4,67,,Clear,False
2025-05-07,21,64.3,64.7,0.0,0.0,0.0,0.0,2,Partly cloudy,2.9,5.8,72,,Cloudy,False
2025-05-07,22,63.6,63.7,0.0,0.0,0.0,0.0,3,Overcast,3.4,6.7,73,,Cloudy,False
2025-05-07,23,62.4,62.5,0.0,0.0,0.0,0.0,3,Overcast,3.3,7.2,76,,Cloudy,False
2025-05-08,0,61.3,61.4,0.0,0.0,0.0,0.0,3,Overcast,3.2,6.5,79,,Cloudy,False
2025-05-08,1,60.3,60.1,0.0,0.0,0.0,0.0,3,Overcast,3.7,7.4,82,,Cloudy,False
2025-05-08,2,59.7,59.3,0.0,0.0,0.0,0.0,3,Overcast,3.9,7.8,82,,Cloudy,False
2025-05-08,3,58.8,58.4,0.0,0.0,0.0,0.0,3,Overcast,3.4,8.1,82,,Cloudy,False
2025-05-08,4,57.3,57.1,0.0,0.0,0.0,0.0,3,Overcast,2.6,6.9,85,,Cloudy,False
2025-05-08,5,56.3,56.5,0.0,0.0,0.0,0.0,3,Overcast,1.6,5.1,88,,Cloudy,False
2025-05-08,6,55.9,56.4,0.0,0.0,0.0,0.0,1,Mainly clear,1.0,2.9,89,,Clear,False
2025-05-08,7,58.3,58.6,0.0,0.0,0.0,0.0,2,Partly cloudy,2.5,4.7,87,,Cloudy,False
2025-05-08,8,61.6,62.9,0.0,0.0,0.0,0.0,2,Partly cloudy,1.9,6.7,83,,Cloudy,False
2025-05-08,9,65.9,67.6,0.0,0.0,0.0,0.0,0,Clear sky,1.6,7.4,73,,Clear,False
2025-05-08,10,68.8,71.3,0.0,0.0,0.0,0.0,0,Clear sky,1.8,8.7,68,,Clear,False
2025-05-08,11,71.0,75.3,0.0,0.0,0.0,0.0,0,Clear sky,1.8,9.4,64,,Clear,False
2025-05-08,12,72.6,78.2,0.0,0.0,0.0,0.0,0,Clear sky,1.6,12.8,61,,Clear,False
2025-05-08,13,73.7,79.9,0.0,0.0,0.0,0.0,0,Clear sky,1.1,12.8,60,,Clear,False
2025-05-08,14,73.7,77.0,0.016,0.016,0.0,0.0,51,Light drizzle,5.5,15.7,61,,Drizzle,False
2025-05-08,15,73.9,74.4,0.012,0.012,0.0,0.0,51,Light drizzle,5.5,17.4,53,,Drizzle,False
2025-05-08,16,70.0,70.7,0.0,0.0,0.0,0.0,2,Partly cloudy,3.5,15.2,63,,Cloudy,False
2025-05-08,17,67.3,69.2,0.016,0.016,0.0,0.0,51,Light drizzle,3.3,17.4,77,,Drizzle,False
2025-05-08,18,66.3,68.4,0.004,0.004,0.0,0.0,51,Light drizzle,3.4,10.3,81,,Drizzle,False
2025-05-08,19,65.1,66.9,0.004,0.004,0.0,0.0,51,Light drizzle,4.1,10.3,85,,Drizzle,False
2025-05-08,20,63.6,65.0,0.004,0.004,0.0,0.0,51,Light drizzle,4.7,11.2,88,,Drizzle,False
2025-05-08,21,61.6,61.0,0.0,0.0,0.0,0.0,3,Overcast,7.6,16.6,88,,Cloudy,False
2025-05-08,22,60.8,60.2,0.0,0.0,0.0,0.0,3,Overcast,7.0,16.1,88,,Cloudy,False
2025-05-08,23,59.5,58.4,0.0,0.0,0.0,0.0,3,Overcast,7.2,15.2,88,,Cloudy,False
2025-05-09,0,58.5,57.1,0.0,0.0,0.0,0.0,1,Mainly clear,6.4,15.9,86,,Clear,False
2025-05-09,1,56.8,55.3,0.0,0.0,0.0,0.0,1,Mainly clear,5.8,14.5,87,,Clear,False
2025-05-09,2,55.8,54.1,0.0,0.0,0.0,0.0,3,Overcast,5.6,12.8,89,,Cloudy,False
2025-05-09,3,55.1,53.0,0.0,0.0,0.0,0.0,3,Overcast,6.4,14.5,89,,Cloudy,False
2025-05-09,4,54.1,51.9,0.0,0.0,0.0,0.0,3,Overcast,6.2,15.0,90,,Cloudy,False
2025-05-09,5,53.3,51.1,0.0,0.0,0.0,0.0,3,Overcast,5.5,14.5,90,,Cloudy,False
2025-05-09,6,54.1,51.6,0.031,0.031,0.0,0.0,53,Moderate drizzle,6.4,14.1,89,,Drizzle,False
2025-05-09,7,54.7,53.0,0.059,0.059,0.0,0.0,61,Slight rain,6.6,15.2,96,,Rain,True
2025-05-09,8,55.5,53.7,0.106,0.106,0.0,0.0,63,Moderate rain,7.5,14.8,96,,Rain,True
2025-05-09,9,56.8,55.9,0.063,0.063,0.0,0.0,61,Slight rain,6.8,17.9,98,,Rain,True
2025-05-09,10,56.9,56.6,0.094,0.094,0.0,0.0,61,Slight rain,5.7,17.4,99,,Rain,True
2025-05-09,11,57.7,57.2,0.071,0.071,0.0,0.0,61,Slight rain,6.3,17.2,97,,Rain,True
2025-05-09,12,57.6,57.2,0.059,0.059,0.0,0.0,61,Slight rain,5.4,17.4,95,,Rain,True
2025-05-09,13,59.6,59.3,0.004,0.004,0.0,0.0,51,Light drizzle,5.8,15.9,89,,Drizzle,False
2025-05-09,14,59.6,59.2,0.0,0.0,0.0,0.0,3,Overcast,6.1,15.4,90,,Cloudy,False
2025-05-09,15,60.1,59.3,0.008,0.008,0.0,0.0,51,Light drizzle,6.7,17.0,87,,Drizzle,False
2025-05-09,16,60.2,59.6,0.012,0.012,0.0,0.0,51,Light drizzle,6.0,17.0,86,,Drizzle,False
2025-05-09,17,60.7,60.3,0.047,0.047,0.0,0.0,55,Dense drizzle,5.7,19.0,85,,Drizzle,False
2025-05-09,18,59.7,60.0,0.043,0.043,0.0,0.0,55,Dense drizzle,4.1,16.8,88,,Drizzle,False
2025-05-09,19,58.6,58.3,0.035,0.035,0.0,0.0,53,Moderate drizzle,5.6,11.9,93,,Drizzle,False
2025-05-09,20,56.8,54.8,0.0,0.0,0.0,0.0,3,Overcast,7.7,16.3,91,,Cloudy,False
2025-05-09,21,55.0,52.3,0.0,0.0,0.0,0.0,3,Overcast,7.1,16.8,86,,Cloudy,False
2025-05-09,22,54.7,51.8,0.0,0.0,0.0,0.0,3,Overcast,7.0,16.8,85,,Cloudy,False
2025-05-09,23,54.1,50.9,0.0,0.0,0.0,0.0,3,Overcast,7.6,17.2,85,,Cloudy,False
2025-05-10,0,53.2,49.7,0.0,0.0,0.0,0.0,3,Overcast,7.8,17.9,85,,Cloudy,False
2025-05-10,1,52.4,48.4,0.0,0.0,0.0,0.0,3,Overcast,8.2,18.3,85,,Cloudy,False
2025-05-10,2,52.1,47.7,0.0,0.0,0.0,0.0,2,Partly cloudy,8.5,19.7,83,,Cloudy,False
2025-05-10,3,51.5,47.0,0.0,0.0,0.0,0.0,1,Mainly clear,8.4,19.5,82,,Clear,False
2025-05-10,4,50.5,46.1,0.0,0.0,0.0,0.0,2,Partly cloudy,8.0,19.2,84,,Cloudy,False
2025-05-10,5,50.3,45.2,0.0,0.0,0.0,0.0,3,Overcast,8.9,20.4,82,,Cloudy,False
2025-05-10,6,50.9,45.3,0.0,0.0,0.0,0.0,3,Overcast,10.0,22.6,79,,Cloudy,False
2025-05-10,7,52.2,45.8,0.0,0.0,0.0,0.0,3,Overcast,11.4,25.9,74,,Cloudy,False
2025-05-10,8,53.3,47.1,0.0,0.0,0.0,0.0,2,Partly cloudy,10.8,26.2,69,,Cloudy,False
2025-05-10,9,55.8,49.0,0.0,0.0,0.0,0.0,2,Partly cloudy,12.3,29.1,65,,Cloudy,False
2025-05-10,10,57.9,51.7,0.0,0.0,0.0,0.0,2,Partly cloudy,11.7,29.5,62,,Cloudy,False
2025-05-10,11,60.8,54.2,0.0,0.0,0.0,0.0,3,Overcast,14.3,32.7,57,,Cloudy,False
2025-05-10,12,62.8,56.2,0.0,0.0,0.0,0.0,0,Clear sky,14.1,34.2,53,,Clear,False
2025-05-10,13,65.0,59.2,0.0,0.0,0.0,0.0,3,Overcast,13.2,32.9,47,,Cloudy,False
2025-05-10,14,67.6,62.2,0.0,0.0,0.0,0.0,3,Overcast,12.9,32.9,43,,Cloudy,False
2025-05-10,15,67.1,60.9,0.0,0.0,0.0,0.0,0,Clear sky,11.4,30.2,42,,Clear,False
2025-05-10,16,68.6,64.5,0.0,0.0,0.0,0.0,0,Clear sky,10.4,26.8,41,,Clear,False
2025-05-10,17,68.6,62.9,0.0,0.0,0.0,0.0,0,Clear sky,10.1,24.8,39,,Clear,False
2025-05-10,18,67.8,62.9,0.0,0.0,0.0,0.0,0,Clear sky,8.0,23.5,42,,Clear,False
2025-05-10,19,65.8,61.7,0.0,0.0,0.0,0.0,0,Clear sky,6.7,18.1,48,,Clear,False
2025-05-10,20,62.4,59.5,0.0,0.0,0.0,0.0,0,Clear sky,4.8,14.8,56,,Clear,False
2025-05-10,21,62.0,60.0,0.0,0.0,0.0,0.0,0,Clear sky,3.5,8.1,61,,Clear,False
2025-05-10,22,60.1,58.6,0.0,0.0,0.0,0.0,1,Mainly clear,2.7,7.2,66,,Clear,False
2025-05-10,23,58.1,56.7,0.0,0.0,0.0,0.0,1,Mainly clear,3.1,6.0,73,,Clear,False
2025-05-11,0,56.8,55.2,0.0,0.0,0.0,0.0,1,Mainly clear,3.2,6.7,75,,Clear,False
2025-05-11,1,55.1,53.6,0.0,0.0,0.0,0.0,2,Partly cloudy,2.6,6.3,78,,Cloudy,False
2025-05-11,2,54.1,52.4,0.0,0.0,0.0,0.0,3,Overcast,2.7,4.9,81,,Cloudy,False
2025-05-11,3,53.6,51.9,0.0,0.0,0.0,0.0,0,Clear sky,2.7,5.4,80,,Clear,False
2025-05-11,4,53.0,51.1,0.0,0.0,0.0,0.0,0,Clear sky,2.5,5.1,80,,Clear,False
2025-05-11,5,52.9,50.8,0.0,0.0,0.0,0.0,0,Clear sky,2.4,4.7,78,,Clear,False
2025-05-11,6,52.4,50.1,0.0,0.0,0.0,0.0,0,Clear sky,2.8,5.1,77,,Clear,False
2025-05-11,7,55.9,53.5,0.0,0.0,0.0,0.0,0,Clear sky,3.6,6.3,71,,Clear,False
2025-05-11,8,60.0,57.8,0.0,0.0,0.0,0.0,0,Clear sky,4.2,9.4,66,,Clear,False
2025-05-11,9,65.8,63.7,0.0,0.0,0.0,0.0,0,Clear sky,4.1,10.5,54,,Clear,False
2025-05-11,10,69.3,67.6,0.0,0.0,0.0,0.0,0,Clear sky,5.3,13.9,48,,Clear,False
2025-05-11,11,70.4,69.1,0.0,0.0,0.0,0.0,0,Clear sky,6.9,18.1,43,,Clear,False
2025-05-11,12,71.5,72.1,0.0,0.0,0.0,0.0,0,Clear sky,6.2,18.1,44,,Clear,False
2025-05-11,13,72.5,74.5,0.0,0.0,0.0,0.0,0,Clear sky,5.6,17.0,46,,Clear,False
2025-05-11,14,73.3,74.8,0.0,0.0,0.0,0.0,0,Clear sky,6.0,16.8,45,,Clear,False
2025-05-11,15,73.5,73.1,0.0,0.0,0.0,0.0,0,Clear sky,6.8,18.1,42,,Clear,False
2025-05-11,16,73.0,70.6,0.0,0.0,0.0,0.0,1,Mainly clear,7.2,18.6,38,,Clear,False
2025-05-11,17,72.1,67.9,0.0,0.0,0.0,0.0,3,Overcast,7.0,18.6,37,,Cloudy,False
2025-05-11,18,70.6,66.7,0.0,0.0,0.0,0.0,3,Overcast,6.3,16.8,40,,Cloudy,False
2025-05-11,19,67.7,66.0,0.0,0.0,0.0,0.0,3,Overcast,4.0,14.1,52,,Cloudy,False
2025-05-11,20,63.4,62.8,0.0,0.0,0.0,0.0,3,Overcast,3.4,8.9,68,,Cloudy,False
2025-05-11,21,63.8,63.4,0.0,0.0,0.0,0.0,0,Clear sky,3.4,7.8,69,,Clear,False
2025-05-11,22,61.9,61.4,0.0,0.0,0.0,0.0,0,Clear sky,3.3,6.9,73,,Clear,False
2025-05-11,23,59.9,59.3,0.0,0.0,0.0,0.0,0,Clear sky,3.0,6.5,76,,Clear,False
2025-05-12,0,58.6,57.5,0.0,0.0,0.0,0.0,0,Clear sky,3.1,6.5,74,,Clear,False
2025-05-12,1,56.8,55.3,0.0,0.0,0.0,0.0,0,Clear sky,2.9,6.5,75,,Clear,False
2025-05-12,2,54.9,53.2,0.0,0.0,0.0,0.0,0,Clear sky,2.6,6.0,77,,Clear,False
2025-05-12,3,53.8,51.7,0.0,0.0,0.0,0.0,0,Clear sky,2.9,6.0,77,,Clear,False
2025-05-12,4,52.5,50.4,0.0,0.0,0.0,0.0,0,Clear sky,2.4,6.0,77,,Clear,False
2025-05-12,5,51.9,49.5,0.0,0.0,0.0,0.0,0,Clear sky,2.7,5.6,78,,Clear,False
2025-05-12,6,51.5,49.1,0.0,0.0,0.0,0.0,0,Clear sky,2.7,5.6,78,,Clear,False
2025-05-12,7,54.0,51.4,0.0,0.0,0.0,0.0,0,Clear sky,3.8,7.2,75,,Clear,False
2025-05-12,8,56.1,53.2,0.0,0.0,0.0,0.0,1,Mainly clear,3.5,9.6,65,,Clear,False
2025-05-12,9,60.0,56.6,0.0,0.0,0.0,0.0,1,Mainly clear,3.4,10.7,52,,Clear,False
2025-05-12,10,62.9,60.6,0.0,0.0,0.0,0.0,2,Partly cloudy,4.1,12.5,49,,Cloudy,False
2025-05-12,11,65.3,63.5,0.0,0.0,0.0,0.0,2,Partly cloudy,5.3,15.4,42,,Cloudy,False
2025-05-12,12,67.0,65.7,0.0,0.0,0.0,0.0,3,Overcast,5.9,16.6,38,,Cloudy,False
2025-05-12,13,68.0,66.8,0.0,0.0,0.0,0.0,3,Overcast,6.8,18.8,37,,Cloudy,False
2025-05-12,14,68.5,67.9,0.0,0.0,0.0,0.0,3,Overcast,5.8,18.8,39,,Cloudy,False
2025-05-12,15,68.7,67.8,0.0,0.0,0.0,0.0,3,Overcast,6.3,17.4,42,,Cloudy,False
2025-05-12,16,68.5,66.9,0.0,0.0,0.0,0.0,3,Overcast,6.5,17.9,46,,Cloudy,False
2025-05-12,17,67.2,64.7,0.0,0.0,0.0,0.0,3,Overcast,5.7,17.2,52,,Cloudy,False
2025-05-12,18,65.7,63.9,0.0,0.0,0.0,0.0,3,Overcast,4.7,15.0,59,,Cloudy,False
2025-05-12,19,63.9,63.0,0.0,0.0,0.0,0.0,3,Overcast,3.6,11.9,65,,Cloudy,False
2025-05-12,20,61.4,61.1,0.0,0.0,0.0,0.0,3,Overcast,2.9,8.3,73,,Cloudy,False
2025-05-12,21,61.0,59.9,0.0,0.0,0.0,0.0,3,Overcast,3.7,10.1,72,,Cloudy,False
2025-05-12,22,59.9,59.0,0.0,0.0,0.0,0.0,3,Overcast,3.6,8.1,76,,Cloudy,False
2025-05-12,23,60.0,59.4,0.0,0.0,0.0,0.0,3,Overcast,3.5,7.4,77,,Cloudy,False
2025-05-13,0,61.4,61.2,0.0,0.0,0.0,0.0,3,Overcast,3.7,8.9,77,,Cloudy,False
2025-05-13,1,61.5,61.4,0.0,0.0,0.0,0.0,3,Overcast,4.0,8.1,80,,Cloudy,False
2025-05-13,2,60.9,61.3,0.0,0.0,0.0,0.0,3,Overcast,3.5,8.1,83,,Cloudy,False
2025-05-13,3,59.5,60.4,0.0,0.0,0.0,0.0,3,Overcast,2.0,6.9,86,,Cloudy,False
2025-05-13,4,58.6,59.4,0.0,0.0,0.0,0.0,3,Overcast,1.9,3.1,88,,Cloudy,False
2025-05-13,5,58.6,59.7,0.0,0.0,0.0,0.0,3,Overcast,1.2,3.1,89,,Cloudy,False
2025-05-13,6,58.3,59.6,0.0,0.0,0.0,0.0,3,Overcast,0.7,1.8,89,,Cloudy,False
2025-05-13,7,60.5,62.1,0.0,0.0,0.0,0.0,3,Overcast,1.5,2.7,87,,Cloudy,False
2025-05-13,8,61.8,63.8,0.0,0.0,0.0,0.0,3,Overcast,1.6,4.7,87,,Cloudy,False
2025-05-13,9,63.2,65.1,0.0,0.0,0.0,0.0,3,Overcast,2.4,6.0,85,,Cloudy,False
2025-05-13,10,66.2,68.6,0.0,0.0,0.0,0.0,3,Overcast,2.0,7.6,80,,Cloudy,False
2025-05-13,11,67.6,70.0,0.0,0.0,0.0,0.0,3,Overcast,3.0,9.8,78,,Cloudy,False
2025-05-13,12,67.0,69.0,0.004,0.004,0.0,0.0,51,Light drizzle,3.8,10.5,79,,Drizzle,False
2025-05-13,13,67.1,68.7,0.012,0.012,0.0,0.0,51,Light drizzle,4.9,12.1,80,,Drizzle,False
2025-05-13,14,67.4,68.9,0.004,0.004,0.0,0.0,51,Light drizzle,5.5,13.9,80,,Drizzle,False
2025-05-13,15,67.3,68.2,0.008,0.008,0.0,0.0,51,Light drizzle,6.6,15.7,79,,Drizzle,False
2025-05-13,16,65.9,66.7,0.016,0.016,0.0,0.0,51,Light drizzle,6.6,16.8,83,,Drizzle,False
2025-05-13,17,65.0,66.0,0.012,0.012,0.0,0.0,51,Light drizzle,6.3,17.2,85,,Drizzle,False
2025-05-13,18,64.4,65.0,0.008,0.008,0.0,0.0,51,Light drizzle,6.2,15.2,84,,Drizzle,False
2025-05-13,19,63.0,63.5,0.016,0.016,0.0,0.0,51,Light drizzle,5.5,14.5,86,,Drizzle,False
2025-05-13,20,62.0,62.3,0.012,0.012,0.0,0.0,51,Light drizzle,6.1,12.8,89,,Drizzle,False
2025-05-13,21,62.4,63.2,0.012,0.012,0.0,0.0,51,Light drizzle,5.6,12.3,90,,Drizzle,False
2025-05-13,22,61.5,61.9,0.012,0.012,0.0,0.0,51,Light drizzle,6.5,13.4,93,,Drizzle,False
2025-05-13,23,60.3,60.7,0.043,0.043,0.0,0.0,55,Dense drizzle,5.9,13.6,95,,Drizzle,False
2025-05-14,0,59.4,59.5,0.028,0.028,0.0,0.0,53,Moderate drizzle,5.8,12.1,95,,Drizzle,False
2025-05-14,1,59.1,58.8,0.012,0.012,0.0,0.0,51,Light drizzle,6.3,12.5,94,,Drizzle,False
2025-05-14,2,58.7,58.1,0.008,0.008,0.0,0.0,51,Light drizzle,6.8,13.4,94,,Drizzle,False
2025-05-14,3,58.8,58.2,0.0,0.0,0.0,0.0,3,Overcast,6.6,14.1,93,,Cloudy,False
2025-05-14,4,58.8,58.2,0.0,0.0,0.0,0.0,3,Overcast,6.7,13.6,93,,Cloudy,False
2025-05-14,5,58.2,57.2,0.0,0.0,0.0,0.0,3,Overcast,7.1,14.3,93,,Cloudy,False
2025-05-14,6,58.0,56.6,0.0,0.0,0.0,0.0,3,Overcast,7.8,16.3,93,,Cloudy,False
2025-05-14,7,59.1,57.3,0.0,0.0,0.0,0.0,3,Overcast,9.2,20.1,91,,Cloudy,False
2025-05-14,8,61.1,59.9,0.0,0.0,0.0,0.0,3,Overcast,8.8,22.6,89,,Cloudy,False
2025-05-14,9,60.7,60.4,0.035,0.035,0.0,0.0,53,Moderate drizzle,7.0,17.7,91,,Drizzle,False
2025-05-14,10,60.9,60.5,0.035,0.035,0.0,0.0,53,Moderate drizzle,7.5,17.7,91,,Drizzle,False
2025-05-14,11,60.7,60.6,0.067,0.067,0.0,0.0,61,Slight rain,7.6,21.7,94,,Rain,True
2025-05-14,12,60.8,60.2,0.071,0.071,0.0,0.0,61,Slight rain,8.3,21.7,93,,Rain,True
2025-05-14,13,62.7,61.2,0.008,0.008,0.0,0.0,51,Light drizzle,10.7,24.2,88,,Drizzle,False
2025-05-14,14,67.4,65.4,0.008,0.008,0.0,0.0,51,Light drizzle,12.9,30.0,77,,Drizzle,False
2025-05-14,15,66.7,65.5,0.012,0.012,0.0,0.0,51,Light drizzle,11.1,29.5,79,,Drizzle,False
2025-05-14,16,65.2,64.9,0.209,0.209,0.0,0.0,63,Moderate rain,8.9,25.1,84,,Rain,True
2025-05-14,17,63.1,62.3,0.35,0.35,0.0,0.0,65,Heavy rain,10.0,23.5,89,,Rain,True
2025-05-14,18,62.2,62.0,0.067,0.067,0.0,0.0,61,Slight rain,8.3,22.1,91,,Rain,True
2025-05-14,19,61.6,61.0,0.028,0.028,0.0,0.0,53,Moderate drizzle,8.6,17.2,91,,Drizzle,False
2025-05-14,20,60.4,60.4,0.059,0.059,0.0,0.0,61,Slight rain,7.0,17.9,94,,Rain,True
2025-05-14,21,61.7,62.0,0.012,0.012,0.0,0.0,51,Light drizzle,6.4,16.6,91,,Drizzle,False
2025-05-14,22,61.2,61.9,0.024,0.024,0.0,0.0,53,Moderate drizzle,5.7,13.2,94,,Drizzle,False
2025-05-14,23,60.8,61.9,0.0,0.0,0.0,0.0,3,Overcast,5.1,11.6,96,,Cloudy,False
2025-05-15,0,60.6,62.1,0.0,0.0,0.0,0.0,3,Overcast,4.3,10.5,97,,Cloudy,False
2025-05-15,1,60.5,62.0,0.0,0.0,0.0,0.0,3,Overcast,4.4,9.4,97,,Cloudy,False
2025-05-15,2,60.4,62.2,0.0,0.0,0.0,0.0,3,Overcast,3.8,8.9,98,,Cloudy,False
2025-05-15,3,60.3,61.4,0.0,0.0,0.0,0.0,3,Overcast,5.1,10.3,98,,Cloudy,False
2025-05-15,4,60.1,60.7,0.0,0.0,0.0,0.0,3,Overcast,6.1,12.5,98,,Cloudy,False
2025-05-15,5,59.7,60.5,0.004,0.004,0.0,0.0,51,Light drizzle,5.1,13.2,97,,Drizzle,False
2025-05-15,6,59.5,60.7,0.004,0.004,0.0,0.0,51,Light drizzle,4.1,10.5,97,,Drizzle,False
2025-05-15,7,59.6,60.9,0.004,0.004,0.0,0.0,51,Light drizzle,3.8,8.7,97,,Drizzle,False
2025-05-15,8,59.9,60.5,0.004,0.004,0.0,0.0,51,Light drizzle,5.5,12.5,96,,Drizzle,False
2025-05-15,9,64.0,65.6,0.0,0.0,0.0,0.0,3,Overcast,5.8,15.0,91,,Cloudy,False
2025-05-15,10,66.5,68.8,0.0,0.0,0.0,0.0,3,Overcast,4.8,14.3,87,,Cloudy,False
2025-05-15,11,67.9,71.0,0.0,0.0,0.0,0.0,2,Partly cloudy,3.4,14.1,84,,Cloudy,False
2025-05-15,12,70.3,74.9,0.024,0.024,0.0,0.0,53,Moderate drizzle,1.9,12.1,82,,Drizzle,False
2025-05-15,13,72.7,77.5,0.004,0.004,0.0,0.0,51,Light drizzle,3.3,13.9,78,,Drizzle,False
2025-05-15,14,71.3,74.1,0.004,0.004,0.0,0.0,51,Light drizzle,6.0,17.9,79,,Drizzle,False
2025-05-15,15,69.2,72.2,0.0,0.0,0.0,0.0,2,Partly cloudy,5.1,19.2,84,,Cloudy,False
2025-05-15,16,71.5,75.2,0.0,0.0,0.0,0.0,3,Overcast,4.5,14.3,79,,Cloudy,False
2025-05-15,17,71.6,75.6,0.0,0.0,0.0,0.0,3,Overcast,3.3,14.5,79,,Cloudy,False
2025-05-15,18,71.5,75.2,0.0,0.0,0.0,0.0,3,Overcast,3.8,11.6,79,,Cloudy,False
2025-05-15,19,70.1,73.5,0.0,0.0,0.0,0.0,3,Overcast,4.1,10.7,82,,Cloudy,False
2025-05-15,20,66.4,69.2,0.0,0.0,0.0,0.0,3,Overcast,4.9,11.2,91,,Cloudy,False
2025-05-15,21,63.2,66.0,0.0,0.0,0.0,0.0,3,Overcast,3.5,11.0,96,,Cloudy,False
2025-05-15,22,62.0,64.6,0.0,0.0,0.0,0.0,2,Partly cloudy,3.3,7.6,98,,Cloudy,False
2025-05-15,23,61.3,63.6,0.0,0.0,0.0,0.0,3,Overcast,3.4,7.8,99,,Cloudy,False
2025-05-16,0,60.7,63.0,0.0,0.0,0.0,0.0,3,Overcast,3.1,8.1,99,,Cloudy,False
2025-05-16,1,60.3,62.2,0.0,0.0,0.0,0.0,3,Overcast,3.5,8.9,99,,Cloudy,False
2025-05-16,2,59.8,61.9,0.0,0.0,0.0,0.0,3,Overcast,2.7,8.5,99,,Cloudy,False
2025-05-16,3,59.6,62.1,0.0,0.0,0.0,0.0,3,Overcast,1.6,7.2,99,,Cloudy,False
2025-05-16,4,59.6,62.3,0.0,0.0,0.0,0.0,3,Overcast,1.2,5.4,99,,Cloudy,False
2025-05-16,5,59.8,63.0,0.0,0.0,0.0,0.0,3,Overcast,0.2,5.1,100,,Cloudy,False
2025-05-16,6,60.0,62.7,0.0,0.0,0.0,0.0,3,Overcast,1.5,4.9,99,,Cloudy,False
2025-05-16,7,60.4,63.5,0.0,0.0,0.0,0.0,3,Overcast,1.1,5.6,99,,Cloudy,False
2025-05-16,8,61.1,64.0,0.0,0.0,0.0,0.0,3,Overcast,2.1,7.2,99,,Cloudy,False
2025-05-16,9,64.2,67.3,0.0,0.0,0.0,0.0,3,Overcast,3.7,10.3,96,,Cloudy,False
2025-05-16,10,67.3,70.7,0.0,0.0,0.0,0.0,3,Overcast,3.3,11.2,87,,Cloudy,False
2025-05-16,11,70.1,73.2,0.0,0.0,0.0,0.0,3,Overcast,3.9,11.4,79,,Cloudy,False
2025-05-16,12,71.9,74.9,0.0,0.0,0.0,0.0,3,Overcast,4.6,12.5,75,,Cloudy,False
2025-05-16,13,72.1,75.0,0.016,0.016,0.0,0.0,51,Light drizzle,6.0,15.4,77,,Drizzle,False
2025-05-16,14,73.4,76.4,0.004,0.004,0.0,0.0,51,Light drizzle,7.0,17.4,77,,Drizzle,False
2025-05-16,15,71.8,76.0,0.0,0.0,0.0,0.0,3,Overcast,8.9,25.7,81,,Cloudy,False
2025-05-16,16,68.2,71.3,0.0,0.0,0.0,0.0,3,Overcast,4.5,22.4,86,,Cloudy,False
2025-05-16,17,68.6,71.5,0.0,0.0,0.0,0.0,3,Overcast,5.2,14.3,86,,Cloudy,False
2025-05-16,18,67.2,70.0,0.0,0.0,0.0,0.0,3,Overcast,5.1,14.1,89,,Cloudy,False
2025-05-16,19,66.4,69.1,0.0,0.0,0.0,0.0,3,Overcast,4.9,13.0,90,,Cloudy,False
2025-05-16,20,64.6,67.0,0.0,0.0,0.0,0.0,3,Overcast,5.1,11.9,94,,Cloudy,False
2025-05-16,21,64.7,67.1,0.0,0.0,0.0,0.0,3,Overcast,5.5,11.6,96,,Cloudy,False
2025-05-16,22,64.1,66.8,0.0,0.0,0.0,0.0,3,Overcast,4.8,11.9,97,,Cloudy,False
2025-05-16,23,64.0,66.9,0.0,0.0,0.0,0.0,3,Overcast,4.3,10.3,97,,Cloudy,False
2025-05-17,0,63.7,67.3,0.0,0.0,0.0,0.0,2,Partly cloudy,2.5,8.7,98,,Cloudy,False
2025-05-17,1,63.3,66.5,0.0,0.0,0.0,0.0,3,Overcast,3.5,6.9,99,,Cloudy,False
2025-05-17,2,63.9,67.4,0.0,0.0,0.0,0.0,3,Overcast,3.6,6.9,100,,Cloudy,False
2025-05-17,3,64.9,68.7,0.0,0.0,0.0,0.0,3,Overcast,4.1,9.2,100,,Cloudy,False
2025-05-17,4,66.0,70.1,0.0,0.0,0.0,0.0,3,Overcast,4.4,9.4,99,,Cloudy,False
2025-05-17,5,66.0,70.0,0.0,0.0,0.0,0.0,3,Overcast,4.3,8.5,98,,Cloudy,False
2025-05-17,6,65.0,68.6,0.0,0.0,0.0,0.0,3,Overcast,4.1,8.7,98,,Cloudy,False
2025-05-17,7,65.9,69.4,0.0,0.0,0.0,0.0,3,Overcast,4.3,8.9,95,,Cloudy,False
2025-05-17,8,68.0,72.0,0.0,0.0,0.0,0.0,3,Overcast,4.1,10.5,91,,Cloudy,False
2025-05-17,9,70.9,75.0,0.0,0.0,0.0,0.0,3,Overcast,4.8,13.2,85,,Cloudy,False
2025-05-17,10,70.9,71.4,0.008,0.008,0.0,0.0,51,Light drizzle,12.5,26.2,83,,Drizzle,False
2025-05-17,11,68.1,70.7,0.02,0.02,0.0,0.0,53,Moderate drizzle,5.9,31.3,87,,Drizzle,False
2025-05-17,12,74.8,79.7,0.0,0.0,0.0,0.0,0,Clear sky,6.9,18.6,74,,Clear,False
2025-05-17,13,76.2,81.9,0.0,0.0,0.0,0.0,0,Clear sky,9.1,23.7,71,,Clear,False
2025-05-17,14,77.9,83.9,0.0,0.0,0.0,0.0,1,Mainly clear,8.5,28.2,70,,Clear,False
2025-05-17,15,78.7,82.7,0.0,0.0,0.0,0.0,1,Mainly clear,9.0,28.0,64,,Clear,False
2025-05-17,16,78.1,82.1,0.047,0.047,0.0,0.0,55,Dense drizzle,6.7,25.7,65,,Drizzle,False
2025-05-17,17,79.2,79.8,0.0,0.0,0.0,0.0,0,Clear sky,6.9,17.2,53,,Clear,False
2025-05-17,18,78.5,76.4,0.0,0.0,0.0,0.0,1,Mainly clear,12.0,27.1,51,,Clear,False
2025-05-17,19,76.3,75.7,0.0,0.0,0.0,0.0,1,Mainly clear,9.1,26.6,56,,Clear,False
2025-05-17,20,74.2,74.3,0.0,0.0,0.0,0.0,1,Mainly clear,6.9,19.9,59,,Clear,False
2025-05-17,21,72.6,72.3,0.0,0.0,0.0,0.0,1,Mainly clear,7.5,21.5,61,,Clear,False
2025-05-17,22,71.1,69.2,0.0,0.0,0.0,0.0,1,Mainly clear,10.1,21.9,62,,Clear,False
2025-05-17,23,67.4,65.9,0.0,0.0,0.0,0.0,3,Overcast,8.4,22.1,68,,Cloudy,False
2025-05-18,0,66.1,65.1,0.0,0.0,0.0,0.0,0,Clear sky,7.0,18.3,70,,Clear,False
2025-05-18,1,63.1,63.6,0.0,0.0,0.0,0.0,0,Clear sky,3.0,15.4,77,,Clear,False
2025-05-18,2,62.4,61.9,0.0,0.0,0.0,0.0,0,Clear sky,4.7,9.6,76,,Clear,False
2025-05-18,3,61.5,60.0,0.0,0.0,0.0,0.0,0,Clear sky,5.4,12.1,72,,Clear,False
2025-05-18,4,60.2,57.7,0.0,0.0,0.0,0.0,0,Clear sky,6.7,14.1,72,,Clear,False
2025-05-18,5,59.4,55.7,0.0,0.0,0.0,0.0,0,Clear sky,8.2,17.9,69,,Clear,False
2025-05-18,6,58.7,54.7,0.0,0.0,0.0,0.0,0,Clear sky,8.5,18.6,68,,Clear,False
2025-05-18,7,59.6,55.3,0.0,0.0,0.0,0.0,0,Clear sky,9.3,21.0,66,,Clear,False
2025-05-18,8,61.2,56.8,0.0,0.0,0.0,0.0,0,Clear sky,9.8,21.9,65,,Clear,False
2025-05-18,9,65.2,60.5,0.0,0.0,0.0,0.0,0,Clear sky,10.6,25.1,56,,Clear,False
2025-05-18,10,67.1,63.2,0.0,0.0,0.0,0.0,0,Clear sky,11.2,27.1,54,,Clear,False
2025-05-18,11,69.3,64.7,0.0,0.0,0.0,0.0,3,Overcast,15.3,32.9,50,,Cloudy,False
2025-05-18,12,69.3,63.0,0.0,0.0,0.0,0.0,3,Overcast,14.4,35.8,49,,Cloudy,False
2025-05-18,13,70.4,64.4,0.0,0.0,0.0,0.0,3,Overcast,14.5,40.3,48,,Cloudy,False
2025-05-18,14,71.5,67.4,0.004,0.004,0.0,0.0,51,Light drizzle,12.8,34.2,48,,Drizzle,False
2025-05-18,15,72.8,69.4,0.004,0.004,0.0,0.0,51,Light drizzle,11.4,32.2,46,,Drizzle,False
2025-05-18,16,72.4,68.2,0.0,0.0,0.0,0.0,1,Mainly clear,11.0,29.1,48,,Clear,False
2025-05-18,17,70.9,66.2,0.004,0.004,0.0,0.0,51,Light drizzle,12.7,29.8,52,,Drizzle,False
2025-05-18,18,70.8,67.9,0.0,0.0,0.0,0.0,2,Partly cloudy,9.3,28.2,54,,Cloudy,False
2025-05-18,19,69.4,66.2,0.0,0.0,0.0,0.0,1,Mainly clear,10.0,24.8,57,,Clear,False
2025-05-18,20,66.9,64.9,0.0,0.0,0.0,0.0,1,Mainly clear,8.0,22.4,64,,Clear,False
2025-05-18,21,65.4,62.1,0.0,0.0,0.0,0.0,0,Clear sky,9.4,20.4,62,,Clear,False
2025-05-18,22,63.7,60.1,0.0,0.0,0.0,0.0,0,Clear sky,10.2,23.3,67,,Clear,False
2025-05-18,23,61.9,58.2,0.0,0.0,0.0,0.0,1,Mainly clear,10.6,23.9,71,,Clear,False
2025-05-19,0,60.3,55.8,0.0,0.0,0.0,0.0,3,Overcast,11.2,25.3,71,,Cloudy,False
2025-05-19,1,58.6,53.3,0.0,0.0,0.0,0.0,3,Overcast,11.6,27.1,70,,Cloudy,False
2025-05-19,2,57.3,51.5,0.0,0.0,0.0,0.0,3,Overcast,12.1,27.3,70,,Cloudy,False
2025-05-19,3,56.2,50.4,0.0,0.0,0.0,0.0,1,Mainly clear,11.7,27.5,70,,Clear,False
2025-05-19,4,55.2,49.2,0.0,0.0,0.0,0.0,1,Mainly clear,11.6,26.6,70,,Clear,False
2025-05-19,5,54.0,48.0,0.0,0.0,0.0,0.0,0,Clear sky,11.2,26.4,72,,Clear,False
2025-05-19,6,53.3,47.2,0.0,0.0,0.0,0.0,0,Clear sky,11.3,25.5,72,,Clear,False
2025-05-19,7,53.9,47.5,0.0,0.0,0.0,0.0,0,Clear sky,11.6,25.7,70,,Clear,False
2025-05-19,8,55.1,48.9,0.0,0.0,0.0,0.0,0,Clear sky,11.2,26.8,66,,Clear,False
2025-05-19,9,58.7,52.7,0.0,0.0,0.0,0.0,0,Clear sky,11.3,29.3,61,,Clear,False
2025-05-19,10,60.3,55.2,0.0,0.0,0.0,0.0,0,Clear sky,11.2,28.0,58,,Clear,False
2025-05-19,11,62.2,58.5,0.0,0.0,0.0,0.0,0,Clear sky,10.8,27.7,54,,Clear,False
2025-05-19,12,64.4,61.6,0.0,0.0,0.0,0.0,0,Clear sky,11.2,28.0,50,,Clear,False
2025-05-19,13,65.9,63.5,0.0,0.0,0.0,0.0,1,Mainly clear,11.3,29.1,47,,Clear,False
2025-05-19,14,67.1,63.8,0.0,0.0,0.0,0.0,2,Partly cloudy,11.8,29.1,44,,Cloudy,False
2025-05-19,15,66.7,60.6,0.0,0.0,0.0,0.0,1,Mainly clear,12.6,30.2,43,,Clear,False
2025-05-19,16,67.1,61.6,0.0,0.0,0.0,0.0,0,Clear sky,12.6,30.9,42,,Clear,False
2025-05-19,17,65.8,58.8,0.0,0.0,0.0,0.0,1,Mainly clear,12.7,30.6,42,,Clear,False
2025-05-19,18,64.4,56.7,0.0,0.0,0.0,0.0,0,Clear sky,13.1,30.2,42,,Clear,False
2025-05-19,19,62.0,54.3,0.0,0.0,0.0,0.0,0,Clear sky,13.2,30.2,47,,Clear,False
2025-05-19,20,59.1,52.0,0.0,0.0,0.0,0.0,0,Clear sky,11.8,29.5,52,,Clear,False
2025-05-19,21,60.0,52.7,0.0,0.0,0.0,0.0,0,Clear sky,10.8,24.2,45,,Clear,False
2025-05-19,22,56.4,48.8,0.0,0.0,0.0,0.0,0,Clear sky,11.2,26.4,49,,Clear,False
2025-05-19,23,53.6,46.3,0.0,0.0,0.0,0.0,0,Clear sky,10.7,25.5,55,,Clear,False
2025-05-20,0,51.8,45.3,0.0,0.0,0.0,0.0,0,Clear sky,9.0,24.2,60,,Clear,False
2025-05-20,1,50.7,45.1,0.0,0.0,0.0,0.0,0,Clear sky,7.2,20.6,64,,Clear,False
2025-05-20,2,49.8,44.6,0.0,0.0,0.0,0.0,0,Clear sky,6.3,16.3,67,,Clear,False
2025-05-20,3,49.1,43.7,0.0,0.0,0.0,0.0,0,Clear sky,6.6,15.0,68,,Clear,False
2025-05-20,4,48.3,43.0,0.0,0.0,0.0,0.0,0,Clear sky,6.2,15.2,69,,Clear,False
2025-05-20,5,47.6,42.5,0.0,0.0,0.0,0.0,0,Clear sky,5.7,14.3,70,,Clear,False
2025-05-20,6,47.3,41.9,0.0,0.0,0.0,0.0,0,Clear sky,6.2,13.9,70,,Clear,False
2025-05-20,7,48.3,42.6,0.0,0.0,0.0,0.0,0,Clear sky,6.7,15.7,66,,Clear,False
2025-05-20,8,50.0,43.7,0.0,0.0,0.0,0.0,0,Clear sky,7.7,19.2,61,,Clear,False
2025-05-20,9,53.2,47.3,0.0,0.0,0.0,0.0,0,Clear sky,7.1,19.5,55,,Clear,False
2025-05-20,10,55.7,51.3,0.0,0.0,0.0,0.0,0,Clear sky,6.6,19.2,53,,Clear,False
2025-05-20,11,58.1,55.3,0.0,0.0,0.0,0.0,0,Clear sky,7.1,20.4,51,,Clear,False
2025-05-20,12,62.5,60.2,0.0,0.0,0.0,0.0,3,Overcast,7.1,20.6,44,,Cloudy,False
2025-05-20,13,62.6,59.4,0.0,0.0,0.0,0.0,3,Overcast,7.1,20.1,46,,Cloudy,False
2025-05-20,14,63.7,60.1,0.0,0.0,0.0,0.0,3,Overcast,6.7,20.1,45,,Cloudy,False
2025-05-20,15,64.0,59.3,0.0,0.0,0.0,0.0,3,Overcast,6.7,19.0,46,,Cloudy,False
2025-05-20,16,64.1,59.7,0.0,0.0,0.0,0.0,3,Overcast,6.4,18.3,46,,Cloudy,False
2025-05-20,17,63.8,59.2,0.0,0.0,0.0,0.0,3,Overcast,6.8,17.4,48,,Cloudy,False
2025-05-20,18,62.8,58.0,0.0,0.0,0.0,0.0,1,Mainly clear,7.8,19.5,50,,Clear,False
2025-05-20,19,61.1,56.7,0.0,0.0,0.0,0.0,1,Mainly clear,6.7,19.0,54,,Clear,False
2025-05-20,20,59.1,54.7,0.0,0.0,0.0,0.0,0,Clear sky,7.0,16.1,58,,Clear,False
2025-05-20,21,59.2,55.2,0.0,0.0,0.0,0.0,0,Clear sky,6.6,15.0,60,,Clear,False
2025-05-20,22,57.5,54.7,0.0,0.0,0.0,0.0,1,Mainly clear,4.1,14.5,66,,Clear,False
2025-05-20,23,56.5,54.0,0.0,0.0,0.0,0.0,3,Overcast,3.7,9.4,69,,Cloudy,False
2025-05-21,0,56.0,54.8,0.0,0.0,0.0,0.0,3,Overcast,2.0,8.5,75,,Cloudy,False
2025-05-21,1,56.1,55.7,0.0,0.0,0.0,0.0,3,Overcast,1.0,4.3,80,,Cloudy,False
2025-05-21,2,56.6,55.5,0.0,0.0,0.0,0.0,3,Overcast,2.3,4.7,77,,Cloudy,False
2025-05-21,3,56.7,54.1,0.0,0.0,0.0,0.0,3,Overcast,5.0,11.2,74,,Cloudy,False
2025-05-21,4,56.0,52.6,0.0,0.0,0.0,0.0,3,Overcast,6.6,15.0,73,,Cloudy,False
2025-05-21,5,55.1,51.6,0.0,0.0,0.0,0.0,3,Overcast,6.8,15.7,76,,Cloudy,False
2025-05-21,6,54.1,50.5,0.0,0.0,0.0,0.0,3,Overcast,7.1,18.6,79,,Cloudy,False
2025-05-21,7,53.6,49.7,0.0,0.0,0.0,0.0,3,Overcast,7.4,17.9,78,,Cloudy,False
2025-05-21,8,53.2,49.4,0.0,0.0,0.0,0.0,3,Overcast,6.6,17.2,78,,Cloudy,False
2025-05-21,9,53.0,48.9,0.008,0.008,0.0,0.0,51,Light drizzle,7.0,17.2,77,,Drizzle,False
2025-05-21,10,53.1,48.8,0.012,0.012,0.0,0.0,51,Light drizzle,7.2,18.3,75,,Drizzle,False
2025-05-21,11,54.4,49.4,0.016,0.016,0.0,0.0,51,Light drizzle,8.9,20.8,71,,Drizzle,False
2025-05-21,12,55.2,50.2,0.016,0.016,0.0,0.0,51,Light drizzle,8.8,21.9,68,,Drizzle,False
2025-05-21,13,54.6,49.3,0.016,0.016,0.0,0.0,51,Light drizzle,9.3,21.5,69,,Drizzle,False
2025-05-21,14,55.0,49.0,0.016,0.016,0.0,0.0,51,Light drizzle,10.8,25.3,68,,Drizzle,False
2025-05-21,15,54.1,48.4,0.012,0.012,0.0,0.0,51,Light drizzle,10.2,25.5,69,,Drizzle,False
2025-05-21,16,54.7,49.3,0.004,0.004,0.0,0.0,51,Light drizzle,9.2,25.5,67,,Drizzle,False
2025-05-21,17,54.1,48.2,0.0,0.0,0.0,0.0,3,Overcast,10.0,23.7,67,,Cloudy,False
2025-05-21,18,52.8,46.9,0.0,0.0,0.0,0.0,3,Overcast,9.5,24.4,68,,Cloudy,False
2025-05-21,19,52.2,46.0,0.0,0.0,0.0,0.0,3,Overcast,10.5,24.2,71,,Cloudy,False
2025-05-21,20,51.4,45.5,0.0,0.0,0.0,0.0,3,Overcast,10.0,23.7,74,,Cloudy,False
2025-05-21,21,50.2,44.7,0.004,0.004,0.0,0.0,51,Light drizzle,8.8,24.8,76,,Drizzle,False
2025-05-21,22,49.8,44.6,0.004,0.004,0.0,0.0,51,Light drizzle,8.2,20.6,78,,Drizzle,False
2025-05-21,23,49.4,44.6,0.004,0.004,0.0,0.0,51,Light drizzle,7.4,18.3,80,,Drizzle,False
2025-05-22,0,49.3,44.8,0.004,0.004,0.0,0.0,51,Light drizzle,7.2,17.0,83,,Drizzle,False
2025-05-22,1,49.6,45.7,0.016,0.016,0.0,0.0,51,Light drizzle,6.3,16.1,85,,Drizzle,False
2025-05-22,2,49.3,45.0,0.102,0.102,0.0,0.0,63,Moderate rain,8.4,16.8,92,,Rain,True
2025-05-22,3,49.0,43.3,0.138,0.138,0.0,0.0,63,Moderate rain,11.9,23.9,93,,Rain,True
2025-05-22,4,49.3,43.9,0.067,0.067,0.0,0.0,61,Slight rain,11.1,26.8,94,,Rain,True
2025-05-22,5,49.5,45.3,0.075,0.075,0.0,0.0,61,Slight rain,8.4,23.0,94,,Rain,True
2025-05-22,6,49.3,45.1,0.106,0.106,0.0,0.0,63,Moderate rain,8.4,17.2,94,,Rain,True
2025-05-22,7,49.0,43.7,0.11,0.11,0.0,0.0,63,Moderate rain,10.9,22.4,93,,Rain,True
2025-05-22,8,49.3,44.3,0.098,0.098,0.0,0.0,63,Moderate rain,10.2,22.8,93,,Rain,True
2025-05-22,9,49.9,45.8,0.031,0.031,0.0,0.0,53,Moderate drizzle,8.1,18.3,90,,Drizzle,False
2025-05-22,10,51.4,45.3,0.016,0.016,0.0,0.0,51,Light drizzle,12.3,25.5,84,,Drizzle,False
2025-05-22,11,51.2,46.0,0.004,0.004,0.0,0.0,51,Light drizzle,10.5,26.6,86,,Drizzle,False
2025-05-22,12,52.0,45.8,0.004,0.004,0.0,0.0,51,Light drizzle,12.7,29.8,82,,Drizzle,False
2025-05-22,13,53.1,47.9,0.004,0.004,0.0,0.0,51,Light drizzle,10.3,28.6,79,,Drizzle,False
2025-05-22,14,53.8,48.5,0.0,0.0,0.0,0.0,3,Overcast,10.4,24.4,77,,Cloudy,False
2025-05-22,15,53.6,48.8,0.0,0.0,0.0,0.0,3,Overcast,9.1,24.8,77,,Cloudy,False
2025-05-22,16,54.5,50.5,0.0,0.0,0.0,0.0,3,Overcast,7.5,20.8,75,,Cloudy,False
2025-05-22,17,53.8,50.6,0.004,0.004,0.0,0.0,51,Light drizzle,5.6,18.3,78,,Drizzle,False
2025-05-22,18,53.1,50.0,0.031,0.031,0.0,0.0,53,Moderate drizzle,5.6,12.5,81,,Drizzle,False
2025-05-22,19,51.3,48.3,0.051,0.051,0.0,0.0,61,Slight rain,6.2,13.4,91,,Rain,True
2025-05-22,20,50.6,47.7,0.035,0.035,0.0,0.0,53,Moderate drizzle,5.5,13.0,90,,Drizzle,False
2025-05-22,21,49.0,45.8,0.016,0.016,0.0,0.0,51,Light drizzle,5.2,10.7,89,,Drizzle,False
2025-05-22,22,48.5,44.9,0.0,0.0,0.0,0.0,3,Overcast,5.6,11.6,89,,Cloudy,False
2025-05-22,23,48.0,44.9,0.0,0.0,0.0,0.0,3,Overcast,4.3,11.6,88,,Cloudy,False
2025-05-23,0,48.0,44.8,0.0,0.0,0.0,0.0,3,Overcast,4.0,9.2,86,,Cloudy,False
2025-05-23,1,47.8,45.0,0.0,0.0,0.0,0.0,3,Overcast,3.1,8.9,86,,Cloudy,False
2025-05-23,2,47.6,44.8,0.004,0.004,0.0,0.0,51,Light drizzle,3.0,7.2,87,,Drizzle,False
2025-05-23,3,47.6,44.8,0.004,0.004,0.0,0.0,51,Light drizzle,2.9,6.7,87,,Drizzle,False
2025-05-23,4,47.6,45.2,0.004,0.004,0.0,0.0,51,Light drizzle,2.1,6.7,88,,Drizzle,False
2025-05-23,5,47.6,45.2,0.004,0.004,0.0,0.0,51,Light drizzle,1.8,4.9,87,,Drizzle,False
2025-05-23,6,47.7,45.2,0.008,0.008,0.0,0.0,51,Light drizzle,2.2,4.9,87,,Drizzle,False
2025-05-23,7,48.0,46.2,0.0,0.0,0.0,0.0,3,Overcast,0.8,5.4,86,,Cloudy,False
2025-05-23,8,48.7,46.6,0.0,0.0,0.0,0.0,3,Overcast,1.5,5.4,85,,Cloudy,False
2025-05-23,9,49.6,47.4,0.0,0.0,0.0,0.0,3,Overcast,2.5,7.6,85,,Cloudy,False
2025-05-23,10,53.0,49.7,0.0,0.0,0.0,0.0,3,Overcast,5.7,15.0,79,,Cloudy,False
2025-05-23,11,55.6,52.4,0.004,0.004,0.0,0.0,51,Light drizzle,6.1,15.9,75,,Drizzle,False
2025-05-23,12,56.0,52.2,0.0,0.0,0.0,0.0,3,Overcast,7.0,16.3,71,,Cloudy,False
2025-05-23,13,57.9,53.4,0.004,0.004,0.0,0.0,51,Light drizzle,8.5,20.1,66,,Drizzle,False
2025-05-23,14,58.0,53.7,0.004,0.004,0.0,0.0,51,Light drizzle,8.4,21.0,67,,Drizzle,False
2025-05-23,15,58.8,54.5,0.004,0.004,0.0,0.0,51,Light drizzle,8.4,20.6,64,,Drizzle,False
2025-05-23,16,60.5,56.6,0.004,0.004,0.0,0.0,51,Light drizzle,7.8,24.4,60,,Drizzle,False
2025-05-23,17,61.1,57.2,0.004,0.004,0.0,0.0,51,Light drizzle,6.7,23.0,57,,Drizzle,False
2025-05-23,18,60.6,57.9,0.008,0.008,0.0,0.0,51,Light drizzle,4.0,16.3,59,,Drizzle,False
2025-05-23,19,58.4,56.5,0.008,0.008,0.0,0.0,51,Light drizzle,3.6,9.6,70,,Drizzle,False
2025-05-23,20,55.8,54.6,0.0,0.0,0.0,0.0,3,Overcast,2.9,8.5,81,,Cloudy,False
2025-05-23,21,53.4,52.1,0.008,0.008,0.0,0.0,51,Light drizzle,3.6,11.0,90,,Drizzle,False
2025-05-23,22,53.2,52.0,0.0,0.0,0.0,0.0,0,Clear sky,3.2,7.6,90,,Clear,False
2025-05-23,23,53.2,50.6,0.0,0.0,0.0,0.0,1,Mainly clear,5.5,10.7,86,,Clear,False
2025-05-24,0,52.4,49.3,0.0,0.0,0.0,0.0,0,Clear sky,5.7,12.5,82,,Clear,False
2025-05-24,1,51.4,48.3,0.0,0.0,0.0,0.0,0,Clear sky,5.1,11.6,84,,Clear,False
2025-05-24,2,50.5,47.1,0.0,0.0,0.0,0.0,0,Clear sky,5.5,11.2,85,,Clear,False
2025-05-24,3,49.6,45.9,0.0,0.0,0.0,0.0,0,Clear sky,5.9,12.3,86,,Clear,False
2025-05-24,4,48.6,44.6,0.0,0.0,0.0,0.0,0,Clear sky,6.1,12.8,86,,Clear,False
2025-05-24,5,47.8,43.4,0.0,0.0,0.0,0.0,0,Clear sky,6.4,13.6,83,,Clear,False
2025-05-24,6,47.5,42.7,0.0,0.0,0.0,0.0,1,Mainly clear,6.8,14.3,82,,Clear,False
2025-05-24,7,49.1,45.0,0.0,0.0,0.0,0.0,2,Partly cloudy,5.7,15.4,80,,Cloudy,False
2025-05-24,8,51.7,47.1,0.0,0.0,0.0,0.0,3,Overcast,7.1,17.0,74,,Cloudy,False
2025-05-24,9,55.5,51.2,0.0,0.0,0.0,0.0,1,Mainly clear,7.0,17.9,67,,Clear,False
2025-05-24,10,57.8,52.1,0.0,0.0,0.0,0.0,1,Mainly clear,10.3,25.9,60,,Clear,False
2025-05-24,11,59.4,53.7,0.004,0.004,0.0,0.0,51,Light drizzle,9.7,25.1,55,,Drizzle,False
2025-05-24,12,61.0,56.8,0.0,0.0,0.0,0.0,2,Partly cloudy,9.2,25.1,55,,Cloudy,False
2025-05-24,13,62.2,58.7,0.0,0.0,0.0,0.0,3,Overcast,10.1,25.9,54,,Cloudy,False
2025-05-24,14,62.0,56.1,0.0,0.0,0.0,0.0,3,Overcast,10.9,27.1,53,,Cloudy,False
2025-05-24,15,61.9,55.9,0.0,0.0,0.0,0.0,3,Overcast,11.1,28.6,54,,Cloudy,False
2025-05-24,16,61.5,55.4,0.0,0.0,0.0,0.0,3,Overcast,10.7,28.0,52,,Cloudy,False
2025-05-24,17,60.0,54.5,0.012,0.012,0.0,0.0,51,Light drizzle,10.2,25.3,59,,Drizzle,False
2025-05-24,18,60.0,56.0,0.0,0.0,0.0,0.0,3,Overcast,7.5,22.1,62,,Cloudy,False
2025-05-24,19,59.9,55.0,0.0,0.0,0.0,0.0,1,Mainly clear,9.0,24.8,60,,Clear,False
2025-05-24,20,57.7,53.7,0.0,0.0,0.0,0.0,1,Mainly clear,7.0,20.8,66,,Clear,False
2025-05-24,21,57.3,52.8,0.0,0.0,0.0,0.0,0,Clear sky,7.9,19.5,64,,Clear,False
2025-05-24,22,55.7,51.7,0.0,0.0,0.0,0.0,1,Mainly clear,6.4,17.4,67,,Clear,False
2025-05-24,23,54.8,51.0,0.0,0.0,0.0,0.0,1,Mainly clear,6.1,14.3,70,,Clear,False
2025-05-25,0,53.9,50.2,0.0,0.0,0.0,0.0,2,Partly cloudy,6.0,13.2,73,,Cloudy,False
2025-05-25,1,53.2,49.2,0.0,0.0,0.0,0.0,2,Partly cloudy,6.5,14.1,73,,Cloudy,False
2025-05-25,2,52.7,48.4,0.0,0.0,0.0,0.0,2,Partly cloudy,7.1,15.9,74,,Cloudy,False
2025-05-25,3,52.0,47.7,0.0,0.0,0.0,0.0,1,Mainly clear,7.1,15.9,77,,Clear,False
2025-05-25,4,51.3,47.0,0.0,0.0,0.0,0.0,1,Mainly clear,7.1,15.7,80,,Clear,False
2025-05-25,5,50.9,46.6,0.0,0.0,0.0,0.0,1,Mainly clear,7.3,15.9,81,,Clear,False
2025-05-25,6,50.9,46.7,0.0,0.0,0.0,0.0,0,Clear sky,7.2,15.9,82,,Clear,False
2025-05-25,7,52.4,48.3,0.0,0.0,0.0,0.0,0,Clear sky,7.5,16.1,79,,Clear,False
2025-05-25,8,54.4,50.3,0.0,0.0,0.0,0.0,0,Clear sky,7.5,18.1,74,,Clear,False
2025-05-25,9,58.3,54.1,0.0,0.0,0.0,0.0,1,Mainly clear,8.3,20.1,67,,Clear,False
2025-05-25,10,60.7,56.2,0.0,0.0,0.0,0.0,2,Partly cloudy,9.8,24.8,59,,Cloudy,False
2025-05-25,11,62.3,57.5,0.0,0.0,0.0,0.0,3,Overcast,10.2,24.8,53,,Cloudy,False
2025-05-25,12,62.2,56.6,0.0,0.0,0.0,0.0,3,Overcast,9.9,24.8,52,,Cloudy,False
2025-05-25,13,63.6,58.4,0.0,0.0,0.0,0.0,3,Overcast,9.7,23.9,51,,Cloudy,False
2025-05-25,14,64.9,59.2,0.0,0.0,0.0,0.0,3,Overcast,10.9,25.9,47,,Cloudy,False
2025-05-25,15,65.1,59.1,0.0,0.0,0.0,0.0,2,Partly cloudy,10.6,25.9,46,,Cloudy,False
2025-05-25,16,66.1,60.3,0.0,0.0,0.0,0.0,3,Overcast,10.0,25.1,45,,Cloudy,False
2025-05-25,17,65.5,59.8,0.0,0.0,0.0,0.0,3,Overcast,10.0,23.3,46,,Cloudy,False
2025-05-25,18,64.4,59.5,0.0,0.0,0.0,0.0,3,Overcast,9.0,23.7,50,,Cloudy,False
2025-05-25,19,63.1,59.5,0.0,0.0,0.0,0.0,2,Partly cloudy,6.8,19.9,55,,Cloudy,False
2025-05-25,20,61.2,58.1,0.0,0.0,0.0,0.0,1,Mainly clear,5.9,15.0,62,,Clear,False
2025-05-25,21,59.9,56.8,0.0,0.0,0.0,0.0,3,Overcast,6.0,12.1,65,,Cloudy,False
2025-05-25,22,59.1,56.0,0.0,0.0,0.0,0.0,3,Overcast,6.2,13.9,67,,Cloudy,False
2025-05-25,23,57.4,55.0,0.0,0.0,0.0,0.0,0,Clear sky,4.9,13.2,73,,Clear,False
2025-05-26,0,55.2,52.9,0.0,0.0,0.0,0.0,1,Mainly clear,4.6,10.1,78,,Clear,False
2025-05-26,1,54.3,51.3,0.0,0.0,0.0,0.0,1,Mainly clear,5.6,11.6,78,,Clear,False
2025-05-26,2,53.5,50.3,0.0,0.0,0.0,0.0,0,Clear sky,5.5,12.3,77,,Clear,False
2025-05-26,3,52.4,49.6,0.0,0.0,0.0,0.0,0,Clear sky,4.4,11.6,79,,Clear,False
2025-05-26,4,51.5,48.6,0.0,0.0,0.0,0.0,0,Clear sky,4.4,9.2,81,,Clear,False
2025-05-26,5,50.8,47.9,0.0,0.0,0.0,0.0,0,Clear sky,4.2,8.9,83,,Clear,False
2025-05-26,6,50.5,47.5,0.0,0.0,0.0,0.0,0,Clear sky,4.6,9.4,83,,Clear,False
2025-05-26,7,52.3,49.6,0.0,0.0,0.0,0.0,0,Clear sky,4.2,10.3,82,,Clear,False
2025-05-26,8,55.1,52.8,0.0,0.0,0.0,0.0,0,Clear sky,4.1,11.6,76,,Clear,False
2025-05-26,9,60.2,58.2,0.0,0.0,0.0,0.0,0,Clear sky,3.7,11.6,65,,Clear,False
2025-05-26,10,63.5,62.5,0.0,0.0,0.0,0.0,0,Clear sky,3.9,12.8,57,,Clear,False
2025-05-26,11,65.9,66.2,0.0,0.0,0.0,0.0,0,Clear sky,4.0,13.4,51,,Clear,False
2025-05-26,12,67.6,67.6,0.0,0.0,0.0,0.0,0,Clear sky,4.6,14.5,46,,Clear,False
2025-05-26,13,69.4,69.0,0.0,0.0,0.0,0.0,2,Partly cloudy,5.7,16.8,42,,Cloudy,False
2025-05-26,14,70.3,68.1,0.0,0.0,0.0,0.0,2,Partly cloudy,6.4,17.4,40,,Cloudy,False
2025-05-26,15,70.5,67.3,0.0,0.0,0.0,0.0,2,Partly cloudy,7.0,18.1,39,,Cloudy,False
2025-05-26,16,69.7,66.5,0.0,0.0,0.0,0.0,1,Mainly clear,6.3,18.6,41,,Clear,False
2025-05-26,17,69.4,66.0,0.0,0.0,0.0,0.0,1,Mainly clear,5.2,16.6,43,,Clear,False
2025-05-26,18,69.3,66.1,0.0,0.0,0.0,0.0,1,Mainly clear,4.8,13.4,43,,Clear,False
2025-05-26,19,68.2,66.2,0.0,0.0,0.0,0.0,1,Mainly clear,3.4,11.6,48,,Clear,False
2025-05-26,20,65.7,65.7,0.0,0.0,0.0,0.0,0,Clear sky,1.8,7.6,62,,Clear,False
2025-05-26,21,63.1,60.1,0.0,0.0,0.0,0.0,0,Clear sky,5.7,11.6,58,,Clear,False
2025-05-26,22,61.3,58.4,0.0,0.0,0.0,0.0,0,Clear sky,5.2,12.3,60,,Clear,False
2025-05-26,23,60.5,57.9,0.0,0.0,0.0,0.0,0,Clear sky,5.1,10.7,64,,Clear,False
2025-05-27,0,59.1,57.4,0.0,0.0,0.0,0.0,2,Partly cloudy,3.5,10.3,69,,Cloudy,False
2025-05-27,1,57.4,56.2,0.0,0.0,0.0,0.0,2,Partly cloudy,2.6,6.9,75,,Cloudy,False
2025-05-27,2,56.3,55.1,0.0,0.0,0.0,0.0,2,Partly cloudy,2.5,5.1,78,,Cloudy,False
2025-05-27,3,55.4,54.1,0.0,0.0,0.0,0.0,3,Overcast,2.6,5.4,80,,Cloudy,False
2025-05-27,4,54.4,53.1,0.0,0.0,0.0,0.0,1,Mainly clear,2.5,4.9,82,,Clear,False
2025-05-27,5,53.5,52.8,0.0,0.0,0.0,0.0,2,Partly cloudy,1.1,4.5,85,,Cloudy,False
2025-05-27,6,53.1,52.7,0.0,0.0,0.0,0.0,3,Overcast,0.8,2.2,88,,Cloudy,False
2025-05-27,7,55.3,55.0,0.0,0.0,0.0,0.0,3,Overcast,1.5,4.7,86,,Cloudy,False
2025-05-27,8,58.9,58.7,0.0,0.0,0.0,0.0,3,Overcast,1.8,6.9,77,,Cloudy,False
2025-05-27,9,63.9,63.3,0.0,0.0,0.0,0.0,3,Overcast,2.2,8.9,63,,Cloudy,False
2025-05-27,10,67.7,67.7,0.0,0.0,0.0,0.0,3,Overcast,2.1,9.4,55,,Cloudy,False
2025-05-27,11,71.1,72.2,0.0,0.0,0.0,0.0,3,Overcast,1.7,9.4,47,,Cloudy,False
2025-05-27,12,73.6,75.6,0.0,0.0,0.0,0.0,3,Overcast,0.6,9.2,39,,Cloudy,False
2025-05-27,13,75.4,77.6,0.0,0.0,0.0,0.0,3,Overcast,0.4,7.6,36,,Cloudy,False
2025-05-27,14,76.6,77.7,0.0,0.0,0.0,0.0,3,Overcast,0.7,7.4,33,,Cloudy,False
2025-05-27,15,76.5,73.7,0.0,0.0,0.0,0.0,3,Overcast,4.0,12.1,32,,Cloudy,False
2025-05-27,16,73.5,68.5,0.0,0.0,0.0,0.0,3,Overcast,8.9,21.9,36,,Cloudy,False
2025-05-27,17,70.7,65.8,0.0,0.0,0.0,0.0,3,Overcast,8.4,22.6,40,,Cloudy,False
2025-05-27,18,70.1,66.3,0.0,0.0,0.0,0.0,3,Overcast,6.3,19.5,41,,Cloudy,False
2025-05-27,19,68.1,65.4,0.0,0.0,0.0,0.0,3,Overcast,4.6,14.5,47,,Cloudy,False
2025-05-27,20,66.2,64.4,0.0,0.0,0.0,0.0,3,Overcast,3.5,10.5,54,,Cloudy,False
2025-05-27,21,66.9,63.8,0.0,0.0,0.0,0.0,3,Overcast,5.8,13.6,49,,Cloudy,False
2025-05-27,22,65.9,64.2,0.0,0.0,0.0,0.0,3,Overcast,3.4,12.3,54,,Cloudy,False
2025-05-27,23,64.6,63.1,0.0,0.0,0.0,0.0,3,Overcast,3.1,7.4,58,,Cloudy,False
2025-05-28,0,63.7,62.1,0.0,0.0,0.0,0.0,3,Overcast,3.1,7.2,58,,Cloudy,False
2025-05-28,1,62.4,61.2,0.0,0.0,0.0,0.0,3,Overcast,2.6,6.3,63,,Cloudy,False
2025-05-28,2,61.6,60.7,0.0,0.0,0.0,0.0,3,Overcast,2.2,5.4,65,,Cloudy,False
2025-05-28,3,60.8,59.9,0.0,0.0,0.0,0.0,3,Overcast,2.3,4.5,68,,Cloudy,False
2025-05-28,4,60.5,58.9,0.0,0.0,0.0,0.0,3,Overcast,2.9,5.8,65,,Cloudy,False
2025-05-28,5,60.2,58.0,0.0,0.0,0.0,0.0,3,Overcast,3.6,7.6,64,,Cloudy,False
2025-05-28,6,59.5,57.2,0.0,0.0,0.0,0.0,3,Overcast,4.1,8.7,66,,Cloudy,False
2025-05-28,7,59.3,56.9,0.0,0.0,0.0,0.0,3,Overcast,4.7,10.7,68,,Cloudy,False
2025-05-28,8,59.5,57.5,0.0,0.0,0.0,0.0,3,Overcast,4.1,11.0,68,,Cloudy,False
2025-05-28,9,62.2,59.7,0.0,0.0,0.0,0.0,3,Overcast,4.3,12.3,59,,Cloudy,False
2025-05-28,10,63.7,61.4,0.0,0.0,0.0,0.0,3,Overcast,3.6,11.6,55,,Cloudy,False
2025-05-28,11,66.1,63.7,0.0,0.0,0.0,0.0,3,Overcast,3.4,12.3,49,,Cloudy,False
2025-05-28,12,66.6,63.5,0.0,0.0,0.0,0.0,3,Overcast,3.9,11.9,45,,Cloudy,False
2025-05-28,13,65.0,59.4,0.0,0.0,0.0,0.0,3,Overcast,7.5,19.7,39,,Cloudy,False
2025-05-28,14,61.5,57.2,0.004,0.004,0.0,0.0,51,Light drizzle,4.9,20.1,47,,Drizzle,False
2025-05-28,15,60.4,56.7,0.012,0.012,0.0,0.0,51,Light drizzle,4.0,13.6,51,,Drizzle,False
2025-05-28,16,59.7,56.6,0.02,0.02,0.0,0.0,53,Moderate drizzle,3.9,11.4,57,,Drizzle,False
2025-05-28,17,58.7,55.8,0.024,0.024,0.0,0.0,53,Moderate drizzle,4.6,11.2,63,,Drizzle,False
2025-05-28,18,57.3,55.3,0.067,0.067,0.0,0.0,61,Slight rain,4.4,11.4,75,,Rain,True
2025-05-28,19,56.3,55.4,0.043,0.043,0.0,0.0,55,Dense drizzle,4.3,9.6,89,,Drizzle,False
2025-05-28,20,55.8,54.4,0.083,0.083,0.0,0.0,61,Slight rain,5.6,11.4,91,,Rain,True
2025-05-28,21,54.4,53.3,0.055,0.055,0.0,0.0,61,Slight rain,4.3,11.4,92,,Rain,True
2025-05-28,22,54.1,52.5,0.059,0.059,0.0,0.0,61,Slight rain,5.4,11.4,94,,Rain,True
2025-05-28,23,54.0,52.7,0.047,0.047,0.0,0.0,55,Dense drizzle,5.0,11.2,95,,Drizzle,False
2025-05-29,0,54.4,53.1,0.02,0.02,0.0,0.0,53,Moderate drizzle,5.5,10.7,96,,Drizzle,False
2025-05-29,1,54.6,53.1,0.012,0.012,0.0,0.0,51,Light drizzle,6.3,12.5,97,,Drizzle,False
2025-05-29,2,55.0,53.7,0.016,0.016,0.0,0.0,51,Light drizzle,6.3,12.8,98,,Drizzle,False
2025-05-29,3,55.4,54.1,0.02,0.02,0.0,0.0,53,Moderate drizzle,6.5,13.4,97,,Drizzle,False
2025-05-29,4,55.9,54.3,0.016,0.016,0.0,0.0,51,Light drizzle,7.6,14.8,98,,Drizzle,False
2025-05-29,5,56.1,54.8,0.004,0.004,0.0,0.0,51,Light drizzle,7.2,17.2,97,,Drizzle,False
2025-05-29,6,56.4,54.9,0.0,0.0,0.0,0.0,3,Overcast,7.6,15.4,97,,Cloudy,False
2025-05-29,7,57.1,56.2,0.004,0.004,0.0,0.0,51,Light drizzle,6.6,15.4,96,,Drizzle,False
2025-05-29,8,58.2,57.0,0.0,0.0,0.0,0.0,3,Overcast,7.7,16.1,94,,Cloudy,False
2025-05-29,9,60.4,59.3,0.0,0.0,0.0,0.0,3,Overcast,7.5,18.1,87,,Cloudy,False
2025-05-29,10,62.6,62.1,0.0,0.0,0.0,0.0,3,Overcast,6.6,18.1,82,,Cloudy,False
2025-05-29,11,64.0,64.3,0.0,0.0,0.0,0.0,3,Overcast,5.2,17.0,79,,Cloudy,False
2025-05-29,12,65.7,66.4,0.004,0.004,0.0,0.0,51,Light drizzle,4.4,14.1,76,,Drizzle,False
2025-05-29,13,65.3,66.3,0.0,0.0,0.0,0.0,3,Overcast,3.7,13.0,77,,Cloudy,False
2025-05-29,14,65.8,67.5,0.0,0.0,0.0,0.0,3,Overcast,2.3,11.4,77,,Cloudy,False
2025-05-29,15,67.7,69.8,0.0,0.0,0.0,0.0,3,Overcast,2.0,8.9,73,,Cloudy,False
2025-05-29,16,69.4,71.7,0.0,0.0,0.0,0.0,3,Overcast,1.6,8.5,69,,Cloudy,False
2025-05-29,17,70.3,71.5,0.0,0.0,0.0,0.0,3,Overcast,4.6,11.9,68,,Cloudy,False
2025-05-29,18,69.7,71.1,0.0,0.0,0.0,0.0,2,Partly cloudy,5.2,13.2,72,,Cloudy,False
2025-05-29,19,70.1,71.7,0.0,0.0,0.0,0.0,3,Overcast,4.7,12.3,72,,Cloudy,False
2025-05-29,20,68.0,69.8,0.0,0.0,0.0,0.0,3,Overcast,4.1,10.7,77,,Cloudy,False
2025-05-29,21,65.1,66.3,0.0,0.0,0.0,0.0,3,Overcast,5.1,11.6,83,,Cloudy,False
2025-05-29,22,64.2,65.8,0.0,0.0,0.0,0.0,3,Overcast,4.3,11.0,86,,Cloudy,False
2025-05-29,23,63.6,64.7,0.0,0.0,0.0,0.0,3,Overcast,4.9,10.1,87,,Cloudy,False
2025-05-30,0,63.1,64.2,0.0,0.0,0.0,0.0,3,Overcast,4.7,10.3,87,,Cloudy,False
2025-05-30,1,62.6,63.4,0.0,0.0,0.0,0.0,3,Overcast,4.9,9.8,87,,Cloudy,False
2025-05-30,2,61.6,62.4,0.0,0.0,0.0,0.0,3,Overcast,4.5,10.3,89,,Cloudy,False
2025-05-30,3,61.1,62.1,0.0,0.0,0.0,0.0,3,Overcast,4.0,8.9,91,,Cloudy,False
2025-05-30,4,61.1,62.2,0.0,0.0,0.0,0.0,3,Overcast,4.2,8.5,92,,Cloudy,False
2025-05-30,5,61.3,62.4,0.0,0.0,0.0,0.0,3,Overcast,4.3,9.2,92,,Cloudy,False
2025-05-30,6,61.1,62.8,0.004,0.004,0.0,0.0,51,Light drizzle,3.2,8.7,93,,Drizzle,False
2025-05-30,7,61.6,62.9,0.0,0.0,0.0,0.0,3,Overcast,4.7,9.6,94,,Cloudy,False
2025-05-30,8,63.6,64.7,0.0,0.0,0.0,0.0,3,Overcast,6.0,14.3,90,,Cloudy,False
2025-05-30,9,65.9,68.7,0.0,0.0,0.0,0.0,3,Overcast,3.0,8.7,86,,Cloudy,False
2025-05-30,10,69.2,71.4,0.0,0.0,0.0,0.0,3,Overcast,4.9,13.4,79,,Cloudy,False
2025-05-30,11,70.2,72.6,0.0,0.0,0.0,0.0,3,Overcast,4.7,15.7,77,,Cloudy,False
2025-05-30,12,71.4,74.3,0.0,0.0,0.0,0.0,3,Overcast,4.5,15.7,76,,Cloudy,False
2025-05-30,13,73.7,77.2,0.004,0.004,0.0,0.0,51,Light drizzle,5.6,16.8,70,,Drizzle,False
2025-05-30,14,73.6,75.7,0.028,0.028,0.0,0.0,53,Moderate drizzle,6.0,18.3,64,,Drizzle,False
2025-05-30,15,71.6,73.1,0.035,0.035,0.0,0.0,53,Moderate drizzle,6.1,16.1,71,,Drizzle,False
2025-05-30,16,71.8,74.2,0.031,0.031,0.0,0.0,53,Moderate drizzle,5.5,17.9,73,,Drizzle,False
2025-05-30,17,71.5,74.2,0.012,0.012,0.0,0.0,51,Light drizzle,4.9,16.6,75,,Drizzle,False
2025-05-30,18,69.4,71.7,0.0,0.0,0.0,0.0,2,Partly cloudy,7.0,17.0,84,,Cloudy,False
2025-05-30,19,67.7,71.1,0.0,0.0,0.0,0.0,3,Overcast,3.7,17.9,87,,Cloudy,False
2025-05-30,20,66.5,69.7,0.0,0.0,0.0,0.0,3,Overcast,3.8,10.1,90,,Cloudy,False
2025-05-30,21,63.1,64.8,0.0,0.0,0.0,0.0,3,Overcast,5.8,15.7,97,,Cloudy,False
2025-05-30,22,61.6,63.1,0.008,0.008,0.0,0.0,51,Light drizzle,5.8,13.0,99,,Drizzle,False
2025-05-30,23,61.1,62.7,0.02,0.02,0.0,0.0,53,Moderate drizzle,5.0,11.6,99,,Drizzle,False
2025-05-31,0,60.7,61.2,0.165,0.165,0.0,0.0,63,Moderate rain,7.3,13.6,99,,Rain,True
2025-05-31,1,59.9,61.0,0.13,0.13,0.0,0.0,63,Moderate rain,5.1,14.1,99,,Rain,True
2025-05-31,2,59.4,59.8,0.134,0.134,0.0,0.0,63,Moderate rain,5.9,15.4,98,,Rain,True
2025-05-31,3,58.5,58.3,0.217,0.217,0.0,0.0,63,Moderate rain,6.8,17.0,99,,Rain,True
2025-05-31,4,58.6,58.9,0.185,0.185,0.0,0.0,63,Moderate rain,5.3,15.4,97,,Rain,True
2025-05-31,5,58.6,59.1,0.0,0.0,0.0,0.0,3,Overcast,5.1,11.9,97,,Cloudy,False
2025-05-31,6,59.8,60.7,0.0,0.0,0.0,0.0,3,Overcast,5.4,9.6,99,,Cloudy,False
2025-05-31,7,60.4,59.7,0.004,0.004,0.0,0.0,51,Light drizzle,8.6,18.8,94,,Drizzle,False
2025-05-31,8,60.9,61.4,0.004,0.004,0.0,0.0,51,Light drizzle,5.4,17.4,92,,Drizzle,False
2025-05-31,9,60.9,57.3,0.024,0.024,0.0,0.0,53,Moderate drizzle,12.5,26.8,82,,Drizzle,False
2025-05-31,10,61.3,56.8,0.024,0.024,0.0,0.0,53,Moderate drizzle,13.8,32.4,77,,Drizzle,False
2025-05-31,11,64.0,59.3,0.016,0.016,0.0,0.0,51,Light drizzle,15.7,36.5,66,,Drizzle,False
2025-05-31,12,64.5,59.9,0.012,0.012,0.0,0.0,51,Light drizzle,13.3,36.5,66,,Drizzle,False
2025-05-31,13,66.1,63.2,0.004,0.004,0.0,0.0,51,Light drizzle,11.9,34.0,64,,Drizzle,False
2025-05-31,14,66.7,63.3,0.0,0.0,0.0,0.0,3,Overcast,11.7,31.5,62,,Cloudy,False
2025-05-31,15,64.8,61.8,0.008,0.008,0.0,0.0,51,Light drizzle,10.1,30.0,68,,Drizzle,False
2025-05-31,16,63.6,60.2,0.059,0.059,0.0,0.0,61,Slight rain,12.3,28.6,73,,Rain,True
2025-05-31,17,63.1,59.0,0.028,0.028,0.0,0.0,53,Moderate drizzle,11.4,26.6,68,,Drizzle,False
2025-05-31,18,62.2,57.9,0.0,0.0,0.0,0.0,3,Overcast,10.5,26.4,66,,Cloudy,False
2025-05-31,19,60.1,55.7,0.0,0.0,0.0,0.0,3,Overcast,9.6,27.3,66,,Cloudy,False
2025-05-31,20,57.4,52.2,0.0,0.0,0.0,0.0,1,Mainly clear,9.9,24.4,67,,Clear,False
2025-05-31,21,56.8,51.7,0.0,0.0,0.0,0.0,0,Clear sky,9.6,22.6,67,,Clear,False
2025-05-31,22,55.2,49.9,0.0,0.0,0.0,0.0,2,Partly cloudy,9.6,22.1,68,,Cloudy,False
2025-05-31,23,53.9,48.7,0.0,0.0,0.0,0.0,0,Clear sky,8.6,21.5,69,,Clear,False
2026-01-01,0,30.0,21.1,0.0,0.0,0.0,0.033,3,Overcast,8.1,17.7,62,,Cloudy,False
2026-01-01,1,30.4,21.5,0.004,0.0,0.028,0.033,71,Slight snowfall,8.4,18.6,65,,Snow,True
2026-01-01,2,31.1,22.2,0.004,0.0,0.028,0.033,71,Slight snowfall,8.5,18.6,64,,Snow,True
2026-01-01,3,31.6,22.9,0.0,0.0,0.0,0.033,3,Overcast,8.4,18.6,66,,Cloudy,False
2026-01-01,4,32.7,24.0,0.0,0.0,0.0,0.033,3,Overcast,8.6,18.8,66,,Cloudy,False
2026-01-01,5,33.1,24.2,0.0,0.0,0.0,0.033,3,Overcast,9.2,19.9,67,,Cloudy,False
2026-01-01,6,32.8,24.1,0.0,0.0,0.0,0.033,3,Overcast,9.0,20.4,70,,Cloudy,False
2026-01-01,7,32.1,22.7,0.031,0.0,0.22,0.033,73,Moderate snowfall,10.7,24.2,73,,Snow,True
2026-01-01,8,27.3,16.6,0.028,0.0,0.193,0.066,73,Moderate snowfall,12.5,36.0,71,,Snow,True
2026-01-01,9,24.5,13.0,0.0,0.0,0.0,0.066,0,Clear sky,13.3,29.3,62,,Clear,False
2026-01-01,10,22.6,10.6,0.0,0.0,0.0,0.066,0,Clear sky,13.6,30.6,58,,Clear,False
2026-01-01,11,21.7,10.0,0.0,0.0,0.0,0.066,0,Clear sky,12.8,30.9,53,,Clear,False
2026-01-01,12,22.1,10.8,0.0,0.0,0.0,0.066,0,Clear sky,11.8,28.9,50,,Clear,False
2026-01-01,13,22.7,11.3,0.0,0.0,0.0,0.066,0,Clear sky,12.1,27.3,49,,Clear,False
2026-01-01,14,25.5,12.6,0.0,0.0,0.0,0.066,1,Mainly clear,15.5,31.3,45,,Clear,False
2026-01-01,15,24.4,11.5,0.0,0.0,0.0,0.066,2,Partly cloudy,15.5,35.6,45,,Cloudy,False
2026-01-01,16,24.3,12.5,0.0,0.0,0.0,0.066,0,Clear sky,12.8,34.4,46,,Clear,False
2026-01-01,17,23.1,11.9,0.0,0.0,0.0,0.066,1,Mainly clear,11.4,29.8,49,,Clear,False
2026-01-01,18,21.6,11.0,0.0,0.0,0.0,0.066,0,Clear sky,9.9,25.5,50,,Clear,False
2026-01-01,19,20.4,10.4,0.0,0.0,0.0,0.066,0,Clear sky,8.3,22.1,51,,Clear,False
2026-01-01,20,20.6,11.1,0.0,0.0,0.0,0.033,0,Clear sky,6.7,18.6,43,,Clear,False
2026-01-01,21,20.8,11.6,0.0,0.0,0.0,0.033,0,Clear sky,5.8,13.6,41,,Clear,False
2026-01-01,22,20.0,12.1,0.0,0.0,0.0,0.033,0,Clear sky,3.1,11.6,41,,Clear,False
2026-01-01,23,19.4,11.4,0.0,0.0,0.0,0.033,3,Overcast,3.2,6.3,43,,Cloudy,False
2026-01-02,0,19.5,11.3,0.0,0.0,0.0,0.033,3,Overcast,3.6,7.4,43,,Cloudy,False
2026-01-02,1,20.5,11.1,0.0,0.0,0.0,0.033,3,Overcast,6.7,12.8,47,,Cloudy,False
2026-01-02,2,20.6,11.5,0.004,0.0,0.028,0.033,71,Slight snowfall,6.9,15.4,64,,Snow,True
2026-01-02,3,20.2,12.1,0.004,0.0,0.028,0.033,71,Slight snowfall,4.9,15.0,67,,Snow,True
2026-01-02,4,20.2,12.4,0.004,0.0,0.028,0.033,71,Slight snowfall,4.1,11.6,70,,Snow,True
2026-01-02,5,19.9,12.1,0.0,0.0,0.0,0.033,3,Overcast,4.4,10.7,71,,Cloudy,False
2026-01-02,6,20.1,12.5,0.0,0.0,0.0,0.033,3,Overcast,3.9,10.5,71,,Cloudy,False
2026-01-02,7,19.9,12.4,0.0,0.0,0.0,0.033,3,Overcast,3.8,9.6,71,,Cloudy,False
2026-01-02,8,20.7,12.4,0.0,0.0,0.0,0.033,1,Mainly clear,5.4,9.4,71,,Clear,False
2026-01-02,9,19.6,11.9,0.0,0.0,0.0,0.033,1,Mainly clear,4.0,11.4,72,,Clear,False
2026-01-02,10,21.3,13.5,0.0,0.0,0.0,0.033,1,Mainly clear,4.3,10.7,69,,Clear,False
2026-01-02,11,23.2,15.1,0.0,0.0,0.0,0.033,1,Mainly clear,5.2,13.6,65,,Clear,False
2026-01-02,12,25.2,16.8,0.0,0.0,0.0,0.033,3,Overcast,5.8,15.0,61,,Cloudy,False
2026-01-02,13,27.1,17.8,0.0,0.0,0.0,0.033,3,Overcast,8.2,20.8,58,,Cloudy,False
2026-01-02,14,29.0,19.5,0.0,0.0,0.0,0.033,3,Overcast,8.7,19.9,55,,Cloudy,False
2026-01-02,15,28.3,19.0,0.0,0.0,0.0,0.033,3,Overcast,8.2,20.1,56,,Cloudy,False
2026-01-02,16,28.6,19.3,0.0,0.0,0.0,0.033,3,Overcast,8.3,19.9,55,,Cloudy,False
2026-01-02,17,28.1,19.9,0.0,0.0,0.0,0.033,3,Overcast,5.8,19.5,58,,Cloudy,False
2026-01-02,18,27.4,19.5,0.0,0.0,0.0,0.033,1,Mainly clear,5.2,13.4,61,,Clear,False
2026-01-02,19,25.7,18.1,0.0,0.0,0.0,0.033,3,Overcast,4.4,11.6,64,,Cloudy,False
2026-01-02,20,26.7,19.1,0.0,0.0,0.0,0.033,3,Overcast,4.1,10.1,56,,Cloudy,False
2026-01-02,21,27.0,19.6,0.0,0.0,0.0,0.033,3,Overcast,3.7,8.5,59,,Cloudy,False
2026-01-02,22,26.8,18.5,0.0,0.0,0.0,0.033,3,Overcast,5.6,11.4,57,,Cloudy,False
2026-01-02,23,25.7,16.7,0.0,0.0,0.0,0.033,3,Overcast,6.7,14.1,51,,Cloudy,False
2026-01-03,0,25.2,16.2,0.0,0.0,0.0,0.033,3,Overcast,6.4,14.3,50,,Cloudy,False
2026-01-03,1,23.9,15.1,0.0,0.0,0.0,0.033,0,Clear sky,6.0,13.6,51,,Clear,False
2026-01-03,2,22.9,14.3,0.0,0.0,0.0,0.033,0,Clear sky,5.1,12.5,46,,Clear,False
2026-01-03,3,22.8,13.7,0.0,0.0,0.0,0.033,0,Clear sky,6.3,12.8,47,,Clear,False
2026-01-03,4,22.0,12.8,0.0,0.0,0.0,0.033,0,Clear sky,6.7,13.6,51,,Clear,False
2026-01-03,5,21.4,12.3,0.0,0.0,0.0,0.033,1,Mainly clear,6.6,13.6,54,,Clear,False
2026-01-03,6,20.6,11.8,0.0,0.0,0.0,0.033,2,Partly cloudy,5.8,13.4,57,,Cloudy,False
2026-01-03,7,20.0,11.3,0.0,0.0,0.0,0.033,2,Partly cloudy,5.9,11.6,59,,Cloudy,False
2026-01-03,8,20.4,11.3,0.0,0.0,0.0,0.033,3,Overcast,6.7,12.3,57,,Cloudy,False
2026-01-03,9,21.0,11.7,0.0,0.0,0.0,0.033,1,Mainly clear,7.1,14.8,56,,Clear,False
2026-01-03,10,23.1,14.6,0.0,0.0,0.0,0.033,3,Overcast,5.3,15.0,51,,Cloudy,False
2026-01-03,11,25.5,17.0,0.0,0.0,0.0,0.033,3,Overcast,5.2,14.1,45,,Cloudy,False
2026-01-03,12,27.7,18.9,0.0,0.0,0.0,0.033,3,Overcast,5.9,16.1,43,,Cloudy,False
2026-01-03,13,29.0,20.3,0.0,0.0,0.0,0.033,3,Overcast,5.9,16.6,42,,Cloudy,False
2026-01-03,14,28.6,20.0,0.0,0.0,0.0,0.033,3,Overcast,5.5,16.3,43,,Cloudy,False
2026-01-03,15,29.8,21.4,0.0,0.0,0.0,0.033,3,Overcast,5.3,15.0,42,,Cloudy,False
2026-01-03,16,30.6,22.5,0.0,0.0,0.0,0.033,3,Overcast,4.6,14.1,42,,Cloudy,False
2026-01-03,17,30.4,22.7,0.0,0.0,0.0,0.033,3,Overcast,3.6,11.9,43,,Cloudy,False
2026-01-03,18,29.4,22.4,0.0,0.0,0.0,0.033,3,Overcast,2.2,7.4,46,,Cloudy,False
2026-01-03,19,28.9,21.9,0.0,0.0,0.0,0.033,3,Overcast,2.1,4.7,48,,Cloudy,False
2026-01-03,20,28.7,21.9,0.0,0.0,0.0,0.033,3,Overcast,1.8,4.5,50,,Cloudy,False
2026-01-03,21,28.3,22.0,0.0,0.0,0.0,0.033,3,Overcast,0.9,3.1,52,,Cloudy,False
2026-01-03,22,28.0,21.6,0.0,0.0,0.0,0.033,3,Overcast,1.1,2.0,53,,Cloudy,False
2026-01-03,23,27.5,20.9,0.0,0.0,0.0,0.033,1,Mainly clear,1.5,2.9,53,,Clear,False
2026-01-04,0,25.7,19.0,0.0,0.0,0.0,0.033,1,Mainly clear,1.7,3.4,58,,Clear,False
2026-01-04,1,25.3,18.6,0.0,0.0,0.0,0.033,3,Overcast,2.1,4.0,60,,Cloudy,False
2026-01-04,2,26.8,19.5,0.0,0.0,0.0,0.033,3,Overcast,3.3,6.3,57,,Cloudy,False
2026-01-04,3,26.7,19.5,0.0,0.0,0.0,0.033,3,Overcast,3.1,6.7,59,,Cloudy,False
2026-01-04,4,26.4,19.1,0.0,0.0,0.0,0.033,3,Overcast,3.7,7.2,61,,Cloudy,False
2026-01-04,5,26.5,19.3,0.0,0.0,0.0,0.033,3,Overcast,3.4,7.2,63,,Cloudy,False
2026-01-04,6,25.8,19.3,0.004,0.0,0.028,0.033,71,Slight snowfall,2.5,7.2,73,,Snow,True
2026-01-04,7,25.5,19.4,0.004,0.0,0.028,0.066,71,Slight snowfall,1.8,5.8,78,,Snow,True
2026-01-04,8,25.3,19.1,0.0,0.0,0.0,0.033,3,Overcast,2.2,4.7,80,,Cloudy,False
2026-01-04,9,24.4,18.2,0.004,0.0,0.028,0.066,71,Slight snowfall,2.1,6.0,82,,Snow,True
2026-01-04,10,26.1,19.7,0.0,0.0,0.0,0.066,1,Mainly clear,2.4,6.9,77,,Clear,False
2026-01-04,11,27.9,21.1,0.0,0.0,0.0,0.066,0,Clear sky,3.5,9.4,72,,Clear,False
2026-01-04,12,29.5,21.9,0.0,0.0,0.0,0.066,2,Partly cloudy,5.3,12.8,67,,Cloudy,False
2026-01-04,13,30.8,23.0,0.0,0.0,0.0,0.033,1,Mainly clear,5.8,14.8,62,,Clear,False
2026-01-04,14,32.8,24.7,0.0,0.0,0.0,0.033,2,Partly cloudy,6.5,14.8,58,,Cloudy,False
2026-01-04,15,33.6,24.9,0.0,0.0,0.0,0.033,2,Partly cloudy,7.5,18.1,50,,Cloudy,False
2026-01-04,16,33.3,24.5,0.0,0.0,0.0,0.033,2,Partly cloudy,7.6,19.0,51,,Cloudy,False
2026-01-04,17,31.8,23.7,0.0,0.0,0.0,0.033,2,Partly cloudy,6.2,19.2,58,,Cloudy,False
2026-01-04,18,29.4,21.7,0.0,0.0,0.0,0.033,3,Overcast,5.3,13.2,64,,Cloudy,False
2026-01-04,19,28.4,20.7,0.0,0.0,0.0,0.033,0,Clear sky,5.1,10.7,65,,Clear,False
2026-01-04,20,27.5,19.9,0.0,0.0,0.0,0.033,3,Overcast,4.6,9.8,61,,Cloudy,False
2026-01-04,21,28.6,20.4,0.0,0.0,0.0,0.033,2,Partly cloudy,6.0,11.9,59,,Cloudy,False
2026-01-04,22,29.3,20.8,0.0,0.0,0.0,0.033,1,Mainly clear,6.8,14.3,59,,Clear,False
2026-01-04,23,28.8,20.2,0.0,0.0,0.0,0.033,3,Overcast,7.0,14.5,62,,Cloudy,False
2026-01-05,0,28.7,20.2,0.0,0.0,0.0,0.033,0,Clear sky,6.9,14.8,63,,Clear,False
2026-01-05,1,27.8,19.6,0.0,0.0,0.0,0.033,0,Clear sky,6.5,14.3,68,,Clear,False
2026-01-05,2,27.1,19.1,0.0,0.0,0.0,0.033,0,Clear sky,5.9,14.1,69,,Clear,False
2026-01-05,3,26.6,19.0,0.0,0.0,0.0,0.033,2,Partly cloudy,5.0,11.9,70,,Cloudy,False
2026-01-05,4,26.2,18.7,0.0,0.0,0.0,0.033,1,Mainly clear,4.5,9.8,70,,Clear,False
2026-01-05,5,25.4,18.3,0.0,0.0,0.0,0.033,0,Clear sky,3.6,8.7,70,,Clear,False
2026-01-05,6,24.6,17.5,0.0,0.0,0.0,0.033,0,Clear sky,3.6,7.2,71,,Clear,False
2026-01-05,7,23.1,16.3,0.0,0.0,0.0,0.033,3,Overcast,2.7,7.2,76,,Cloudy,False
2026-01-05,8,23.4,16.7,0.0,0.0,0.0,0.033,3,Overcast,2.4,5.1,74,,Cloudy,False
2026-01-05,9,25.5,19.1,0.0,0.0,0.0,0.033,3,Overcast,1.8,4.7,68,,Cloudy,False
2026-01-05,10,27.0,21.0,0.028,0.0,0.193,0.033,73,Moderate snowfall,1.3,9.6,71,,Snow,True
2026-01-05,11,27.9,21.8,0.008,0.0,0.055,0.033,71,Slight snowfall,1.8,5.4,72,,Snow,True
2026-01-05,12,29.4,23.0,0.0,0.0,0.0,0.033,3,Overcast,2.8,7.4,71,,Cloudy,False
2026-01-05,13,30.2,23.5,0.0,0.0,0.0,0.033,3,Overcast,3.7,9.6,70,,Cloudy,False
2026-01-05,14,31.5,24.4,0.0,0.0,0.0,0.033,3,Overcast,4.6,12.3,68,,Cloudy,False
2026-01-05,15,32.3,24.5,0.0,0.0,0.0,0.033,3,Overcast,6.0,14.3,62,,Cloudy,False
2026-01-05,16,32.2,24.3,0.0,0.0,0.0,0.033,3,Overcast,6.1,15.4,62,,Cloudy,False
2026-01-05,17,31.6,24.3,0.0,0.0,0.0,0.033,3,Overcast,5.2,14.5,69,,Cloudy,False
2026-01-05,18,31.6,24.2,0.0,0.0,0.0,0.033,3,Overcast,6.0,12.5,74,,Cloudy,False
2026-01-05,19,32.1,24.3,0.0,0.0,0.0,0.033,3,Overcast,7.1,14.8,75,,Cloudy,False
2026-01-05,20,33.2,25.1,0.0,0.0,0.0,0.033,3,Overcast,7.6,16.1,69,,Cloudy,False
2026-01-05,21,33.4,25.8,0.0,0.0,0.0,0.033,3,Overcast,6.9,15.9,72,,Cloudy,False
2026-01-05,22,33.4,26.2,0.0,0.0,0.0,0.033,3,Overcast,6.2,14.1,75,,Cloudy,False
2026-01-05,23,33.6,27.0,0.0,0.0,0.0,0.033,3,Overcast,5.1,12.8,77,,Cloudy,False
2026-01-06,0,33.4,27.3,0.0,0.0,0.0,0.033,3,Overcast,3.9,10.3,79,,Cloudy,False
2026-01-06,1,32.8,26.9,0.0,0.0,0.0,0.033,3,Overcast,3.7,7.6,82,,Cloudy,False
2026-01-06,2,32.5,26.4,0.0,0.0,0.0,0.033,3,Overcast,3.5,7.2,80,,Cloudy,False
2026-01-06,3,32.1,26.2,0.0,0.0,0.0,0.033,2,Partly cloudy,3.1,7.2,81,,Cloudy,False
2026-01-06,4,30.5,24.7,0.0,0.0,0.0,0.033,3,Overcast,2.9,6.0,85,,Cloudy,False
2026-01-06,5,29.9,24.3,0.0,0.0,0.0,0.033,3,Overcast,2.4,5.4,86,,Cloudy,False
2026-01-06,6,29.3,24.0,0.0,0.0,0.0,0.033,3,Overcast,1.5,4.5,86,,Cloudy,False
2026-01-06,7,29.2,24.1,0.0,0.0,0.0,0.033,3,Overcast,1.0,2.7,86,,Cloudy,False
2026-01-06,8,28.4,23.1,0.0,0.0,0.0,0.033,3,Overcast,1.4,2.5,90,,Cloudy,False
2026-01-06,9,29.9,24.3,0.0,0.0,0.0,0.033,3,Overcast,2.3,4.3,85,,Cloudy,False
2026-01-06,10,31.1,26.5,0.0,0.0,0.0,0.033,3,Overcast,0.0,4.3,81,,Cloudy,False
2026-01-06,11,33.8,28.3,0.0,0.0,0.0,0.033,3,Overcast,2.1,6.0,74,,Cloudy,False
2026-01-06,12,36.6,30.8,0.0,0.0,0.0,0.033,3,Overcast,2.8,8.9,67,,Cloudy,False
2026-01-06,13,38.7,33.2,0.0,0.0,0.0,0.033,3,Overcast,2.1,8.9,63,,Cloudy,False
2026-01-06,14,38.4,32.8,0.0,0.0,0.0,0.033,3,Overcast,2.8,9.4,66,,Cloudy,False
2026-01-06,15,38.2,32.4,0.0,0.0,0.0,0.033,3,Overcast,3.8,9.2,70,,Cloudy,False
2026-01-06,16,38.7,32.8,0.012,0.012,0.0,0.033,51,Light drizzle,4.6,10.7,74,,Drizzle,False
2026-01-06,17,37.1,31.3,0.0,0.0,0.0,0.033,3,Overcast,4.6,10.3,81,,Cloudy,False
2026-01-06,18,34.4,28.6,0.0,0.0,0.0,0.033,3,Overcast,4.6,8.9,88,,Cloudy,False
2026-01-06,19,34.9,29.0,0.0,0.0,0.0,0.033,3,Overcast,5.0,10.3,90,,Cloudy,False
2026-01-06,20,35.2,29.6,0.0,0.0,0.0,0.033,3,Overcast,4.5,9.8,91,,Cloudy,False
2026-01-06,21,35.3,29.7,0.0,0.0,0.0,0.033,3,Overcast,4.8,9.2,93,,Cloudy,False
2026-01-06,22,35.9,30.2,0.0,0.0,0.0,0.033,3,Overcast,5.3,10.7,94,,Cloudy,False
2026-01-06,23,36.3,31.0,0.0,0.0,0.0,0.033,3,Overcast,4.8,10.5,96,,Cloudy,False
2026-01-07,0,36.6,31.8,0.0,0.0,0.0,0.033,3,Overcast,3.6,9.2,97,,Cloudy,False
2026-01-07,1,36.4,31.7,0.0,0.0,0.0,0.0,3,Overcast,3.6,7.4,98,,Cloudy,False
2026-01-07,2,36.1,30.9,0.004,0.004,0.0,0.0,51,Light drizzle,4.7,7.6,98,,Drizzle,False
2026-01-07,3,36.2,31.8,0.004,0.004,0.0,0.0,51,Light drizzle,2.8,9.2,98,,Drizzle,False
2026-01-07,4,35.8,31.0,0.0,0.0,0.0,0.0,3,Overcast,3.6,7.4,99,,Cloudy,False
2026-01-07,5,35.2,30.8,0.0,0.0,0.0,0.0,3,Overcast,2.5,6.3,99,,Cloudy,False
2026-01-07,6,35.2,30.8,0.0,0.0,0.0,0.0,3,Overcast,2.3,5.8,99,,Cloudy,False
2026-01-07,7,34.5,30.9,0.0,0.0,0.0,0.0,3,Overcast,0.4,3.1,99,,Cloudy,False
2026-01-07,8,33.7,29.1,0.0,0.0,0.0,0.0,3,Overcast,2.3,3.6,99,,Cloudy,False
2026-01-07,9,35.4,29.7,0.0,0.0,0.0,0.0,2,Partly cloudy,5.7,9.8,98,,Cloudy,False
2026-01-07,10,40.8,34.0,0.0,0.0,0.0,0.0,2,Partly cloudy,9.5,17.9,89,,Cloudy,False
2026-01-07,11,44.9,38.1,0.0,0.0,0.0,0.0,3,Overcast,10.0,21.5,81,,Cloudy,False
2026-01-07,12,46.7,40.6,0.0,0.0,0.0,0.0,3,Overcast,8.2,23.3,75,,Cloudy,False
2026-01-07,13,47.6,40.2,0.0,0.0,0.0,0.0,3,Overcast,10.2,26.8,65,,Cloudy,False
2026-01-07,14,48.1,40.5,0.0,0.0,0.0,0.0,2,Partly cloudy,10.4,26.4,62,,Cloudy,False
2026-01-07,15,48.0,39.9,0.0,0.0,0.0,0.0,1,Mainly clear,11.3,29.5,61,,Clear,False
2026-01-07,16,47.4,40.1,0.0,0.0,0.0,0.0,2,Partly cloudy,9.5,24.6,63,,Cloudy,False
2026-01-07,17,45.5,38.3,0.0,0.0,0.0,0.0,2,Partly cloudy,9.1,21.9,66,,Cloudy,False
2026-01-07,18,43.5,36.4,0.0,0.0,0.0,0.0,1,Mainly clear,8.7,20.4,70,,Clear,False
2026-01-07,19,41.5,34.7,0.0,0.0,0.0,0.0,0,Clear sky,7.7,19.0,74,,Clear,False
2026-01-07,20,41.2,35.1,0.0,0.0,0.0,0.0,0,Clear sky,6.1,16.6,75,,Clear,False
2026-01-07,21,40.7,35.1,0.0,0.0,0.0,0.0,2,Partly cloudy,5.3,12.8,78,,Cloudy,False
2026-01-07,22,39.6,34.3,0.0,0.0,0.0,0.0,1,Mainly clear,4.4,11.0,81,,Clear,False
2026-01-07,23,37.9,33.0,0.0,0.0,0.0,0.0,1,Mainly clear,3.2,8.9,85,,Clear,False
2026-01-08,0,37.5,32.3,0.0,0.0,0.0,0.0,0,Clear sky,3.8,7.4,85,,Clear,False
2026-01-08,1,37.9,32.1,0.0,0.0,0.0,0.0,0,Clear sky,5.2,9.8,84,,Clear,False
2026-01-08,2,38.2,31.9,0.0,0.0,0.0,0.0,0,Clear sky,6.4,12.3,83,,Clear,False
2026-01-08,3,39.0,32.5,0.0,0.0,0.0,0.0,0,Clear sky,7.3,15.4,83,,Clear,False
2026-01-08,4,38.3,31.8,0.0,0.0,0.0,0.0,0,Clear sky,7.1,15.4,85,,Clear,False
2026-01-08,5,37.3,31.3,0.0,0.0,0.0,0.0,0,Clear sky,5.9,14.8,87,,Clear,False
2026-01-08,6,36.1,30.5,0.0,0.0,0.0,0.0,0,Clear sky,4.6,11.9,88,,Clear,False
2026-01-08,7,35.5,29.9,0.0,0.0,0.0,0.0,0,Clear sky,4.4,9.2,88,,Clear,False
2026-01-08,8,35.1,29.5,0.0,0.0,0.0,0.0,0,Clear sky,3.9,8.7,87,,Clear,False
2026-01-08,9,37.1,31.6,0.0,0.0,0.0,0.0,0,Clear sky,4.5,8.7,85,,Clear,False
2026-01-08,10,39.7,34.3,0.0,0.0,0.0,0.0,0,Clear sky,4.8,9.4,84,,Clear,False
2026-01-08,11,42.7,38.1,0.0,0.0,0.0,0.0,0,Clear sky,3.7,10.3,79,,Clear,False
2026-01-08,12,45.2,40.7,0.0,0.0,0.0,0.0,0,Clear sky,3.6,11.0,73,,Clear,False
2026-01-08,13,47.4,42.2,0.0,0.0,0.0,0.0,0,Clear sky,5.1,13.6,66,,Clear,False
2026-01-08,14,49.5,44.3,0.0,0.0,0.0,0.0,1,Mainly clear,4.4,15.2,58,,Clear,False
2026-01-08,15,49.8,44.9,0.0,0.0,0.0,0.0,1,Mainly clear,3.7,11.9,56,,Clear,False
2026-01-08,16,49.6,45.0,0.0,0.0,0.0,0.0,0,Clear sky,2.8,10.3,56,,Clear,False
2026-01-08,17,47.8,44.6,0.0,0.0,0.0,0.0,0,Clear sky,0.4,7.2,66,,Clear,False
2026-01-08,18,44.1,40.4,0.0,0.0,0.0,0.0,0,Clear sky,0.5,1.1,68,,Clear,False
2026-01-08,19,42.5,38.5,0.0,0.0,0.0,0.0,0,Clear sky,1.1,1.6,71,,Clear,False
2026-01-08,20,40.6,35.9,0.0,0.0,0.0,0.0,0,Clear sky,2.0,3.1,70,,Clear,False
2026-01-08,21,39.6,34.9,0.0,0.0,0.0,0.0,0,Clear sky,1.7,3.1,72,,Clear,False
2026-01-08,22,38.1,33.6,0.0,0.0,0.0,0.0,0,Clear sky,1.1,2.7,74,,Clear,False
2026-01-08,23,36.1,31.4,0.0,0.0,0.0,0.0,0,Clear sky,1.3,2.5,78,,Clear,False
2026-01-09,0,34.5,29.9,0.0,0.0,0.0,0.0,2,Partly cloudy,0.8,2.5,80,,Cloudy,False
2026-01-09,1,33.7,28.6,0.0,0.0,0.0,0.0,0,Clear sky,2.2,3.4,83,,Clear,False
2026-01-09,2,32.9,27.5,0.0,0.0,0.0,0.0,0,Clear sky,2.4,3.6,82,,Clear,False
2026-01-09,3,32.1,26.6,0.0,0.0,0.0,0.0,0,Clear sky,2.6,4.5,84,,Clear,False
2026-01-09,4,32.8,27.6,0.0,0.0,0.0,0.0,1,Mainly clear,2.1,4.5,85,,Clear,False
2026-01-09,5,32.5,27.0,0.0,0.0,0.0,0.0,3,Overcast,3.2,4.7,87,,Cloudy,False
2026-01-09,6,32.9,27.3,0.0,0.0,0.0,0.0,3,Overcast,3.4,6.0,88,,Cloudy,False
2026-01-09,7,34.0,28.3,0.0,0.0,0.0,0.0,2,Partly cloudy,3.8,6.9,87,,Cloudy,False
2026-01-09,8,34.7,28.9,0.0,0.0,0.0,0.0,0,Clear sky,4.1,9.4,86,,Clear,False
2026-01-09,9,34.9,29.0,0.0,0.0,0.0,0.0,0,Clear sky,4.6,8.1,87,,Clear,False
2026-01-09,10,38.6,32.4,0.0,0.0,0.0,0.0,0,Clear sky,6.2,11.9,83,,Clear,False
2026-01-09,11,42.7,37.3,0.0,0.0,0.0,0.0,2,Partly cloudy,5.4,13.0,78,,Cloudy,False
2026-01-09,12,45.6,39.4,0.0,0.0,0.0,0.0,2,Partly cloudy,8.4,20.1,78,,Cloudy,False
2026-01-09,13,46.9,39.9,0.0,0.0,0.0,0.0,3,Overcast,10.8,26.2,75,,Cloudy,False
2026-01-09,14,47.2,41.1,0.0,0.0,0.0,0.0,3,Overcast,9.3,24.6,79,,Cloudy,False
2026-01-09,15,47.0,41.7,0.0,0.0,0.0,0.0,3,Overcast,8.3,21.5,84,,Cloudy,False
2026-01-09,16,46.3,41.3,0.0,0.0,0.0,0.0,3,Overcast,7.5,18.1,87,,Cloudy,False
2026-01-09,17,46.1,41.4,0.0,0.0,0.0,0.0,3,Overcast,6.5,16.1,86,,Cloudy,False
2026-01-09,18,46.3,41.2,0.008,0.008,0.0,0.0,51,Light drizzle,7.5,14.3,86,,Drizzle,False
2026-01-09,19,47.7,42.0,0.063,0.063,0.0,0.0,61,Slight rain,10.0,25.7,88,,Rain,True
2026-01-09,20,49.6,45.2,0.012,0.012,0.0,0.0,51,Light drizzle,8.4,19.7,89,,Drizzle,False
2026-01-09,21,51.1,46.5,0.035,0.035,0.0,0.0,53,Moderate drizzle,10.1,19.9,92,,Drizzle,False
2026-01-09,22,50.4,46.0,0.0,0.0,0.0,0.0,3,Overcast,9.4,19.9,94,,Cloudy,False
2026-01-09,23,48.9,44.9,0.0,0.0,0.0,0.0,3,Overcast,8.3,18.1,96,,Cloudy,False
2026-01-10,0,47.8,43.7,0.0,0.0,0.0,0.0,3,Overcast,7.5,16.1,96,,Cloudy,False
2026-01-10,1,47.2,43.1,0.0,0.0,0.0,0.0,3,Overcast,7.3,15.2,96,,Cloudy,False
2026-01-10,2,47.8,44.5,0.0,0.0,0.0,0.0,3,Overcast,6.1,13.6,98,,Cloudy,False
2026-01-10,3,46.9,43.1,0.0,0.0,0.0,0.0,3,Overcast,6.2,12.3,95,,Cloudy,False
2026-01-10,4,45.3,40.0,0.0,0.0,0.0,0.0,3,Overcast,7.8,15.0,88,,Cloudy,False
2026-01-10,5,42.3,36.5,0.0,0.0,0.0,0.0,3,Overcast,7.5,15.0,88,,Cloudy,False
2026-01-10,6,40.6,34.7,0.0,0.0,0.0,0.0,3,Overcast,6.8,15.0,86,,Cloudy,False
2026-01-10,7,39.5,33.5,0.0,0.0,0.0,0.0,3,Overcast,6.4,14.1,85,,Cloudy,False
2026-01-10,8,39.7,34.3,0.0,0.0,0.0,0.0,3,Overcast,4.6,13.0,81,,Cloudy,False
2026-01-10,9,39.8,33.9,0.0,0.0,0.0,0.0,3,Overcast,5.8,12.3,81,,Cloudy,False
2026-01-10,10,40.4,35.8,0.0,0.0,0.0,0.0,3,Overcast,2.8,12.3,81,,Cloudy,False
2026-01-10,11,41.8,37.0,0.0,0.0,0.0,0.0,3,Overcast,3.9,10.1,79,,Cloudy,False
2026-01-10,12,42.6,37.6,0.0,0.0,0.0,0.0,3,Overcast,4.2,11.2,75,,Cloudy,False
2026-01-10,13,42.5,37.5,0.0,0.0,0.0,0.0,3,Overcast,3.8,11.0,73,,Cloudy,False
2026-01-10,14,42.0,36.6,0.008,0.008,0.0,0.0,51,Light drizzle,4.5,10.5,73,,Drizzle,False
2026-01-10,15,41.6,36.5,0.024,0.024,0.0,0.0,53,Moderate drizzle,3.9,12.5,75,,Drizzle,False
2026-01-10,16,40.2,35.4,0.039,0.039,0.0,0.0,55,Dense drizzle,4.5,9.2,90,,Drizzle,False
2026-01-10,17,39.7,34.8,0.083,0.083,0.0,0.0,61,Slight rain,4.7,9.8,93,,Rain,True
2026-01-10,18,39.3,34.2,0.083,0.083,0.0,0.0,61,Slight rain,5.4,10.7,95,,Rain,True
2026-01-10,19,39.1,33.0,0.067,0.067,0.0,0.0,61,Slight rain,7.9,15.2,96,,Rain,True
2026-01-10,20,40.6,34.5,0.043,0.043,0.0,0.0,55,Dense drizzle,8.4,17.0,96,,Drizzle,False
2026-01-10,21,40.9,36.4,0.098,0.098,0.0,0.0,63,Moderate rain,5.0,15.4,98,,Rain,True
2026-01-10,22,41.4,37.4,0.031,0.031,0.0,0.0,53,Moderate drizzle,4.2,11.9,98,,Drizzle,False
2026-01-10,23,41.6,37.5,0.004,0.004,0.0,0.0,51,Light drizzle,4.7,8.9,98,,Drizzle,False
2026-01-11,0,42.0,38.5,0.004,0.004,0.0,0.0,51,Light drizzle,3.4,9.2,98,,Drizzle,False
2026-01-11,1,41.7,37.3,0.0,0.0,0.0,0.0,3,Overcast,5.4,9.8,98,,Cloudy,False
2026-01-11,2,41.1,36.4,0.0,0.0,0.0,0.0,3,Overcast,5.7,12.1,98,,Cloudy,False
2026-01-11,3,41.2,37.2,0.008,0.008,0.0,0.0,51,Light drizzle,4.1,11.6,98,,Drizzle,False
2026-01-11,4,40.9,36.1,0.0,0.0,0.0,0.0,3,Overcast,5.8,11.2,97,,Cloudy,False
2026-01-11,5,40.6,35.6,0.0,0.0,0.0,0.0,3,Overcast,6.1,11.9,95,,Cloudy,False
2026-01-11,6,41.3,36.3,0.0,0.0,0.0,0.0,3,Overcast,5.9,12.5,93,,Cloudy,False
2026-01-11,7,42.3,36.4,0.0,0.0,0.0,0.0,3,Overcast,8.2,15.4,91,,Cloudy,False
2026-01-11,8,42.2,37.0,0.0,0.0,0.0,0.0,3,Overcast,6.3,18.1,91,,Cloudy,False
2026-01-11,9,42.3,36.9,0.0,0.0,0.0,0.0,3,Overcast,6.4,12.5,87,,Cloudy,False
2026-01-11,10,42.2,36.1,0.0,0.0,0.0,0.0,3,Overcast,7.4,14.8,82,,Cloudy,False
2026-01-11,11,43.1,36.2,0.0,0.0,0.0,0.0,3,Overcast,8.2,18.1,72,,Cloudy,False
2026-01-11,12,43.5,35.2,0.0,0.0,0.0,0.0,3,Overcast,9.2,21.9,54,,Cloudy,False
2026-01-11,13,44.1,36.3,0.0,0.0,0.0,0.0,0,Clear sky,7.1,21.5,46,,Clear,False
2026-01-11,14,46.8,39.0,0.0,0.0,0.0,0.0,1,Mainly clear,7.8,17.4,48,,Clear,False
2026-01-11,15,46.8,37.6,0.0,0.0,0.0,0.0,1,Mainly clear,11.0,25.5,45,,Clear,False
2026-01-11,16,44.8,35.2,0.0,0.0,0.0,0.0,3,Overcast,11.5,29.5,46,,Cloudy,False
2026-01-11,17,42.4,32.3,0.0,0.0,0.0,0.0,2,Partly cloudy,12.4,27.7,47,,Cloudy,False
2026-01-11,18,39.6,29.9,0.0,0.0,0.0,0.0,2,Partly cloudy,11.5,27.7,56,,Cloudy,False
2026-01-11,19,37.8,27.6,0.0,0.0,0.0,0.0,0,Clear sky,11.9,27.1,53,,Clear,False
2026-01-11,20,36.8,27.4,0.0,0.0,0.0,0.0,0,Clear sky,10.5,27.1,58,,Clear,False
2026-01-11,21,35.5,25.6,0.0,0.0,0.0,0.0,0,Clear sky,10.9,24.4,54,,Clear,False
2026-01-11,22,34.5,24.3,0.0,0.0,0.0,0.0,3,Overcast,11.3,26.4,51,,Cloudy,False
2026-01-11,23,34.3,24.1,0.0,0.0,0.0,0.0,1,Mainly clear,11.2,26.2,53,,Clear,False
2026-01-12,0,32.7,21.7,0.0,0.0,0.0,0.0,2,Partly cloudy,12.9,30.2,53,,Cloudy,False
2026-01-12,1,31.5,21.1,0.0,0.0,0.0,0.0,2,Partly cloudy,11.5,28.9,58,,Cloudy,False
2026-01-12,2,32.3,21.8,0.0,0.0,0.0,0.0,3,Overcast,11.8,28.6,56,,Cloudy,False
2026-01-12,3,31.6,20.4,0.0,0.0,0.0,0.0,1,Mainly clear,13.3,29.3,57,,Clear,False
2026-01-12,4,31.4,19.9,0.0,0.0,0.0,0.0,0,Clear sky,14.0,30.2,56,,Clear,False
2026-01-12,5,30.8,19.7,0.0,0.0,0.0,0.0,1,Mainly clear,13.1,31.1,57,,Clear,False
2026-01-12,6,30.5,20.2,0.0,0.0,0.0,0.0,0,Clear sky,11.2,29.5,58,,Clear,False
2026-01-12,7,30.1,20.4,0.0,0.0,0.0,0.0,0,Clear sky,9.9,25.3,59,,Clear,False
2026-01-12,8,30.2,21.2,0.0,0.0,0.0,0.0,0,Clear sky,7.9,22.1,57,,Clear,False
2026-01-12,9,30.5,22.0,0.0,0.0,0.0,0.0,0,Clear sky,7.1,17.7,61,,Clear,False
2026-01-12,10,31.8,23.8,0.0,0.0,0.0,0.0,0,Clear sky,6.6,16.6,63,,Clear,False
2026-01-12,11,34.0,25.8,0.0,0.0,0.0,0.0,0,Clear sky,7.3,17.9,60,,Clear,False
2026-01-12,12,36.4,27.8,0.0,0.0,0.0,0.0,0,Clear sky,8.3,20.6,55,,Clear,False
2026-01-12,13,38.0,29.4,0.0,0.0,0.0,0.0,0,Clear sky,8.2,21.0,52,,Clear,False
2026-01-12,14,39.5,30.7,0.0,0.0,0.0,0.0,0,Clear sky,8.5,21.7,47,,Clear,False
2026-01-12,15,40.2,31.1,0.0,0.0,0.0,0.0,1,Mainly clear,9.4,22.6,47,,Clear,False
2026-01-12,16,40.4,31.3,0.0,0.0,0.0,0.0,1,Mainly clear,9.6,23.0,49,,Clear,False
2026-01-12,17,39.7,31.3,0.0,0.0,0.0,0.0,3,Overcast,8.2,22.1,53,,Cloudy,False
2026-01-12,18,37.9,29.9,0.0,0.0,0.0,0.0,3,Overcast,7.3,18.6,57,,Cloudy,False
2026-01-12,19,36.9,28.7,0.0,0.0,0.0,0.0,3,Overcast,7.8,17.0,60,,Cloudy,False
2026-01-12,20,36.0,27.4,0.0,0.0,0.0,0.0,0,Clear sky,8.3,17.4,58,,Clear,False
2026-01-12,21,35.4,27.3,0.0,0.0,0.0,0.0,0,Clear sky,7.3,17.7,60,,Clear,False
2026-01-12,22,34.5,26.6,0.0,0.0,0.0,0.0,0,Clear sky,6.8,15.4,62,,Clear,False
2026-01-12,23,33.2,25.6,0.0,0.0,0.0,0.0,0,Clear sky,6.1,14.3,65,,Clear,False
2026-01-13,0,32.5,24.7,0.0,0.0,0.0,0.0,0,Clear sky,6.4,13.0,67,,Clear,False
2026-01-13,1,31.9,24.3,0.0,0.0,0.0,0.0,1,Mainly clear,5.9,13.0,68,,Clear,False
2026-01-13,2,32.2,24.4,0.0,0.0,0.0,0.0,2,Partly cloudy,6.4,12.8,66,,Cloudy,False
2026-01-13,3,31.6,24.1,0.0,0.0,0.0,0.0,3,Overcast,5.9,13.2,68,,Cloudy,False
2026-01-13,4,32.2,24.5,0.0,0.0,0.0,0.0,3,Overcast,6.2,12.8,68,,Cloudy,False
2026-01-13,5,31.9,24.3,0.0,0.0,0.0,0.0,0,Clear sky,6.0,13.0,68,,Clear,False
2026-01-13,6,31.5,23.7,0.0,0.0,0.0,0.0,0,Clear sky,6.4,13.4,68,,Clear,False
2026-01-13,7,31.2,23.5,0.0,0.0,0.0,0.0,0,Clear sky,6.2,13.4,69,,Clear,False
2026-01-13,8,30.9,23.1,0.0,0.0,0.0,0.0,0,Clear sky,6.3,12.8,68,,Clear,False
2026-01-13,9,31.3,23.7,0.0,0.0,0.0,0.0,0,Clear sky,5.9,13.0,69,,Clear,False
2026-01-13,10,33.6,26.9,0.0,0.0,0.0,0.0,0,Clear sky,4.4,11.9,68,,Clear,False
2026-01-13,11,36.3,29.7,0.0,0.0,0.0,0.0,0,Clear sky,4.5,12.3,64,,Clear,False
2026-01-13,12,39.1,32.4,0.0,0.0,0.0,0.0,1,Mainly clear,4.9,13.6,60,,Clear,False
2026-01-13,13,41.5,34.7,0.0,0.0,0.0,0.0,3,Overcast,5.2,14.8,56,,Cloudy,False
2026-01-13,14,44.0,37.1,0.0,0.0,0.0,0.0,1,Mainly clear,5.7,15.4,52,,Clear,False
2026-01-13,15,44.6,37.1,0.0,0.0,0.0,0.0,3,Overcast,7.2,17.7,51,,Cloudy,False
2026-01-13,16,45.0,37.4,0.0,0.0,0.0,0.0,3,Overcast,7.4,18.3,50,,Cloudy,False
2026-01-13,17,42.6,35.3,0.0,0.0,0.0,0.0,3,Overcast,7.4,17.2,60,,Cloudy,False
2026-01-13,18,40.3,33.4,0.0,0.0,0.0,0.0,3,Overcast,6.8,16.3,68,,Cloudy,False
2026-01-13,19,40.4,33.3,0.0,0.0,0.0,0.0,3,Overcast,7.6,15.7,71,,Cloudy,False
2026-01-13,20,41.0,32.4,0.0,0.0,0.0,0.0,3,Overcast,10.0,21.0,60,,Cloudy,False
2026-01-13,21,40.3,32.1,0.0,0.0,0.0,0.0,3,Overcast,8.7,21.5,59,,Cloudy,False
2026-01-13,22,39.4,31.9,0.0,0.0,0.0,0.0,3,Overcast,7.6,19.0,66,,Cloudy,False
2026-01-13,23,39.8,32.9,0.0,0.0,0.0,0.0,3,Overcast,6.7,16.1,68,,Cloudy,False
2026-01-14,0,39.8,32.9,0.0,0.0,0.0,0.0,3,Overcast,6.7,14.3,69,,Cloudy,False
2026-01-14,1,41.1,34.0,0.0,0.0,0.0,0.0,3,Overcast,7.1,16.1,66,,Cloudy,False
2026-01-14,2,42.8,36.4,0.0,0.0,0.0,0.0,3,Overcast,5.9,15.0,63,,Cloudy,False
2026-01-14,3,42.8,36.6,0.0,0.0,0.0,0.0,3,Overcast,5.3,11.9,63,,Cloudy,False
2026-01-14,4,42.2,35.9,0.0,0.0,0.0,0.0,3,Overcast,5.2,10.7,63,,Cloudy,False
2026-01-14,5,41.4,35.1,0.0,0.0,0.0,0.0,3,Overcast,5.1,10.7,65,,Cloudy,False
2026-01-14,6,40.8,34.6,0.0,0.0,0.0,0.0,3,Overcast,5.1,10.3,66,,Cloudy,False
2026-01-14,7,39.7,33.3,0.0,0.0,0.0,0.0,3,Overcast,5.4,10.7,68,,Cloudy,False
2026-01-14,8,39.7,33.3,0.0,0.0,0.0,0.0,3,Overcast,5.5,11.0,68,,Cloudy,False
2026-01-14,9,39.9,33.3,0.0,0.0,0.0,0.0,3,Overcast,6.0,12.1,68,,Cloudy,False
2026-01-14,10,42.0,35.6,0.0,0.0,0.0,0.0,3,Overcast,5.8,12.3,65,,Cloudy,False
2026-01-14,11,42.7,36.7,0.0,0.0,0.0,0.0,3,Overcast,5.2,11.6,65,,Cloudy,False
2026-01-14,12,44.2,38.5,0.0,0.0,0.0,0.0,3,Overcast,4.8,11.4,65,,Cloudy,False
2026-01-14,13,46.6,41.9,0.0,0.0,0.0,0.0,3,Overcast,2.9,9.4,62,,Cloudy,False
2026-01-14,14,46.9,43.1,0.0,0.0,0.0,0.0,3,Overcast,1.5,7.2,65,,Cloudy,False
2026-01-14,15,48.4,44.2,0.0,0.0,0.0,0.0,3,Overcast,1.8,5.1,58,,Cloudy,False
2026-01-14,16,48.7,44.4,0.0,0.0,0.0,0.0,3,Overcast,2.3,5.4,59,,Cloudy,False
2026-01-14,17,46.8,42.6,0.0,0.0,0.0,0.0,3,Overcast,2.7,5.6,67,,Cloudy,False
2026-01-14,18,44.9,40.0,0.0,0.0,0.0,0.0,3,Overcast,4.0,8.3,72,,Cloudy,False
2026-01-14,19,42.9,38.0,0.004,0.004,0.0,0.0,51,Light drizzle,4.2,9.6,77,,Drizzle,False
2026-01-14,20,43.3,38.3,0.0,0.0,0.0,0.0,3,Overcast,4.4,8.7,77,,Cloudy,False
2026-01-14,21,43.7,39.0,0.0,0.0,0.0,0.0,3,Overcast,4.1,8.7,76,,Cloudy,False
2026-01-14,22,44.5,39.2,0.0,0.0,0.0,0.0,3,Overcast,5.2,10.3,72,,Cloudy,False
2026-01-14,23,44.5,39.6,0.0,0.0,0.0,0.0,3,Overcast,4.0,10.5,72,,Cloudy,False
2026-01-15,0,43.8,39.5,0.0,0.0,0.0,0.0,3,Overcast,2.8,8.1,75,,Cloudy,False
2026-01-15,1,43.5,38.7,0.0,0.0,0.0,0.0,3,Overcast,4.0,8.3,76,,Cloudy,False
2026-01-15,2,43.8,38.4,0.0,0.0,0.0,0.0,3,Overcast,5.4,10.1,75,,Cloudy,False
2026-01-15,3,43.5,37.9,0.0,0.0,0.0,0.0,3,Overcast,5.9,12.1,76,,Cloudy,False
2026-01-15,4,42.9,37.2,0.0,0.0,0.0,0.0,3,Overcast,6.3,13.4,78,,Cloudy,False
2026-01-15,5,40.7,35.2,0.0,0.0,0.0,0.0,3,Overcast,5.7,13.2,84,,Cloudy,False
2026-01-15,6,40.1,34.8,0.0,0.0,0.0,0.0,3,Overcast,5.2,11.9,86,,Cloudy,False
2026-01-15,7,40.3,34.5,0.0,0.0,0.0,0.0,3,Overcast,6.6,13.4,87,,Cloudy,False
2026-01-15,8,40.3,34.2,0.004,0.004,0.0,0.0,51,Light drizzle,7.3,18.3,87,,Drizzle,False
2026-01-15,9,41.2,34.3,0.0,0.0,0.0,0.0,3,Overcast,9.1,19.5,83,,Cloudy,False
2026-01-15,10,39.8,31.3,0.0,0.0,0.0,0.0,3,Overcast,11.3,26.8,75,,Cloudy,False
2026-01-15,11,38.0,28.8,0.0,0.0,0.0,0.0,2,Partly cloudy,10.9,25.9,63,,Cloudy,False
2026-01-15,12,37.9,27.8,0.0,0.0,0.0,0.0,0,Clear sky,11.7,28.0,50,,Clear,False
2026-01-15,13,37.4,27.2,0.0,0.0,0.0,0.0,0,Clear sky,11.5,28.0,49,,Clear,False
2026-01-15,14,37.1,26.6,0.0,0.0,0.0,0.0,0,Clear sky,11.6,28.2,44,,Clear,False
2026-01-15,15,36.5,25.8,0.0,0.0,0.0,0.0,0,Clear sky,11.5,28.4,40,,Clear,False
2026-01-15,16,34.9,23.8,0.0,0.0,0.0,0.0,0,Clear sky,12.2,28.9,40,,Clear,False
2026-01-15,17,32.5,21.4,0.0,0.0,0.0,0.0,0,Clear sky,12.0,29.1,42,,Clear,False
2026-01-15,18,30.1,19.8,0.0,0.0,0.0,0.0,0,Clear sky,10.3,27.5,47,,Clear,False
2026-01-15,19,28.3,18.2,0.0,0.0,0.0,0.0,0,Clear sky,9.7,23.7,49,,Clear,False
2026-01-15,20,27.2,17.4,0.0,0.0,0.0,0.0,0,Clear sky,8.9,21.9,49,,Clear,False
2026-01-15,21,26.4,16.3,0.0,0.0,0.0,0.0,0,Clear sky,9.3,20.8,48,,Clear,False
2026-01-15,22,25.0,14.2,0.0,0.0,0.0,0.0,0,Clear sky,10.4,24.6,43,,Clear,False
2026-01-15,23,24.4,14.1,0.0,0.0,0.0,0.0,0,Clear sky,9.2,23.7,44,,Clear,False
2026-01-16,0,24.0,13.6,0.0,0.0,0.0,0.0,0,Clear sky,9.3,21.7,44,,Clear,False
2026-01-16,1,23.9,13.2,0.0,0.0,0.0,0.0,0,Clear sky,10.0,22.6,43,,Clear,False
2026-01-16,2,23.7,11.7,0.0,0.0,0.0,0.0,0,Clear sky,13.1,28.4,42,,Clear,False
2026-01-16,3,22.4,10.0,0.0,0.0,0.0,0.0,0,Clear sky,13.9,32.0,46,,Clear,False
2026-01-16,4,22.0,10.9,0.0,0.0,0.0,0.0,0,Clear sky,11.0,31.5,47,,Clear,False
2026-01-16,5,22.5,11.1,0.0,0.0,0.0,0.0,0,Clear sky,11.7,26.6,48,,Clear,False
2026-01-16,6,22.1,10.1,0.0,0.0,0.0,0.0,0,Clear sky,12.8,29.8,41,,Clear,False
2026-01-16,7,20.9,8.4,0.0,0.0,0.0,0.0,0,Clear sky,13.9,32.9,41,,Clear,False
2026-01-16,8,21.6,9.9,0.0,0.0,0.0,0.0,2,Partly cloudy,12.0,35.8,45,,Cloudy,False
2026-01-16,9,22.7,12.2,0.0,0.0,0.0,0.0,1,Mainly clear,9.7,34.0,48,,Clear,False
2026-01-16,10,25.4,13.4,0.0,0.0,0.0,0.0,2,Partly cloudy,13.3,33.6,42,,Cloudy,False
2026-01-16,11,27.8,16.6,0.0,0.0,0.0,0.0,0,Clear sky,11.3,32.0,37,,Clear,False
2026-01-16,12,29.7,18.6,0.0,0.0,0.0,0.0,0,Clear sky,10.9,27.5,34,,Clear,False
2026-01-16,13,31.0,20.1,0.0,0.0,0.0,0.0,0,Clear sky,10.7,26.6,35,,Clear,False
2026-01-16,14,31.5,21.1,0.0,0.0,0.0,0.0,3,Overcast,9.5,26.4,35,,Cloudy,False
2026-01-16,15,31.7,21.5,0.0,0.0,0.0,0.0,3,Overcast,9.3,23.7,35,,Cloudy,False
2026-01-16,16,32.1,22.6,0.0,0.0,0.0,0.0,3,Overcast,7.8,22.1,37,,Cloudy,False
2026-01-16,17,31.9,23.0,0.0,0.0,0.0,0.0,1,Mainly clear,6.7,18.3,40,,Clear,False
2026-01-16,18,29.8,21.2,0.0,0.0,0.0,0.0,2,Partly cloudy,6.1,14.8,46,,Cloudy,False
2026-01-16,19,29.2,20.2,0.0,0.0,0.0,0.0,1,Mainly clear,6.9,15.0,45,,Clear,False
2026-01-16,20,29.4,20.7,0.0,0.0,0.0,0.0,1,Mainly clear,6.1,15.0,43,,Clear,False
2026-01-16,21,28.9,20.1,0.0,0.0,0.0,0.0,0,Clear sky,6.8,14.1,50,,Clear,False
2026-01-16,22,28.9,19.8,0.0,0.0,0.0,0.0,3,Overcast,7.8,16.8,53,,Cloudy,False
2026-01-16,23,29.1,20.1,0.0,0.0,0.0,0.0,1,Mainly clear,7.6,17.2,53,,Clear,False
2026-01-17,0,29.1,20.7,0.0,0.0,0.0,0.0,0,Clear sky,6.2,16.3,54,,Clear,False
2026-01-17,1,28.6,20.7,0.0,0.0,0.0,0.0,3,Overcast,5.0,13.2,57,,Cloudy,False
2026-01-17,2,30.2,22.4,0.0,0.0,0.0,0.0,3,Overcast,5.1,11.0,55,,Cloudy,False
2026-01-17,3,31.3,23.7,0.0,0.0,0.0,0.0,3,Overcast,4.8,10.5,58,,Cloudy,False
2026-01-17,4,31.6,24.6,0.004,0.0,0.028,0.0,71,Slight snowfall,3.9,10.3,62,,Snow,True
2026-01-17,5,31.6,25.2,0.004,0.0,0.028,0.0,71,Slight snowfall,3.0,8.3,68,,Snow,True
2026-01-17,6,31.8,26.1,0.0,0.0,0.0,0.0,3,Overcast,1.7,5.6,70,,Cloudy,False
2026-01-17,7,32.1,26.0,0.0,0.0,0.0,0.0,3,Overcast,2.6,4.9,69,,Cloudy,False
2026-01-17,8,32.4,26.2,0.0,0.0,0.0,0.0,3,Overcast,2.8,6.3,68,,Cloudy,False
2026-01-17,9,33.9,27.2,0.0,0.0,0.0,0.0,3,Overcast,4.1,7.8,65,,Cloudy,False
2026-01-17,10,34.8,27.7,0.004,0.0,0.028,0.0,71,Slight snowfall,4.9,10.1,63,,Snow,True
2026-01-17,11,35.3,28.9,0.008,0.0,0.055,0.033,71,Slight snowfall,3.9,11.0,65,,Snow,True
2026-01-17,12,34.7,28.5,0.008,0.0,0.055,0.033,71,Slight snowfall,3.6,10.1,69,,Snow,True
2026-01-17,13,33.6,26.9,0.02,0.0,0.138,0.033,73,Moderate snowfall,5.3,12.3,77,,Snow,True
2026-01-17,14,32.7,26.8,0.063,0.0,0.441,0.066,75,Heavy snowfall,4.4,11.4,90,,Snow,True
2026-01-17,15,32.9,26.0,0.059,0.0,0.413,0.098,75,Heavy snowfall,6.8,15.2,91,,Snow,True
2026-01-17,16,33.4,26.5,0.008,0.0,0.055,0.098,71,Slight snowfall,6.7,16.6,90,,Snow,True
2026-01-17,17,33.5,26.9,0.0,0.0,0.0,0.098,3,Overcast,6.2,14.3,89,,Cloudy,False
2026-01-17,18,32.5,26.1,0.0,0.0,0.0,0.098,0,Clear sky,5.1,13.0,90,,Clear,False
2026-01-17,19,30.5,24.0,0.0,0.0,0.0,0.098,0,Clear sky,4.9,10.5,91,,Clear,False
2026-01-17,20,30.3,23.8,0.0,0.0,0.0,0.098,1,Mainly clear,5.0,9.8,93,,Clear,False
2026-01-17,21,28.0,21.9,0.0,0.0,0.0,0.098,0,Clear sky,3.6,9.4,94,,Clear,False
2026-01-17,22,25.4,19.1,0.0,0.0,0.0,0.098,0,Clear sky,3.4,7.2,97,,Clear,False
2026-01-17,23,24.4,18.3,0.0,0.0,0.0,0.098,1,Mainly clear,2.9,6.5,98,,Clear,False
2026-01-18,0,23.8,17.6,0.0,0.0,0.0,0.098,1,Mainly clear,3.1,5.8,99,,Clear,False
2026-01-18,1,24.0,18.5,0.0,0.0,0.0,0.098,1,Mainly clear,1.3,5.8,99,,Clear,False
2026-01-18,2,25.0,19.4,0.0,0.0,0.0,0.131,3,Overcast,1.9,2.9,99,,Cloudy,False
2026-01-18,3,26.9,20.7,0.0,0.0,0.0,0.131,3,Overcast,3.7,7.2,99,,Cloudy,False
2026-01-18,4,26.6,21.0,0.0,0.0,0.0,0.131,3,Overcast,2.3,7.8,99,,Cloudy,False
2026-01-18,5,27.4,22.3,0.0,0.0,0.0,0.131,3,Overcast,1.5,5.4,99,,Cloudy,False
2026-01-18,6,27.3,22.1,0.0,0.0,0.0,0.131,3,Overcast,1.6,3.8,99,,Cloudy,False
2026-01-18,7,27.6,22.8,0.004,0.0,0.028,0.131,71,Slight snowfall,0.8,4.3,99,,Snow,True
2026-01-18,8,28.2,22.9,0.012,0.0,0.083,0.131,73,Moderate snowfall,2.0,2.7,98,,Snow,True
2026-01-18,9,29.0,24.1,0.043,0.0,0.303,0.164,73,Moderate snowfall,1.4,3.6,97,,Snow,True
2026-01-18,10,29.7,24.9,0.043,0.0,0.303,0.197,73,Moderate snowfall,1.3,2.9,97,,Snow,True
2026-01-18,11,30.3,25.1,0.024,0.0,0.165,0.23,73,Moderate snowfall,2.5,4.9,98,,Snow,True
2026-01-18,12,31.3,25.9,0.012,0.0,0.083,0.23,73,Moderate snowfall,3.2,6.5,97,,Snow,True
2026-01-18,13,31.7,26.5,0.02,0.0,0.165,0.23,73,Moderate snowfall,3.0,8.1,97,,Snow,True
2026-01-18,14,32.3,26.1,0.024,0.0,0.165,0.197,73,Moderate snowfall,5.3,8.5,95,,Snow,True
2026-01-18,15,32.6,26.4,0.02,0.0,0.138,0.23,73,Moderate snowfall,5.4,11.9,95,,Snow,True
2026-01-18,16,33.1,26.7,0.016,0.0,0.11,0.23,73,Moderate snowfall,5.8,11.6,93,,Snow,True
2026-01-18,17,33.0,26.2,0.016,0.0,0.11,0.23,73,Moderate snowfall,6.7,13.9,92,,Snow,True
2026-01-18,18,32.5,25.9,0.012,0.0,0.083,0.23,73,Moderate snowfall,5.9,13.9,91,,Snow,True
2026-01-18,19,32.2,25.7,0.02,0.0,0.138,0.23,73,Moderate snowfall,5.6,11.9,93,,Snow,True
2026-01-18,20,31.8,24.7,0.028,0.0,0.193,0.23,73,Moderate snowfall,7.3,11.4,94,,Snow,True
2026-01-18,21,31.6,24.0,0.051,0.0,0.358,0.23,75,Heavy snowfall,8.2,16.8,94,,Snow,True
2026-01-18,22,30.8,23.0,0.031,0.0,0.22,0.262,73,Moderate snowfall,8.4,17.4,92,,Snow,True
2026-01-18,23,29.8,21.8,0.012,0.0,0.083,0.262,73,Moderate snowfall,8.3,17.2,90,,Snow,True
2026-01-19,0,29.5,21.8,0.0,0.0,0.0,0.262,3,Overcast,7.2,16.8,88,,Cloudy,False
2026-01-19,1,29.3,22.2,0.0,0.0,0.0,0.262,3,Overcast,5.9,14.3,87,,Cloudy,False
2026-01-19,2,29.4,23.0,0.0,0.0,0.0,0.23,2,Partly cloudy,4.4,11.6,90,,Cloudy,False
2026-01-19,3,28.3,21.1,0.0,0.0,0.0,0.23,3,Overcast,6.1,11.9,90,,Cloudy,False
2026-01-19,4,27.5,20.4,0.0,0.0,0.0,0.23,3,Overcast,5.1,12.1,87,,Cloudy,False
2026-01-19,5,25.6,17.7,0.0,0.0,0.0,0.23,3,Overcast,6.6,12.8,85,,Cloudy,False
2026-01-19,6,23.2,14.4,0.0,0.0,0.0,0.197,2,Partly cloudy,8.0,16.1,85,,Cloudy,False
2026-01-19,7,22.7,14.4,0.0,0.0,0.0,0.197,2,Partly cloudy,6.9,16.1,85,,Cloudy,False
2026-01-19,8,22.1,13.8,0.0,0.0,0.0,0.197,0,Clear sky,6.7,13.9,86,,Clear,False
2026-01-19,9,20.4,11.9,0.0,0.0,0.0,0.197,0,Clear sky,6.7,13.2,84,,Clear,False
2026-01-19,10,20.4,11.7,0.0,0.0,0.0,0.197,0,Clear sky,7.0,15.4,80,,Clear,False
2026-01-19,11,21.2,12.7,0.0,0.0,0.0,0.197,0,Clear sky,6.3,14.1,76,,Clear,False
2026-01-19,12,23.3,15.5,0.0,0.0,0.0,0.197,0,Clear sky,4.9,13.4,72,,Clear,False
2026-01-19,13,24.9,16.9,0.0,0.0,0.0,0.197,0,Clear sky,5.7,13.2,71,,Clear,False
2026-01-19,14,27.3,19.3,0.0,0.0,0.0,0.197,0,Clear sky,6.5,13.4,74,,Clear,False
2026-01-19,15,28.2,20.5,0.0,0.0,0.0,0.164,2,Partly cloudy,5.8,14.5,74,,Cloudy,False
2026-01-19,16,29.3,20.7,0.0,0.0,0.0,0.164,3,Overcast,7.9,16.8,68,,Cloudy,False
2026-01-19,17,29.2,20.6,0.0,0.0,0.0,0.164,3,Overcast,8.0,17.0,70,,Cloudy,False
2026-01-19,18,28.6,19.9,0.0,0.0,0.0,0.164,3,Overcast,8.1,17.9,71,,Cloudy,False
2026-01-19,19,26.1,18.1,0.0,0.0,0.0,0.164,2,Partly cloudy,6.0,16.8,74,,Cloudy,False
2026-01-19,20,25.1,16.5,0.0,0.0,0.0,0.164,1,Mainly clear,6.9,11.9,71,,Clear,False
2026-01-19,21,25.5,17.0,0.0,0.0,0.0,0.164,3,Overcast,7.2,14.1,74,,Cloudy,False
2026-01-19,22,26.5,17.2,0.0,0.0,0.0,0.164,1,Mainly clear,9.3,18.3,73,,Clear,False
2026-01-19,23,26.1,16.0,0.0,0.0,0.0,0.164,0,Clear sky,10.1,22.4,62,,Clear,False
2026-01-20,0,23.9,13.1,0.0,0.0,0.0,0.164,0,Clear sky,11.2,23.5,56,,Clear,False
2026-01-20,1,21.9,11.5,0.0,0.0,0.0,0.164,0,Clear sky,10.0,23.3,58,,Clear,False
2026-01-20,2,21.0,10.4,0.0,0.0,0.0,0.164,0,Clear sky,10.2,20.8,57,,Clear,False
2026-01-20,3,19.1,9.1,0.0,0.0,0.0,0.164,0,Clear sky,8.8,20.8,59,,Clear,False
2026-01-20,4,17.5,7.7,0.0,0.0,0.0,0.164,0,Clear sky,8.2,17.9,62,,Clear,False
2026-01-20,5,16.2,6.5,0.0,0.0,0.0,0.164,0,Clear sky,7.6,16.6,64,,Clear,False
2026-01-20,6,14.9,5.6,0.0,0.0,0.0,0.164,0,Clear sky,6.8,15.4,66,,Clear,False
2026-01-20,7,13.3,4.2,0.0,0.0,0.0,0.164,0,Clear sky,6.2,13.6,68,,Clear,False
2026-01-20,8,13.1,3.4,0.0,0.0,0.0,0.164,0,Clear sky,7.5,12.8,67,,Clear,False
2026-01-20,9,12.7,2.9,0.0,0.0,0.0,0.164,0,Clear sky,7.7,15.4,67,,Clear,False
2026-01-20,10,13.6,3.5,0.0,0.0,0.0,0.164,0,Clear sky,8.4,17.9,64,,Clear,False
2026-01-20,11,14.8,4.9,0.0,0.0,0.0,0.164,0,Clear sky,8.0,17.0,62,,Clear,False
2026-01-20,12,15.5,4.9,0.0,0.0,0.0,0.164,0,Clear sky,9.7,21.7,59,,Clear,False
2026-01-20,13,16.2,5.4,0.0,0.0,0.0,0.164,0,Clear sky,10.0,22.4,58,,Clear,False
2026-01-20,14,18.9,7.7,0.0,0.0,0.0,0.164,0,Clear sky,10.9,25.3,51,,Clear,False
2026-01-20,15,19.7,8.7,0.0,0.0,0.0,0.164,0,Clear sky,10.5,25.1,50,,Clear,False
2026-01-20,16,19.2,8.7,0.0,0.0,0.0,0.164,0,Clear sky,9.7,23.7,53,,Clear,False
2026-01-20,17,18.6,8.8,0.0,0.0,0.0,0.164,0,Clear sky,8.0,21.3,57,,Clear,False
2026-01-20,18,17.5,7.3,0.0,0.0,0.0,0.131,0,Clear sky,8.8,18.6,56,,Clear,False
2026-01-20,19,16.4,6.7,0.0,0.0,0.0,0.131,0,Clear sky,7.7,18.6,58,,Clear,False
2026-01-20,20,15.0,5.7,0.0,0.0,0.0,0.131,0,Clear sky,6.5,15.9,59,,Clear,False
2026-01-20,21,14.0,5.1,0.0,0.0,0.0,0.131,0,Clear sky,5.4,12.5,60,,Clear,False
2026-01-20,22,13.4,4.3,0.0,0.0,0.0,0.131,0,Clear sky,5.8,11.4,60,,Clear,False
2026-01-20,23,12.7,3.6,0.0,0.0,0.0,0.131,0,Clear sky,6.0,12.3,61,,Clear,False
2026-01-21,0,12.1,3.1,0.0,0.0,0.0,0.131,0,Clear sky,5.7,12.1,62,,Clear,False
2026-01-21,1,11.4,2.6,0.0,0.0,0.0,0.131,0,Clear sky,4.9,11.6,62,,Clear,False
2026-01-21,2,10.8,1.8,0.0,0.0,0.0,0.131,0,Clear sky,5.2,10.1,58,,Clear,False
2026-01-21,3,9.7,1.0,0.0,0.0,0.0,0.131,0,Clear sky,4.4,10.3,59,,Clear,False
2026-01-21,4,8.7,0.2,0.0,0.0,0.0,0.131,0,Clear sky,3.9,9.8,61,,Clear,False
2026-01-21,5,6.5,-1.8,0.0,0.0,0.0,0.131,0,Clear sky,3.6,7.8,62,,Clear,False
2026-01-21,6,6.4,-1.9,0.0,0.0,0.0,0.131,0,Clear sky,3.6,7.4,63,,Clear,False
2026-01-21,7,5.7,-2.6,0.0,0.0,0.0,0.131,0,Clear sky,3.4,7.2,64,,Clear,False
2026-01-21,8,6.5,-1.6,0.0,0.0,0.0,0.131,0,Clear sky,3.1,7.4,70,,Clear,False
2026-01-21,9,5.8,-2.3,0.0,0.0,0.0,0.131,0,Clear sky,3.1,6.7,70,,Clear,False
2026-01-21,10,10.0,2.3,0.0,0.0,0.0,0.131,0,Clear sky,2.5,6.3,64,,Clear,False
2026-01-21,11,13.1,5.3,0.0,0.0,0.0,0.131,3,Overcast,2.9,7.8,62,,Cloudy,False
2026-01-21,12,16.8,8.9,0.0,0.0,0.0,0.131,3,Overcast,3.3,9.2,58,,Cloudy,False
2026-01-21,13,20.3,12.2,0.0,0.0,0.0,0.131,3,Overcast,4.2,10.7,57,,Cloudy,False
2026-01-21,14,24.9,16.3,0.0,0.0,0.0,0.131,3,Overcast,5.6,11.9,51,,Cloudy,False
2026-01-21,15,26.8,17.9,0.0,0.0,0.0,0.131,2,Partly cloudy,6.5,14.5,49,,Cloudy,False
2026-01-21,16,28.7,19.2,0.0,0.0,0.0,0.131,1,Mainly clear,9.0,21.0,59,,Clear,False
2026-01-21,17,29.9,21.5,0.0,0.0,0.0,0.131,3,Overcast,7.4,19.7,66,,Cloudy,False
2026-01-21,18,30.7,22.4,0.0,0.0,0.0,0.131,2,Partly cloudy,7.4,15.7,68,,Cloudy,False
2026-01-21,19,32.2,23.2,0.0,0.0,0.0,0.131,3,Overcast,9.3,18.8,68,,Cloudy,False
2026-01-21,20,33.8,25.2,0.0,0.0,0.0,0.131,3,Overcast,8.6,20.8,67,,Cloudy,False
2026-01-21,21,33.9,25.4,0.0,0.0,0.0,0.131,3,Overcast,8.7,18.3,68,,Cloudy,False
2026-01-21,22,33.6,25.5,0.0,0.0,0.0,0.131,3,Overcast,7.9,18.1,71,,Cloudy,False
2026-01-21,23,33.8,26.0,0.0,0.0,0.0,0.131,3,Overcast,7.4,16.3,72,,Cloudy,False
2026-01-22,0,34.0,25.9,0.004,0.0,0.028,0.131,71,Slight snowfall,8.0,16.3,71,,Snow,True
2026-01-22,1,34.4,25.9,0.004,0.0,0.028,0.131,71,Slight snowfall,8.9,18.6,69,,Snow,True
2026-01-22,2,35.7,27.0,0.0,0.0,0.0,0.131,3,Overcast,9.2,18.8,65,,Cloudy,False
2026-01-22,3,35.9,27.2,0.0,0.0,0.0,0.131,3,Overcast,9.1,19.0,64,,Cloudy,False
2026-01-22,4,36.4,27.9,0.0,0.0,0.0,0.131,3,Overcast,8.8,18.8,64,,Cloudy,False
2026-01-22,5,35.4,26.9,0.0,0.0,0.0,0.131,3,Overcast,8.7,18.3,65,,Cloudy,False
2026-01-22,6,35.4,26.9,0.0,0.0,0.0,0.131,0,Clear sky,8.9,18.1,66,,Clear,False
2026-01-22,7,35.3,26.7,0.0,0.0,0.0,0.131,0,Clear sky,9.1,19.2,67,,Clear,False
2026-01-22,8,35.2,26.6,0.0,0.0,0.0,0.131,2,Partly cloudy,8.6,18.6,63,,Cloudy,False
2026-01-22,9,34.2,25.7,0.0,0.0,0.0,0.131,3,Overcast,8.3,17.2,65,,Cloudy,False
2026-01-22,10,34.9,27.4,0.0,0.0,0.0,0.131,3,Overcast,6.3,16.6,66,,Cloudy,False
2026-01-22,11,36.7,29.2,0.0,0.0,0.0,0.131,3,Overcast,6.5,14.5,64,,Cloudy,False
2026-01-22,12,37.9,31.6,0.0,0.0,0.0,0.131,2,Partly cloudy,4.4,13.0,67,,Cloudy,False
2026-01-22,13,41.0,32.7,0.0,0.0,0.0,0.131,2,Partly cloudy,9.3,19.5,60,,Cloudy,False
2026-01-22,14,43.7,35.1,0.0,0.0,0.0,0.098,1,Mainly clear,9.9,22.8,54,,Clear,False
2026-01-22,15,42.8,34.4,0.0,0.0,0.0,0.066,1,Mainly clear,9.2,21.3,53,,Clear,False
2026-01-22,16,42.4,34.4,0.0,0.0,0.0,0.066,1,Mainly clear,8.2,20.8,54,,Clear,False
2026-01-22,17,41.5,33.8,0.0,0.0,0.0,0.066,3,Overcast,7.2,18.6,55,,Cloudy,False
2026-01-22,18,40.4,32.0,0.0,0.0,0.0,0.066,3,Overcast,8.8,18.6,56,,Cloudy,False
2026-01-22,19,39.2,29.5,0.0,0.0,0.0,0.066,3,Overcast,11.1,23.9,52,,Cloudy,False
2026-01-22,20,38.5,30.0,0.0,0.0,0.0,0.066,1,Mainly clear,8.2,23.7,54,,Clear,False
2026-01-22,21,36.4,28.1,0.0,0.0,0.0,0.066,2,Partly cloudy,7.4,18.6,53,,Cloudy,False
2026-01-22,22,32.4,25.1,0.0,0.0,0.0,0.066,3,Overcast,4.6,15.2,61,,Cloudy,False
2026-01-22,23,32.6,24.5,0.0,0.0,0.0,0.066,3,Overcast,6.3,12.5,56,,Cloudy,False
2026-01-23,0,33.1,23.9,0.0,0.0,0.0,0.066,3,Overcast,8.1,17.0,48,,Cloudy,False
2026-01-23,1,32.5,22.9,0.0,0.0,0.0,0.066,2,Partly cloudy,8.8,19.0,47,,Cloudy,False
2026-01-23,2,34.0,23.3,0.0,0.0,0.0,0.066,2,Partly cloudy,10.9,19.0,38,,Cloudy,False
2026-01-23,3,32.5,22.1,0.0,0.0,0.0,0.066,2,Partly cloudy,10.0,23.0,39,,Cloudy,False
2026-01-23,4,30.1,21.6,0.0,0.0,0.0,0.066,1,Mainly clear,6.0,21.5,47,,Clear,False
2026-01-23,5,26.1,18.3,0.0,0.0,0.0,0.066,1,Mainly clear,4.1,12.8,54,,Clear,False
2026-01-23,6,24.4,16.8,0.0,0.0,0.0,0.066,2,Partly cloudy,3.8,8.7,56,,Cloudy,False
2026-01-23,7,23.6,15.9,0.0,0.0,0.0,0.066,3,Overcast,3.7,8.1,57,,Cloudy,False
2026-01-23,8,27.4,19.4,0.0,0.0,0.0,0.033,3,Overcast,4.0,8.7,41,,Cloudy,False
2026-01-23,9,29.0,19.9,0.0,0.0,0.0,0.033,3,Overcast,6.9,13.9,43,,Cloudy,False
2026-01-23,10,30.7,22.4,0.0,0.0,0.0,0.033,3,Overcast,5.3,14.8,42,,Cloudy,False
2026-01-23,11,32.7,23.8,0.0,0.0,0.0,0.033,3,Overcast,6.5,15.7,39,,Cloudy,False
2026-01-23,12,34.4,24.5,0.0,0.0,0.0,0.033,3,Overcast,9.1,21.5,36,,Cloudy,False
2026-01-23,13,35.5,24.2,0.0,0.0,0.0,0.033,3,Overcast,12.1,28.2,33,,Cloudy,False
2026-01-23,14,35.7,24.2,0.0,0.0,0.0,0.033,3,Overcast,12.3,29.8,32,,Cloudy,False
2026-01-23,15,36.0,24.5,0.0,0.0,0.0,0.033,3,Overcast,12.6,28.6,33,,Cloudy,False
2026-01-23,16,35.4,24.5,0.0,0.0,0.0,0.033,3,Overcast,11.3,28.6,34,,Cloudy,False
2026-01-23,17,34.1,23.1,0.0,0.0,0.0,0.033,3,Overcast,11.3,25.9,35,,Cloudy,False
2026-01-23,18,31.6,18.5,0.0,0.0,0.0,0.033,0,Clear sky,15.7,33.8,29,,Clear,False
2026-01-23,19,28.8,16.3,0.0,0.0,0.0,0.033,1,Mainly clear,14.1,35.6,32,,Clear,False
2026-01-23,20,28.0,17.1,0.0,0.0,0.0,0.066,0,Clear sky,10.8,30.6,39,,Clear,False
2026-01-23,21,24.7,13.0,0.0,0.0,0.0,0.066,0,Clear sky,12.3,26.8,42,,Clear,False
2026-01-23,22,21.6,9.6,0.0,0.0,0.0,0.066,0,Clear sky,12.4,28.2,37,,Clear,False
2026-01-23,23,18.6,6.7,0.0,0.0,0.0,0.033,0,Clear sky,12.1,27.7,39,,Clear,False
2026-01-24,0,15.1,2.7,0.0,0.0,0.0,0.033,0,Clear sky,12.9,30.2,37,,Clear,False
2026-01-24,1,12.6,0.3,0.0,0.0,0.0,0.033,1,Mainly clear,12.5,30.6,38,,Clear,False
2026-01-24,2,13.0,1.7,0.0,0.0,0.0,0.033,1,Mainly clear,10.0,28.4,33,,Clear,False
2026-01-24,3,11.8,0.5,0.0,0.0,0.0,0.033,0,Clear sky,10.1,22.6,37,,Clear,False
2026-01-24,4,10.7,-0.5,0.0,0.0,0.0,0.033,0,Clear sky,9.8,22.4,41,,Clear,False
2026-01-24,5,9.9,-1.4,0.0,0.0,0.0,0.033,1,Mainly clear,10.0,22.4,44,,Clear,False
2026-01-24,6,9.0,-2.4,0.0,0.0,0.0,0.033,2,Partly cloudy,10.5,23.5,47,,Cloudy,False
2026-01-24,7,8.4,-3.0,0.0,0.0,0.0,0.033,3,Overcast,10.6,23.9,48,,Cloudy,False
2026-01-24,8,9.3,-1.7,0.0,0.0,0.0,0.033,3,Overcast,9.6,23.7,45,,Cloudy,False
2026-01-24,9,10.0,-0.5,0.0,0.0,0.0,0.033,3,Overcast,8.1,19.5,43,,Cloudy,False
2026-01-24,10,10.6,-0.7,0.0,0.0,0.0,0.033,3,Overcast,10.0,23.3,40,,Cloudy,False
2026-01-24,11,11.6,0.4,0.0,0.0,0.0,0.033,3,Overcast,9.7,23.9,38,,Cloudy,False
2026-01-24,12,13.1,2.4,0.0,0.0,0.0,0.033,3,Overcast,8.8,23.5,36,,Cloudy,False
2026-01-24,13,14.7,4.2,0.0,0.0,0.0,0.033,3,Overcast,8.3,22.4,32,,Cloudy,False
2026-01-24,14,17.0,6.9,0.0,0.0,0.0,0.033,2,Partly cloudy,7.1,22.1,28,,Cloudy,False
2026-01-24,15,18.3,8.1,0.0,0.0,0.0,0.033,2,Partly cloudy,7.4,19.5,25,,Cloudy,False
2026-01-24,16,18.4,7.7,0.0,0.0,0.0,0.033,3,Overcast,8.4,21.0,25,,Cloudy,False
2026-01-24,17,17.7,6.9,0.0,0.0,0.0,0.033,3,Overcast,8.7,20.8,26,,Cloudy,False
2026-01-24,18,16.5,5.9,0.0,0.0,0.0,0.033,3,Overcast,8.5,20.8,30,,Cloudy,False
2026-01-24,19,15.5,5.3,0.0,0.0,0.0,0.033,3,Overcast,7.6,18.8,34,,Cloudy,False
2026-01-24,20,16.3,7.5,0.0,0.0,0.0,0.033,3,Overcast,4.1,16.8,30,,Cloudy,False
2026-01-24,21,16.4,7.2,0.0,0.0,0.0,0.033,3,Overcast,5.2,11.6,28,,Cloudy,False
2026-01-24,22,15.8,6.2,0.0,0.0,0.0,0.033,3,Overcast,6.1,14.5,31,,Cloudy,False
2026-01-24,23,15.2,5.7,0.0,0.0,0.0,0.033,3,Overcast,5.7,14.3,34,,Cloudy,False
2026-01-25,0,14.8,5.8,0.0,0.0,0.0,0.033,3,Overcast,4.7,13.2,35,,Cloudy,False
2026-01-25,1,14.0,5.2,0.0,0.0,0.0,0.033,3,Overcast,4.2,11.6,36,,Cloudy,False
2026-01-25,2,13.8,5.1,0.0,0.0,0.0,0.033,3,Overcast,4.0,11.0,32,,Cloudy,False
2026-01-25,3,13.5,4.3,0.0,0.0,0.0,0.033,3,Overcast,4.8,12.3,33,,Cloudy,False
2026-01-25,4,13.2,3.9,0.0,0.0,0.0,0.033,3,Overcast,5.4,13.4,36,,Cloudy,False
2026-01-25,5,12.7,3.5,0.0,0.0,0.0,0.033,3,Overcast,5.4,13.9,39,,Cloudy,False
2026-01-25,6,12.2,2.9,0.004,0.0,0.028,0.033,71,Slight snowfall,5.6,13.9,42,,Snow,True
2026-01-25,7,11.8,2.5,0.008,0.0,0.055,0.033,71,Slight snowfall,5.8,14.5,47,,Snow,True
2026-01-25,8,10.4,1.3,0.008,0.0,0.055,0.066,71,Slight snowfall,5.9,14.1,67,,Snow,True
2026-01-25,9,10.0,0.7,0.039,0.0,0.276,0.131,73,Moderate snowfall,6.7,14.8,74,,Snow,True
2026-01-25,10,10.6,1.2,0.067,0.0,0.469,0.197,75,Heavy snowfall,7.1,15.0,81,,Snow,True
2026-01-25,11,11.4,1.2,0.083,0.0,0.579,0.295,75,Heavy snowfall,9.2,19.7,84,,Snow,True
2026-01-25,12,11.3,0.9,0.11,0.0,0.772,0.394,75,Heavy snowfall,9.6,21.7,83,,Snow,True
2026-01-25,13,11.5,0.4,0.114,0.0,0.799,0.492,75,Heavy snowfall,11.2,22.4,83,,Snow,True
2026-01-25,14,10.7,-1.0,0.142,0.0,0.992,0.623,75,Heavy snowfall,12.7,24.8,83,,Snow,True
2026-01-25,15,11.8,0.2,0.126,0.0,0.882,0.722,75,Heavy snowfall,12.5,25.9,83,,Snow,True
2026-01-25,16,13.6,1.6,0.106,0.004,0.717,0.82,75,Heavy snowfall,13.9,28.0,84,,Snow,True
2026-01-25,17,15.3,3.6,0.114,0.028,0.606,0.886,75,Heavy snowfall,13.4,29.3,85,,Snow,True
2026-01-25,18,17.1,5.9,0.071,0.012,0.413,0.951,75,Heavy snowfall,12.3,40.7,84,,Snow,True
2026-01-25,19,18.4,6.1,0.067,0.008,0.413,0.984,75,Heavy snowfall,15.4,42.7,87,,Snow,True
2026-01-25,20,18.4,7.6,0.063,0.004,0.413,0.886,75,Heavy snowfall,11.8,36.0,85,,Snow,True
2026-01-25,21,20.2,8.7,0.059,0.055,0.028,0.919,71,Slight snowfall,13.9,31.3,86,,Snow,True
2026-01-25,22,21.4,10.6,0.035,0.012,0.165,0.919,73,Moderate snowfall,12.4,34.0,86,,Snow,True
2026-01-25,23,22.7,13.2,0.024,0.016,0.055,0.919,71,Slight snowfall,9.9,25.9,87,,Snow,True
2026-01-26,0,21.3,11.6,0.008,0.0,0.055,0.919,71,Slight snowfall,10.0,22.6,87,,Snow,True
2026-01-26,1,20.7,10.6,0.008,0.0,0.055,0.919,71,Slight snowfall,10.5,21.7,85,,Snow,True
2026-01-26,2,20.9,11.5,0.0,0.0,0.0,0.853,3,Overcast,9.1,21.7,84,,Cloudy,False
2026-01-26,3,21.5,12.5,0.0,0.0,0.0,0.82,3,Overcast,8.0,18.8,84,,Cloudy,False
2026-01-26,4,21.8,13.2,0.0,0.0,0.0,0.82,3,Overcast,7.3,16.3,83,,Cloudy,False
2026-01-26,5,21.6,13.1,0.0,0.0,0.0,0.82,3,Overcast,6.8,15.2,83,,Cloudy,False
2026-01-26,6,21.3,13.1,0.0,0.0,0.0,0.82,3,Overcast,6.1,13.9,83,,Cloudy,False
2026-01-26,7,20.6,12.5,0.0,0.0,0.0,0.82,3,Overcast,5.8,12.5,85,,Cloudy,False
2026-01-26,8,18.7,10.6,0.0,0.0,0.0,0.82,3,Overcast,5.6,12.5,86,,Cloudy,False
2026-01-26,9,18.5,10.7,0.004,0.0,0.028,0.82,71,Slight snowfall,4.8,11.2,86,,Snow,True
2026-01-26,10,18.7,11.0,0.0,0.0,0.0,0.787,3,Overcast,4.5,9.8,85,,Cloudy,False
2026-01-26,11,19.1,11.4,0.0,0.0,0.0,0.787,3,Overcast,4.8,10.5,85,,Cloudy,False
2026-01-26,12,20.2,12.6,0.0,0.0,0.0,0.787,3,Overcast,4.5,10.7,84,,Cloudy,False
2026-01-26,13,21.7,13.8,0.004,0.0,0.028,0.787,71,Slight snowfall,5.5,12.3,83,,Snow,True
2026-01-26,14,23.5,15.5,0.0,0.0,0.0,0.755,3,Overcast,6.0,12.3,79,,Cloudy,False
2026-01-26,15,25.8,18.2,0.0,0.0,0.0,0.755,3,Overcast,5.2,16.1,75,,Cloudy,False
2026-01-26,16,26.4,17.2,0.0,0.0,0.0,0.755,2,Partly cloudy,8.7,17.9,71,,Cloudy,False
2026-01-26,17,24.5,14.5,0.0,0.0,0.0,0.755,2,Partly cloudy,10.1,21.0,68,,Cloudy,False
2026-01-26,18,21.7,11.2,0.0,0.0,0.0,0.722,3,Overcast,10.9,22.4,68,,Cloudy,False
2026-01-26,19,20.0,9.3,0.0,0.0,0.0,0.722,3,Overcast,11.2,23.3,69,,Cloudy,False
2026-01-26,20,20.7,10.6,0.0,0.0,0.0,0.722,3,Overcast,9.5,23.0,66,,Cloudy,False
2026-01-26,21,18.9,8.9,0.0,0.0,0.0,0.722,3,Overcast,9.0,19.5,66,,Cloudy,False
2026-01-26,22,18.5,7.7,0.0,0.0,0.0,0.722,3,Overcast,10.8,22.1,65,,Cloudy,False
2026-01-26,23,17.2,5.4,0.0,0.0,0.0,0.722,1,Mainly clear,12.8,25.9,62,,Clear,False
2026-01-27,0,15.3,3.3,0.0,0.0,0.0,0.689,0,Clear sky,13.1,27.3,63,,Clear,False
2026-01-27,1,14.1,2.3,0.0,0.0,0.0,0.689,0,Clear sky,12.6,26.8,64,,Clear,False
2026-01-27,2,15.2,3.2,0.0,0.0,0.0,0.722,0,Clear sky,13.0,25.5,60,,Clear,False
2026-01-27,3,14.6,3.2,0.0,0.0,0.0,0.722,0,Clear sky,11.6,26.6,62,,Clear,False
2026-01-27,4,14.1,3.1,0.0,0.0,0.0,0.722,0,Clear sky,10.5,23.7,63,,Clear,False
2026-01-27,5,13.5,2.6,0.0,0.0,0.0,0.689,0,Clear sky,10.3,21.3,63,,Clear,False
2026-01-27,6,12.5,2.4,0.0,0.0,0.0,0.689,0,Clear sky,8.3,20.8,66,,Clear,False
2026-01-27,7,9.9,0.4,0.0,0.0,0.0,0.689,0,Clear sky,6.7,16.3,72,,Clear,False
2026-01-27,8,9.0,-0.5,0.0,0.0,0.0,0.722,1,Mainly clear,6.9,13.4,69,,Clear,False
2026-01-27,9,9.1,-0.6,0.0,0.0,0.0,0.722,0,Clear sky,7.3,13.9,70,,Clear,False
2026-01-27,10,10.3,0.7,0.0,0.0,0.0,0.722,0,Clear sky,7.1,14.3,71,,Clear,False
2026-01-27,11,11.9,2.0,0.0,0.0,0.0,0.689,1,Mainly clear,8.1,16.1,72,,Clear,False
2026-01-27,12,13.5,4.1,0.0,0.0,0.0,0.689,3,Overcast,7.1,16.6,73,,Cloudy,False
2026-01-27,13,15.3,6.2,0.0,0.0,0.0,0.689,3,Overcast,6.5,15.0,71,,Cloudy,False
2026-01-27,14,18.6,9.0,0.0,0.0,0.0,0.689,3,Overcast,7.6,18.1,59,,Cloudy,False
2026-01-27,15,18.8,8.9,0.0,0.0,0.0,0.689,3,Overcast,8.5,17.7,61,,Cloudy,False
2026-01-27,16,17.8,7.3,0.0,0.0,0.0,0.656,3,Overcast,9.8,20.6,60,,Cloudy,False
2026-01-27,17,17.2,6.5,0.004,0.0,0.028,0.656,71,Slight snowfall,10.3,21.5,64,,Snow,True
2026-01-27,18,16.1,5.5,0.0,0.0,0.0,0.656,1,Mainly clear,9.9,21.7,66,,Clear,False
2026-01-27,19,14.9,5.0,0.0,0.0,0.0,0.656,1,Mainly clear,8.3,20.4,68,,Clear,False
2026-01-27,20,14.3,5.2,0.0,0.0,0.0,0.656,0,Clear sky,6.5,16.6,69,,Clear,False
2026-01-27,21,13.6,3.9,0.0,0.0,0.0,0.656,0,Clear sky,7.8,14.5,70,,Clear,False
2026-01-27,22,14.3,3.6,0.0,0.0,0.0,0.656,0,Clear sky,9.9,19.2,67,,Clear,False
2026-01-27,23,14.6,3.7,0.0,0.0,0.0,0.656,0,Clear sky,10.6,21.0,65,,Clear,False
2026-01-28,0,13.9,3.3,0.0,0.0,0.0,0.656,0,Clear sky,9.8,21.0,65,,Clear,False
2026-01-28,1,12.8,2.6,0.0,0.0,0.0,0.656,0,Clear sky,8.8,19.7,66,,Clear,False
2026-01-28,2,12.9,2.6,0.0,0.0,0.0,0.656,0,Clear sky,8.8,17.4,64,,Clear,False
2026-01-28,3,12.7,2.3,0.0,0.0,0.0,0.656,0,Clear sky,9.2,18.3,66,,Clear,False
2026-01-28,4,12.3,2.2,0.0,0.0,0.0,0.623,0,Clear sky,8.4,18.1,67,,Clear,False
2026-01-28,5,11.5,1.5,0.0,0.0,0.0,0.623,0,Clear sky,8.1,16.6,68,,Clear,False
2026-01-28,6,10.8,0.8,0.0,0.0,0.0,0.623,0,Clear sky,8.1,15.7,69,,Clear,False
2026-01-28,7,10.0,-0.0,0.0,0.0,0.0,0.623,0,Clear sky,8.2,16.1,70,,Clear,False
2026-01-28,8,8.9,-0.6,0.0,0.0,0.0,0.623,0,Clear sky,6.7,15.9,69,,Clear,False
2026-01-28,9,9.6,0.2,0.0,0.0,0.0,0.623,0,Clear sky,6.5,12.5,69,,Clear,False
2026-01-28,10,10.8,1.9,0.0,0.0,0.0,0.623,0,Clear sky,5.4,12.1,69,,Clear,False
2026-01-28,11,12.7,3.7,0.0,0.0,0.0,0.623,0,Clear sky,5.9,11.0,69,,Clear,False
2026-01-28,12,14.7,5.8,0.0,0.0,0.0,0.623,0,Clear sky,6.1,11.2,72,,Clear,False
2026-01-28,13,16.9,9.0,0.0,0.0,0.0,0.623,3,Overcast,4.1,10.1,67,,Cloudy,False
2026-01-28,14,19.9,11.9,0.0,0.0,0.0,0.623,3,Overcast,4.3,8.7,63,,Cloudy,False
2026-01-28,15,20.0,12.0,0.0,0.0,0.0,0.623,3,Overcast,4.5,9.8,67,,Cloudy,False
2026-01-28,16,19.4,11.0,0.0,0.0,0.0,0.623,3,Overcast,5.6,11.0,71,,Cloudy,False
2026-01-28,17,18.7,9.9,0.0,0.0,0.0,0.623,3,Overcast,6.1,12.1,68,,Cloudy,False
2026-01-28,18,17.1,8.2,0.0,0.0,0.0,0.623,3,Overcast,6.2,12.1,69,,Cloudy,False
2026-01-28,19,16.0,6.6,0.0,0.0,0.0,0.623,0,Clear sky,7.3,13.9,69,,Clear,False
2026-01-28,20,13.6,4.2,0.0,0.0,0.0,0.623,0,Clear sky,7.0,14.1,66,,Clear,False
2026-01-28,21,12.4,2.8,0.0,0.0,0.0,0.623,3,Overcast,7.2,13.6,67,,Cloudy,False
2026-01-28,22,11.8,2.0,0.0,0.0,0.0,0.623,3,Overcast,7.7,15.4,67,,Cloudy,False
2026-01-28,23,10.4,0.7,0.0,0.0,0.0,0.623,1,Mainly clear,7.3,14.8,68,,Clear,False
2026-01-29,0,8.8,-0.6,0.0,0.0,0.0,0.623,0,Clear sky,6.6,14.1,70,,Clear,False
2026-01-29,1,7.6,-1.5,0.0,0.0,0.0,0.623,0,Clear sky,5.6,12.5,71,,Clear,False
2026-01-29,2,8.5,-1.1,0.0,0.0,0.0,0.623,0,Clear sky,6.9,11.2,65,,Clear,False
2026-01-29,3,9.1,-0.7,0.0,0.0,0.0,0.623,1,Mainly clear,7.5,14.3,65,,Clear,False
2026-01-29,4,8.9,-1.1,0.0,0.0,0.0,0.623,1,Mainly clear,7.8,15.4,65,,Clear,False
2026-01-29,5,8.0,-1.8,0.0,0.0,0.0,0.623,0,Clear sky,7.2,15.0,65,,Clear,False
2026-01-29,6,6.9,-2.6,0.0,0.0,0.0,0.623,0,Clear sky,6.5,13.9,66,,Clear,False
2026-01-29,7,5.6,-3.6,0.0,0.0,0.0,0.623,0,Clear sky,5.6,12.1,68,,Clear,False
2026-01-29,8,5.6,-4.1,0.0,0.0,0.0,0.623,0,Clear sky,6.9,11.0,67,,Clear,False
2026-01-29,9,6.4,-3.1,0.0,0.0,0.0,0.623,0,Clear sky,6.5,12.8,68,,Clear,False
2026-01-29,10,8.2,-1.2,0.0,0.0,0.0,0.623,0,Clear sky,6.6,12.5,69,,Clear,False
2026-01-29,11,10.8,1.2,0.0,0.0,0.0,0.623,0,Clear sky,7.2,13.6,69,,Clear,False
2026-01-29,12,13.0,3.8,0.0,0.0,0.0,0.623,0,Clear sky,6.6,13.9,71,,Clear,False
2026-01-29,13,15.2,6.7,0.0,0.0,0.0,0.623,0,Clear sky,5.4,12.1,68,,Clear,False
2026-01-29,14,16.8,8.6,0.0,0.0,0.0,0.591,0,Clear sky,5.3,11.4,66,,Clear,False
2026-01-29,15,17.9,9.8,0.0,0.0,0.0,0.591,0,Clear sky,4.4,11.2,66,,Clear,False
2026-01-29,16,18.1,9.7,0.0,0.0,0.0,0.591,0,Clear sky,5.2,10.5,68,,Clear,False
2026-01-29,17,16.9,8.5,0.0,0.0,0.0,0.591,0,Clear sky,4.9,10.5,67,,Clear,False
2026-01-29,18,14.5,5.6,0.0,0.0,0.0,0.591,0,Clear sky,5.9,10.7,69,,Clear,False
2026-01-29,19,12.9,3.3,0.0,0.0,0.0,0.591,0,Clear sky,7.7,14.1,72,,Clear,False
2026-01-29,20,13.3,3.5,0.0,0.0,0.0,0.623,0,Clear sky,7.8,16.1,68,,Clear,False
2026-01-29,21,14.1,4.3,0.0,0.0,0.0,0.591,1,Mainly clear,8.0,15.9,68,,Clear,False
2026-01-29,22,13.8,3.8,0.0,0.0,0.0,0.591,0,Clear sky,8.5,16.1,70,,Clear,False
2026-01-29,23,13.7,3.3,0.0,0.0,0.0,0.591,0,Clear sky,9.2,18.6,64,,Clear,False
2026-01-30,0,12.3,1.9,0.0,0.0,0.0,0.591,0,Clear sky,9.1,18.3,63,,Clear,False
2026-01-30,1,10.7,1.0,0.0,0.0,0.0,0.591,0,Clear sky,7.3,17.7,68,,Clear,False
2026-01-30,2,10.7,0.6,0.0,0.0,0.0,0.591,0,Clear sky,8.1,14.1,64,,Clear,False
2026-01-30,3,9.5,-0.6,0.0,0.0,0.0,0.591,0,Clear sky,8.1,15.7,65,,Clear,False
2026-01-30,4,8.8,-1.9,0.0,0.0,0.0,0.591,0,Clear sky,9.2,18.1,64,,Clear,False
2026-01-30,5,7.7,-3.0,0.0,0.0,0.0,0.591,0,Clear sky,9.4,19.2,64,,Clear,False
2026-01-30,6,6.4,-4.3,0.0,0.0,0.0,0.591,0,Clear sky,9.2,18.8,65,,Clear,False
2026-01-30,7,5.4,-5.2,0.0,0.0,0.0,0.591,0,Clear sky,8.8,18.3,66,,Clear,False
2026-01-30,8,4.9,-5.3,0.0,0.0,0.0,0.623,0,Clear sky,7.9,17.4,64,,Clear,False
2026-01-30,9,4.8,-5.4,0.0,0.0,0.0,0.623,0,Clear sky,7.8,15.0,66,,Clear,False
2026-01-30,10,6.6,-3.9,0.0,0.0,0.0,0.623,0,Clear sky,8.8,16.8,66,,Clear,False
2026-01-30,11,8.7,-1.8,0.0,0.0,0.0,0.591,0,Clear sky,8.9,18.8,63,,Clear,False
2026-01-30,12,10.0,-0.1,0.0,0.0,0.0,0.591,0,Clear sky,7.9,19.0,60,,Clear,False
2026-01-30,13,10.9,0.6,0.0,0.0,0.0,0.591,0,Clear sky,9.2,19.7,56,,Clear,False
2026-01-30,14,14.6,5.5,0.0,0.0,0.0,0.591,0,Clear sky,6.8,19.7,53,,Clear,False
2026-01-30,15,15.5,6.3,0.0,0.0,0.0,0.591,0,Clear sky,6.4,14.1,57,,Clear,False
2026-01-30,16,15.4,5.5,0.0,0.0,0.0,0.591,0,Clear sky,7.9,16.6,56,,Clear,False
2026-01-30,17,14.5,4.4,0.0,0.0,0.0,0.591,0,Clear sky,8.1,16.3,58,,Clear,False
2026-01-30,18,12.7,2.6,0.0,0.0,0.0,0.591,0,Clear sky,8.2,16.6,60,,Clear,False
2026-01-30,19,10.9,0.7,0.0,0.0,0.0,0.591,0,Clear sky,8.2,16.3,62,,Clear,False
2026-01-30,20,10.5,0.2,0.0,0.0,0.0,0.591,0,Clear sky,8.5,17.0,59,,Clear,False
2026-01-30,21,9.9,0.0,0.0,0.0,0.0,0.591,0,Clear sky,7.3,16.1,61,,Clear,False
2026-01-30,22,8.9,-0.9,0.0,0.0,0.0,0.591,0,Clear sky,7.2,13.9,62,,Clear,False
2026-01-30,23,7.9,-1.8,0.0,0.0,0.0,0.591,0,Clear sky,6.9,13.6,64,,Clear,False
2026-01-31,0,6.6,-2.8,0.0,0.0,0.0,0.591,0,Clear sky,6.3,13.0,66,,Clear,False
2026-01-31,1,5.6,-4.0,0.0,0.0,0.0,0.591,0,Clear sky,6.7,12.5,68,,Clear,False
2026-01-31,2,6.5,-2.8,0.0,0.0,0.0,0.591,0,Clear sky,5.9,12.5,63,,Clear,False
2026-01-31,3,6.4,-2.8,0.0,0.0,0.0,0.591,0,Clear sky,5.5,11.2,66,,Clear,False
2026-01-31,4,5.7,-3.3,0.0,0.0,0.0,0.591,3,Overcast,5.1,10.1,67,,Cloudy,False
2026-01-31,5,5.4,-3.5,0.0,0.0,0.0,0.591,1,Mainly clear,4.9,9.4,69,,Clear,False
2026-01-31,6,5.0,-3.8,0.0,0.0,0.0,0.591,1,Mainly clear,4.7,9.4,71,,Clear,False
2026-01-31,7,4.1,-4.6,0.0,0.0,0.0,0.591,1,Mainly clear,4.4,8.5,73,,Clear,False
2026-01-31,8,3.8,-4.9,0.0,0.0,0.0,0.591,2,Partly cloudy,4.4,8.9,70,,Cloudy,False
2026-01-31,9,4.2,-4.7,0.0,0.0,0.0,0.591,1,Mainly clear,4.9,8.7,73,,Clear,False
2026-01-31,10,6.4,-2.5,0.0,0.0,0.0,0.591,0,Clear sky,5.2,9.4,74,,Clear,False
2026-01-31,11,9.2,0.6,0.0,0.0,0.0,0.591,1,Mainly clear,4.8,9.4,76,,Clear,False
2026-01-31,12,11.3,3.8,0.0,0.0,0.0,0.591,0,Clear sky,2.4,7.6,74,,Clear,False
2026-01-31,13,13.5,6.7,0.0,0.0,0.0,0.591,0,Clear sky,1.6,6.0,71,,Clear,False
2026-01-31,14,18.7,12.1,0.0,0.0,0.0,0.591,0,Clear sky,1.4,5.6,59,,Clear,False
2026-01-31,15,19.8,13.1,0.0,0.0,0.0,0.591,0,Clear sky,0.9,4.7,60,,Clear,False
2026-01-31,16,19.3,12.1,0.0,0.0,0.0,0.591,2,Partly cloudy,2.6,6.0,67,,Cloudy,False
2026-01-31,17,16.9,9.9,0.0,0.0,0.0,0.591,3,Overcast,2.1,6.0,76,,Cloudy,False
2026-01-31,18,13.5,6.8,0.0,0.0,0.0,0.591,3,Overcast,1.1,4.0,82,,Cloudy,False
2026-01-31,19,11.0,4.3,0.0,0.0,0.0,0.591,3,Overcast,1.0,2.2,84,,Cloudy,False
2026-01-31,20,12.4,4.3,0.0,0.0,0.0,0.591,3,Overcast,3.8,16.8,67,,Cloudy,False
2026-01-31,21,14.1,4.5,0.0,0.0,0.0,0.591,3,Overcast,7.4,13.0,67,,Cloudy,False
2026-01-31,22,13.0,2.3,0.0,0.0,0.0,0.591,3,Overcast,10.0,19.2,68,,Cloudy,False
2026-01-31,23,12.3,1.0,0.0,0.0,0.0,0.591,3,Overcast,11.4,23.3,68,,Cloudy,False
2026-02-01,0,11.8,0.8,0.0,0.0,0.0,0.591,3,Overcast,10.5,23.0,69,,Cloudy,False
2026-02-01,1,10.8,-1.1,0.0,0.0,0.0,0.591,3,Overcast,12.5,25.5,70,,Cloudy,False
2026-02-01,2,12.2,0.3,0.0,0.0,0.0,0.591,3,Overcast,12.5,25.5,66,,Cloudy,False
2026-02-01,3,11.2,-0.7,0.0,0.0,0.0,0.591,3,Overcast,12.7,25.7,66,,Cloudy,False
2026-02-01,4,10.4,-2.0,0.0,0.0,0.0,0.591,3,Overcast,13.6,27.7,67,,Cloudy,False
2026-02-01,5,9.2,-3.2,0.0,0.0,0.0,0.591,3,Overcast,13.6,28.9,70,,Cloudy,False
2026-02-01,6,8.2,-3.9,0.0,0.0,0.0,0.558,3,Overcast,13.1,27.7,71,,Cloudy,False
2026-02-01,7,7.5,-5.4,0.0,0.0,0.0,0.558,3,Overcast,14.8,30.2,72,,Cloudy,False
2026-02-01,8,6.7,-6.1,0.0,0.0,0.0,0.591,2,Partly cloudy,14.2,30.6,69,,Cloudy,False
2026-02-01,9,7.0,-5.8,0.0,0.0,0.0,0.591,3,Overcast,14.2,29.1,69,,Cloudy,False
2026-02-01,10,7.8,-4.7,0.0,0.0,0.0,0.558,3,Overcast,13.6,29.1,69,,Cloudy,False
2026-02-01,11,9.0,-2.1,0.0,0.0,0.0,0.558,3,Overcast,10.5,28.2,69,,Cloudy,False
2026-02-01,12,10.6,-0.9,0.0,0.0,0.0,0.558,3,Overcast,11.6,24.8,68,,Cloudy,False
2026-02-01,13,12.7,1.6,0.0,0.0,0.0,0.558,3,Overcast,11.6,24.6,65,,Cloudy,False
2026-02-01,14,17.1,7.9,0.0,0.0,0.0,0.591,3,Overcast,7.2,24.6,57,,Cloudy,False
2026-02-01,15,19.0,10.1,0.0,0.0,0.0,0.591,3,Overcast,6.0,14.5,60,,Cloudy,False
2026-02-01,16,20.3,10.4,0.0,0.0,0.0,0.558,3,Overcast,8.5,17.2,59,,Cloudy,False
2026-02-01,17,20.6,10.8,0.0,0.0,0.0,0.558,3,Overcast,8.3,17.4,60,,Cloudy,False
2026-02-01,18,19.2,9.5,0.0,0.0,0.0,0.558,3,Overcast,8.3,17.2,64,,Cloudy,False
2026-02-01,19,17.8,7.5,0.0,0.0,0.0,0.558,3,Overcast,9.5,19.0,66,,Cloudy,False
2026-02-01,20,17.6,6.6,0.0,0.0,0.0,0.558,3,Overcast,11.0,21.7,62,,Cloudy,False
2026-02-01,21,16.3,5.3,0.0,0.0,0.0,0.558,3,Overcast,11.1,23.0,65,,Cloudy,False
2026-02-01,22,15.2,4.7,0.0,0.0,0.0,0.558,3,Overcast,9.7,22.4,67,,Cloudy,False
2026-02-01,23,14.1,3.7,0.0,0.0,0.0,0.558,3,Overcast,9.3,19.5,68,,Cloudy,False
2026-02-02,0,13.3,2.7,0.0,0.0,0.0,0.558,3,Overcast,9.7,19.0,67,,Cloudy,False
2026-02-02,1,12.4,1.9,0.0,0.0,0.0,0.558,1,Mainly clear,9.4,19.5,66,,Clear,False
2026-02-02,2,12.7,2.5,0.0,0.0,0.0,0.558,0,Clear sky,8.4,18.6,60,,Clear,False
2026-02-02,3,12.9,2.3,0.0,0.0,0.0,0.558,0,Clear sky,9.3,18.1,59,,Clear,False
2026-02-02,4,13.0,2.3,0.0,0.0,0.0,0.558,0,Clear sky,9.7,19.2,59,,Clear,False
2026-02-02,5,13.0,2.2,0.0,0.0,0.0,0.558,0,Clear sky,9.8,19.5,59,,Clear,False
2026-02-02,6,13.4,2.5,0.0,0.0,0.0,0.558,0,Clear sky,9.9,19.9,58,,Clear,False
2026-02-02,7,13.9,3.2,0.0,0.0,0.0,0.558,0,Clear sky,9.7,19.7,57,,Clear,False
2026-02-02,8,15.5,4.5,0.0,0.0,0.0,0.525,0,Clear sky,10.6,19.0,58,,Clear,False
2026-02-02,9,16.5,5.8,0.0,0.0,0.0,0.525,0,Clear sky,10.2,20.8,59,,Clear,False
2026-02-02,10,18.1,7.5,0.0,0.0,0.0,0.525,0,Clear sky,10.3,20.8,63,,Clear,False
2026-02-02,11,20.4,9.5,0.0,0.0,0.0,0.525,0,Clear sky,11.2,22.8,63,,Clear,False
2026-02-02,12,22.6,12.1,0.0,0.0,0.0,0.525,0,Clear sky,10.5,22.6,64,,Clear,False
2026-02-02,13,24.7,15.3,0.0,0.0,0.0,0.525,0,Clear sky,9.4,21.3,63,,Clear,False
2026-02-02,14,29.5,21.5,0.0,0.0,0.0,0.525,0,Clear sky,7.1,19.0,60,,Clear,False
2026-02-02,15,30.7,21.9,0.0,0.0,0.0,0.525,0,Clear sky,7.7,15.4,60,,Clear,False
2026-02-02,16,30.6,21.7,0.0,0.0,0.0,0.525,0,Clear sky,7.8,16.1,59,,Clear,False
2026-02-02,17,29.5,20.5,0.0,0.0,0.0,0.525,0,Clear sky,8.1,16.3,60,,Clear,False
2026-02-02,18,27.2,18.1,0.0,0.0,0.0,0.492,0,Clear sky,8.2,16.6,62,,Clear,False
2026-02-02,19,25.1,15.5,0.0,0.0,0.0,0.492,0,Clear sky,8.9,17.4,65,,Clear,False
2026-02-02,20,24.0,14.9,0.0,0.0,0.0,0.525,0,Clear sky,7.4,17.4,62,,Clear,False
2026-02-02,21,23.4,14.1,0.0,0.0,0.0,0.525,0,Clear sky,7.8,14.8,65,,Clear,False
2026-02-02,22,22.0,12.7,0.0,0.0,0.0,0.492,0,Clear sky,7.9,15.2,67,,Clear,False
2026-02-02,23,20.5,11.6,0.0,0.0,0.0,0.492,0,Clear sky,6.8,15.2,69,,Clear,False
2026-02-03,0,19.0,10.6,0.0,0.0,0.0,0.492,0,Clear sky,5.3,12.8,69,,Clear,False
2026-02-03,1,17.6,9.1,0.0,0.0,0.0,0.492,0,Clear sky,5.6,10.1,69,,Clear,False
2026-02-03,2,17.7,8.8,0.0,0.0,0.0,0.492,0,Clear sky,6.2,10.7,64,,Clear,False
2026-02-03,3,17.3,8.8,0.0,0.0,0.0,0.492,0,Clear sky,5.3,11.4,64,,Clear,False
2026-02-03,4,15.8,7.5,0.0,0.0,0.0,0.492,0,Clear sky,4.5,9.6,65,,Clear,False
2026-02-03,5,13.9,5.6,0.0,0.0,0.0,0.492,0,Clear sky,4.3,8.3,67,,Clear,False
2026-02-03,6,12.1,3.7,0.0,0.0,0.0,0.492,0,Clear sky,4.3,7.6,67,,Clear,False
2026-02-03,7,11.5,3.0,0.0,0.0,0.0,0.492,0,Clear sky,4.5,8.7,69,,Clear,False
2026-02-03,8,12.1,3.9,0.0,0.0,0.0,0.525,0,Clear sky,3.9,8.1,68,,Clear,False
2026-02-03,9,11.6,3.3,0.0,0.0,0.0,0.525,0,Clear sky,4.0,6.9,69,,Clear,False
2026-02-03,10,13.8,5.9,0.0,0.0,0.0,0.492,2,Partly cloudy,3.6,7.4,73,,Cloudy,False
2026-02-03,11,17.5,10.0,0.0,0.0,0.0,0.492,2,Partly cloudy,3.1,6.5,72,,Cloudy,False
2026-02-03,12,21.7,14.6,0.0,0.0,0.0,0.492,2,Partly cloudy,2.9,6.5,74,,Cloudy,False
2026-02-03,13,24.9,18.4,0.0,0.0,0.0,0.492,3,Overcast,2.1,6.5,71,,Cloudy,False
2026-02-03,14,29.3,22.9,0.0,0.0,0.0,0.492,3,Overcast,2.3,6.0,64,,Cloudy,False
2026-02-03,15,30.3,23.6,0.0,0.0,0.0,0.492,0,Clear sky,3.1,7.2,65,,Clear,False
2026-02-03,16,30.2,24.3,0.0,0.0,0.0,0.492,1,Mainly clear,1.8,7.2,69,,Clear,False
2026-02-03,17,28.9,22.8,0.0,0.0,0.0,0.492,3,Overcast,2.4,4.5,76,,Cloudy,False
2026-02-03,18,26.0,19.1,0.0,0.0,0.0,0.492,3,Overcast,3.7,5.8,79,,Cloudy,False
2026-02-03,19,25.7,17.8,0.0,0.0,0.0,0.492,3,Overcast,5.9,10.3,76,,Cloudy,False
2026-02-03,20,26.1,18.1,0.0,0.0,0.0,0.492,2,Partly cloudy,5.9,12.3,72,,Cloudy,False
2026-02-03,21,25.3,17.8,0.0,0.0,0.0,0.492,0,Clear sky,4.7,11.2,75,,Clear,False
2026-02-03,22,21.9,14.2,0.0,0.0,0.0,0.492,0,Clear sky,4.7,8.7,77,,Clear,False
2026-02-03,23,19.3,11.8,0.0,0.0,0.0,0.492,0,Clear sky,3.9,8.5,78,,Clear,False
2026-02-04,0,16.3,8.6,0.0,0.0,0.0,0.492,0,Clear sky,3.8,6.9,80,,Clear,False
2026-02-04,1,14.7,7.3,0.0,0.0,0.0,0.492,0,Clear sky,2.9,5.8,81,,Clear,False
2026-02-04,2,19.6,11.8,0.0,0.0,0.0,0.492,1,Mainly clear,4.2,4.7,73,,Clear,False
2026-02-04,3,18.0,10.1,0.0,0.0,0.0,0.492,3,Overcast,4.1,5.8,74,,Cloudy,False
2026-02-04,4,21.7,13.9,0.0,0.0,0.0,0.492,3,Overcast,4.7,8.5,76,,Cloudy,False
2026-02-04,5,22.7,15.1,0.0,0.0,0.0,0.492,3,Overcast,4.8,8.7,78,,Cloudy,False
2026-02-04,6,23.8,16.5,0.0,0.0,0.0,0.492,1,Mainly clear,4.3,8.9,78,,Clear,False
2026-02-04,7,21.7,14.0,0.0,0.0,0.0,0.492,2,Partly cloudy,4.6,8.1,79,,Cloudy,False
2026-02-04,8,22.9,15.2,0.0,0.0,0.0,0.492,2,Partly cloudy,4.9,9.6,76,,Cloudy,False
2026-02-04,9,23.9,15.8,0.0,0.0,0.0,0.492,0,Clear sky,5.8,10.7,74,,Clear,False
2026-02-04,10,25.4,16.9,0.0,0.0,0.0,0.492,1,Mainly clear,7.0,13.4,73,,Clear,False
2026-02-04,11,25.3,15.8,0.0,0.0,0.0,0.492,0,Clear sky,9.1,19.5,67,,Clear,False
2026-02-04,12,24.6,15.9,0.0,0.0,0.0,0.492,0,Clear sky,6.7,19.0,65,,Clear,False
2026-02-04,13,25.6,18.0,0.0,0.0,0.0,0.492,0,Clear sky,5.3,14.3,62,,Clear,False
2026-02-04,14,29.3,22.6,0.0,0.0,0.0,0.492,0,Clear sky,3.5,11.6,51,,Clear,False
2026-02-04,15,30.3,23.3,0.0,0.0,0.0,0.492,0,Clear sky,2.9,7.8,51,,Clear,False
2026-02-04,16,29.9,23.4,0.0,0.0,0.0,0.492,0,Clear sky,2.1,6.5,58,,Clear,False
2026-02-04,17,27.9,20.9,0.0,0.0,0.0,0.492,1,Mainly clear,2.9,4.9,59,,Clear,False
2026-02-04,18,24.1,16.9,0.0,0.0,0.0,0.492,3,Overcast,2.9,4.9,62,,Cloudy,False
2026-02-04,19,21.0,13.1,0.0,0.0,0.0,0.492,3,Overcast,4.5,6.7,67,,Cloudy,False
2026-02-04,20,21.1,12.8,0.0,0.0,0.0,0.492,3,Overcast,5.1,11.6,61,,Cloudy,False
2026-02-04,21,21.9,13.8,0.0,0.0,0.0,0.492,3,Overcast,4.9,9.6,63,,Cloudy,False
2026-02-04,22,21.7,13.2,0.0,0.0,0.0,0.492,3,Overcast,5.8,10.3,65,,Cloudy,False
2026-02-04,23,21.4,12.5,0.0,0.0,0.0,0.492,3,Overcast,6.8,12.8,69,,Cloudy,False
2026-02-05,0,20.2,11.2,0.0,0.0,0.0,0.492,3,Overcast,7.4,14.3,73,,Cloudy,False
2026-02-05,1,17.8,9.7,0.0,0.0,0.0,0.492,2,Partly cloudy,4.9,14.1,77,,Cloudy,False
2026-02-05,2,17.0,8.7,0.0,0.0,0.0,0.492,0,Clear sky,4.8,8.9,71,,Clear,False
2026-02-05,3,16.4,8.1,0.0,0.0,0.0,0.492,0,Clear sky,5.1,9.6,73,,Clear,False
2026-02-05,4,14.9,6.5,0.0,0.0,0.0,0.492,0,Clear sky,5.1,9.6,75,,Clear,False
2026-02-05,5,13.4,5.0,0.0,0.0,0.0,0.492,0,Clear sky,4.9,9.4,77,,Clear,False
2026-02-05,6,12.4,3.7,0.0,0.0,0.0,0.492,0,Clear sky,5.5,10.1,77,,Clear,False
2026-02-05,7,11.8,2.8,0.0,0.0,0.0,0.492,0,Clear sky,6.3,11.6,77,,Clear,False
2026-02-05,8,11.8,2.7,0.0,0.0,0.0,0.492,0,Clear sky,6.1,11.6,76,,Clear,False
2026-02-05,9,11.8,2.8,0.0,0.0,0.0,0.492,0,Clear sky,6.2,11.4,78,,Clear,False
2026-02-05,10,13.7,5.3,0.0,0.0,0.0,0.492,0,Clear sky,5.2,11.4,78,,Clear,False
2026-02-05,11,16.3,9.1,0.0,0.0,0.0,0.492,0,Clear sky,2.7,9.6,77,,Clear,False
2026-02-05,12,19.1,12.9,0.0,0.0,0.0,0.492,0,Clear sky,0.5,5.6,73,,Clear,False
2026-02-05,13,21.7,15.5,0.0,0.0,0.0,0.492,0,Clear sky,2.0,6.0,71,,Clear,False
2026-02-05,14,26.5,20.5,0.0,0.0,0.0,0.492,1,Mainly clear,2.0,7.2,58,,Clear,False
2026-02-05,15,27.2,20.6,0.0,0.0,0.0,0.492,0,Clear sky,2.1,5.8,58,,Clear,False
2026-02-05,16,27.2,20.8,0.0,0.0,0.0,0.492,0,Clear sky,1.7,4.9,61,,Clear,False
2026-02-05,17,25.3,18.9,0.0,0.0,0.0,0.492,0,Clear sky,1.5,4.0,62,,Clear,False
2026-02-05,18,21.5,14.9,0.0,0.0,0.0,0.492,0,Clear sky,1.1,2.7,64,,Clear,False
2026-02-05,19,17.9,11.3,0.0,0.0,0.0,0.492,0,Clear sky,1.0,2.2,70,,Clear,False
2026-02-05,20,16.5,9.8,0.0,0.0,0.0,0.492,0,Clear sky,1.3,2.2,77,,Clear,False
2026-02-05,21,15.4,8.8,0.0,0.0,0.0,0.492,0,Clear sky,1.1,2.5,80,,Clear,False
2026-02-05,22,13.2,6.3,0.0,0.0,0.0,0.492,0,Clear sky,1.6,3.4,84,,Clear,False
2026-02-05,23,11.9,4.0,0.0,0.0,0.0,0.492,0,Clear sky,3.9,6.0,84,,Clear,False
2026-02-06,0,13.8,5.4,0.0,0.0,0.0,0.492,0,Clear sky,4.9,8.9,76,,Clear,False
2026-02-06,1,13.4,5.3,0.0,0.0,0.0,0.492,0,Clear sky,4.2,8.5,75,,Clear,False
2026-02-06,2,11.5,3.5,0.0,0.0,0.0,0.492,0,Clear sky,3.6,7.2,71,,Clear,False
2026-02-06,3,12.6,3.9,0.0,0.0,0.0,0.492,3,Overcast,5.3,9.6,73,,Cloudy,False
2026-02-06,4,12.2,3.6,0.0,0.0,0.0,0.492,3,Overcast,5.2,10.1,74,,Cloudy,False
2026-02-06,5,12.3,3.9,0.0,0.0,0.0,0.492,3,Overcast,4.6,9.8,74,,Cloudy,False
2026-02-06,6,12.3,3.7,0.0,0.0,0.0,0.492,3,Overcast,5.2,9.4,76,,Cloudy,False
2026-02-06,7,12.7,4.0,0.0,0.0,0.0,0.492,3,Overcast,5.5,10.5,76,,Cloudy,False
2026-02-06,8,13.9,5.7,0.0,0.0,0.0,0.492,3,Overcast,4.6,10.3,75,,Cloudy,False
2026-02-06,9,14.7,6.6,0.0,0.0,0.0,0.492,3,Overcast,4.5,8.7,76,,Cloudy,False
2026-02-06,10,15.9,7.5,0.0,0.0,0.0,0.492,3,Overcast,5.3,8.7,79,,Cloudy,False
2026-02-06,11,18.1,10.9,0.0,0.0,0.0,0.492,3,Overcast,2.9,9.6,79,,Cloudy,False
2026-02-06,12,21.0,14.5,0.0,0.0,0.0,0.492,2,Partly cloudy,1.8,6.9,78,,Cloudy,False
2026-02-06,13,23.5,17.8,0.0,0.0,0.0,0.492,2,Partly cloudy,1.1,6.0,72,,Cloudy,False
2026-02-06,14,26.9,20.9,0.0,0.0,0.0,0.427,3,Overcast,1.3,4.9,64,,Cloudy,False
2026-02-06,15,27.6,21.3,0.0,0.0,0.0,0.427,3,Overcast,1.7,5.4,65,,Cloudy,False
2026-02-06,16,27.7,21.1,0.0,0.0,0.0,0.427,3,Overcast,2.5,6.0,67,,Cloudy,False
2026-02-06,17,26.9,20.6,0.0,0.0,0.0,0.427,3,Overcast,2.2,6.0,74,,Cloudy,False
2026-02-06,18,23.3,16.6,0.0,0.0,0.0,0.427,3,Overcast,2.8,4.7,80,,Cloudy,False
2026-02-06,19,22.2,15.2,0.0,0.0,0.0,0.427,3,Overcast,3.4,5.4,80,,Cloudy,False
2026-02-06,20,24.4,17.2,0.0,0.0,0.0,0.427,3,Overcast,3.9,5.6,78,,Cloudy,False
2026-02-06,21,24.5,17.0,0.0,0.0,0.0,0.427,3,Overcast,4.9,8.9,78,,Cloudy,False
2026-02-06,22,24.9,17.3,0.004,0.0,0.028,0.427,71,Slight snowfall,5.5,10.5,82,,Snow,True
2026-02-06,23,24.6,17.4,0.004,0.0,0.028,0.427,71,Slight snowfall,4.8,10.7,87,,Snow,True
2026-02-07,0,24.3,16.9,0.004,0.0,0.028,0.459,71,Slight snowfall,5.2,9.8,89,,Snow,True
2026-02-07,1,24.4,17.0,0.004,0.0,0.028,0.459,71,Slight snowfall,5.5,11.0,89,,Snow,True
2026-02-07,2,25.2,17.5,0.004,0.0,0.028,0.459,71,Slight snowfall,6.1,10.7,89,,Snow,True
2026-02-07,3,25.4,17.7,0.004,0.0,0.028,0.459,71,Slight snowfall,6.3,12.5,89,,Snow,True
2026-02-07,4,25.3,17.5,0.004,0.0,0.028,0.459,71,Slight snowfall,6.3,12.3,88,,Snow,True
2026-02-07,5,25.2,16.9,0.016,0.0,0.11,0.459,73,Moderate snowfall,7.4,13.9,87,,Snow,True
2026-02-07,6,23.6,12.1,0.004,0.0,0.028,0.459,71,Slight snowfall,13.7,29.1,72,,Snow,True
2026-02-07,7,19.2,7.9,0.0,0.0,0.0,0.459,3,Overcast,12.9,27.1,77,,Cloudy,False
2026-02-07,8,19.5,7.7,0.0,0.0,0.0,0.459,3,Overcast,13.5,28.4,69,,Cloudy,False
2026-02-07,9,16.1,4.7,0.004,0.0,0.028,0.459,71,Slight snowfall,12.2,28.6,71,,Snow,True
2026-02-07,10,11.0,-3.0,0.004,0.0,0.028,0.459,71,Slight snowfall,17.5,37.8,64,,Snow,True
2026-02-07,11,8.6,-4.6,0.0,0.0,0.0,0.459,1,Mainly clear,15.4,36.9,65,,Clear,False
2026-02-07,12,7.2,-6.1,0.0,0.0,0.0,0.459,3,Overcast,15.1,33.1,61,,Cloudy,False
2026-02-07,13,6.9,-6.5,0.0,0.0,0.0,0.459,3,Overcast,15.3,34.9,60,,Cloudy,False
2026-02-07,14,9.4,-4.1,0.0,0.0,0.0,0.459,3,Overcast,15.8,34.2,55,,Cloudy,False
2026-02-07,15,9.9,-4.0,0.0,0.0,0.0,0.459,3,Overcast,16.6,34.2,56,,Cloudy,False
2026-02-07,16,9.3,-4.0,0.0,0.0,0.0,0.459,2,Partly cloudy,15.4,35.1,59,,Cloudy,False
2026-02-07,17,8.1,-5.7,0.0,0.0,0.0,0.459,3,Overcast,16.4,36.0,59,,Cloudy,False
2026-02-07,18,6.6,-6.9,0.0,0.0,0.0,0.459,3,Overcast,15.7,34.9,58,,Cloudy,False
2026-02-07,19,5.0,-8.2,0.0,0.0,0.0,0.459,3,Overcast,14.9,32.9,58,,Cloudy,False
2026-02-07,20,6.2,-7.6,0.0,0.0,0.0,0.459,3,Overcast,16.1,31.3,54,,Cloudy,False
2026-02-07,21,4.8,-8.2,0.0,0.0,0.0,0.459,3,Overcast,14.3,33.8,56,,Cloudy,False
2026-02-07,22,3.8,-8.9,0.0,0.0,0.0,0.459,3,Overcast,13.7,30.0,59,,Cloudy,False
2026-02-07,23,2.4,-10.0,0.0,0.0,0.0,0.459,0,Clear sky,12.7,28.4,62,,Clear,False
2026-02-08,0,1.5,-10.6,0.0,0.0,0.0,0.459,0,Clear sky,12.1,26.2,64,,Clear,False
2026-02-08,1,0.9,-11.3,0.0,0.0,0.0,0.459,0,Clear sky,12.3,25.7,64,,Clear,False
2026-02-08,2,3.6,-9.4,0.0,0.0,0.0,0.459,0,Clear sky,14.0,25.9,56,,Clear,False
2026-02-08,3,2.7,-10.0,0.0,0.0,0.0,0.459,1,Mainly clear,13.4,28.9,59,,Clear,False
2026-02-08,4,1.9,-10.7,0.0,0.0,0.0,0.459,0,Clear sky,13.3,28.0,60,,Clear,False
2026-02-08,5,1.3,-11.3,0.0,0.0,0.0,0.459,0,Clear sky,13.2,27.5,61,,Clear,False
2026-02-08,6,0.8,-11.8,0.0,0.0,0.0,0.459,0,Clear sky,13.0,27.5,61,,Clear,False
2026-02-08,7,0.3,-12.1,0.0,0.0,0.0,0.459,0,Clear sky,12.7,26.8,61,,Clear,False
2026-02-08,8,2.2,-10.1,0.0,0.0,0.0,0.459,0,Clear sky,12.4,25.9,57,,Clear,False
2026-02-08,9,2.1,-10.2,0.0,0.0,0.0,0.459,0,Clear sky,12.5,25.7,59,,Clear,False
2026-02-08,10,2.9,-9.6,0.0,0.0,0.0,0.459,0,Clear sky,13.0,27.1,60,,Clear,False
2026-02-08,11,3.9,-7.2,0.0,0.0,0.0,0.459,0,Clear sky,10.0,27.1,62,,Clear,False
2026-02-08,12,5.4,-6.3,0.0,0.0,0.0,0.459,0,Clear sky,11.2,24.4,61,,Clear,False
2026-02-08,13,7.1,-3.9,0.0,0.0,0.0,0.459,0,Clear sky,11.3,24.8,59,,Clear,False
2026-02-08,14,12.3,1.6,0.0,0.0,0.0,0.459,0,Clear sky,11.1,24.2,52,,Clear,False
2026-02-08,15,13.6,2.6,0.0,0.0,0.0,0.459,0,Clear sky,11.0,23.5,55,,Clear,False
2026-02-08,16,13.7,2.3,0.0,0.0,0.0,0.459,0,Clear sky,11.2,23.9,57,,Clear,False
2026-02-08,17,13.5,1.9,0.0,0.0,0.0,0.459,0,Clear sky,11.6,24.2,58,,Clear,False
2026-02-08,18,12.4,0.8,0.0,0.0,0.0,0.459,0,Clear sky,11.7,24.2,60,,Clear,False
2026-02-08,19,11.0,-0.6,0.0,0.0,0.0,0.459,0,Clear sky,11.7,23.9,63,,Clear,False
2026-02-08,20,12.2,0.7,0.0,0.0,0.0,0.459,0,Clear sky,11.4,24.2,58,,Clear,False
2026-02-08,21,11.2,-0.7,0.0,0.0,0.0,0.459,0,Clear sky,12.4,24.8,61,,Clear,False
2026-02-08,22,10.0,-2.0,0.0,0.0,0.0,0.459,0,Clear sky,12.3,25.5,63,,Clear,False
2026-02-08,23,8.9,-2.3,0.0,0.0,0.0,0.459,0,Clear sky,10.4,25.1,65,,Clear,False
2026-02-09,0,8.0,-2.5,0.0,0.0,0.0,0.459,0,Clear sky,8.7,20.8,65,,Clear,False
2026-02-09,1,7.2,-3.3,0.0,0.0,0.0,0.459,0,Clear sky,8.7,17.2,66,,Clear,False
2026-02-09,2,7.8,-3.1,0.0,0.0,0.0,0.459,0,Clear sky,9.6,17.9,63,,Clear,False
2026-02-09,3,7.9,-3.1,0.0,0.0,0.0,0.459,0,Clear sky,9.9,19.7,64,,Clear,False
2026-02-09,4,7.4,-3.1,0.0,0.0,0.0,0.459,0,Clear sky,9.0,19.5,66,,Clear,False
2026-02-09,5,6.8,-3.5,0.0,0.0,0.0,0.459,0,Clear sky,8.3,17.7,67,,Clear,False
2026-02-09,6,6.4,-3.4,0.0,0.0,0.0,0.459,0,Clear sky,7.0,16.3,67,,Clear,False
2026-02-09,7,6.4,-3.8,0.0,0.0,0.0,0.459,0,Clear sky,7.9,15.2,68,,Clear,False
2026-02-09,8,8.0,-2.5,0.0,0.0,0.0,0.459,0,Clear sky,8.9,18.1,67,,Clear,False
2026-02-09,9,9.1,-0.9,0.0,0.0,0.0,0.459,0,Clear sky,8.1,17.2,68,,Clear,False
2026-02-09,10,10.9,1.3,0.0,0.0,0.0,0.459,0,Clear sky,7.2,15.7,68,,Clear,False
2026-02-09,11,13.4,5.5,0.0,0.0,0.0,0.459,0,Clear sky,3.2,13.9,67,,Clear,False
2026-02-09,12,15.5,7.8,0.0,0.0,0.0,0.459,0,Clear sky,3.2,8.3,66,,Clear,False
2026-02-09,13,17.7,10.4,0.0,0.0,0.0,0.459,1,Mainly clear,4.4,10.5,69,,Clear,False
2026-02-09,14,21.8,14.5,0.0,0.0,0.0,0.459,1,Mainly clear,5.2,10.7,65,,Clear,False
2026-02-09,15,24.2,16.9,0.0,0.0,0.0,0.459,0,Clear sky,4.1,11.4,65,,Clear,False
2026-02-09,16,25.2,17.7,0.0,0.0,0.0,0.459,2,Partly cloudy,4.4,8.7,69,,Cloudy,False
2026-02-09,17,25.0,17.1,0.0,0.0,0.0,0.459,3,Overcast,4.9,10.3,65,,Cloudy,False
2026-02-09,18,22.8,14.7,0.0,0.0,0.0,0.459,3,Overcast,5.1,9.4,66,,Cloudy,False
2026-02-09,19,21.2,12.9,0.0,0.0,0.0,0.459,3,Overcast,5.4,9.4,65,,Cloudy,False
2026-02-09,20,22.5,13.7,0.0,0.0,0.0,0.459,3,Overcast,6.1,12.5,57,,Cloudy,False
2026-02-09,21,23.5,15.2,0.0,0.0,0.0,0.459,3,Overcast,5.4,11.4,63,,Cloudy,False
2026-02-09,22,22.7,14.8,0.0,0.0,0.0,0.459,3,Overcast,4.9,9.8,67,,Cloudy,False
2026-02-09,23,20.9,12.8,0.0,0.0,0.0,0.459,2,Partly cloudy,5.1,9.2,69,,Cloudy,False
2026-02-10,0,19.5,11.7,0.0,0.0,0.0,0.459,3,Overcast,4.2,9.2,71,,Cloudy,False
2026-02-10,1,15.9,8.6,0.0,0.0,0.0,0.459,3,Overcast,2.5,7.6,73,,Cloudy,False
2026-02-10,2,16.5,9.4,0.0,0.0,0.0,0.427,3,Overcast,2.1,4.0,70,,Cloudy,False
2026-02-10,3,18.8,11.4,0.0,0.0,0.0,0.427,3,Overcast,3.2,6.3,75,,Cloudy,False
2026-02-10,4,18.9,11.5,0.0,0.0,0.0,0.427,3,Overcast,3.3,6.3,76,,Cloudy,False
2026-02-10,5,17.8,10.8,0.0,0.0,0.0,0.427,3,Overcast,2.4,6.0,78,,Cloudy,False
2026-02-10,6,15.9,9.3,0.0,0.0,0.0,0.427,3,Overcast,1.1,4.0,79,,Cloudy,False
2026-02-10,7,15.8,8.8,0.0,0.0,0.0,0.427,3,Overcast,2.1,3.4,80,,Cloudy,False
2026-02-10,8,16.5,9.2,0.0,0.0,0.0,0.427,3,Overcast,2.2,3.6,66,,Cloudy,False
2026-02-10,9,19.6,12.5,0.0,0.0,0.0,0.427,3,Overcast,2.5,4.5,70,,Cloudy,False
2026-02-10,10,21.3,14.4,0.0,0.0,0.0,0.427,3,Overcast,2.3,5.4,72,,Cloudy,False
2026-02-10,11,23.1,17.1,0.0,0.0,0.0,0.427,3,Overcast,0.7,4.7,74,,Cloudy,False
2026-02-10,12,25.0,18.8,0.0,0.0,0.0,0.427,3,Overcast,1.4,5.4,71,,Cloudy,False
2026-02-10,13,26.7,20.4,0.0,0.0,0.0,0.427,3,Overcast,2.5,7.2,69,,Cloudy,False
2026-02-10,14,28.3,22.0,0.0,0.0,0.0,0.427,3,Overcast,2.2,7.8,63,,Cloudy,False
2026-02-10,15,28.4,21.8,0.0,0.0,0.0,0.427,3,Overcast,2.9,6.9,68,,Cloudy,False
2026-02-10,16,28.9,22.2,0.0,0.0,0.0,0.427,3,Overcast,3.6,7.8,71,,Cloudy,False
2026-02-10,17,28.9,21.8,0.0,0.0,0.0,0.427,3,Overcast,4.6,8.3,75,,Cloudy,False
2026-02-10,18,28.1,20.2,0.0,0.0,0.0,0.427,3,Overcast,6.2,11.9,71,,Cloudy,False
2026-02-10,19,27.8,19.5,0.0,0.0,0.0,0.427,3,Overcast,6.8,12.8,69,,Cloudy,False
2026-02-10,20,30.6,21.7,0.0,0.0,0.0,0.427,3,Overcast,8.8,16.6,70,,Cloudy,False
2026-02-10,21,31.4,23.5,0.0,0.0,0.0,0.427,3,Overcast,7.1,17.7,74,,Cloudy,False
2026-02-10,22,27.9,21.8,0.0,0.0,0.0,0.427,3,Overcast,2.1,13.4,78,,Cloudy,False
2026-02-10,23,26.0,20.0,0.0,0.0,0.0,0.427,3,Overcast,1.7,6.0,81,,Cloudy,False
2026-02-11,0,29.2,23.7,0.0,0.0,0.0,0.427,3,Overcast,1.7,4.7,83,,Cloudy,False
2026-02-11,1,30.9,24.6,0.02,0.02,0.0,0.427,53,Moderate drizzle,3.8,6.9,81,,Drizzle,False
2026-02-11,2,31.4,25.8,0.031,0.031,0.0,0.427,53,Moderate drizzle,2.4,8.1,83,,Drizzle,False
2026-02-11,3,32.4,26.6,0.0,0.0,0.0,0.427,3,Overcast,2.9,6.0,80,,Cloudy,False
2026-02-11,4,31.3,24.9,0.0,0.0,0.0,0.427,2,Partly cloudy,4.1,7.4,80,,Cloudy,False
2026-02-11,5,32.0,24.2,0.0,0.0,0.0,0.427,2,Partly cloudy,7.2,12.8,76,,Cloudy,False
2026-02-11,6,32.9,24.6,0.0,0.0,0.0,0.427,0,Clear sky,8.5,16.3,75,,Clear,False
2026-02-11,7,32.2,24.2,0.0,0.0,0.0,0.427,0,Clear sky,8.0,17.2,78,,Clear,False
2026-02-11,8,31.1,23.1,0.0,0.0,0.0,0.427,0,Clear sky,7.5,15.4,76,,Clear,False
2026-02-11,9,31.8,24.1,0.0,0.0,0.0,0.427,1,Mainly clear,7.1,14.1,78,,Clear,False
2026-02-11,10,33.9,26.3,0.0,0.0,0.0,0.427,3,Overcast,7.4,14.8,79,,Cloudy,False
2026-02-11,11,35.7,28.6,0.0,0.0,0.0,0.394,3,Overcast,6.8,14.5,77,,Cloudy,False
2026-02-11,12,37.1,30.3,0.0,0.0,0.0,0.394,3,Overcast,6.3,13.4,74,,Cloudy,False
2026-02-11,13,37.3,30.4,0.0,0.0,0.0,0.394,3,Overcast,6.8,13.4,76,,Cloudy,False
2026-02-11,14,37.8,29.6,0.0,0.0,0.0,0.394,3,Overcast,8.7,14.8,67,,Cloudy,False
2026-02-11,15,36.8,28.0,0.0,0.0,0.0,0.394,3,Overcast,9.9,20.4,66,,Cloudy,False
2026-02-11,16,36.4,27.5,0.0,0.0,0.0,0.394,1,Mainly clear,10.2,21.5,66,,Clear,False
2026-02-11,17,35.5,26.4,0.0,0.0,0.0,0.394,3,Overcast,10.4,21.7,67,,Cloudy,False
2026-02-11,18,34.8,25.7,0.0,0.0,0.0,0.394,3,Overcast,10.2,21.5,68,,Cloudy,False
2026-02-11,19,33.0,23.5,0.0,0.0,0.0,0.394,0,Clear sky,10.7,22.1,68,,Clear,False
2026-02-11,20,34.1,25.0,0.0,0.0,0.0,0.394,3,Overcast,9.9,22.4,66,,Cloudy,False
2026-02-11,21,32.9,23.5,0.0,0.0,0.0,0.394,3,Overcast,10.5,21.0,68,,Cloudy,False
2026-02-11,22,32.4,22.9,0.0,0.0,0.0,0.394,3,Overcast,10.8,22.1,70,,Cloudy,False
2026-02-11,23,31.7,22.0,0.0,0.0,0.0,0.394,3,Overcast,11.3,23.3,71,,Cloudy,False
2026-02-12,0,31.4,21.8,0.0,0.0,0.0,0.394,3,Overcast,10.9,23.5,72,,Cloudy,False
2026-02-12,1,31.2,22.0,0.0,0.0,0.0,0.394,3,Overcast,10.2,22.4,74,,Cloudy,False
2026-02-12,2,31.8,22.6,0.0,0.0,0.0,0.394,3,Overcast,9.8,21.3,69,,Cloudy,False
2026-02-12,3,31.5,22.5,0.0,0.0,0.0,0.394,3,Overcast,9.7,20.4,73,,Cloudy,False
2026-02-12,4,30.7,21.4,0.0,0.0,0.0,0.394,0,Clear sky,10.2,21.0,73,,Clear,False
2026-02-12,5,28.0,18.1,0.0,0.0,0.0,0.394,1,Mainly clear,10.8,22.1,70,,Clear,False
2026-02-12,6,26.4,16.6,0.0,0.0,0.0,0.394,1,Mainly clear,10.4,22.1,72,,Clear,False
2026-02-12,7,25.4,15.7,0.0,0.0,0.0,0.394,3,Overcast,10.0,21.7,73,,Cloudy,False
2026-02-12,8,26.9,17.2,0.0,0.0,0.0,0.361,2,Partly cloudy,9.8,20.4,68,,Cloudy,False
2026-02-12,9,27.3,18.4,0.0,0.0,0.0,0.361,3,Overcast,8.2,19.7,70,,Cloudy,False
2026-02-12,10,29.1,20.7,0.0,0.0,0.0,0.361,3,Overcast,7.7,17.0,73,,Cloudy,False
2026-02-12,11,30.3,21.7,0.0,0.0,0.0,0.361,3,Overcast,8.5,17.4,73,,Cloudy,False
2026-02-12,12,30.6,21.3,0.0,0.0,0.0,0.361,3,Overcast,9.9,21.5,71,,Cloudy,False
2026-02-12,13,30.7,21.0,0.0,0.0,0.0,0.361,3,Overcast,10.8,26.4,69,,Cloudy,False
2026-02-12,14,33.4,23.9,0.0,0.0,0.0,0.328,3,Overcast,10.6,27.3,65,,Cloudy,False
2026-02-12,15,33.4,24.5,0.0,0.0,0.0,0.328,3,Overcast,9.5,22.4,67,,Cloudy,False
2026-02-12,16,33.2,24.2,0.0,0.0,0.0,0.328,3,Overcast,9.5,20.4,68,,Cloudy,False
2026-02-12,17,32.0,23.0,0.0,0.0,0.0,0.328,3,Overcast,9.5,20.4,70,,Cloudy,False
2026-02-12,18,30.7,21.6,0.0,0.0,0.0,0.328,3,Overcast,9.5,20.1,71,,Cloudy,False
2026-02-12,19,28.4,19.4,0.0,0.0,0.0,0.328,3,Overcast,8.8,19.9,73,,Cloudy,False
2026-02-12,20,26.7,17.9,0.0,0.0,0.0,0.328,3,Overcast,7.7,17.9,70,,Cloudy,False
2026-02-12,21,26.4,17.4,0.0,0.0,0.0,0.328,3,Overcast,8.3,16.6,71,,Cloudy,False
2026-02-12,22,25.4,16.7,0.0,0.0,0.0,0.328,3,Overcast,7.6,16.6,72,,Cloudy,False
2026-02-12,23,24.1,15.4,0.0,0.0,0.0,0.328,3,Overcast,7.4,15.2,74,,Cloudy,False
2026-02-13,0,23.0,14.1,0.0,0.0,0.0,0.328,3,Overcast,7.6,15.0,75,,Cloudy,False
2026-02-13,1,21.7,12.7,0.0,0.0,0.0,0.328,3,Overcast,7.7,15.7,75,,Cloudy,False
2026-02-13,2,22.2,13.1,0.0,0.0,0.0,0.328,3,Overcast,7.8,15.9,71,,Cloudy,False
2026-02-13,3,21.6,12.4,0.0,0.0,0.0,0.328,3,Overcast,7.9,15.9,74,,Cloudy,False
2026-02-13,4,20.6,11.5,0.0,0.0,0.0,0.328,1,Mainly clear,7.6,15.9,75,,Clear,False
2026-02-13,5,19.2,10.3,0.0,0.0,0.0,0.328,1,Mainly clear,6.9,15.0,75,,Clear,False
2026-02-13,6,17.9,9.2,0.0,0.0,0.0,0.328,0,Clear sky,6.1,13.4,75,,Clear,False
2026-02-13,7,16.8,8.1,0.0,0.0,0.0,0.328,0,Clear sky,6.0,11.9,75,,Clear,False
2026-02-13,8,17.3,8.6,0.0,0.0,0.0,0.328,0,Clear sky,6.0,11.4,73,,Clear,False
2026-02-13,9,18.9,10.3,0.0,0.0,0.0,0.328,0,Clear sky,6.2,11.6,75,,Clear,False
2026-02-13,10,21.4,12.9,0.0,0.0,0.0,0.328,0,Clear sky,6.5,11.9,79,,Clear,False
2026-02-13,11,24.4,16.8,0.0,0.0,0.0,0.328,0,Clear sky,4.6,10.7,74,,Clear,False
2026-02-13,12,26.7,19.5,0.0,0.0,0.0,0.328,0,Clear sky,4.4,10.7,72,,Clear,False
2026-02-13,13,28.8,22.8,0.0,0.0,0.0,0.328,0,Clear sky,3.8,10.5,69,,Clear,False
2026-02-13,14,32.1,26.2,0.0,0.0,0.0,0.328,0,Clear sky,3.7,9.2,59,,Clear,False
2026-02-13,15,33.1,26.7,0.0,0.0,0.0,0.328,0,Clear sky,3.7,9.2,58,,Clear,False
2026-02-13,16,33.6,26.9,0.0,0.0,0.0,0.328,0,Clear sky,3.4,8.7,59,,Clear,False
2026-02-13,17,32.6,26.4,0.0,0.0,0.0,0.328,0,Clear sky,2.9,7.6,66,,Clear,False
2026-02-13,18,29.9,22.8,0.0,0.0,0.0,0.328,0,Clear sky,4.5,8.1,69,,Clear,False
2026-02-13,19,28.0,20.0,0.0,0.0,0.0,0.328,3,Overcast,6.7,12.1,75,,Cloudy,False
2026-02-13,20,27.7,19.3,0.0,0.0,0.0,0.328,3,Overcast,7.3,13.2,73,,Cloudy,False
2026-02-13,21,26.1,18.2,0.0,0.0,0.0,0.328,3,Overcast,5.8,13.9,75,,Cloudy,False
2026-02-13,22,24.9,17.1,0.0,0.0,0.0,0.328,3,Overcast,5.5,11.2,76,,Cloudy,False
2026-02-13,23,23.9,16.4,0.0,0.0,0.0,0.328,2,Partly cloudy,4.6,10.5,77,,Cloudy,False
2026-02-14,0,21.5,14.0,0.0,0.0,0.0,0.328,0,Clear sky,4.2,8.5,79,,Clear,False
2026-02-14,1,19.7,12.0,0.0,0.0,0.0,0.328,2,Partly cloudy,4.3,7.6,80,,Cloudy,False
2026-02-14,2,20.8,13.0,0.0,0.0,0.0,0.328,3,Overcast,4.6,9.2,78,,Cloudy,False
2026-02-14,3,23.1,15.1,0.0,0.0,0.0,0.328,3,Overcast,5.7,11.0,78,,Cloudy,False
2026-02-14,4,24.4,16.9,0.0,0.0,0.0,0.328,3,Overcast,4.9,11.0,77,,Cloudy,False
2026-02-14,5,25.7,17.6,0.0,0.0,0.0,0.328,3,Overcast,6.5,13.0,78,,Cloudy,False
2026-02-14,6,26.3,18.4,0.0,0.0,0.0,0.328,3,Overcast,6.4,13.0,79,,Cloudy,False
2026-02-14,7,26.4,18.4,0.0,0.0,0.0,0.328,1,Mainly clear,6.4,12.8,78,,Clear,False
2026-02-14,8,25.7,17.7,0.0,0.0,0.0,0.295,1,Mainly clear,6.1,12.3,76,,Clear,False
2026-02-14,9,25.9,18.2,0.0,0.0,0.0,0.295,0,Clear sky,5.5,11.9,77,,Clear,False
2026-02-14,10,27.5,20.2,0.0,0.0,0.0,0.295,1,Mainly clear,5.0,11.9,78,,Clear,False
2026-02-14,11,30.0,23.3,0.0,0.0,0.0,0.295,0,Clear sky,4.1,9.8,77,,Clear,False
2026-02-14,12,32.5,26.2,0.0,0.0,0.0,0.295,0,Clear sky,3.9,9.6,77,,Clear,False
2026-02-14,13,34.7,29.3,0.0,0.0,0.0,0.295,0,Clear sky,4.0,9.2,76,,Clear,False
2026-02-14,14,37.1,32.0,0.0,0.0,0.0,0.295,0,Clear sky,4.1,9.4,71,,Clear,False
2026-02-14,15,37.7,31.9,0.0,0.0,0.0,0.262,0,Clear sky,4.7,9.6,74,,Clear,False
2026-02-14,16,38.5,32.2,0.0,0.0,0.0,0.262,0,Clear sky,4.9,11.0,69,,Clear,False
2026-02-14,17,38.5,32.5,0.0,0.0,0.0,0.262,1,Mainly clear,4.3,10.3,70,,Clear,False
2026-02-14,18,35.5,29.7,0.0,0.0,0.0,0.262,1,Mainly clear,3.4,8.5,74,,Clear,False
2026-02-14,19,33.6,27.5,0.0,0.0,0.0,0.262,1,Mainly clear,3.8,5.8,77,,Clear,False
2026-02-14,20,34.8,29.1,0.0,0.0,0.0,0.262,0,Clear sky,2.9,6.3,75,,Clear,False
2026-02-14,21,30.5,24.2,0.0,0.0,0.0,0.262,0,Clear sky,3.4,5.4,79,,Clear,False
2026-02-14,22,27.9,22.3,0.0,0.0,0.0,0.262,0,Clear sky,1.2,5.4,81,,Clear,False
2026-02-14,23,26.0,20.6,0.0,0.0,0.0,0.262,0,Clear sky,0.6,2.2,85,,Clear,False
2026-02-15,0,25.1,18.8,0.0,0.0,0.0,0.262,0,Clear sky,2.8,4.9,88,,Clear,False
2026-02-15,1,24.7,19.2,0.0,0.0,0.0,0.262,0,Clear sky,0.9,4.9,87,,Clear,False
2026-02-15,2,26.2,20.7,0.0,0.0,0.0,0.23,1,Mainly clear,0.9,2.7,83,,Clear,False
2026-02-15,3,24.9,19.3,0.0,0.0,0.0,0.23,0,Clear sky,1.0,2.7,86,,Clear,False
2026-02-15,4,22.5,16.5,0.0,0.0,0.0,0.23,3,Overcast,1.4,3.4,90,,Cloudy,False
2026-02-15,5,20.9,14.7,0.0,0.0,0.0,0.23,3,Overcast,2.0,3.8,93,,Cloudy,False
2026-02-15,6,21.2,14.6,0.0,0.0,0.0,0.23,3,Overcast,2.8,5.1,92,,Cloudy,False
2026-02-15,7,21.5,14.9,0.0,0.0,0.0,0.23,3,Overcast,2.7,5.6,90,,Cloudy,False
2026-02-15,8,21.7,14.9,0.0,0.0,0.0,0.23,3,Overcast,3.2,6.5,87,,Cloudy,False
2026-02-15,9,24.4,17.2,0.0,0.0,0.0,0.23,3,Overcast,4.5,8.3,86,,Cloudy,False
2026-02-15,10,28.2,21.4,0.0,0.0,0.0,0.23,3,Overcast,4.6,9.2,84,,Cloudy,False
2026-02-15,11,31.5,25.6,0.0,0.0,0.0,0.23,3,Overcast,3.1,9.6,83,,Cloudy,False
2026-02-15,12,33.4,27.9,0.0,0.0,0.0,0.23,3,Overcast,2.7,7.8,80,,Cloudy,False
2026-02-15,13,34.7,29.1,0.0,0.0,0.0,0.23,3,Overcast,3.1,7.8,78,,Cloudy,False
2026-02-15,14,36.3,30.5,0.0,0.0,0.0,0.197,3,Overcast,3.6,8.5,73,,Cloudy,False
2026-02-15,15,35.9,30.4,0.0,0.0,0.0,0.197,3,Overcast,2.9,7.6,75,,Cloudy,False
2026-02-15,16,35.5,29.7,0.0,0.0,0.0,0.197,3,Overcast,3.6,7.8,77,,Cloudy,False
2026-02-15,17,35.2,29.9,0.0,0.0,0.0,0.197,3,Overcast,2.8,8.3,80,,Cloudy,False
2026-02-15,18,34.7,29.0,0.0,0.0,0.0,0.197,3,Overcast,3.4,7.2,80,,Cloudy,False
2026-02-15,19,33.2,27.1,0.0,0.0,0.0,0.197,3,Overcast,3.9,7.4,81,,Cloudy,False
2026-02-15,20,33.4,27.1,0.0,0.0,0.0,0.197,3,Overcast,4.4,8.1,79,,Cloudy,False
2026-02-15,21,33.1,26.5,0.004,0.0,0.028,0.197,71,Slight snowfall,5.1,9.8,80,,Snow,True
2026-02-15,22,32.7,25.9,0.008,0.0,0.055,0.197,71,Slight snowfall,5.7,11.4,83,,Snow,True
2026-02-15,23,32.5,25.6,0.008,0.0,0.055,0.197,71,Slight snowfall,6.1,12.3,87,,Snow,True
2026-02-16,0,31.8,24.7,0.012,0.0,0.083,0.197,73,Moderate snowfall,6.7,13.4,90,,Snow,True
2026-02-16,1,31.6,24.5,0.012,0.0,0.083,0.23,73,Moderate snowfall,6.9,14.8,91,,Snow,True
2026-02-16,2,31.4,23.8,0.008,0.0,0.055,0.197,71,Slight snowfall,7.8,14.3,89,,Snow,True
2026-02-16,3,30.4,22.5,0.012,0.0,0.083,0.197,73,Moderate snowfall,8.1,17.0,89,,Snow,True
2026-02-16,4,29.7,21.9,0.012,0.0,0.083,0.23,73,Moderate snowfall,7.5,16.8,89,,Snow,True
2026-02-16,5,29.5,21.5,0.008,0.0,0.055,0.23,71,Slight snowfall,8.0,16.8,90,,Snow,True
2026-02-16,6,29.7,21.9,0.004,0.0,0.028,0.23,71,Slight snowfall,7.5,17.0,89,,Snow,True
2026-02-16,7,29.0,21.1,0.0,0.0,0.0,0.23,3,Overcast,7.7,16.3,88,,Cloudy,False
2026-02-16,8,29.1,21.6,0.0,0.0,0.0,0.262,0,Clear sky,6.6,16.1,85,,Clear,False
2026-02-16,9,28.0,20.4,0.0,0.0,0.0,0.262,1,Mainly clear,6.3,13.6,84,,Clear,False
2026-02-16,10,29.7,22.6,0.0,0.0,0.0,0.262,3,Overcast,5.3,13.4,81,,Cloudy,False
2026-02-16,11,31.0,23.7,0.0,0.0,0.0,0.262,3,Overcast,5.9,13.6,78,,Cloudy,False
2026-02-16,12,32.4,25.3,0.0,0.0,0.0,0.23,3,Overcast,5.5,13.6,75,,Cloudy,False
2026-02-16,13,33.5,26.5,0.0,0.0,0.0,0.23,0,Clear sky,5.5,13.0,74,,Clear,False
2026-02-16,14,34.9,29.1,0.0,0.0,0.0,0.23,0,Clear sky,4.8,13.0,69,,Clear,False
2026-02-16,15,35.4,30.4,0.0,0.0,0.0,0.23,1,Mainly clear,2.0,10.7,68,,Clear,False
2026-02-16,16,35.7,30.8,0.0,0.0,0.0,0.23,2,Partly cloudy,0.6,5.1,68,,Cloudy,False
2026-02-16,17,35.7,30.8,0.0,0.0,0.0,0.23,0,Clear sky,0.5,1.8,67,,Clear,False
2026-02-16,18,32.6,27.1,0.0,0.0,0.0,0.23,0,Clear sky,1.4,2.9,68,,Clear,False
2026-02-16,19,29.9,23.8,0.0,0.0,0.0,0.23,0,Clear sky,2.5,3.6,72,,Clear,False
2026-02-16,20,33.3,26.5,0.0,0.0,0.0,0.23,3,Overcast,5.1,6.5,75,,Cloudy,False
2026-02-16,21,33.2,26.7,0.0,0.0,0.0,0.23,3,Overcast,4.6,9.6,78,,Cloudy,False
2026-02-16,22,33.2,27.0,0.0,0.0,0.0,0.23,3,Overcast,4.0,9.2,81,,Cloudy,False
2026-02-16,23,33.0,26.9,0.0,0.0,0.0,0.23,3,Overcast,4.0,8.1,82,,Cloudy,False
2026-02-17,0,32.9,27.0,0.0,0.0,0.0,0.23,3,Overcast,3.7,7.8,84,,Cloudy,False
2026-02-17,1,32.6,27.0,0.0,0.0,0.0,0.23,3,Overcast,3.2,7.4,86,,Cloudy,False
2026-02-17,2,32.8,26.5,0.0,0.0,0.0,0.23,3,Overcast,4.8,7.6,84,,Cloudy,False
2026-02-17,3,32.6,25.8,0.0,0.0,0.0,0.23,3,Overcast,6.0,11.6,85,,Cloudy,False
2026-02-17,4,32.8,26.1,0.0,0.0,0.0,0.23,3,Overcast,5.9,12.5,85,,Cloudy,False
2026-02-17,5,33.4,26.6,0.0,0.0,0.0,0.23,3,Overcast,6.1,12.1,86,,Cloudy,False
2026-02-17,6,33.8,27.1,0.0,0.0,0.0,0.23,3,Overcast,6.4,12.8,88,,Cloudy,False
2026-02-17,7,34.1,27.4,0.0,0.0,0.0,0.23,3,Overcast,6.4,13.2,90,,Cloudy,False
2026-02-17,8,33.6,27.3,0.0,0.0,0.0,0.164,3,Overcast,5.6,13.0,91,,Cloudy,False
2026-02-17,9,34.1,27.6,0.0,0.0,0.0,0.164,3,Overcast,6.3,13.2,92,,Cloudy,False
2026-02-17,10,34.4,28.1,0.0,0.0,0.0,0.164,3,Overcast,6.0,13.0,93,,Cloudy,False
2026-02-17,11,36.0,29.9,0.0,0.0,0.0,0.164,3,Overcast,5.7,14.8,90,,Cloudy,False
2026-02-17,12,37.0,31.5,0.0,0.0,0.0,0.164,1,Mainly clear,4.6,13.4,89,,Clear,False
2026-02-17,13,40.6,34.8,0.0,0.0,0.0,0.131,0,Clear sky,7.2,17.7,82,,Clear,False
2026-02-17,14,42.2,37.1,0.0,0.0,0.0,0.131,2,Partly cloudy,4.8,16.1,80,,Cloudy,False
2026-02-17,15,42.2,37.7,0.0,0.0,0.0,0.131,2,Partly cloudy,3.6,11.0,79,,Cloudy,False
2026-02-17,16,42.4,37.8,0.0,0.0,0.0,0.131,1,Mainly clear,3.5,9.8,79,,Clear,False
2026-02-17,17,41.6,37.0,0.0,0.0,0.0,0.098,0,Clear sky,3.4,8.9,80,,Clear,False
2026-02-17,18,40.4,35.2,0.0,0.0,0.0,0.098,0,Clear sky,4.3,8.7,82,,Clear,False
2026-02-17,19,38.8,33.2,0.0,0.0,0.0,0.098,0,Clear sky,5.1,10.1,84,,Clear,False
2026-02-17,20,38.9,33.3,0.0,0.0,0.0,0.098,0,Clear sky,5.6,10.3,87,,Clear,False
2026-02-17,21,37.2,31.8,0.0,0.0,0.0,0.098,0,Clear sky,4.7,11.0,90,,Clear,False
2026-02-17,22,33.5,28.1,0.0,0.0,0.0,0.098,0,Clear sky,3.7,9.2,93,,Clear,False
2026-02-17,23,34.6,28.9,0.0,0.0,0.0,0.098,0,Clear sky,4.7,8.9,93,,Clear,False
2026-02-18,0,34.3,28.6,0.0,0.0,0.0,0.098,1,Mainly clear,4.5,9.2,93,,Clear,False
2026-02-18,1,33.9,28.2,0.0,0.0,0.0,0.098,3,Overcast,4.5,9.2,94,,Cloudy,False
2026-02-18,2,33.1,26.9,0.0,0.0,0.0,0.131,3,Overcast,5.4,8.9,94,,Cloudy,False
2026-02-18,3,32.7,26.8,0.0,0.0,0.0,0.131,3,Overcast,4.6,10.1,94,,Cloudy,False
2026-02-18,4,32.2,26.5,0.0,0.0,0.0,0.131,3,Overcast,3.9,8.9,94,,Cloudy,False
2026-02-18,5,32.4,27.0,0.0,0.0,0.0,0.131,3,Overcast,3.3,7.8,95,,Cloudy,False
2026-02-18,6,32.3,27.2,0.0,0.0,0.0,0.131,3,Overcast,2.6,6.9,95,,Cloudy,False
2026-02-18,7,32.9,28.2,0.0,0.0,0.0,0.131,3,Overcast,2.1,6.3,96,,Cloudy,False
2026-02-18,8,32.8,27.7,0.0,0.0,0.0,0.098,3,Overcast,2.9,4.7,96,,Cloudy,False
2026-02-18,9,33.5,28.5,0.0,0.0,0.0,0.098,3,Overcast,3.0,6.7,95,,Cloudy,False
2026-02-18,10,33.8,29.1,0.016,0.016,0.0,0.098,51,Light drizzle,2.4,6.3,96,,Drizzle,False
2026-02-18,11,34.7,30.3,0.031,0.031,0.0,0.098,53,Moderate drizzle,2.2,7.2,98,,Drizzle,False
2026-02-18,12,35.1,30.8,0.024,0.024,0.0,0.098,53,Moderate drizzle,1.9,5.4,98,,Drizzle,False
2026-02-18,13,36.9,32.4,0.008,0.008,0.0,0.098,51,Light drizzle,2.7,7.4,94,,Drizzle,False
2026-02-18,14,37.6,32.7,0.0,0.0,0.0,0.098,3,Overcast,4.1,10.5,95,,Cloudy,False
2026-02-18,15,36.9,33.0,0.0,0.0,0.0,0.098,3,Overcast,1.7,9.6,96,,Cloudy,False
2026-02-18,16,38.1,34.3,0.0,0.0,0.0,0.098,3,Overcast,1.7,5.8,94,,Cloudy,False
2026-02-18,17,37.5,33.5,0.0,0.0,0.0,0.066,3,Overcast,2.0,6.3,95,,Cloudy,False
2026-02-18,18,37.1,33.7,0.0,0.0,0.0,0.066,3,Overcast,0.7,6.0,95,,Cloudy,False
2026-02-18,19,37.0,33.2,0.0,0.0,0.0,0.066,3,Overcast,1.1,2.5,95,,Cloudy,False
2026-02-18,20,36.9,32.5,0.008,0.008,0.0,0.098,51,Light drizzle,2.7,4.5,96,,Drizzle,False
2026-02-18,21,36.1,31.7,0.004,0.004,0.0,0.098,51,Light drizzle,2.7,4.5,96,,Drizzle,False
2026-02-18,22,36.0,30.8,0.012,0.012,0.0,0.066,51,Light drizzle,4.3,8.3,95,,Drizzle,False
2026-02-18,23,35.7,30.2,0.008,0.008,0.0,0.066,51,Light drizzle,4.8,9.6,94,,Drizzle,False
2026-02-19,0,35.6,29.6,0.0,0.0,0.0,0.066,3,Overcast,6.1,11.2,95,,Cloudy,False
2026-02-19,1,35.7,29.6,0.0,0.0,0.0,0.066,3,Overcast,6.1,11.6,94,,Cloudy,False
2026-02-19,2,36.2,30.6,0.0,0.0,0.0,0.098,3,Overcast,5.3,11.6,93,,Cloudy,False
2026-02-19,3,36.0,29.9,0.0,0.0,0.0,0.098,3,Overcast,5.9,10.7,92,,Cloudy,False
2026-02-19,4,35.7,29.7,0.0,0.0,0.0,0.098,3,Overcast,5.6,11.6,91,,Cloudy,False
2026-02-19,5,35.2,29.0,0.0,0.0,0.0,0.098,3,Overcast,5.8,10.3,88,,Cloudy,False
2026-02-19,6,35.1,28.3,0.0,0.0,0.0,0.066,3,Overcast,6.2,11.6,82,,Cloudy,False
2026-02-19,7,34.4,28.0,0.0,0.0,0.0,0.066,3,Overcast,5.3,11.6,81,,Cloudy,False
2026-02-19,8,34.5,27.8,0.0,0.0,0.0,0.098,3,Overcast,5.6,10.5,78,,Cloudy,False
2026-02-19,9,34.4,28.0,0.0,0.0,0.0,0.098,3,Overcast,4.9,11.4,77,,Cloudy,False
2026-02-19,10,34.7,29.0,0.0,0.0,0.0,0.098,3,Overcast,3.0,10.3,76,,Cloudy,False
2026-02-19,11,35.3,29.2,0.0,0.0,0.0,0.098,3,Overcast,3.9,9.4,73,,Cloudy,False
2026-02-19,12,35.6,29.3,0.0,0.0,0.0,0.098,3,Overcast,4.5,11.2,72,,Cloudy,False
2026-02-19,13,36.8,30.1,0.0,0.0,0.0,0.066,3,Overcast,5.2,13.2,70,,Cloudy,False
2026-02-19,14,37.3,30.1,0.0,0.0,0.0,0.066,3,Overcast,6.1,13.9,64,,Cloudy,False
2026-02-19,15,36.8,30.3,0.0,0.0,0.0,0.066,3,Overcast,4.3,14.1,65,,Cloudy,False
2026-02-19,16,37.6,31.3,0.0,0.0,0.0,0.066,3,Overcast,4.1,11.4,64,,Cloudy,False
2026-02-19,17,37.8,32.1,0.0,0.0,0.0,0.066,3,Overcast,3.0,9.6,68,,Cloudy,False
2026-02-19,18,37.0,31.6,0.0,0.0,0.0,0.066,3,Overcast,2.9,6.7,74,,Cloudy,False
2026-02-19,19,36.1,30.6,0.0,0.0,0.0,0.066,3,Overcast,3.2,8.1,78,,Cloudy,False
2026-02-19,20,35.8,30.5,0.0,0.0,0.0,0.066,3,Overcast,3.0,9.4,81,,Cloudy,False
2026-02-19,21,34.9,29.1,0.0,0.0,0.0,0.066,3,Overcast,4.0,8.5,83,,Cloudy,False
2026-02-19,22,34.5,28.5,0.0,0.0,0.0,0.066,3,Overcast,4.7,10.1,84,,Cloudy,False
2026-02-19,23,34.3,28.1,0.0,0.0,0.0,0.066,3,Overcast,5.1,10.3,86,,Cloudy,False
2026-02-20,0,34.2,27.6,0.0,0.0,0.0,0.066,3,Overcast,6.0,12.5,87,,Cloudy,False
2026-02-20,1,34.1,27.4,0.0,0.0,0.0,0.066,3,Overcast,6.4,13.4,87,,Cloudy,False
2026-02-20,2,34.4,27.4,0.0,0.0,0.0,0.066,3,Overcast,7.1,14.3,86,,Cloudy,False
2026-02-20,3,34.5,27.9,0.0,0.0,0.0,0.066,3,Overcast,6.3,14.8,86,,Cloudy,False
2026-02-20,4,34.3,28.1,0.0,0.0,0.0,0.066,3,Overcast,5.4,13.0,87,,Cloudy,False
2026-02-20,5,34.3,27.8,0.0,0.0,0.0,0.066,3,Overcast,6.1,12.3,88,,Cloudy,False
2026-02-20,6,34.9,28.4,0.0,0.0,0.0,0.066,3,Overcast,6.0,13.9,86,,Cloudy,False
2026-02-20,7,35.2,28.6,0.004,0.004,0.0,0.066,51,Light drizzle,6.3,13.2,86,,Drizzle,False
2026-02-20,8,34.4,27.9,0.016,0.016,0.0,0.066,51,Light drizzle,6.4,14.8,90,,Drizzle,False
2026-02-20,9,34.6,28.0,0.051,0.051,0.0,0.066,61,Slight rain,6.9,13.4,93,,Rain,True
2026-02-20,10,34.8,27.6,0.063,0.063,0.0,0.066,61,Slight rain,8.4,16.3,94,,Rain,True
2026-02-20,11,35.8,29.3,0.043,0.043,0.0,0.066,55,Dense drizzle,7.2,16.8,95,,Drizzle,False
2026-02-20,12,36.7,29.9,0.035,0.035,0.0,0.066,53,Moderate drizzle,8.5,18.8,96,,Drizzle,False
2026-02-20,13,38.3,32.0,0.047,0.047,0.0,0.033,55,Dense drizzle,8.0,16.6,96,,Drizzle,False
2026-02-20,14,36.3,29.8,0.02,0.02,0.0,0.066,53,Moderate drizzle,7.8,15.9,97,,Drizzle,False
2026-02-20,15,36.0,29.0,0.016,0.016,0.0,0.066,51,Light drizzle,8.6,18.1,97,,Drizzle,False
2026-02-20,16,35.6,29.1,0.008,0.008,0.0,0.033,51,Light drizzle,7.6,17.9,98,,Drizzle,False
2026-02-20,17,35.5,29.2,0.004,0.004,0.0,0.033,51,Light drizzle,6.8,15.7,96,,Drizzle,False
2026-02-20,18,35.2,28.8,0.004,0.004,0.0,0.033,51,Light drizzle,6.9,16.3,95,,Drizzle,False
2026-02-20,19,34.6,28.2,0.0,0.0,0.0,0.033,3,Overcast,6.6,13.9,96,,Cloudy,False
2026-02-20,20,34.3,27.4,0.0,0.0,0.0,0.066,3,Overcast,7.7,15.0,96,,Cloudy,False
2026-02-20,21,34.6,28.7,0.0,0.0,0.0,0.066,3,Overcast,5.3,15.4,94,,Cloudy,False
2026-02-20,22,34.4,28.6,0.0,0.0,0.0,0.066,3,Overcast,5.1,10.3,95,,Cloudy,False
2026-02-20,23,34.3,29.0,0.0,0.0,0.0,0.066,3,Overcast,3.7,9.8,95,,Cloudy,False
2026-02-21,0,33.2,28.4,0.0,0.0,0.0,0.066,2,Partly cloudy,2.2,6.7,96,,Cloudy,False
2026-02-21,1,31.6,26.5,0.0,0.0,0.0,0.066,3,Overcast,2.4,4.5,97,,Cloudy,False
2026-02-21,2,34.2,29.7,0.0,0.0,0.0,0.066,3,Overcast,2.1,7.4,96,,Cloudy,False
2026-02-21,3,34.1,28.5,0.0,0.0,0.0,0.066,3,Overcast,4.6,8.7,96,,Cloudy,False
2026-02-21,4,34.8,29.6,0.004,0.004,0.0,0.066,51,Light drizzle,3.7,8.1,93,,Drizzle,False
2026-02-21,5,33.7,28.9,0.0,0.0,0.0,0.066,1,Mainly clear,2.5,6.3,95,,Clear,False
2026-02-21,6,31.3,26.0,0.0,0.0,0.0,0.066,3,Overcast,2.9,5.1,97,,Cloudy,False
2026-02-21,7,32.3,26.6,0.0,0.0,0.0,0.066,0,Clear sky,4.0,7.4,96,,Clear,False
2026-02-21,8,33.2,26.8,0.0,0.0,0.0,0.066,0,Clear sky,5.9,9.2,95,,Clear,False
2026-02-21,9,36.3,29.6,0.0,0.0,0.0,0.066,0,Clear sky,7.0,13.0,85,,Clear,False
2026-02-21,10,39.9,34.1,0.0,0.0,0.0,0.066,2,Partly cloudy,5.7,13.4,81,,Cloudy,False
2026-02-21,11,42.4,36.7,0.0,0.0,0.0,0.066,3,Overcast,5.3,13.0,73,,Cloudy,False
2026-02-21,12,44.2,37.4,0.0,0.0,0.0,0.033,3,Overcast,7.0,17.4,61,,Cloudy,False
2026-02-21,13,44.9,38.1,0.0,0.0,0.0,0.033,3,Overcast,6.5,17.4,58,,Cloudy,False
2026-02-21,14,44.7,38.1,0.0,0.0,0.0,0.033,3,Overcast,6.1,17.0,58,,Cloudy,False
2026-02-21,15,45.8,39.4,0.0,0.0,0.0,0.033,3,Overcast,5.7,15.2,56,,Cloudy,False
2026-02-21,16,46.4,39.9,0.0,0.0,0.0,0.033,3,Overcast,5.8,14.3,54,,Cloudy,False
2026-02-21,17,46.1,39.8,0.0,0.0,0.0,0.033,3,Overcast,5.4,15.2,55,,Cloudy,False
2026-02-21,18,44.3,39.2,0.0,0.0,0.0,0.033,3,Overcast,3.3,11.6,63,,Cloudy,False
2026-02-21,19,41.9,36.6,0.0,0.0,0.0,0.033,3,Overcast,3.7,7.4,69,,Cloudy,False
2026-02-21,20,40.3,35.7,0.0,0.0,0.0,0.033,3,Overcast,2.2,7.6,76,,Cloudy,False
2026-02-21,21,39.1,34.5,0.0,0.0,0.0,0.033,3,Overcast,2.0,3.1,76,,Cloudy,False
2026-02-21,22,38.2,33.4,0.0,0.0,0.0,0.033,3,Overcast,2.2,4.5,78,,Cloudy,False
2026-02-21,23,37.5,33.1,0.0,0.0,0.0,0.033,3,Overcast,1.1,3.6,79,,Cloudy,False
2026-02-22,0,36.5,31.8,0.0,0.0,0.0,0.033,2,Partly cloudy,2.0,3.4,82,,Cloudy,False
2026-02-22,1,35.2,30.3,0.0,0.0,0.0,0.033,2,Partly cloudy,2.5,4.7,86,,Cloudy,False
2026-02-22,2,34.2,28.7,0.0,0.0,0.0,0.033,3,Overcast,3.3,8.3,87,,Cloudy,False
2026-02-22,3,35.1,29.2,0.0,0.0,0.0,0.033,3,Overcast,4.8,10.3,87,,Cloudy,False
2026-02-22,4,34.6,29.2,0.0,0.0,0.0,0.033,3,Overcast,3.8,9.4,90,,Cloudy,False
2026-02-22,5,34.3,28.4,0.0,0.0,0.0,0.033,3,Overcast,5.2,11.0,93,,Cloudy,False
2026-02-22,6,33.9,28.2,0.0,0.0,0.0,0.033,3,Overcast,4.6,11.0,96,,Cloudy,False
2026-02-22,7,33.8,27.8,0.004,0.004,0.0,0.033,51,Light drizzle,5.7,12.8,97,,Drizzle,False
2026-02-22,8,33.4,27.2,0.008,0.008,0.0,0.033,51,Light drizzle,5.9,11.9,100,,Drizzle,False
2026-02-22,9,33.8,27.4,0.012,0.012,0.0,0.033,51,Light drizzle,6.8,12.3,100,,Drizzle,False
2026-02-22,10,34.1,27.1,0.012,0.008,0.028,0.033,71,Slight snowfall,8.1,15.9,99,,Snow,True
2026-02-22,11,35.8,28.2,0.008,0.008,0.0,0.033,51,Light drizzle,9.6,20.1,93,,Drizzle,False
2026-02-22,12,36.4,28.6,0.004,0.004,0.0,0.033,51,Light drizzle,10.0,21.7,89,,Drizzle,False
2026-02-22,13,35.4,28.4,0.016,0.012,0.028,0.033,71,Slight snowfall,8.1,21.9,92,,Snow,True
2026-02-22,14,33.6,25.8,0.012,0.012,0.0,0.0,51,Light drizzle,9.2,21.5,91,,Drizzle,False
2026-02-22,15,33.6,25.5,0.02,0.0,0.138,0.033,73,Moderate snowfall,9.8,22.1,89,,Snow,True
2026-02-22,16,32.6,23.5,0.024,0.0,0.165,0.033,73,Moderate snowfall,11.9,26.2,89,,Snow,True
2026-02-22,17,32.0,22.9,0.031,0.0,0.22,0.066,73,Moderate snowfall,11.6,27.5,90,,Snow,True
2026-02-22,18,31.4,21.3,0.043,0.0,0.303,0.066,73,Moderate snowfall,13.5,30.2,90,,Snow,True
2026-02-22,19,31.1,21.3,0.055,0.0,0.413,0.098,75,Heavy snowfall,12.9,29.8,90,,Snow,True
2026-02-22,20,31.5,22.4,0.067,0.0,0.469,0.164,75,Heavy snowfall,11.2,28.0,90,,Snow,True
2026-02-22,21,31.3,22.0,0.079,0.0,0.551,0.197,75,Heavy snowfall,11.9,25.3,91,,Snow,True
2026-02-22,22,31.0,21.0,0.083,0.0,0.579,0.23,75,Heavy snowfall,13.5,28.6,91,,Snow,True
2026-02-22,23,30.9,20.6,0.055,0.0,0.386,0.262,75,Heavy snowfall,14.1,29.8,90,,Snow,True
2026-02-23,0,30.9,19.6,0.047,0.0,0.331,0.295,75,Heavy snowfall,16.4,34.2,89,,Snow,True
2026-02-23,1,30.8,18.9,0.039,0.0,0.276,0.295,73,Moderate snowfall,17.7,37.4,87,,Snow,True
2026-02-23,2,31.7,19.7,0.035,0.0,0.248,0.623,73,Moderate snowfall,18.0,38.3,85,,Snow,True
2026-02-23,3,31.7,18.9,0.028,0.0,0.193,0.623,73,Moderate snowfall,19.7,41.4,82,,Snow,True
2026-02-23,4,31.2,18.2,0.051,0.0,0.358,0.656,75,Heavy snowfall,19.8,43.0,82,,Snow,True
2026-02-23,5,30.7,18.1,0.035,0.0,0.248,0.656,73,Moderate snowfall,18.7,42.1,83,,Snow,True
2026-02-23,6,29.8,16.9,0.055,0.0,0.386,0.689,75,Heavy snowfall,19.6,40.7,84,,Snow,True
2026-02-23,7,29.4,16.6,0.091,0.0,0.634,0.722,75,Heavy snowfall,19.0,42.3,85,,Snow,True
2026-02-23,8,29.0,16.2,0.091,0.0,0.634,1.115,75,Heavy snowfall,19.0,41.2,84,,Snow,True
2026-02-23,9,28.9,16.6,0.106,0.0,0.744,1.148,75,Heavy snowfall,17.9,40.0,83,,Snow,True
2026-02-23,10,29.6,17.1,0.063,0.0,0.441,1.181,75,Heavy snowfall,18.0,37.4,82,,Snow,True
2026-02-23,11,30.4,17.5,0.055,0.0,0.386,1.214,75,Heavy snowfall,19.2,40.5,80,,Snow,True
2026-02-23,12,31.8,19.9,0.028,0.0,0.193,1.214,73,Moderate snowfall,16.8,40.3,76,,Snow,True
2026-02-23,13,33.1,21.8,0.008,0.0,0.055,1.214,71,Slight snowfall,15.7,35.8,74,,Snow,True
2026-02-23,14,33.4,22.8,0.012,0.0,0.083,1.476,73,Moderate snowfall,14.5,32.9,77,,Snow,True
2026-02-23,15,33.8,23.9,0.016,0.0,0.11,1.476,73,Moderate snowfall,12.8,31.1,76,,Snow,True
2026-02-23,16,34.6,25.3,0.008,0.0,0.055,1.476,71,Slight snowfall,11.4,26.4,74,,Snow,True
2026-02-23,17,34.9,25.6,0.004,0.0,0.028,1.476,71,Slight snowfall,11.3,23.9,73,,Snow,True
2026-02-23,18,34.2,24.9,0.0,0.0,0.0,1.444,3,Overcast,10.9,23.7,72,,Cloudy,False
2026-02-23,19,33.3,23.5,0.0,0.0,0.0,1.444,3,Overcast,11.6,23.9,70,,Cloudy,False
2026-02-23,20,33.4,23.1,0.0,0.0,0.0,1.575,3,Overcast,12.9,26.6,68,,Cloudy,False
2026-02-23,21,32.4,21.4,0.0,0.0,0.0,1.542,3,Overcast,14.0,28.9,66,,Cloudy,False
2026-02-23,22,30.7,19.6,0.0,0.0,0.0,1.542,3,Overcast,13.7,28.9,65,,Cloudy,False
2026-02-23,23,29.1,17.8,0.0,0.0,0.0,1.542,3,Overcast,14.0,28.9,66,,Cloudy,False
2026-02-24,0,28.0,17.1,0.0,0.0,0.0,1.542,3,Overcast,12.6,28.9,67,,Cloudy,False
2026-02-24,1,27.1,17.3,0.0,0.0,0.0,1.542,3,Overcast,10.3,25.7,68,,Cloudy,False
2026-02-24,2,28.3,18.8,0.0,0.0,0.0,1.608,3,Overcast,9.7,21.0,68,,Cloudy,False
2026-02-24,3,29.4,20.1,0.0,0.0,0.0,1.608,3,Overcast,9.7,19.7,71,,Cloudy,False
2026-02-24,4,28.6,19.0,0.0,0.0,0.0,1.608,1,Mainly clear,10.2,21.0,71,,Clear,False
2026-02-24,5,26.9,17.0,0.0,0.0,0.0,1.608,3,Overcast,10.5,21.0,72,,Cloudy,False
2026-02-24,6,25.4,15.3,0.0,0.0,0.0,1.608,3,Overcast,10.8,22.6,73,,Cloudy,False
2026-02-24,7,23.4,13.3,0.0,0.0,0.0,1.608,0,Clear sky,10.4,22.1,72,,Clear,False
2026-02-24,8,24.1,14.2,0.0,0.0,0.0,1.64,0,Clear sky,9.9,21.3,71,,Clear,False
2026-02-24,9,23.5,13.8,0.0,0.0,0.0,1.64,0,Clear sky,9.2,19.9,71,,Clear,False
2026-02-24,10,23.2,13.7,0.0,0.0,0.0,1.608,0,Clear sky,8.7,18.8,70,,Clear,False
2026-02-24,11,24.0,14.3,0.0,0.0,0.0,1.608,0,Clear sky,9.3,19.0,69,,Clear,False
2026-02-24,12,24.7,15.9,0.0,0.0,0.0,1.608,0,Clear sky,9.2,20.4,66,,Clear,False
2026-02-24,13,25.5,17.9,0.0,0.0,0.0,1.608,0,Clear sky,8.1,19.5,63,,Clear,False
2026-02-24,14,28.0,21.2,0.0,0.0,0.0,1.608,0,Clear sky,6.8,18.1,58,,Clear,False
2026-02-24,15,28.6,21.3,0.0,0.0,0.0,1.608,0,Clear sky,6.5,14.5,57,,Clear,False
2026-02-24,16,28.2,19.7,0.0,0.0,0.0,1.608,1,Mainly clear,6.7,14.5,59,,Clear,False
2026-02-24,17,27.2,18.8,0.0,0.0,0.0,1.608,1,Mainly clear,6.4,13.9,61,,Clear,False
2026-02-24,18,25.5,17.2,0.0,0.0,0.0,1.608,0,Clear sky,5.8,13.0,62,,Clear,False
2026-02-24,19,18.6,11.1,0.0,0.0,0.0,1.608,0,Clear sky,3.2,11.2,69,,Clear,False
2026-02-24,20,16.5,8.5,0.0,0.0,0.0,1.575,2,Partly cloudy,4.2,5.4,72,,Cloudy,False
2026-02-24,21,15.6,8.0,0.0,0.0,0.0,1.575,2,Partly cloudy,3.2,7.4,75,,Cloudy,False
2026-02-24,22,13.6,7.1,0.0,0.0,0.0,1.575,0,Clear sky,0.7,4.9,79,,Clear,False
2026-02-24,23,10.9,3.7,0.0,0.0,0.0,1.575,2,Partly cloudy,1.9,3.4,87,,Cloudy,False
2026-02-25,0,9.9,2.4,0.0,0.0,0.0,1.542,2,Partly cloudy,2.7,4.3,90,,Cloudy,False
2026-02-25,1,11.9,3.5,0.0,0.0,0.0,1.542,3,Overcast,5.1,7.4,87,,Cloudy,False
2026-02-25,2,20.8,11.6,0.0,0.0,0.0,1.542,3,Overcast,8.1,12.8,79,,Cloudy,False
2026-02-25,3,23.0,14.2,0.0,0.0,0.0,1.542,3,Overcast,7.5,14.8,77,,Cloudy,False
2026-02-25,4,25.2,16.4,0.0,0.0,0.0,1.542,3,Overcast,7.7,14.5,74,,Cloudy,False
2026-02-25,5,28.4,19.7,0.0,0.0,0.0,1.542,3,Overcast,8.4,16.3,74,,Cloudy,False
2026-02-25,6,29.6,21.4,0.004,0.0,0.028,1.542,71,Slight snowfall,7.4,16.8,75,,Snow,True
2026-02-25,7,29.7,21.7,0.012,0.0,0.083,1.542,73,Moderate snowfall,7.3,14.8,79,,Snow,True
2026-02-25,8,27.1,20.3,0.024,0.0,0.165,1.509,73,Moderate snowfall,4.6,15.4,88,,Snow,True
2026-02-25,9,28.3,21.1,0.028,0.0,0.193,1.542,73,Moderate snowfall,5.9,11.9,89,,Snow,True
2026-02-25,10,29.8,22.9,0.0,0.0,0.0,1.542,3,Overcast,5.4,11.6,89,,Cloudy,False
2026-02-25,11,31.1,24.7,0.0,0.0,0.0,1.542,3,Overcast,4.7,10.7,87,,Cloudy,False
2026-02-25,12,32.8,26.7,0.0,0.0,0.0,1.509,2,Partly cloudy,4.4,9.8,86,,Cloudy,False
2026-02-25,13,34.2,28.9,0.0,0.0,0.0,1.509,1,Mainly clear,4.5,9.6,83,,Clear,False
2026-02-25,14,34.9,30.0,0.0,0.0,0.0,1.444,1,Mainly clear,5.8,12.1,82,,Clear,False
2026-02-25,15,35.8,29.2,0.0,0.0,0.0,1.444,1,Mainly clear,6.7,13.9,77,,Clear,False
2026-02-25,16,36.2,29.0,0.0,0.0,0.0,1.444,0,Clear sky,7.1,14.3,76,,Clear,False
2026-02-25,17,36.1,29.5,0.0,0.0,0.0,1.444,0,Clear sky,5.9,13.9,77,,Clear,False
2026-02-25,18,35.4,28.3,0.0,0.0,0.0,1.444,0,Clear sky,6.9,13.0,77,,Clear,False
2026-02-25,19,34.8,26.9,0.0,0.0,0.0,1.444,0,Clear sky,8.2,15.4,77,,Clear,False
2026-02-25,20,36.1,28.5,0.0,0.0,0.0,1.378,2,Partly cloudy,8.0,15.9,75,,Cloudy,False
2026-02-25,21,36.5,29.2,0.0,0.0,0.0,1.378,1,Mainly clear,7.3,15.2,74,,Clear,False
2026-02-25,22,36.1,28.8,0.0,0.0,0.0,1.378,2,Partly cloudy,7.2,14.1,73,,Cloudy,False
2026-02-25,23,35.1,28.6,0.008,0.008,0.0,1.378,51,Light drizzle,4.8,13.6,75,,Drizzle,False
2026-02-26,0,34.6,28.3,0.047,0.031,0.11,1.378,73,Moderate snowfall,4.4,8.9,76,,Snow,True
2026-02-26,1,35.3,29.8,0.0,0.0,0.0,1.378,2,Partly cloudy,3.4,10.1,81,,Cloudy,False
2026-02-26,2,36.2,29.5,0.0,0.0,0.0,1.312,1,Mainly clear,5.7,12.3,74,,Clear,False
2026-02-26,3,34.0,27.5,0.0,0.0,0.0,1.28,0,Clear sky,4.8,10.7,78,,Clear,False
2026-02-26,4,32.4,25.9,0.0,0.0,0.0,1.28,0,Clear sky,4.6,8.9,80,,Clear,False
2026-02-26,5,28.9,22.4,0.0,0.0,0.0,1.28,0,Clear sky,3.7,8.5,83,,Clear,False
2026-02-26,6,26.5,19.7,0.0,0.0,0.0,1.28,0,Clear sky,4.2,6.7,86,,Clear,False
2026-02-26,7,25.5,18.5,0.0,0.0,0.0,1.28,1,Mainly clear,4.4,6.9,85,,Clear,False
2026-02-26,8,32.5,25.3,0.0,0.0,0.0,1.247,3,Overcast,5.7,10.3,72,,Cloudy,False
2026-02-26,9,33.4,25.9,0.0,0.0,0.0,1.247,3,Overcast,6.7,12.5,72,,Cloudy,False
2026-02-26,10,34.8,27.5,0.0,0.0,0.0,1.247,3,Overcast,6.3,12.5,71,,Cloudy,False
2026-02-26,11,36.1,28.7,0.0,0.0,0.0,1.247,3,Overcast,6.8,14.1,68,,Cloudy,False
2026-02-26,12,37.6,31.6,0.0,0.0,0.0,1.214,3,Overcast,5.2,13.2,64,,Cloudy,False
2026-02-26,13,38.1,33.9,0.0,0.0,0.0,1.214,3,Overcast,3.6,10.7,65,,Cloudy,False
2026-02-26,14,39.8,34.3,0.0,0.0,0.0,1.083,3,Overcast,4.8,7.2,60,,Cloudy,False
2026-02-26,15,37.6,31.7,0.0,0.0,0.0,1.05,3,Overcast,4.5,10.5,66,,Cloudy,False
2026-02-26,16,37.8,31.6,0.0,0.0,0.0,1.05,3,Overcast,4.0,8.5,65,,Cloudy,False
2026-02-26,17,37.7,31.7,0.0,0.0,0.0,1.05,3,Overcast,3.8,7.4,67,,Cloudy,False
2026-02-26,18,37.8,30.9,0.0,0.0,0.0,1.05,3,Overcast,5.5,10.1,66,,Cloudy,False
2026-02-26,19,37.2,30.3,0.0,0.0,0.0,1.05,3,Overcast,5.7,10.7,68,,Cloudy,False
2026-02-26,20,35.3,30.2,0.0,0.0,0.0,0.984,3,Overcast,0.9,10.5,66,,Cloudy,False
2026-02-26,21,32.1,27.0,0.0,0.0,0.0,0.984,1,Mainly clear,0.6,1.8,74,,Clear,False
2026-02-26,22,28.9,22.2,0.0,0.0,0.0,0.984,0,Clear sky,4.6,7.2,84,,Clear,False
2026-02-26,23,28.9,20.4,0.0,0.0,0.0,0.984,0,Clear sky,8.4,16.1,78,,Clear,False
2026-02-27,0,27.7,19.0,0.0,0.0,0.0,0.984,0,Clear sky,8.4,16.3,79,,Clear,False
2026-02-27,1,26.1,17.7,0.0,0.0,0.0,0.984,0,Clear sky,7.2,16.3,79,,Clear,False
2026-02-27,2,28.0,20.4,0.0,0.0,0.0,0.919,0,Clear sky,5.8,13.9,76,,Clear,False
2026-02-27,3,25.5,18.7,0.0,0.0,0.0,0.919,0,Clear sky,3.6,10.7,79,,Clear,False
2026-02-27,4,21.5,14.4,0.0,0.0,0.0,0.919,0,Clear sky,3.4,5.8,82,,Clear,False
2026-02-27,5,19.6,12.2,0.0,0.0,0.0,0.919,0,Clear sky,4.0,6.3,84,,Clear,False
2026-02-27,6,19.0,11.5,0.0,0.0,0.0,0.919,0,Clear sky,4.2,7.2,84,,Clear,False
2026-02-27,7,16.3,9.1,0.0,0.0,0.0,0.919,0,Clear sky,3.0,7.2,85,,Clear,False
2026-02-27,8,16.5,9.5,0.0,0.0,0.0,0.853,0,Clear sky,2.5,4.7,84,,Clear,False
2026-02-27,9,19.1,12.3,0.0,0.0,0.0,0.853,0,Clear sky,2.4,5.1,83,,Clear,False
2026-02-27,10,21.8,15.4,0.0,0.0,0.0,0.853,0,Clear sky,2.0,4.5,81,,Clear,False
2026-02-27,11,25.3,19.6,0.0,0.0,0.0,0.853,0,Clear sky,0.8,4.0,81,,Clear,False
2026-02-27,12,28.4,24.5,0.0,0.0,0.0,0.853,2,Partly cloudy,0.0,3.8,79,,Cloudy,False
2026-02-27,13,30.5,27.1,0.0,0.0,0.0,0.853,0,Clear sky,1.1,4.3,75,,Clear,False
2026-02-27,14,33.2,29.4,0.0,0.0,0.0,0.787,0,Clear sky,2.3,4.9,69,,Clear,False
2026-02-27,15,33.9,29.5,0.0,0.0,0.0,0.787,0,Clear sky,2.4,5.8,69,,Clear,False
2026-02-27,16,34.2,28.3,0.0,0.0,0.0,0.755,0,Clear sky,2.9,6.3,71,,Clear,False
2026-02-27,17,33.6,27.2,0.0,0.0,0.0,0.755,0,Clear sky,4.3,9.4,76,,Clear,False
2026-02-27,18,31.9,25.6,0.0,0.0,0.0,0.755,0,Clear sky,4.0,8.3,79,,Clear,False
2026-02-27,19,29.8,23.4,0.0,0.0,0.0,0.755,0,Clear sky,3.8,7.8,84,,Clear,False
2026-02-27,20,30.6,24.4,0.0,0.0,0.0,0.722,0,Clear sky,3.9,6.3,88,,Clear,False
2026-02-27,21,31.0,24.4,0.0,0.0,0.0,0.722,0,Clear sky,5.2,9.4,89,,Clear,False
2026-02-27,22,27.9,22.0,0.0,0.0,0.0,0.722,0,Clear sky,3.0,9.2,93,,Clear,False
2026-02-27,23,26.2,21.0,0.0,0.0,0.0,0.722,0,Clear sky,1.2,4.3,98,,Clear,False
2026-02-28,0,24.7,19.3,0.0,0.0,0.0,0.722,0,Clear sky,1.4,2.2,100,,Clear,False
2026-02-28,1,24.5,19.3,0.0,0.0,0.0,0.722,1,Mainly clear,1.0,2.5,100,,Clear,False
2026-02-28,2,24.2,18.9,0.0,0.0,0.0,0.623,0,Clear sky,0.9,2.0,100,,Clear,False
2026-02-28,3,24.0,18.8,0.0,0.0,0.0,0.623,3,Overcast,0.7,1.8,100,,Cloudy,False
2026-02-28,4,23.4,18.1,0.0,0.0,0.0,0.623,3,Overcast,0.8,1.8,100,,Cloudy,False
2026-02-28,5,22.7,17.4,0.0,0.0,0.0,0.623,3,Overcast,0.7,1.6,100,,Cloudy,False
2026-02-28,6,21.0,15.3,0.0,0.0,0.0,0.623,3,Overcast,1.2,2.5,100,,Cloudy,False
2026-02-28,7,19.9,14.1,0.0,0.0,0.0,0.623,3,Overcast,0.9,2.2,98,,Cloudy,False
2026-02-28,8,20.9,14.8,0.0,0.0,0.0,0.623,3,Overcast,1.8,2.0,96,,Cloudy,False
2026-02-28,9,22.3,16.8,0.0,0.0,0.0,0.623,3,Overcast,0.8,5.8,96,,Cloudy,False
2026-02-28,10,25.6,19.8,0.0,0.0,0.0,0.623,3,Overcast,2.6,6.9,98,,Cloudy,False
2026-02-28,11,29.0,24.7,0.0,0.0,0.0,0.623,3,Overcast,0.1,7.8,99,,Cloudy,False
2026-02-28,12,31.5,26.8,0.0,0.0,0.0,0.623,3,Overcast,1.8,6.5,100,,Cloudy,False
2026-02-28,13,33.6,30.1,0.0,0.0,0.0,0.623,3,Overcast,2.8,6.0,98,,Cloudy,False
2026-02-28,14,35.2,31.1,0.0,0.0,0.0,0.558,2,Partly cloudy,1.2,6.5,95,,Cloudy,False
2026-02-28,15,36.6,33.7,0.0,0.0,0.0,0.525,0,Clear sky,1.3,2.9,90,,Clear,False
2026-02-28,16,37.2,33.0,0.0,0.0,0.0,0.525,0,Clear sky,1.7,3.1,88,,Clear,False
2026-02-28,17,37.3,32.9,0.0,0.0,0.0,0.492,0,Clear sky,2.0,4.7,87,,Clear,False
2026-02-28,18,36.1,31.8,0.0,0.0,0.0,0.492,0,Clear sky,1.3,3.4,87,,Clear,False
2026-02-28,19,34.1,29.8,0.0,0.0,0.0,0.492,0,Clear sky,0.8,2.2,90,,Clear,False
2026-02-28,20,33.2,29.0,0.0,0.0,0.0,0.459,0,Clear sky,0.4,1.6,93,,Clear,False
2026-02-28,21,30.8,26.6,0.0,0.0,0.0,0.459,0,Clear sky,0.3,1.3,96,,Clear,False
2026-02-28,22,28.9,24.4,0.0,0.0,0.0,0.459,0,Clear sky,0.7,1.8,100,,Clear,False
2026-02-28,23,28.2,23.5,0.0,0.0,0.0,0.459,0,Clear sky,0.8,1.6,100,,Clear,False
2026-03-01,0,26.5,21.7,0.0,0.0,0.0,0.459,3,Overcast,0.4,1.6,100,,Cloudy,False
2026-03-01,1,27.3,21.2,0.0,0.0,0.0,0.459,3,Overcast,3.9,10.3,100,,Cloudy,False
2026-03-01,2,27.9,22.4,0.0,0.0,0.0,0.394,3,Overcast,2.4,7.4,99,,Cloudy,False
2026-03-01,3,28.7,23.0,0.0,0.0,0.0,0.394,3,Overcast,3.1,6.3,99,,Cloudy,False
2026-03-01,4,28.1,21.7,0.0,0.0,0.0,0.394,3,Overcast,4.9,8.7,100,,Cloudy,False
2026-03-01,5,30.5,23.0,0.0,0.0,0.0,0.394,2,Partly cloudy,7.5,14.3,94,,Cloudy,False
2026-03-01,6,31.9,23.4,0.0,0.0,0.0,0.394,2,Partly cloudy,9.0,17.2,76,,Cloudy,False
2026-03-01,7,31.3,22.3,0.0,0.0,0.0,0.394,2,Partly cloudy,9.7,19.2,75,,Cloudy,False
2026-03-01,8,33.5,25.2,0.0,0.0,0.0,0.328,3,Overcast,9.1,19.2,77,,Cloudy,False
2026-03-01,9,33.3,24.8,0.028,0.004,0.165,0.361,73,Moderate snowfall,9.3,19.9,79,,Snow,True
2026-03-01,10,32.7,24.8,0.008,0.0,0.055,0.361,71,Slight snowfall,8.3,19.0,83,,Snow,True
2026-03-01,11,32.5,24.5,0.012,0.0,0.083,0.361,73,Moderate snowfall,8.5,17.9,85,,Snow,True
2026-03-01,12,33.1,25.2,0.0,0.0,0.0,0.361,2,Partly cloudy,8.3,17.7,81,,Cloudy,False
2026-03-01,13,34.4,26.8,0.0,0.0,0.0,0.361,1,Mainly clear,7.4,17.7,73,,Clear,False
2026-03-01,14,37.7,33.2,0.0,0.0,0.0,0.328,1,Mainly clear,3.8,16.8,61,,Clear,False
2026-03-01,15,37.8,32.0,0.0,0.0,0.0,0.328,1,Mainly clear,3.4,8.7,60,,Clear,False
2026-03-01,16,37.3,31.4,0.0,0.0,0.0,0.295,0,Clear sky,2.8,7.6,63,,Clear,False
2026-03-01,17,36.6,31.0,0.0,0.0,0.0,0.295,0,Clear sky,1.8,6.0,62,,Clear,False
2026-03-01,18,34.2,28.7,0.0,0.0,0.0,0.295,0,Clear sky,0.7,3.6,60,,Clear,False
2026-03-01,19,29.3,22.9,0.0,0.0,0.0,0.295,0,Clear sky,2.4,3.4,67,,Clear,False
2026-03-01,20,32.1,23.0,0.0,0.0,0.0,0.295,0,Clear sky,8.8,10.7,58,,Clear,False
2026-03-01,21,29.4,20.7,0.0,0.0,0.0,0.295,0,Clear sky,7.3,16.6,58,,Clear,False
2026-03-01,22,26.3,18.1,0.0,0.0,0.0,0.295,0,Clear sky,6.2,14.1,66,,Clear,False
2026-03-01,23,24.1,15.5,0.0,0.0,0.0,0.295,0,Clear sky,6.8,13.0,71,,Clear,False
2026-03-02,0,22.3,13.4,0.0,0.0,0.0,0.295,0,Clear sky,7.1,14.1,68,,Clear,False
2026-03-02,1,19.9,11.3,0.0,0.0,0.0,0.295,0,Clear sky,6.2,13.9,68,,Clear,False
2026-03-02,2,21.3,12.8,0.0,0.0,0.0,0.295,0,Clear sky,5.6,12.1,63,,Clear,False
2026-03-02,3,19.8,11.5,0.0,0.0,0.0,0.295,0,Clear sky,5.0,10.3,66,,Clear,False
2026-03-02,4,17.8,9.7,0.0,0.0,0.0,0.295,0,Clear sky,4.6,9.6,70,,Clear,False
2026-03-02,5,16.2,7.7,0.0,0.0,0.0,0.295,0,Clear sky,5.1,9.6,70,,Clear,False
2026-03-02,6,14.9,6.2,0.0,0.0,0.0,0.295,2,Partly cloudy,5.5,10.3,67,,Cloudy,False
2026-03-02,7,13.9,4.6,0.0,0.0,0.0,0.295,3,Overcast,6.7,12.5,66,,Cloudy,False
2026-03-02,8,15.6,6.4,0.0,0.0,0.0,0.262,3,Overcast,6.5,14.3,63,,Cloudy,False
2026-03-02,9,17.4,9.1,0.0,0.0,0.0,0.262,3,Overcast,4.8,12.3,67,,Cloudy,False
2026-03-02,10,19.3,11.1,0.0,0.0,0.0,0.262,3,Overcast,4.7,10.5,64,,Cloudy,False
2026-03-02,11,21.8,14.1,0.0,0.0,0.0,0.262,3,Overcast,3.9,11.2,60,,Cloudy,False
2026-03-02,12,24.0,17.1,0.0,0.0,0.0,0.262,3,Overcast,3.4,9.8,55,,Cloudy,False
2026-03-02,13,25.5,19.8,0.0,0.0,0.0,0.262,3,Overcast,2.9,9.6,54,,Cloudy,False
2026-03-02,14,27.3,22.0,0.0,0.0,0.0,0.23,3,Overcast,1.2,8.7,42,,Cloudy,False
2026-03-02,15,28.1,21.9,0.0,0.0,0.0,0.23,3,Overcast,1.3,5.4,46,,Cloudy,False
2026-03-02,16,28.3,21.3,0.0,0.0,0.0,0.23,1,Mainly clear,2.5,6.7,50,,Clear,False
2026-03-02,17,27.9,20.5,0.0,0.0,0.0,0.23,0,Clear sky,3.5,8.5,54,,Clear,False
2026-03-02,18,25.6,18.4,0.0,0.0,0.0,0.23,0,Clear sky,3.5,9.2,64,,Clear,False
2026-03-02,19,20.8,13.2,0.0,0.0,0.0,0.23,0,Clear sky,3.5,7.6,66,,Clear,False
2026-03-02,20,22.8,15.1,0.0,0.0,0.0,0.23,0,Clear sky,4.3,6.9,66,,Clear,False
2026-03-02,21,21.6,13.9,0.0,0.0,0.0,0.23,0,Clear sky,4.0,8.5,67,,Clear,False
2026-03-02,22,20.2,12.7,0.0,0.0,0.0,0.23,0,Clear sky,3.5,7.4,69,,Clear,False
2026-03-02,23,20.4,13.5,0.0,0.0,0.0,0.23,0,Clear sky,2.1,6.0,69,,Clear,False
2026-03-03,0,20.5,13.7,0.0,0.0,0.0,0.23,0,Clear sky,1.9,3.8,72,,Clear,False
2026-03-03,1,20.5,13.9,0.0,0.0,0.0,0.23,0,Clear sky,1.7,4.0,74,,Clear,False
2026-03-03,2,21.2,14.4,0.0,0.0,0.0,0.23,3,Overcast,2.2,3.1,74,,Cloudy,False
2026-03-03,3,26.1,19.7,0.0,0.0,0.0,0.23,3,Overcast,2.4,5.6,76,,Cloudy,False
2026-03-03,4,27.0,20.7,0.0,0.0,0.0,0.23,3,Overcast,2.4,4.5,77,,Cloudy,False
2026-03-03,5,27.7,21.5,0.0,0.0,0.0,0.23,3,Overcast,2.4,4.7,77,,Cloudy,False
2026-03-03,6,28.2,22.3,0.0,0.0,0.0,0.23,3,Overcast,1.9,4.7,78,,Cloudy,False
2026-03-03,7,28.4,22.2,0.0,0.0,0.0,0.23,3,Overcast,2.8,5.6,79,,Cloudy,False
2026-03-03,8,28.3,21.8,0.0,0.0,0.0,0.197,3,Overcast,3.6,7.2,81,,Cloudy,False
2026-03-03,9,29.7,22.7,0.0,0.0,0.0,0.197,3,Overcast,5.3,8.7,83,,Cloudy,False
2026-03-03,10,30.4,24.3,0.008,0.0,0.055,0.197,71,Slight snowfall,3.5,8.9,85,,Snow,True
2026-03-03,11,31.8,25.3,0.016,0.0,0.11,0.23,73,Moderate snowfall,4.7,10.1,83,,Snow,True
2026-03-03,12,32.9,26.6,0.035,0.0,0.248,0.23,73,Moderate snowfall,4.9,12.1,87,,Snow,True
2026-03-03,13,33.4,27.4,0.031,0.0,0.22,0.262,73,Moderate snowfall,5.1,12.1,91,,Snow,True
2026-03-03,14,33.1,27.6,0.016,0.008,0.055,0.197,71,Slight snowfall,3.6,11.0,93,,Snow,True
2026-03-03,15,33.4,27.8,0.016,0.016,0.0,0.197,51,Light drizzle,4.1,9.2,93,,Drizzle,False
2026-03-03,16,33.7,28.0,0.024,0.024,0.0,0.197,53,Moderate drizzle,4.6,9.6,94,,Drizzle,False
2026-03-03,17,33.4,27.7,0.039,0.039,0.0,0.197,55,Dense drizzle,4.5,9.4,95,,Drizzle,False
2026-03-03,18,33.4,27.5,0.031,0.031,0.0,0.197,53,Moderate drizzle,5.0,10.5,95,,Drizzle,False
2026-03-03,19,33.4,28.3,0.012,0.012,0.0,0.197,51,Light drizzle,3.1,9.8,96,,Drizzle,False
2026-03-03,20,32.5,27.3,0.016,0.016,0.0,0.164,51,Light drizzle,3.0,6.0,96,,Drizzle,False
2026-03-03,21,32.4,28.1,0.028,0.028,0.0,0.164,53,Moderate drizzle,0.8,5.4,97,,Drizzle,False
2026-03-03,22,32.3,28.3,0.024,0.024,0.0,0.164,53,Moderate drizzle,0.2,1.8,97,,Drizzle,False
2026-03-03,23,32.3,27.9,0.055,0.055,0.0,0.164,61,Slight rain,1.2,2.2,99,,Rain,True
2026-03-04,0,33.1,27.9,0.028,0.028,0.0,0.164,53,Moderate drizzle,3.3,5.6,97,,Drizzle,False
2026-03-04,1,34.6,28.7,0.024,0.024,0.0,0.164,53,Moderate drizzle,5.5,11.2,97,,Drizzle,False
2026-03-04,2,35.0,29.6,0.031,0.031,0.0,0.164,53,Moderate drizzle,4.3,10.7,96,,Drizzle,False
2026-03-04,3,35.9,30.2,0.028,0.028,0.0,0.131,53,Moderate drizzle,5.5,11.0,96,,Drizzle,False
2026-03-04,4,35.8,30.5,0.004,0.004,0.0,0.131,51,Light drizzle,4.4,10.5,95,,Drizzle,False
2026-03-04,5,35.4,29.9,0.0,0.0,0.0,0.131,3,Overcast,5.0,8.9,96,,Cloudy,False
2026-03-04,6,35.0,29.3,0.0,0.0,0.0,0.131,3,Overcast,5.1,10.3,96,,Cloudy,False
2026-03-04,7,33.7,28.3,0.0,0.0,0.0,0.131,3,Overcast,3.9,9.4,96,,Cloudy,False
2026-03-04,8,33.4,28.3,0.0,0.0,0.0,0.164,3,Overcast,3.2,6.7,96,,Cloudy,False
2026-03-04,9,35.5,30.5,0.0,0.0,0.0,0.164,3,Overcast,3.7,7.4,95,,Cloudy,False
2026-03-04,10,37.7,33.2,0.0,0.0,0.0,0.131,3,Overcast,3.2,7.8,94,,Cloudy,False
2026-03-04,11,39.0,34.9,0.0,0.0,0.0,0.131,3,Overcast,2.5,6.7,91,,Cloudy,False
2026-03-04,12,40.4,36.3,0.0,0.0,0.0,0.131,3,Overcast,2.5,7.2,86,,Cloudy,False
2026-03-04,13,41.1,37.2,0.0,0.0,0.0,0.098,3,Overcast,1.9,7.4,83,,Cloudy,False
2026-03-04,14,45.3,43.3,0.0,0.0,0.0,0.098,3,Overcast,1.1,6.5,77,,Cloudy,False
2026-03-04,15,43.1,40.0,0.0,0.0,0.0,0.098,3,Overcast,0.9,4.9,79,,Cloudy,False
2026-03-04,16,43.9,40.7,0.0,0.0,0.0,0.098,3,Overcast,0.7,4.7,77,,Cloudy,False
2026-03-04,17,43.0,39.3,0.0,0.0,0.0,0.066,2,Partly cloudy,1.5,5.1,79,,Cloudy,False
2026-03-04,18,42.7,39.5,0.0,0.0,0.0,0.066,0,Clear sky,0.8,5.8,81,,Clear,False
2026-03-04,19,39.1,35.0,0.0,0.0,0.0,0.066,0,Clear sky,1.9,2.9,86,,Clear,False
2026-03-04,20,39.1,34.9,0.0,0.0,0.0,0.066,3,Overcast,3.0,5.1,93,,Cloudy,False
2026-03-04,21,37.0,32.3,0.0,0.0,0.0,0.066,0,Clear sky,3.7,7.4,95,,Clear,False
2026-03-04,22,35.3,31.0,0.0,0.0,0.0,0.066,3,Overcast,2.2,7.2,96,,Cloudy,False
2026-03-04,23,35.4,31.3,0.0,0.0,0.0,0.066,3,Overcast,1.6,4.5,96,,Cloudy,False
2026-03-05,0,36.2,32.0,0.0,0.0,0.0,0.066,3,Overcast,2.2,3.1,97,,Cloudy,False
2026-03-05,1,36.7,32.6,0.0,0.0,0.0,0.066,3,Overcast,2.2,3.4,98,,Cloudy,False
2026-03-05,2,38.4,34.3,0.0,0.0,0.0,0.098,3,Overcast,2.9,5.4,98,,Cloudy,False
2026-03-05,3,37.7,34.2,0.0,0.0,0.0,0.066,3,Overcast,1.4,5.4,99,,Cloudy,False
2026-03-05,4,37.4,33.8,0.0,0.0,0.0,0.066,3,Overcast,1.5,2.2,100,,Cloudy,False
2026-03-05,5,37.6,34.6,0.0,0.0,0.0,0.066,3,Overcast,0.2,2.2,100,,Cloudy,False
2026-03-05,6,36.7,33.2,0.0,0.0,0.0,0.066,3,Overcast,1.0,1.6,100,,Cloudy,False
2026-03-05,7,36.3,32.4,0.0,0.0,0.0,0.066,3,Overcast,1.9,3.1,100,,Cloudy,False
2026-03-05,8,36.7,32.5,0.028,0.028,0.0,0.066,53,Moderate drizzle,2.7,2.7,100,,Drizzle,False
2026-03-05,9,36.9,33.3,0.114,0.114,0.0,0.066,63,Moderate rain,1.3,5.1,99,,Rain,True
2026-03-05,10,37.1,32.9,0.142,0.142,0.0,0.066,63,Moderate rain,2.8,4.9,99,,Rain,True
2026-03-05,11,37.7,33.7,0.138,0.138,0.0,0.066,63,Moderate rain,2.6,6.5,99,,Rain,True
2026-03-05,12,39.5,35.4,0.059,0.059,0.0,0.066,61,Slight rain,3.4,7.6,98,,Rain,True
2026-03-05,13,41.2,37.4,0.004,0.004,0.0,0.066,51,Light drizzle,3.1,9.4,93,,Drizzle,False
2026-03-05,14,39.5,34.9,0.004,0.004,0.0,0.066,51,Light drizzle,4.7,11.6,98,,Drizzle,False
2026-03-05,15,41.4,36.4,0.008,0.008,0.0,0.033,51,Light drizzle,5.8,14.8,93,,Drizzle,False
2026-03-05,16,39.7,34.9,0.024,0.024,0.0,0.033,53,Moderate drizzle,5.0,13.2,97,,Drizzle,False
2026-03-05,17,38.2,32.1,0.02,0.02,0.0,0.033,53,Moderate drizzle,7.7,17.0,97,,Drizzle,False
2026-03-05,18,38.6,33.0,0.0,0.0,0.0,0.033,3,Overcast,6.3,16.3,97,,Cloudy,False
2026-03-05,19,37.6,31.2,0.004,0.004,0.0,0.033,51,Light drizzle,7.9,16.8,97,,Drizzle,False
2026-03-05,20,37.8,31.4,0.0,0.0,0.0,0.033,3,Overcast,8.0,15.2,97,,Cloudy,False
2026-03-05,21,37.5,30.2,0.039,0.039,0.0,0.033,55,Dense drizzle,10.0,20.6,97,,Drizzle,False
2026-03-05,22,37.3,30.3,0.008,0.008,0.0,0.033,51,Light drizzle,9.4,19.7,97,,Drizzle,False
2026-03-05,23,37.0,29.8,0.02,0.02,0.0,0.033,53,Moderate drizzle,9.3,19.2,96,,Drizzle,False
2026-03-06,0,36.6,30.0,0.13,0.13,0.0,0.033,63,Moderate rain,8.1,18.8,97,,Rain,True
2026-03-06,1,36.1,28.8,0.205,0.205,0.0,0.0,63,Moderate rain,9.7,19.7,97,,Rain,True
2026-03-06,2,37.3,29.9,0.165,0.165,0.0,0.0,63,Moderate rain,9.9,22.6,93,,Rain,True
2026-03-06,3,36.8,29.8,0.024,0.024,0.0,0.0,53,Moderate drizzle,8.6,19.5,94,,Drizzle,False
2026-03-06,4,36.5,29.9,0.004,0.004,0.0,0.0,51,Light drizzle,7.7,17.2,95,,Drizzle,False
2026-03-06,5,36.6,30.1,0.004,0.004,0.0,0.0,51,Light drizzle,7.4,15.4,94,,Drizzle,False
2026-03-06,6,36.6,30.2,0.0,0.0,0.0,0.0,3,Overcast,7.2,14.3,94,,Cloudy,False
2026-03-06,7,36.5,30.1,0.0,0.0,0.0,0.0,3,Overcast,7.2,14.5,93,,Cloudy,False
2026-03-06,8,36.0,29.6,0.0,0.0,0.0,0.0,3,Overcast,6.8,14.5,92,,Cloudy,False
2026-03-06,9,37.4,31.3,0.0,0.0,0.0,0.0,3,Overcast,6.2,14.1,88,,Cloudy,False
2026-03-06,10,38.2,32.6,0.0,0.0,0.0,0.0,3,Overcast,5.3,14.8,87,,Cloudy,False
2026-03-06,11,39.6,33.4,0.0,0.0,0.0,0.0,3,Overcast,6.8,14.5,84,,Cloudy,False
2026-03-06,12,41.6,35.2,0.0,0.0,0.0,0.0,3,Overcast,7.7,18.6,79,,Cloudy,False
2026-03-06,13,42.3,36.1,0.0,0.0,0.0,0.0,3,Overcast,6.9,18.6,77,,Cloudy,False
2026-03-06,14,41.0,35.4,0.0,0.0,0.0,0.0,3,Overcast,5.6,16.8,80,,Cloudy,False
2026-03-06,15,40.8,35.2,0.004,0.004,0.0,0.0,51,Light drizzle,5.4,13.0,79,,Drizzle,False
2026-03-06,16,40.7,35.0,0.0,0.0,0.0,0.0,3,Overcast,5.5,14.3,79,,Cloudy,False
2026-03-06,17,40.7,34.8,0.0,0.0,0.0,0.0,3,Overcast,6.0,14.8,79,,Cloudy,False
2026-03-06,18,39.3,33.5,0.0,0.0,0.0,0.0,3,Overcast,5.3,14.3,81,,Cloudy,False
2026-03-06,19,37.9,31.9,0.0,0.0,0.0,0.0,3,Overcast,5.6,13.0,83,,Cloudy,False
2026-03-06,20,37.7,32.0,0.0,0.0,0.0,0.0,3,Overcast,4.8,12.3,84,,Cloudy,False
2026-03-06,21,37.1,31.4,0.004,0.004,0.0,0.0,51,Light drizzle,5.0,11.0,85,,Drizzle,False
2026-03-06,22,36.7,31.1,0.004,0.004,0.0,0.0,51,Light drizzle,4.6,11.2,87,,Drizzle,False
2026-03-06,23,36.3,30.8,0.0,0.0,0.0,0.0,3,Overcast,4.3,9.8,88,,Cloudy,False
2026-03-07,0,36.2,31.1,0.0,0.0,0.0,0.0,3,Overcast,3.5,8.9,89,,Cloudy,False
2026-03-07,1,36.1,31.6,0.0,0.0,0.0,0.0,3,Overcast,2.3,7.2,90,,Cloudy,False
2026-03-07,2,36.1,31.8,0.0,0.0,0.0,0.0,3,Overcast,1.6,4.3,91,,Cloudy,False
2026-03-07,3,36.1,31.9,0.0,0.0,0.0,0.0,3,Overcast,1.4,4.0,92,,Cloudy,False
2026-03-07,4,36.1,32.1,0.0,0.0,0.0,0.0,3,Overcast,1.0,3.4,92,,Cloudy,False
2026-03-07,5,36.2,31.9,0.0,0.0,0.0,0.0,3,Overcast,2.0,3.8,92,,Cloudy,False
2026-03-07,6,36.5,31.9,0.0,0.0,0.0,0.0,3,Overcast,2.9,5.8,93,,Cloudy,False
2026-03-07,7,36.8,32.4,0.0,0.0,0.0,0.0,3,Overcast,2.6,6.7,93,,Cloudy,False
2026-03-07,8,35.7,31.1,0.0,0.0,0.0,0.0,3,Overcast,2.7,6.5,95,,Cloudy,False
2026-03-07,9,37.0,31.8,0.0,0.0,0.0,0.0,3,Overcast,4.4,9.8,93,,Cloudy,False
2026-03-07,10,38.0,32.4,0.0,0.0,0.0,0.0,3,Overcast,5.7,13.0,92,,Cloudy,False
2026-03-07,11,39.4,33.9,0.0,0.0,0.0,0.0,3,Overcast,5.8,13.9,91,,Cloudy,False
2026-03-07,12,41.4,36.1,0.0,0.0,0.0,0.0,3,Overcast,5.9,14.5,88,,Cloudy,False
2026-03-07,13,43.7,38.7,0.0,0.0,0.0,0.0,3,Overcast,6.2,15.4,86,,Cloudy,False
2026-03-07,14,43.8,38.8,0.0,0.0,0.0,0.0,3,Overcast,6.1,16.1,87,,Cloudy,False
2026-03-07,15,45.3,40.2,0.0,0.0,0.0,0.0,3,Overcast,7.1,16.8,86,,Cloudy,False
2026-03-07,16,46.9,42.0,0.0,0.0,0.0,0.0,3,Overcast,7.2,17.4,86,,Cloudy,False
2026-03-07,17,47.6,43.2,0.0,0.0,0.0,0.0,3,Overcast,6.7,16.8,87,,Cloudy,False
2026-03-07,18,46.6,42.8,0.0,0.0,0.0,0.0,3,Overcast,5.1,15.4,90,,Cloudy,False
2026-03-07,19,44.7,41.0,0.0,0.0,0.0,0.0,3,Overcast,4.4,11.0,92,,Cloudy,False
2026-03-07,20,43.6,39.4,0.0,0.0,0.0,0.0,3,Overcast,5.5,10.7,96,,Cloudy,False
2026-03-07,21,46.0,42.2,0.0,0.0,0.0,0.0,3,Overcast,5.6,12.5,95,,Cloudy,False
2026-03-07,22,48.7,45.1,0.0,0.0,0.0,0.0,3,Overcast,6.6,13.4,94,,Cloudy,False
2026-03-07,23,49.4,46.1,0.0,0.0,0.0,0.0,3,Overcast,6.6,14.1,95,,Cloudy,False
2026-03-08,0,49.6,46.2,0.0,0.0,0.0,0.0,3,Overcast,7.0,14.3,95,,Cloudy,False
2026-03-08,1,48.7,45.0,0.0,0.0,0.0,0.0,2,Partly cloudy,7.2,14.1,97,,Cloudy,False
2026-03-08,2,48.9,45.2,0.0,0.0,0.0,0.0,2,Partly cloudy,7.4,14.5,96,,Cloudy,False
2026-03-08,3,48.7,44.9,0.0,0.0,0.0,0.0,3,Overcast,7.8,15.4,98,,Cloudy,False
2026-03-08,4,49.0,45.0,0.0,0.0,0.0,0.0,3,Overcast,8.5,16.3,98,,Cloudy,False
2026-03-08,5,48.8,44.5,0.0,0.0,0.0,0.0,3,Overcast,9.1,17.4,97,,Cloudy,False
2026-03-08,6,48.8,44.5,0.0,0.0,0.0,0.0,3,Overcast,8.9,18.1,96,,Cloudy,False
2026-03-08,7,48.9,44.8,0.0,0.0,0.0,0.0,3,Overcast,8.5,17.4,96,,Cloudy,False
2026-03-08,8,50.7,47.5,0.0,0.0,0.0,0.033,3,Overcast,7.3,16.3,95,,Cloudy,False
2026-03-08,9,52.2,48.5,0.004,0.004,0.0,0.0,51,Light drizzle,8.7,16.3,92,,Drizzle,False
2026-03-08,10,53.6,50.5,0.0,0.0,0.0,0.0,3,Overcast,8.0,17.2,90,,Cloudy,False
2026-03-08,11,53.9,50.8,0.0,0.0,0.0,0.0,3,Overcast,8.0,15.9,90,,Cloudy,False
2026-03-08,12,58.2,56.5,0.0,0.0,0.0,0.0,3,Overcast,6.7,16.8,85,,Cloudy,False
2026-03-08,13,61.5,60.7,0.0,0.0,0.0,0.0,3,Overcast,5.6,16.1,79,,Cloudy,False
2026-03-08,14,66.7,67.3,0.0,0.0,0.0,0.0,3,Overcast,5.1,15.0,72,,Cloudy,False
2026-03-08,15,68.4,65.8,0.004,0.004,0.0,0.0,51,Light drizzle,8.4,18.8,59,,Drizzle,False
2026-03-08,16,67.5,64.6,0.0,0.0,0.0,0.0,3,Overcast,8.1,19.5,58,,Cloudy,False
2026-03-08,17,65.9,63.8,0.0,0.0,0.0,0.0,3,Overcast,6.1,17.7,59,,Cloudy,False
2026-03-08,18,64.1,61.2,0.0,0.0,0.0,0.0,3,Overcast,7.1,15.2,60,,Cloudy,False
2026-03-08,19,61.8,58.0,0.0,0.0,0.0,0.0,3,Overcast,7.8,17.2,61,,Cloudy,False
2026-03-08,20,58.7,54.4,0.0,0.0,0.0,0.0,3,Overcast,6.3,16.6,57,,Cloudy,False
2026-03-08,21,56.8,52.4,0.0,0.0,0.0,0.0,3,Overcast,6.4,12.5,61,,Cloudy,False
2026-03-08,22,55.1,51.0,0.0,0.0,0.0,0.0,0,Clear sky,5.5,12.8,63,,Clear,False
2026-03-08,23,52.8,48.7,0.0,0.0,0.0,0.0,0,Clear sky,5.2,10.7,68,,Clear,False
2026-03-09,0,52.2,47.3,0.0,0.0,0.0,0.0,0,Clear sky,6.0,11.9,64,,Clear,False
2026-03-09,1,51.1,45.7,0.0,0.0,0.0,0.0,0,Clear sky,6.4,12.8,63,,Clear,False
2026-03-09,2,49.3,43.9,0.0,0.0,0.0,0.0,0,Clear sky,5.8,13.0,64,,Clear,False
2026-03-09,3,46.9,42.4,0.0,0.0,0.0,0.0,0,Clear sky,3.7,11.6,68,,Clear,False
2026-03-09,4,44.8,40.2,0.0,0.0,0.0,0.0,0,Clear sky,3.5,6.7,72,,Clear,False
2026-03-09,5,42.9,38.3,0.0,0.0,0.0,0.0,0,Clear sky,3.4,7.6,76,,Clear,False
2026-03-09,6,41.5,37.0,0.0,0.0,0.0,0.0,0,Clear sky,2.8,6.9,78,,Clear,False
2026-03-09,7,40.3,35.8,0.0,0.0,0.0,0.0,0,Clear sky,2.5,4.9,80,,Clear,False
2026-03-09,8,41.7,37.5,0.0,0.0,0.0,0.0,0,Clear sky,2.3,4.9,78,,Clear,False
2026-03-09,9,45.1,40.8,0.0,0.0,0.0,0.0,0,Clear sky,3.4,7.6,74,,Clear,False
2026-03-09,10,50.3,46.6,0.0,0.0,0.0,0.0,0,Clear sky,3.0,8.9,68,,Clear,False
2026-03-09,11,55.7,52.1,0.0,0.0,0.0,0.0,0,Clear sky,4.0,11.9,61,,Clear,False
2026-03-09,12,60.7,58.2,0.0,0.0,0.0,0.0,0,Clear sky,5.1,14.1,54,,Clear,False
2026-03-09,13,64.0,61.1,0.0,0.0,0.0,0.0,0,Clear sky,6.4,16.8,43,,Clear,False
2026-03-09,14,66.9,63.1,0.0,0.0,0.0,0.0,0,Clear sky,6.9,18.1,34,,Clear,False
2026-03-09,15,68.6,64.2,0.0,0.0,0.0,0.0,0,Clear sky,7.1,17.2,33,,Clear,False
2026-03-09,16,68.9,63.5,0.0,0.0,0.0,0.0,0,Clear sky,7.6,18.6,35,,Clear,False
2026-03-09,17,66.4,62.6,0.0,0.0,0.0,0.0,0,Clear sky,5.9,17.4,46,,Clear,False
2026-03-09,18,61.5,59.1,0.0,0.0,0.0,0.0,0,Clear sky,5.3,13.6,65,,Clear,False
2026-03-09,19,56.1,54.1,0.0,0.0,0.0,0.0,0,Clear sky,4.4,11.6,78,,Clear,False
2026-03-09,20,55.0,51.9,0.0,0.0,0.0,0.0,0,Clear sky,5.2,10.1,73,,Clear,False
2026-03-09,21,55.0,51.7,0.0,0.0,0.0,0.0,0,Clear sky,5.2,11.2,71,,Clear,False
2026-03-09,22,53.7,50.6,0.0,0.0,0.0,0.0,0,Clear sky,4.5,10.7,73,,Clear,False
2026-03-09,23,51.7,48.9,0.0,0.0,0.0,0.0,0,Clear sky,3.7,9.2,78,,Clear,False
2026-03-10,0,50.1,47.3,0.0,0.0,0.0,0.0,0,Clear sky,3.1,7.4,80,,Clear,False
2026-03-10,1,49.8,46.7,0.0,0.0,0.0,0.0,0,Clear sky,3.3,6.5,78,,Clear,False
2026-03-10,2,49.0,45.6,0.0,0.0,0.0,0.0,0,Clear sky,3.2,6.5,75,,Clear,False
2026-03-10,3,48.0,44.3,0.0,0.0,0.0,0.0,0,Clear sky,3.3,6.0,74,,Clear,False
2026-03-10,4,46.9,43.0,0.0,0.0,0.0,0.0,0,Clear sky,3.2,5.8,76,,Clear,False
2026-03-10,5,46.0,42.1,0.0,0.0,0.0,0.0,0,Clear sky,3.3,6.3,77,,Clear,False
2026-03-10,6,44.8,40.8,0.0,0.0,0.0,0.0,0,Clear sky,3.3,6.3,80,,Clear,False
2026-03-10,7,44.2,40.0,0.0,0.0,0.0,0.0,0,Clear sky,3.6,7.2,81,,Clear,False
2026-03-10,8,45.1,41.2,0.0,0.0,0.0,0.0,0,Clear sky,3.4,7.2,82,,Clear,False
2026-03-10,9,48.9,45.5,0.0,0.0,0.0,0.0,0,Clear sky,3.5,7.8,77,,Clear,False
2026-03-10,10,53.9,51.5,0.0,0.0,0.0,0.0,0,Clear sky,2.8,8.7,73,,Clear,False
2026-03-10,11,59.0,57.3,0.0,0.0,0.0,0.0,0,Clear sky,2.9,9.8,67,,Clear,False
2026-03-10,12,64.1,63.7,0.0,0.0,0.0,0.0,0,Clear sky,4.2,12.5,62,,Clear,False
2026-03-10,13,68.3,68.6,0.0,0.0,0.0,0.0,0,Clear sky,5.1,14.3,57,,Clear,False
2026-03-10,14,74.9,73.6,0.0,0.0,0.0,0.0,0,Clear sky,6.8,15.7,40,,Clear,False
2026-03-10,15,75.9,73.9,0.0,0.0,0.0,0.0,0,Clear sky,7.3,18.1,40,,Clear,False
2026-03-10,16,74.9,73.7,0.0,0.0,0.0,0.0,0,Clear sky,5.7,17.9,48,,Clear,False
2026-03-10,17,71.2,72.5,0.0,0.0,0.0,0.0,1,Mainly clear,4.5,14.1,66,,Clear,False
2026-03-10,18,69.6,71.0,0.0,0.0,0.0,0.0,0,Clear sky,3.9,11.2,69,,Clear,False
2026-03-10,19,66.2,65.5,0.0,0.0,0.0,0.0,0,Clear sky,4.1,8.7,63,,Clear,False
2026-03-10,20,64.7,62.9,0.0,0.0,0.0,0.0,0,Clear sky,4.5,9.4,60,,Clear,False
2026-03-10,21,65.6,63.1,0.0,0.0,0.0,0.0,0,Clear sky,5.0,10.3,55,,Clear,False
2026-03-10,22,64.5,61.6,0.0,0.0,0.0,0.0,0,Clear sky,5.5,11.4,55,,Clear,False
2026-03-10,23,62.2,59.6,0.0,0.0,0.0,0.0,0,Clear sky,5.0,11.0,59,,Clear,False
2026-03-11,0,61.0,58.1,0.0,0.0,0.0,0.0,0,Clear sky,5.1,10.3,61,,Clear,False
2026-03-11,1,59.5,56.7,0.0,0.0,0.0,0.0,0,Clear sky,4.7,10.3,62,,Clear,False
2026-03-11,2,57.7,55.1,0.0,0.0,0.0,0.0,0,Clear sky,3.8,9.4,65,,Clear,False
2026-03-11,3,56.8,54.3,0.0,0.0,0.0,0.0,0,Clear sky,3.4,7.4,66,,Clear,False
2026-03-11,4,55.6,53.0,0.0,0.0,0.0,0.0,2,Partly cloudy,3.2,6.5,68,,Cloudy,False
2026-03-11,5,55.2,52.4,0.0,0.0,0.0,0.0,1,Mainly clear,3.4,6.5,67,,Clear,False
2026-03-11,6,54.3,51.1,0.0,0.0,0.0,0.0,3,Overcast,4.1,7.8,69,,Cloudy,False
2026-03-11,7,52.9,49.8,0.0,0.0,0.0,0.0,1,Mainly clear,4.0,8.1,73,,Clear,False
2026-03-11,8,54.3,51.5,0.0,0.0,0.0,0.0,0,Clear sky,4.1,10.1,73,,Clear,False
2026-03-11,9,57.0,54.2,0.0,0.0,0.0,0.0,3,Overcast,5.7,10.3,73,,Cloudy,False
2026-03-11,10,59.5,58.0,0.0,0.0,0.0,0.0,0,Clear sky,3.6,11.2,72,,Clear,False
2026-03-11,11,61.7,60.2,0.0,0.0,0.0,0.0,0,Clear sky,4.7,13.6,69,,Clear,False
2026-03-11,12,64.4,63.7,0.0,0.0,0.0,0.0,0,Clear sky,5.9,16.3,67,,Clear,False
2026-03-11,13,66.7,67.3,0.0,0.0,0.0,0.0,3,Overcast,6.1,17.0,66,,Cloudy,False
2026-03-11,14,64.8,63.2,0.0,0.0,0.0,0.0,2,Partly cloudy,6.4,17.0,67,,Cloudy,False
2026-03-11,15,68.4,68.3,0.0,0.0,0.0,0.0,3,Overcast,5.4,17.4,67,,Cloudy,False
2026-03-11,16,73.2,73.7,0.0,0.0,0.0,0.0,3,Overcast,7.7,18.8,65,,Cloudy,False
2026-03-11,17,63.4,62.5,0.0,0.0,0.0,0.0,3,Overcast,7.5,18.8,79,,Cloudy,False
2026-03-11,18,60.7,58.6,0.0,0.0,0.0,0.0,2,Partly cloudy,8.7,17.7,81,,Cloudy,False
2026-03-11,19,61.3,58.9,0.0,0.0,0.0,0.0,2,Partly cloudy,9.2,22.6,79,,Cloudy,False
2026-03-11,20,66.0,64.5,0.0,0.0,0.0,0.0,3,Overcast,9.5,19.9,74,,Cloudy,False
2026-03-11,21,64.8,65.9,0.043,0.043,0.0,0.0,55,Dense drizzle,4.1,19.2,80,,Drizzle,False
2026-03-11,22,62.2,62.4,0.028,0.028,0.0,0.0,53,Moderate drizzle,6.0,10.5,87,,Drizzle,False
2026-03-11,23,62.1,62.4,0.012,0.012,0.0,0.0,51,Light drizzle,6.1,12.8,89,,Drizzle,False
2026-03-12,0,63.1,63.1,0.087,0.087,0.0,0.0,61,Slight rain,8.7,19.9,91,,Rain,True
2026-03-12,1,63.3,63.0,0.181,0.181,0.0,0.0,63,Moderate rain,9.9,26.2,93,,Rain,True
2026-03-12,2,62.0,64.2,0.004,0.004,0.0,0.0,51,Light drizzle,2.6,19.9,92,,Drizzle,False
2026-03-12,3,59.7,61.4,0.0,0.0,0.0,0.0,3,Overcast,3.3,5.4,98,,Cloudy,False
2026-03-12,4,57.2,57.4,0.0,0.0,0.0,0.0,3,Overcast,4.6,10.3,98,,Cloudy,False
2026-03-12,5,56.4,56.8,0.0,0.0,0.0,0.0,3,Overcast,3.3,8.9,97,,Cloudy,False
2026-03-12,6,58.2,58.1,0.0,0.0,0.0,0.0,3,Overcast,5.7,10.1,96,,Cloudy,False
2026-03-12,7,60.3,58.7,0.008,0.008,0.0,0.0,51,Light drizzle,10.0,17.2,93,,Drizzle,False
2026-03-12,8,54.5,50.3,0.012,0.012,0.0,0.0,51,Light drizzle,10.4,34.7,86,,Drizzle,False
2026-03-12,9,49.2,41.7,0.055,0.055,0.0,0.0,61,Slight rain,14.4,29.5,84,,Rain,True
2026-03-12,10,43.9,35.4,0.043,0.043,0.0,0.0,55,Dense drizzle,13.4,30.9,80,,Drizzle,False
2026-03-12,11,42.0,33.1,0.02,0.02,0.0,0.0,53,Moderate drizzle,13.2,30.0,76,,Drizzle,False
2026-03-12,12,41.3,32.6,0.012,0.012,0.0,0.0,51,Light drizzle,12.1,30.6,73,,Drizzle,False
2026-03-12,13,40.3,31.3,0.008,0.008,0.0,0.0,51,Light drizzle,11.9,29.5,70,,Drizzle,False
2026-03-12,14,40.6,32.3,0.004,0.004,0.0,0.0,51,Light drizzle,10.9,27.1,74,,Drizzle,False
2026-03-12,15,40.3,32.3,0.012,0.012,0.0,0.0,51,Light drizzle,10.0,25.1,74,,Drizzle,False
2026-03-12,16,37.7,31.3,0.024,0.024,0.0,0.0,53,Moderate drizzle,6.6,24.4,84,,Drizzle,False
2026-03-12,17,37.0,29.9,0.031,0.028,0.028,0.0,71,Slight snowfall,8.2,18.1,87,,Snow,True
2026-03-12,18,36.4,30.1,0.031,0.016,0.11,0.0,73,Moderate snowfall,6.1,18.3,85,,Snow,True
2026-03-12,19,35.9,29.2,0.02,0.012,0.055,0.0,71,Slight snowfall,6.7,17.0,84,,Snow,True
2026-03-12,20,34.9,28.3,0.004,0.004,0.0,0.0,51,Light drizzle,7.4,17.4,98,,Drizzle,False
2026-03-12,21,35.1,28.2,0.0,0.0,0.0,0.0,1,Mainly clear,6.7,15.0,83,,Clear,False
2026-03-12,22,35.2,27.6,0.0,0.0,0.0,0.0,0,Clear sky,7.3,16.6,72,,Clear,False
2026-03-12,23,35.2,26.7,0.0,0.0,0.0,0.0,0,Clear sky,8.3,18.3,63,,Clear,False
2026-03-13,0,34.5,25.4,0.0,0.0,0.0,0.0,0,Clear sky,9.3,20.6,58,,Clear,False
2026-03-13,1,34.0,25.3,0.0,0.0,0.0,0.0,0,Clear sky,8.1,20.6,57,,Clear,False
2026-03-13,2,34.2,24.9,0.0,0.0,0.0,0.0,0,Clear sky,9.0,18.3,53,,Clear,False
2026-03-13,3,33.3,24.4,0.0,0.0,0.0,0.0,0,Clear sky,7.9,20.4,54,,Clear,False
2026-03-13,4,31.8,23.0,0.0,0.0,0.0,0.0,0,Clear sky,7.5,18.6,53,,Clear,False
2026-03-13,5,30.6,22.6,0.0,0.0,0.0,0.0,0,Clear sky,5.4,16.6,56,,Clear,False
2026-03-13,6,29.8,21.8,0.0,0.0,0.0,0.0,0,Clear sky,5.9,12.8,61,,Clear,False
2026-03-13,7,29.2,22.0,0.0,0.0,0.0,0.0,0,Clear sky,4.3,13.0,65,,Clear,False
2026-03-13,8,30.1,23.0,0.0,0.0,0.0,0.0,1,Mainly clear,4.3,9.2,66,,Clear,False
2026-03-13,9,33.2,26.3,0.0,0.0,0.0,0.0,3,Overcast,4.0,11.0,62,,Cloudy,False
2026-03-13,10,36.2,28.6,0.0,0.0,0.0,0.0,3,Overcast,5.4,15.0,52,,Cloudy,False
2026-03-13,11,38.6,30.8,0.0,0.0,0.0,0.0,3,Overcast,5.9,16.8,48,,Cloudy,False
2026-03-13,12,40.1,31.7,0.0,0.0,0.0,0.0,3,Overcast,7.5,19.9,46,,Cloudy,False
2026-03-13,13,40.2,31.3,0.0,0.0,0.0,0.0,3,Overcast,8.5,20.6,45,,Cloudy,False
2026-03-13,14,40.3,31.1,0.0,0.0,0.0,0.0,3,Overcast,9.4,23.5,45,,Cloudy,False
2026-03-13,15,41.5,31.9,0.0,0.0,0.0,0.0,3,Overcast,11.1,26.8,48,,Cloudy,False
2026-03-13,16,39.6,29.7,0.0,0.0,0.0,0.0,3,Overcast,11.8,29.1,55,,Cloudy,False
2026-03-13,17,39.0,29.4,0.0,0.0,0.0,0.0,3,Overcast,11.8,27.5,59,,Cloudy,False
2026-03-13,18,38.9,29.6,0.0,0.0,0.0,0.0,2,Partly cloudy,11.2,26.8,61,,Cloudy,False
2026-03-13,19,38.9,29.2,0.0,0.0,0.0,0.0,3,Overcast,12.2,28.9,60,,Cloudy,False
2026-03-13,20,38.4,29.6,0.0,0.0,0.0,0.0,2,Partly cloudy,10.5,27.5,67,,Cloudy,False
2026-03-13,21,38.6,29.6,0.0,0.0,0.0,0.0,0,Clear sky,11.2,25.3,69,,Clear,False
2026-03-13,22,38.9,30.7,0.0,0.0,0.0,0.0,1,Mainly clear,10.0,24.8,71,,Clear,False
2026-03-13,23,37.9,30.7,0.106,0.024,0.579,0.033,75,Heavy snowfall,7.5,26.8,73,,Snow,True
2026-03-14,0,37.8,31.0,0.0,0.0,0.0,0.033,0,Clear sky,7.0,14.8,79,,Clear,False
2026-03-14,1,37.3,30.8,0.0,0.0,0.0,0.033,0,Clear sky,6.2,13.4,80,,Clear,False
2026-03-14,2,36.5,30.1,0.0,0.0,0.0,0.033,0,Clear sky,6.2,12.5,84,,Clear,False
2026-03-14,3,36.2,30.0,0.0,0.0,0.0,0.033,0,Clear sky,5.5,12.1,84,,Clear,False
2026-03-14,4,36.1,29.8,0.0,0.0,0.0,0.033,0,Clear sky,5.5,12.1,84,,Clear,False
2026-03-14,5,35.7,29.5,0.004,0.004,0.0,0.033,51,Light drizzle,5.2,10.5,82,,Drizzle,False
2026-03-14,6,36.1,29.2,0.0,0.0,0.0,0.033,0,Clear sky,6.8,13.0,79,,Clear,False
2026-03-14,7,40.4,30.8,0.0,0.0,0.0,0.033,1,Mainly clear,12.3,24.8,62,,Clear,False
2026-03-14,8,40.6,31.9,0.0,0.0,0.0,0.0,0,Clear sky,10.3,28.0,61,,Clear,False
2026-03-14,9,42.8,33.2,0.0,0.0,0.0,0.0,0,Clear sky,12.0,25.1,52,,Clear,False
2026-03-14,10,45.0,33.9,0.0,0.0,0.0,0.0,1,Mainly clear,14.4,32.4,43,,Clear,False
2026-03-14,11,46.2,34.2,0.0,0.0,0.0,0.0,0,Clear sky,16.6,41.2,39,,Clear,False
2026-03-14,12,46.9,35.8,0.0,0.0,0.0,0.0,1,Mainly clear,16.8,39.4,38,,Clear,False
2026-03-14,13,47.5,36.9,0.0,0.0,0.0,0.0,1,Mainly clear,16.7,40.7,35,,Clear,False
2026-03-14,14,49.0,37.9,0.0,0.0,0.0,0.0,1,Mainly clear,17.4,40.3,32,,Clear,False
2026-03-14,15,50.0,38.8,0.0,0.0,0.0,0.0,0,Clear sky,16.5,39.1,30,,Clear,False
2026-03-14,16,49.8,38.0,0.0,0.0,0.0,0.0,0,Clear sky,15.2,38.7,30,,Clear,False
2026-03-14,17,49.1,38.5,0.0,0.0,0.0,0.0,0,Clear sky,12.6,34.7,31,,Clear,False
2026-03-14,18,46.9,37.5,0.0,0.0,0.0,0.0,0,Clear sky,10.1,28.2,37,,Clear,False
2026-03-14,19,43.3,34.6,0.0,0.0,0.0,0.0,1,Mainly clear,8.5,22.8,43,,Clear,False
2026-03-14,20,42.1,34.4,0.0,0.0,0.0,0.0,1,Mainly clear,6.0,18.8,44,,Clear,False
2026-03-14,21,40.5,33.0,0.0,0.0,0.0,0.0,3,Overcast,5.7,12.5,49,,Cloudy,False
2026-03-14,22,38.9,31.5,0.0,0.0,0.0,0.0,3,Overcast,5.6,12.3,52,,Cloudy,False
2026-03-14,23,37.3,30.0,0.0,0.0,0.0,0.0,3,Overcast,5.5,12.3,55,,Cloudy,False
2026-03-15,0,35.7,28.1,0.0,0.0,0.0,0.0,1,Mainly clear,6.1,12.8,59,,Clear,False
2026-03-15,1,34.5,26.9,0.0,0.0,0.0,0.0,3,Overcast,6.2,13.4,62,,Cloudy,False
2026-03-15,2,36.1,29.0,0.0,0.0,0.0,0.0,3,Overcast,4.9,13.4,57,,Cloudy,False
2026-03-15,3,36.1,29.4,0.0,0.0,0.0,0.0,3,Overcast,3.8,10.3,58,,Cloudy,False
2026-03-15,4,35.8,28.6,0.0,0.0,0.0,0.0,3,Overcast,5.2,10.7,59,,Cloudy,False
2026-03-15,5,35.2,28.5,0.0,0.0,0.0,0.0,3,Overcast,4.0,12.3,62,,Cloudy,False
2026-03-15,6,35.1,28.4,0.0,0.0,0.0,0.0,3,Overcast,4.2,8.5,64,,Cloudy,False
2026-03-15,7,34.4,27.1,0.0,0.0,0.0,0.0,2,Partly cloudy,5.7,12.3,65,,Cloudy,False
2026-03-15,8,34.1,27.3,0.0,0.0,0.0,0.0,3,Overcast,4.8,12.8,70,,Cloudy,False
2026-03-15,9,35.6,28.7,0.0,0.0,0.0,0.0,3,Overcast,4.9,12.5,65,,Cloudy,False
2026-03-15,10,38.0,30.9,0.0,0.0,0.0,0.0,3,Overcast,5.4,15.2,56,,Cloudy,False
2026-03-15,11,40.1,33.0,0.0,0.0,0.0,0.0,3,Overcast,5.3,15.7,53,,Cloudy,False
2026-03-15,12,43.0,36.7,0.0,0.0,0.0,0.0,3,Overcast,5.7,16.6,51,,Cloudy,False
2026-03-15,13,44.2,36.5,0.0,0.0,0.0,0.0,3,Overcast,8.3,21.7,44,,Cloudy,False
2026-03-15,14,41.7,32.8,0.0,0.0,0.0,0.0,3,Overcast,8.8,23.9,43,,Cloudy,False
2026-03-15,15,40.0,31.6,0.0,0.0,0.0,0.0,3,Overcast,7.9,21.5,50,,Cloudy,False
2026-03-15,16,39.6,31.5,0.0,0.0,0.0,0.0,3,Overcast,8.1,19.5,59,,Cloudy,False
2026-03-15,17,39.8,32.2,0.0,0.0,0.0,0.0,3,Overcast,8.1,19.9,65,,Cloudy,False
2026-03-15,18,39.9,32.5,0.0,0.0,0.0,0.0,3,Overcast,8.3,19.2,71,,Cloudy,False
2026-03-15,19,39.6,32.1,0.0,0.0,0.0,0.0,3,Overcast,8.9,19.9,77,,Cloudy,False
2026-03-15,20,40.3,33.2,0.0,0.0,0.0,0.0,3,Overcast,8.6,21.0,79,,Cloudy,False
2026-03-15,21,42.0,35.0,0.0,0.0,0.0,0.0,3,Overcast,9.1,20.4,80,,Cloudy,False
2026-03-15,22,43.6,36.6,0.0,0.0,0.0,0.0,3,Overcast,9.8,21.5,80,,Cloudy,False
2026-03-15,23,44.5,37.6,0.0,0.0,0.0,0.0,3,Overcast,9.8,21.5,78,,Cloudy,False
2026-03-16,0,45.5,38.6,0.0,0.0,0.0,0.0,3,Overcast,10.3,22.6,78,,Cloudy,False
2026-03-16,1,46.6,40.1,0.004,0.004,0.0,0.0,51,Light drizzle,10.3,22.8,83,,Drizzle,False
2026-03-16,2,47.6,41.7,0.0,0.0,0.0,0.0,3,Overcast,9.6,23.3,83,,Cloudy,False
2026-03-16,3,48.4,42.2,0.0,0.0,0.0,0.0,3,Overcast,11.0,24.4,85,,Cloudy,False
2026-03-16,4,49.3,44.1,0.0,0.0,0.0,0.0,3,Overcast,9.5,23.7,87,,Cloudy,False
2026-03-16,5,48.4,44.2,0.071,0.071,0.0,0.0,61,Slight rain,7.8,20.4,94,,Rain,True
2026-03-16,6,49.2,44.5,0.067,0.067,0.0,0.0,61,Slight rain,9.9,19.2,96,,Rain,True
2026-03-16,7,50.3,46.5,0.0,0.0,0.0,0.0,3,Overcast,9.0,20.4,99,,Cloudy,False
2026-03-16,8,52.3,48.5,0.087,0.087,0.0,0.0,61,Slight rain,10.6,19.5,99,,Rain,True
2026-03-16,9,53.0,49.5,0.004,0.004,0.0,0.0,51,Light drizzle,10.1,22.4,98,,Drizzle,False
2026-03-16,10,54.8,51.1,0.0,0.0,0.0,0.0,3,Overcast,11.8,23.9,98,,Cloudy,False
2026-03-16,11,55.0,51.4,0.0,0.0,0.0,0.0,3,Overcast,11.4,24.4,97,,Cloudy,False
2026-03-16,12,56.8,54.0,0.0,0.0,0.0,0.0,3,Overcast,10.6,25.1,95,,Cloudy,False
2026-03-16,13,57.7,54.4,0.0,0.0,0.0,0.0,3,Overcast,12.0,25.7,93,,Cloudy,False
2026-03-16,14,61.5,61.3,0.0,0.0,0.0,0.0,3,Overcast,7.4,26.6,91,,Cloudy,False
2026-03-16,15,62.8,60.4,0.004,0.004,0.0,0.0,51,Light drizzle,12.9,28.4,88,,Drizzle,False
2026-03-16,16,59.0,56.3,0.035,0.035,0.0,0.0,53,Moderate drizzle,11.9,33.1,94,,Drizzle,False
2026-03-16,17,56.5,52.5,0.102,0.102,0.0,0.0,63,Moderate rain,13.7,34.0,98,,Rain,True
2026-03-16,18,55.1,49.5,0.11,0.11,0.0,0.0,63,Moderate rain,16.4,37.4,97,,Rain,True
2026-03-16,19,55.9,50.9,0.067,0.067,0.0,0.0,61,Slight rain,15.3,33.6,96,,Rain,True
2026-03-16,20,56.7,53.2,0.114,0.114,0.0,0.0,63,Moderate rain,12.4,33.6,97,,Rain,True
2026-03-16,21,57.8,54.4,0.024,0.024,0.0,0.0,53,Moderate drizzle,13.1,29.3,96,,Drizzle,False
2026-03-16,22,56.6,51.9,0.0,0.0,0.0,0.0,3,Overcast,15.5,32.0,98,,Cloudy,False
2026-03-16,23,55.8,50.3,0.0,0.0,0.0,0.0,3,Overcast,16.4,34.7,96,,Cloudy,False
2026-03-17,0,56.2,49.4,0.0,0.0,0.0,0.0,3,Overcast,19.8,43.2,95,,Cloudy,False
2026-03-17,1,48.8,38.0,0.087,0.087,0.0,0.0,61,Slight rain,21.4,51.9,80,,Rain,True
2026-03-17,2,43.8,35.5,0.0,0.0,0.0,0.0,3,Overcast,12.1,45.9,73,,Cloudy,False
2026-03-17,3,41.8,32.8,0.004,0.004,0.0,0.0,51,Light drizzle,13.3,33.8,75,,Drizzle,False
2026-03-17,4,39.0,28.9,0.0,0.0,0.0,0.0,3,Overcast,14.3,34.0,70,,Cloudy,False
2026-03-17,5,36.8,25.8,0.0,0.0,0.0,0.0,1,Mainly clear,14.2,34.9,59,,Clear,False
2026-03-17,6,35.2,24.6,0.0,0.0,0.0,0.0,0,Clear sky,13.0,32.4,59,,Clear,False
2026-03-17,7,33.4,22.3,0.0,0.0,0.0,0.0,0,Clear sky,13.5,29.3,54,,Clear,False
2026-03-17,8,33.8,22.3,0.0,0.0,0.0,0.0,0,Clear sky,14.1,30.6,50,,Clear,False
2026-03-17,9,34.6,22.8,0.0,0.0,0.0,0.0,1,Mainly clear,14.7,35.8,47,,Clear,False
2026-03-17,10,36.1,24.1,0.0,0.0,0.0,0.0,3,Overcast,15.1,36.5,47,,Cloudy,False
2026-03-17,11,36.1,25.0,0.0,0.0,0.0,0.0,3,Overcast,13.4,35.3,48,,Cloudy,False
2026-03-17,12,37.0,25.6,0.0,0.0,0.0,0.0,0,Clear sky,13.5,33.3,42,,Clear,False
2026-03-17,13,39.6,30.0,0.0,0.0,0.0,0.0,2,Partly cloudy,13.2,35.6,32,,Cloudy,False
2026-03-17,14,40.3,30.0,0.0,0.0,0.0,0.0,2,Partly cloudy,15.0,37.4,35,,Cloudy,False
2026-03-17,15,39.7,29.3,0.0,0.0,0.0,0.0,2,Partly cloudy,14.3,36.5,37,,Cloudy,False
2026-03-17,16,39.2,28.2,0.0,0.0,0.0,0.0,1,Mainly clear,12.8,34.0,38,,Clear,False
2026-03-17,17,38.4,27.0,0.0,0.0,0.0,0.0,2,Partly cloudy,13.3,32.4,38,,Cloudy,False
2026-03-17,18,37.0,26.1,0.0,0.0,0.0,0.0,3,Overcast,12.0,30.9,38,,Cloudy,False
2026-03-17,19,35.6,26.3,0.0,0.0,0.0,0.0,3,Overcast,8.4,31.1,44,,Cloudy,False
2026-03-17,20,35.4,26.9,0.0,0.0,0.0,0.0,3,Overcast,6.9,19.0,47,,Cloudy,False
2026-03-17,21,34.0,24.7,0.004,0.0,0.028,0.0,71,Slight snowfall,9.0,20.6,53,,Snow,True
2026-03-17,22,33.1,23.6,0.0,0.0,0.0,0.0,0,Clear sky,9.3,20.8,52,,Clear,False
2026-03-17,23,31.3,22.5,0.0,0.0,0.0,0.0,0,Clear sky,7.6,20.6,56,,Clear,False
2026-03-18,0,29.9,21.1,0.0,0.0,0.0,0.0,0,Clear sky,7.9,18.3,60,,Clear,False
2026-03-18,1,29.0,20.3,0.0,0.0,0.0,0.0,0,Clear sky,7.4,18.1,60,,Clear,False
2026-03-18,2,29.1,20.7,0.0,0.0,0.0,0.0,0,Clear sky,6.7,16.6,59,,Clear,False
2026-03-18,3,28.0,19.4,0.0,0.0,0.0,0.0,0,Clear sky,6.8,15.0,56,,Clear,False
2026-03-18,4,27.0,17.8,0.0,0.0,0.0,0.0,0,Clear sky,7.2,16.6,50,,Clear,False
2026-03-18,5,26.0,17.1,0.0,0.0,0.0,0.0,0,Clear sky,6.6,16.8,52,,Clear,False
2026-03-18,6,25.2,16.4,0.0,0.0,0.0,0.0,0,Clear sky,6.3,15.7,53,,Clear,False
2026-03-18,7,24.7,16.3,0.0,0.0,0.0,0.0,3,Overcast,5.5,14.5,54,,Cloudy,False
2026-03-18,8,26.0,16.9,0.0,0.0,0.0,0.0,3,Overcast,6.8,13.9,49,,Cloudy,False
2026-03-18,9,27.1,18.0,0.0,0.0,0.0,0.0,3,Overcast,6.9,17.4,46,,Cloudy,False
2026-03-18,10,28.0,19.1,0.0,0.0,0.0,0.0,3,Overcast,6.3,17.2,44,,Cloudy,False
2026-03-18,11,29.0,20.5,0.0,0.0,0.0,0.0,3,Overcast,5.6,16.8,43,,Cloudy,False
2026-03-18,12,30.8,22.9,0.0,0.0,0.0,0.0,3,Overcast,4.2,16.1,43,,Cloudy,False
2026-03-18,13,32.6,26.2,0.0,0.0,0.0,0.0,0,Clear sky,1.3,13.4,43,,Clear,False
2026-03-18,14,34.3,30.4,0.0,0.0,0.0,0.0,0,Clear sky,1.9,10.5,38,,Clear,False
2026-03-18,15,36.0,30.3,0.0,0.0,0.0,0.0,0,Clear sky,4.3,14.3,39,,Clear,False
2026-03-18,16,35.8,27.9,0.0,0.0,0.0,0.0,0,Clear sky,6.4,17.9,39,,Clear,False
2026-03-18,17,34.5,25.9,0.0,0.0,0.0,0.0,0,Clear sky,6.2,18.1,40,,Clear,False
2026-03-18,18,32.5,24.0,0.0,0.0,0.0,0.0,0,Clear sky,6.0,16.8,45,,Clear,False
2026-03-18,19,30.7,23.0,0.0,0.0,0.0,0.0,0,Clear sky,4.6,15.2,54,,Clear,False
2026-03-18,20,30.1,22.4,0.0,0.0,0.0,0.0,0,Clear sky,5.2,10.7,62,,Clear,False
2026-03-18,21,29.2,21.8,0.0,0.0,0.0,0.0,0,Clear sky,4.8,11.4,65,,Clear,False
2026-03-18,22,28.9,21.8,0.0,0.0,0.0,0.0,0,Clear sky,4.1,10.7,68,,Clear,False
2026-03-18,23,28.7,22.0,0.0,0.0,0.0,0.0,0,Clear sky,3.5,8.7,72,,Clear,False
2026-03-19,0,28.8,22.2,0.0,0.0,0.0,0.0,0,Clear sky,3.3,8.1,74,,Clear,False
2026-03-19,1,28.9,22.8,0.0,0.0,0.0,0.0,0,Clear sky,2.5,7.2,76,,Clear,False
2026-03-19,2,29.8,23.3,0.0,0.0,0.0,0.0,0,Clear sky,3.4,5.8,73,,Clear,False
2026-03-19,3,30.0,23.2,0.0,0.0,0.0,0.0,1,Mainly clear,4.2,8.9,73,,Clear,False
2026-03-19,4,30.0,23.8,0.0,0.0,0.0,0.0,3,Overcast,2.9,9.4,75,,Cloudy,False
2026-03-19,5,29.6,23.7,0.0,0.0,0.0,0.0,2,Partly cloudy,2.3,6.3,78,,Cloudy,False
2026-03-19,6,29.3,23.5,0.0,0.0,0.0,0.0,3,Overcast,2.2,4.9,80,,Cloudy,False
2026-03-19,7,30.1,24.7,0.0,0.0,0.0,0.0,3,Overcast,1.6,4.5,81,,Cloudy,False
2026-03-19,8,31.5,26.4,0.0,0.0,0.0,0.0,3,Overcast,0.5,4.0,76,,Cloudy,False
2026-03-19,9,32.8,27.5,0.0,0.0,0.0,0.0,3,Overcast,1.5,5.8,74,,Cloudy,False
2026-03-19,10,36.0,29.5,0.0,0.0,0.0,0.0,3,Overcast,4.0,11.6,64,,Cloudy,False
2026-03-19,11,38.6,31.6,0.0,0.0,0.0,0.0,3,Overcast,5.0,14.8,56,,Cloudy,False
2026-03-19,12,39.3,32.0,0.0,0.0,0.0,0.0,3,Overcast,5.4,15.0,51,,Cloudy,False
2026-03-19,13,39.5,32.0,0.0,0.0,0.0,0.0,3,Overcast,5.6,15.2,50,,Cloudy,False
2026-03-19,14,39.5,33.2,0.0,0.0,0.0,0.0,3,Overcast,4.6,16.8,52,,Cloudy,False
2026-03-19,15,40.5,33.5,0.0,0.0,0.0,0.0,3,Overcast,5.1,14.3,54,,Cloudy,False
2026-03-19,16,39.8,32.8,0.0,0.0,0.0,0.0,0,Clear sky,5.5,14.5,57,,Clear,False
2026-03-19,17,40.7,34.0,0.0,0.0,0.0,0.0,0,Clear sky,5.0,15.7,56,,Clear,False
2026-03-19,18,39.7,33.1,0.0,0.0,0.0,0.0,0,Clear sky,4.5,14.1,58,,Clear,False
2026-03-19,19,37.1,30.8,0.0,0.0,0.0,0.0,0,Clear sky,4.3,11.2,66,,Clear,False
2026-03-19,20,36.5,30.1,0.0,0.0,0.0,0.0,2,Partly cloudy,4.7,12.1,70,,Cloudy,False
2026-03-19,21,37.0,30.6,0.0,0.0,0.0,0.0,2,Partly cloudy,4.9,10.7,71,,Cloudy,False
2026-03-19,22,36.0,29.8,0.0,0.0,0.0,0.0,3,Overcast,4.3,10.7,75,,Cloudy,False
2026-03-19,23,35.7,30.1,0.0,0.0,0.0,0.0,3,Overcast,3.4,9.2,78,,Cloudy,False
2026-03-20,0,36.0,30.5,0.0,0.0,0.0,0.0,3,Overcast,3.2,7.4,79,,Cloudy,False
2026-03-20,1,36.5,30.8,0.0,0.0,0.0,0.0,1,Mainly clear,3.7,7.4,77,,Clear,False
2026-03-20,2,36.3,30.4,0.0,0.0,0.0,0.0,0,Clear sky,4.0,8.7,75,,Clear,False
2026-03-20,3,35.1,29.3,0.0,0.0,0.0,0.0,0,Clear sky,3.3,8.1,76,,Clear,False
2026-03-20,4,34.2,28.5,0.0,0.0,0.0,0.0,0,Clear sky,3.0,6.7,78,,Clear,False
2026-03-20,5,33.9,28.2,0.0,0.0,0.0,0.0,0,Clear sky,3.1,6.0,79,,Clear,False
2026-03-20,6,33.6,27.8,0.0,0.0,0.0,0.0,0,Clear sky,3.3,6.7,80,,Clear,False
2026-03-20,7,33.4,27.6,0.0,0.0,0.0,0.0,0,Clear sky,3.3,6.7,81,,Clear,False
2026-03-20,8,35.6,29.7,0.0,0.0,0.0,0.0,1,Mainly clear,4.3,7.4,81,,Clear,False
2026-03-20,9,38.5,33.4,0.0,0.0,0.0,0.0,3,Overcast,2.9,8.7,77,,Cloudy,False
2026-03-20,10,42.2,37.2,0.0,0.0,0.0,0.0,3,Overcast,3.5,11.4,73,,Cloudy,False
2026-03-20,11,45.9,41.1,0.0,0.0,0.0,0.0,2,Partly cloudy,4.4,13.4,69,,Cloudy,False
2026-03-20,12,49.5,45.8,0.0,0.0,0.0,0.0,3,Overcast,5.8,16.6,65,,Cloudy,False
2026-03-20,13,51.2,47.0,0.0,0.0,0.0,0.0,3,Overcast,7.5,20.4,61,,Cloudy,False
2026-03-20,14,53.6,49.4,0.0,0.0,0.0,0.0,3,Overcast,8.3,21.7,56,,Cloudy,False
2026-03-20,15,54.1,49.3,0.0,0.0,0.0,0.0,3,Overcast,8.3,21.7,60,,Cloudy,False
2026-03-20,16,53.6,48.2,0.0,0.0,0.0,0.0,3,Overcast,7.8,21.0,64,,Cloudy,False
2026-03-20,17,51.2,45.6,0.0,0.0,0.0,0.0,3,Overcast,7.9,19.5,67,,Cloudy,False
2026-03-20,18,50.5,43.1,0.0,0.0,0.0,0.0,3,Overcast,12.2,22.8,70,,Cloudy,False
2026-03-20,19,53.2,46.5,0.004,0.004,0.0,0.0,51,Light drizzle,10.6,25.3,62,,Drizzle,False
2026-03-20,20,53.4,48.2,0.02,0.02,0.0,0.0,53,Moderate drizzle,8.2,24.2,68,,Drizzle,False
2026-03-20,21,50.7,46.5,0.055,0.055,0.0,0.0,61,Slight rain,7.6,16.8,84,,Rain,True
2026-03-20,22,49.6,44.9,0.051,0.051,0.0,0.0,61,Slight rain,9.1,17.7,89,,Rain,True
2026-03-20,23,49.1,45.1,0.008,0.008,0.0,0.0,51,Light drizzle,7.3,18.6,90,,Drizzle,False
2026-03-21,0,48.5,44.7,0.004,0.004,0.0,0.0,51,Light drizzle,6.4,13.4,92,,Drizzle,False
2026-03-21,1,46.7,43.3,0.0,0.0,0.0,0.0,2,Partly cloudy,5.0,12.3,95,,Cloudy,False
2026-03-21,2,47.8,45.1,0.0,0.0,0.0,0.0,2,Partly cloudy,4.4,8.9,97,,Cloudy,False
2026-03-21,3,47.5,44.9,0.004,0.004,0.0,0.0,51,Light drizzle,4.1,7.2,97,,Drizzle,False
2026-03-21,4,46.9,44.2,0.0,0.0,0.0,0.0,0,Clear sky,4.2,7.8,97,,Clear,False
2026-03-21,5,46.9,43.7,0.0,0.0,0.0,0.0,3,Overcast,4.9,8.9,96,,Cloudy,False
2026-03-21,6,46.1,42.2,0.0,0.0,0.0,0.0,2,Partly cloudy,6.5,11.2,97,,Cloudy,False
2026-03-21,7,47.3,42.8,0.0,0.0,0.0,0.0,2,Partly cloudy,7.7,17.0,92,,Cloudy,False
2026-03-21,8,46.9,42.9,0.0,0.0,0.0,0.0,0,Clear sky,6.6,17.9,94,,Clear,False
2026-03-21,9,50.3,45.0,0.0,0.0,0.0,0.0,0,Clear sky,9.7,21.5,83,,Clear,False
2026-03-21,10,51.3,45.5,0.0,0.0,0.0,0.0,1,Mainly clear,9.9,24.2,75,,Clear,False
2026-03-21,11,51.1,45.1,0.0,0.0,0.0,0.0,1,Mainly clear,8.8,24.4,67,,Clear,False
2026-03-21,12,52.1,45.9,0.0,0.0,0.0,0.0,1,Mainly clear,9.3,23.3,62,,Clear,False
2026-03-21,13,53.7,49.2,0.0,0.0,0.0,0.0,1,Mainly clear,8.0,23.5,55,,Clear,False
2026-03-21,14,55.9,53.2,0.0,0.0,0.0,0.0,1,Mainly clear,5.7,21.0,51,,Clear,False
2026-03-21,15,56.8,53.5,0.0,0.0,0.0,0.0,1,Mainly clear,5.6,15.9,48,,Clear,False
2026-03-21,16,56.7,51.5,0.0,0.0,0.0,0.0,3,Overcast,6.2,16.8,46,,Cloudy,False
2026-03-21,17,55.4,49.1,0.0,0.0,0.0,0.0,3,Overcast,6.8,17.0,45,,Cloudy,False
2026-03-21,18,53.7,48.2,0.0,0.0,0.0,0.0,3,Overcast,5.3,16.6,50,,Cloudy,False
2026-03-21,19,51.4,47.2,0.0,0.0,0.0,0.0,3,Overcast,3.2,11.6,60,,Cloudy,False
2026-03-21,20,49.8,44.5,0.0,0.0,0.0,0.0,3,Overcast,6.0,11.4,64,,Cloudy,False
2026-03-21,21,46.0,40.5,0.0,0.0,0.0,0.0,3,Overcast,5.1,14.5,66,,Cloudy,False
2026-03-21,22,44.0,39.0,0.0,0.0,0.0,0.0,3,Overcast,3.9,11.0,70,,Cloudy,False
2026-03-21,23,42.8,37.6,0.0,0.0,0.0,0.0,3,Overcast,4.1,8.7,71,,Cloudy,False
2026-03-22,0,41.9,36.7,0.0,0.0,0.0,0.0,2,Partly cloudy,3.8,8.7,72,,Cloudy,False
2026-03-22,1,40.7,36.4,0.0,0.0,0.0,0.0,3,Overcast,2.0,7.8,77,,Cloudy,False
2026-03-22,2,41.6,37.4,0.0,0.0,0.0,0.0,3,Overcast,2.1,4.5,78,,Cloudy,False
2026-03-22,3,41.4,36.5,0.087,0.047,0.276,0.033,73,Moderate snowfall,3.2,5.4,74,,Snow,True
2026-03-22,4,41.5,37.3,0.02,0.016,0.028,0.0,71,Slight snowfall,2.1,6.9,77,,Snow,True
2026-03-22,5,41.2,36.3,0.0,0.0,0.0,0.0,3,Overcast,3.4,6.0,78,,Cloudy,False
2026-03-22,6,41.4,35.8,0.0,0.0,0.0,0.0,3,Overcast,5.5,10.5,80,,Cloudy,False
2026-03-22,7,41.5,35.4,0.0,0.0,0.0,0.0,3,Overcast,6.7,13.4,80,,Cloudy,False
2026-03-22,8,42.7,37.0,0.0,0.0,0.0,0.0,3,Overcast,7.0,14.3,84,,Cloudy,False
2026-03-22,9,45.9,40.7,0.0,0.0,0.0,0.0,2,Partly cloudy,7.4,17.0,85,,Cloudy,False
2026-03-22,10,49.7,43.2,0.0,0.0,0.0,0.0,2,Partly cloudy,11.9,28.9,80,,Cloudy,False
2026-03-22,11,52.8,47.4,0.0,0.0,0.0,0.0,3,Overcast,10.2,26.8,77,,Cloudy,False
2026-03-22,12,55.9,51.6,0.0,0.0,0.0,0.0,3,Overcast,8.5,24.2,73,,Cloudy,False
2026-03-22,13,60.3,57.1,0.0,0.0,0.0,0.0,3,Overcast,6.9,20.8,66,,Cloudy,False
2026-03-22,14,58.4,57.0,0.0,0.0,0.0,0.0,2,Partly cloudy,4.2,17.0,71,,Cloudy,False
2026-03-22,15,60.6,60.7,0.0,0.0,0.0,0.0,3,Overcast,4.0,14.8,70,,Cloudy,False
2026-03-22,16,61.3,60.1,0.0,0.0,0.0,0.0,3,Overcast,3.9,12.8,70,,Cloudy,False
2026-03-22,17,60.4,58.9,0.0,0.0,0.0,0.0,3,Overcast,4.9,13.6,73,,Cloudy,False
2026-03-22,18,58.1,56.5,0.0,0.0,0.0,0.0,3,Overcast,4.9,14.8,78,,Cloudy,False
2026-03-22,19,55.7,54.2,0.0,0.0,0.0,0.0,3,Overcast,4.7,11.4,86,,Cloudy,False
2026-03-22,20,53.9,52.7,0.0,0.0,0.0,0.0,3,Overcast,3.4,10.1,90,,Cloudy,False
2026-03-22,21,53.7,52.5,0.012,0.012,0.0,0.0,51,Light drizzle,3.4,9.4,90,,Drizzle,False
2026-03-22,22,52.3,50.8,0.173,0.173,0.0,0.0,63,Moderate rain,4.0,12.1,95,,Rain,True
2026-03-22,23,51.0,48.5,0.059,0.059,0.0,0.0,61,Slight rain,6.1,12.8,97,,Rain,True
2026-03-23,0,50.0,47.7,0.039,0.039,0.0,0.0,55,Dense drizzle,4.9,12.1,97,,Drizzle,False
2026-03-23,1,49.6,46.3,0.012,0.012,0.0,0.0,51,Light drizzle,7.2,16.1,96,,Drizzle,False
2026-03-23,2,49.1,45.1,0.0,0.0,0.0,0.0,3,Overcast,8.0,20.6,95,,Cloudy,False
2026-03-23,3,47.7,41.9,0.004,0.004,0.0,0.0,51,Light drizzle,10.7,21.9,92,,Drizzle,False
2026-03-23,4,45.9,41.0,0.071,0.071,0.0,0.0,61,Slight rain,7.9,22.6,93,,Rain,True
2026-03-23,5,44.6,39.3,0.102,0.102,0.0,0.0,63,Moderate rain,8.6,17.4,95,,Rain,True
2026-03-23,6,43.1,37.5,0.087,0.087,0.0,0.0,61,Slight rain,8.5,19.0,96,,Rain,True
2026-03-23,7,42.0,36.2,0.138,0.138,0.0,0.0,63,Moderate rain,8.4,18.3,96,,Rain,True
2026-03-23,8,40.6,34.5,0.055,0.055,0.0,0.0,61,Slight rain,8.4,18.3,96,,Rain,True
2026-03-23,9,40.6,33.6,0.008,0.008,0.0,0.0,51,Light drizzle,9.8,21.5,90,,Drizzle,False
2026-03-23,10,40.3,34.0,0.0,0.0,0.0,0.0,3,Overcast,7.8,21.7,89,,Cloudy,False
2026-03-23,11,39.8,33.3,0.004,0.004,0.0,0.0,51,Light drizzle,7.8,18.3,85,,Drizzle,False
2026-03-23,12,39.7,32.9,0.004,0.004,0.0,0.0,51,Light drizzle,8.2,19.5,82,,Drizzle,False
2026-03-23,13,39.7,32.9,0.008,0.008,0.0,0.0,51,Light drizzle,7.9,19.5,81,,Drizzle,False
2026-03-23,14,40.7,34.3,0.004,0.004,0.0,0.0,51,Light drizzle,7.8,19.0,83,,Drizzle,False
2026-03-23,15,40.5,34.1,0.004,0.004,0.0,0.0,51,Light drizzle,7.4,18.3,83,,Drizzle,False
2026-03-23,16,41.3,34.4,0.0,0.0,0.0,0.0,3,Overcast,8.2,19.9,77,,Cloudy,False
2026-03-23,17,41.7,34.4,0.0,0.0,0.0,0.0,3,Overcast,8.9,21.0,74,,Cloudy,False
2026-03-23,18,42.4,34.9,0.0,0.0,0.0,0.0,3,Overcast,8.7,20.4,68,,Cloudy,False
2026-03-23,19,41.5,33.5,0.0,0.0,0.0,0.0,2,Partly cloudy,9.2,21.5,65,,Cloudy,False
2026-03-23,20,38.1,29.1,0.0,0.0,0.0,0.0,2,Partly cloudy,10.6,24.4,63,,Cloudy,False
2026-03-23,21,37.0,27.8,0.0,0.0,0.0,0.0,1,Mainly clear,10.6,24.2,61,,Clear,False
2026-03-23,22,35.9,26.6,0.0,0.0,0.0,0.0,0,Clear sky,10.0,23.9,60,,Clear,False
2026-03-23,23,34.7,25.3,0.0,0.0,0.0,0.0,1,Mainly clear,10.1,23.5,60,,Clear,False
2026-03-24,0,33.9,24.9,0.0,0.0,0.0,0.0,0,Clear sky,9.1,22.8,61,,Clear,False
2026-03-24,1,33.5,25.0,0.0,0.0,0.0,0.0,0,Clear sky,8.0,20.4,61,,Clear,False
2026-03-24,2,33.6,25.4,0.0,0.0,0.0,0.0,1,Mainly clear,7.3,17.9,62,,Clear,False
2026-03-24,3,33.0,25.7,0.0,0.0,0.0,0.0,0,Clear sky,5.4,15.7,65,,Clear,False
2026-03-24,4,32.5,24.9,0.0,0.0,0.0,0.0,0,Clear sky,6.2,13.0,68,,Clear,False
2026-03-24,5,32.5,24.5,0.0,0.0,0.0,0.0,0,Clear sky,6.9,15.7,68,,Clear,False
2026-03-24,6,31.7,23.7,0.0,0.0,0.0,0.0,0,Clear sky,7.1,15.9,70,,Clear,False
2026-03-24,7,31.4,23.3,0.0,0.0,0.0,0.0,0,Clear sky,7.0,15.9,68,,Clear,False
2026-03-24,8,32.9,25.5,0.0,0.0,0.0,0.0,0,Clear sky,5.7,15.4,66,,Clear,False
2026-03-24,9,35.8,27.9,0.0,0.0,0.0,0.0,0,Clear sky,6.5,15.9,57,,Clear,False
2026-03-24,10,38.2,29.9,0.0,0.0,0.0,0.0,0,Clear sky,7.2,19.0,48,,Clear,False
2026-03-24,11,40.2,33.1,0.0,0.0,0.0,0.0,0,Clear sky,6.4,19.2,44,,Clear,False
2026-03-24,12,42.1,37.0,0.0,0.0,0.0,0.0,0,Clear sky,4.9,17.9,42,,Clear,False
2026-03-24,13,43.6,40.5,0.0,0.0,0.0,0.0,0,Clear sky,2.7,15.4,42,,Clear,False
2026-03-24,14,44.2,41.8,0.0,0.0,0.0,0.0,0,Clear sky,1.2,11.6,39,,Clear,False
2026-03-24,15,46.1,42.4,0.0,0.0,0.0,0.0,0,Clear sky,2.6,11.2,39,,Clear,False
2026-03-24,16,46.8,40.7,0.0,0.0,0.0,0.0,0,Clear sky,5.0,14.8,40,,Clear,False
2026-03-24,17,46.6,38.6,0.0,0.0,0.0,0.0,0,Clear sky,7.4,18.6,42,,Clear,False
2026-03-24,18,45.4,37.1,0.0,0.0,0.0,0.0,0,Clear sky,8.1,20.1,43,,Clear,False
2026-03-24,19,40.1,31.9,0.0,0.0,0.0,0.0,1,Mainly clear,8.0,18.8,54,,Clear,False
2026-03-24,20,37.3,28.7,0.0,0.0,0.0,0.0,3,Overcast,8.4,17.9,55,,Cloudy,False
2026-03-24,21,37.2,29.0,0.0,0.0,0.0,0.0,3,Overcast,8.0,18.1,60,,Cloudy,False
2026-03-24,22,37.4,29.6,0.0,0.0,0.0,0.0,3,Overcast,7.4,17.4,62,,Cloudy,False
2026-03-24,23,37.6,30.4,0.0,0.0,0.0,0.0,3,Overcast,6.1,15.7,65,,Cloudy,False
2026-03-25,0,37.5,30.6,0.0,0.0,0.0,0.0,3,Overcast,5.9,12.8,68,,Cloudy,False
2026-03-25,1,37.4,30.4,0.0,0.0,0.0,0.0,3,Overcast,6.3,13.2,71,,Cloudy,False
2026-03-25,2,38.1,30.8,0.0,0.0,0.0,0.0,3,Overcast,7.2,14.1,70,,Cloudy,False
2026-03-25,3,37.9,31.0,0.0,0.0,0.0,0.0,3,Overcast,6.4,14.8,70,,Cloudy,False
2026-03-25,4,36.7,30.3,0.0,0.0,0.0,0.0,2,Partly cloudy,4.9,13.6,72,,Cloudy,False
2026-03-25,5,36.0,29.8,0.0,0.0,0.0,0.0,3,Overcast,4.3,10.3,74,,Cloudy,False
2026-03-25,6,35.3,29.5,0.0,0.0,0.0,0.0,2,Partly cloudy,3.6,8.9,77,,Cloudy,False
2026-03-25,7,33.4,27.9,0.0,0.0,0.0,0.0,2,Partly cloudy,2.5,7.6,82,,Cloudy,False
2026-03-25,8,35.8,30.7,0.0,0.0,0.0,0.0,3,Overcast,2.4,5.1,79,,Cloudy,False
2026-03-25,9,39.2,34.7,0.0,0.0,0.0,0.0,3,Overcast,1.2,6.0,72,,Cloudy,False
2026-03-25,10,42.3,37.3,0.0,0.0,0.0,0.0,3,Overcast,1.3,7.4,56,,Cloudy,False
2026-03-25,11,44.5,39.3,0.0,0.0,0.0,0.0,3,Overcast,1.8,8.7,52,,Cloudy,False
2026-03-25,12,47.2,42.0,0.0,0.0,0.0,0.0,3,Overcast,2.9,11.4,48,,Cloudy,False
2026-03-25,13,48.7,42.7,0.0,0.0,0.0,0.0,3,Overcast,4.5,13.6,47,,Cloudy,False
2026-03-25,14,50.7,45.1,0.0,0.0,0.0,0.0,3,Overcast,5.6,16.8,44,,Cloudy,False
2026-03-25,15,51.5,46.0,0.0,0.0,0.0,0.0,2,Partly cloudy,7.2,19.0,48,,Cloudy,False
2026-03-25,16,49.8,43.0,0.0,0.0,0.0,0.0,1,Mainly clear,8.7,22.1,53,,Clear,False
2026-03-25,17,48.2,40.8,0.0,0.0,0.0,0.0,3,Overcast,8.4,22.6,52,,Cloudy,False
2026-03-25,18,46.0,38.7,0.0,0.0,0.0,0.0,3,Overcast,8.0,20.6,56,,Cloudy,False
2026-03-25,19,44.5,35.9,0.0,0.0,0.0,0.0,3,Overcast,10.5,23.5,55,,Cloudy,False
2026-03-25,20,44.2,35.5,0.0,0.0,0.0,0.0,3,Overcast,10.7,23.0,56,,Cloudy,False
2026-03-25,21,43.2,34.8,0.0,0.0,0.0,0.0,3,Overcast,9.7,23.5,57,,Cloudy,False
2026-03-25,22,42.5,34.6,0.0,0.0,0.0,0.0,3,Overcast,9.4,21.9,64,,Cloudy,False
2026-03-25,23,42.7,35.7,0.0,0.0,0.0,0.0,3,Overcast,8.0,20.8,70,,Cloudy,False
2026-03-26,0,43.3,37.0,0.0,0.0,0.0,0.0,3,Overcast,6.9,17.4,70,,Cloudy,False
2026-03-26,1,44.1,37.3,0.0,0.0,0.0,0.0,3,Overcast,8.0,17.2,70,,Cloudy,False
2026-03-26,2,45.2,38.7,0.0,0.0,0.0,0.0,3,Overcast,7.9,18.8,69,,Cloudy,False
2026-03-26,3,45.7,39.7,0.0,0.0,0.0,0.0,3,Overcast,6.9,16.8,71,,Cloudy,False
2026-03-26,4,46.6,40.7,0.0,0.0,0.0,0.0,3,Overcast,7.5,16.1,73,,Cloudy,False
2026-03-26,5,47.6,41.8,0.0,0.0,0.0,0.0,3,Overcast,8.0,17.0,75,,Cloudy,False
2026-03-26,6,48.4,42.6,0.0,0.0,0.0,0.0,3,Overcast,8.5,18.1,76,,Cloudy,False
2026-03-26,7,49.0,43.2,0.0,0.0,0.0,0.0,3,Overcast,8.7,19.0,75,,Cloudy,False
2026-03-26,8,49.6,44.2,0.0,0.0,0.0,0.0,3,Overcast,7.9,18.8,74,,Cloudy,False
2026-03-26,9,51.4,45.8,0.0,0.0,0.0,0.0,2,Partly cloudy,8.5,18.3,71,,Cloudy,False
2026-03-26,10,55.6,51.1,0.0,0.0,0.0,0.0,1,Mainly clear,7.2,18.6,66,,Clear,False
2026-03-26,11,59.2,54.4,0.0,0.0,0.0,0.0,0,Clear sky,8.3,20.6,60,,Clear,False
2026-03-26,12,62.7,59.7,0.0,0.0,0.0,0.0,2,Partly cloudy,8.9,22.6,56,,Cloudy,False
2026-03-26,13,65.8,63.9,0.0,0.0,0.0,0.0,2,Partly cloudy,8.4,22.4,53,,Cloudy,False
2026-03-26,14,68.6,66.9,0.0,0.0,0.0,0.0,3,Overcast,7.5,21.0,45,,Cloudy,False
2026-03-26,15,70.8,68.1,0.0,0.0,0.0,0.0,2,Partly cloudy,8.7,21.0,43,,Cloudy,False
2026-03-26,16,71.7,67.9,0.0,0.0,0.0,0.0,3,Overcast,8.7,21.7,43,,Cloudy,False
2026-03-26,17,71.1,68.0,0.0,0.0,0.0,0.0,0,Clear sky,7.2,20.8,47,,Clear,False
2026-03-26,18,69.4,66.0,0.0,0.0,0.0,0.0,3,Overcast,8.7,19.5,52,,Cloudy,False
2026-03-26,19,67.6,64.3,0.0,0.0,0.0,0.0,3,Overcast,8.6,20.1,55,,Cloudy,False
2026-03-26,20,66.9,63.2,0.0,0.0,0.0,0.0,3,Overcast,10.1,20.6,58,,Cloudy,False
2026-03-26,21,65.9,62.0,0.0,0.0,0.0,0.0,3,Overcast,11.2,23.9,62,,Cloudy,False
2026-03-26,22,66.3,61.7,0.0,0.0,0.0,0.0,3,Overcast,12.8,28.2,61,,Cloudy,False
2026-03-26,23,66.0,61.6,0.008,0.008,0.0,0.0,51,Light drizzle,13.1,28.6,64,,Drizzle,False
2026-03-27,0,63.2,59.9,0.063,0.063,0.0,0.0,61,Slight rain,12.4,32.9,77,,Rain,True
2026-03-27,1,62.3,59.3,0.008,0.008,0.0,0.0,51,Light drizzle,11.2,25.3,78,,Drizzle,False
2026-03-27,2,61.4,58.8,0.051,0.051,0.0,0.0,61,Slight rain,12.5,29.1,89,,Rain,True
2026-03-27,3,60.0,59.5,0.039,0.039,0.0,0.0,55,Dense drizzle,7.8,25.3,95,,Drizzle,False
2026-03-27,4,58.1,57.0,0.004,0.004,0.0,0.0,51,Light drizzle,7.2,15.2,93,,Drizzle,False
2026-03-27,5,56.8,55.2,0.0,0.0,0.0,0.0,3,Overcast,6.9,13.4,91,,Cloudy,False
2026-03-27,6,56.2,52.8,0.0,0.0,0.0,0.0,3,Overcast,9.5,19.2,86,,Cloudy,False
2026-03-27,7,53.4,48.5,0.0,0.0,0.0,0.0,3,Overcast,10.8,23.9,84,,Cloudy,False
2026-03-27,8,54.6,49.5,0.0,0.0,0.0,0.0,3,Overcast,10.5,23.3,77,,Cloudy,False
2026-03-27,9,54.7,48.3,0.0,0.0,0.0,0.0,3,Overcast,11.4,25.9,67,,Cloudy,False
2026-03-27,10,53.8,46.8,0.0,0.0,0.0,0.0,3,Overcast,11.4,28.9,62,,Cloudy,False
2026-03-27,11,49.3,41.1,0.0,0.0,0.0,0.0,3,Overcast,11.1,30.6,55,,Cloudy,False
2026-03-27,12,48.7,40.4,0.0,0.0,0.0,0.0,3,Overcast,10.7,26.2,53,,Cloudy,False
2026-03-27,13,49.8,42.2,0.0,0.0,0.0,0.0,3,Overcast,10.0,26.6,49,,Cloudy,False
2026-03-27,14,52.2,47.0,0.0,0.0,0.0,0.0,3,Overcast,7.8,24.8,48,,Cloudy,False
2026-03-27,15,50.6,43.8,0.0,0.0,0.0,0.0,3,Overcast,6.9,19.5,48,,Cloudy,False
2026-03-27,16,48.3,41.2,0.0,0.0,0.0,0.0,3,Overcast,7.5,18.8,51,,Cloudy,False
2026-03-27,17,46.2,39.4,0.0,0.0,0.0,0.0,3,Overcast,6.5,18.8,54,,Cloudy,False
2026-03-27,18,44.6,37.8,0.0,0.0,0.0,0.0,3,Overcast,6.4,17.0,56,,Cloudy,False
2026-03-27,19,43.5,37.0,0.0,0.0,0.0,0.0,3,Overcast,5.5,15.2,58,,Cloudy,False
2026-03-27,20,43.8,38.5,0.0,0.0,0.0,0.0,1,Mainly clear,2.8,12.8,58,,Clear,False
2026-03-27,21,41.2,36.0,0.0,0.0,0.0,0.0,0,Clear sky,2.7,5.8,65,,Clear,False
2026-03-27,22,40.1,34.5,0.0,0.0,0.0,0.0,0,Clear sky,3.0,6.5,62,,Clear,False
2026-03-27,23,39.1,32.6,0.0,0.0,0.0,0.0,0,Clear sky,4.6,9.6,60,,Clear,False
2026-03-28,0,37.7,30.2,0.0,0.0,0.0,0.0,2,Partly cloudy,6.8,14.1,64,,Cloudy,False
2026-03-28,1,36.1,27.5,0.0,0.0,0.0,0.0,3,Overcast,8.4,19.2,58,,Cloudy,False
2026-03-28,2,36.9,29.0,0.0,0.0,0.0,0.0,0,Clear sky,6.5,18.6,55,,Clear,False
2026-03-28,3,34.4,25.8,0.0,0.0,0.0,0.0,1,Mainly clear,7.9,18.1,56,,Clear,False
2026-03-28,4,33.6,25.0,0.0,0.0,0.0,0.0,0,Clear sky,7.8,17.4,58,,Clear,False
2026-03-28,5,31.4,22.7,0.0,0.0,0.0,0.0,0,Clear sky,8.0,17.7,62,,Clear,False
2026-03-28,6,29.8,21.1,0.0,0.0,0.0,0.0,0,Clear sky,7.9,18.1,63,,Clear,False
2026-03-28,7,28.5,19.6,0.0,0.0,0.0,0.0,0,Clear sky,7.7,18.6,62,,Clear,False
2026-03-28,8,30.5,21.5,0.0,0.0,0.0,0.0,0,Clear sky,7.9,20.1,57,,Clear,False
2026-03-28,9,32.2,22.7,0.0,0.0,0.0,0.0,0,Clear sky,8.7,21.7,47,,Clear,False
2026-03-28,10,34.3,25.0,0.0,0.0,0.0,0.0,0,Clear sky,7.9,21.9,42,,Clear,False
2026-03-28,11,36.1,27.8,0.0,0.0,0.0,0.0,0,Clear sky,8.1,21.9,37,,Clear,False
2026-03-28,12,38.8,30.9,0.0,0.0,0.0,0.0,3,Overcast,9.7,25.5,33,,Cloudy,False
2026-03-28,13,40.6,33.4,0.0,0.0,0.0,0.0,2,Partly cloudy,9.6,25.1,33,,Cloudy,False
2026-03-28,14,42.1,34.3,0.0,0.0,0.0,0.0,2,Partly cloudy,10.5,26.6,30,,Cloudy,False
2026-03-28,15,42.4,33.0,0.0,0.0,0.0,0.0,3,Overcast,11.3,28.0,30,,Cloudy,False
2026-03-28,16,41.5,30.9,0.0,0.0,0.0,0.0,2,Partly cloudy,11.1,28.0,31,,Cloudy,False
2026-03-28,17,41.8,31.3,0.0,0.0,0.0,0.0,1,Mainly clear,11.1,27.3,32,,Clear,False
2026-03-28,18,40.8,30.6,0.0,0.0,0.0,0.0,1,Mainly clear,10.3,26.4,34,,Clear,False
2026-03-28,19,39.4,31.0,0.0,0.0,0.0,0.0,0,Clear sky,6.4,26.6,39,,Clear,False
2026-03-28,20,38.0,30.3,0.0,0.0,0.0,0.0,0,Clear sky,5.1,14.3,43,,Clear,False
2026-03-28,21,36.0,29.4,0.0,0.0,0.0,0.0,1,Mainly clear,3.1,10.5,53,,Clear,False
2026-03-28,22,34.4,28.3,0.0,0.0,0.0,0.0,0,Clear sky,2.5,6.7,60,,Clear,False
2026-03-28,23,33.5,27.4,0.0,0.0,0.0,0.0,1,Mainly clear,2.5,5.4,62,,Clear,False
2026-03-29,0,32.5,26.2,0.0,0.0,0.0,0.0,1,Mainly clear,2.5,5.4,64,,Clear,False
2026-03-29,1,31.8,25.9,0.0,0.0,0.0,0.0,0,Clear sky,1.7,4.9,64,,Clear,False
2026-03-29,2,30.7,25.3,0.0,0.0,0.0,0.0,1,Mainly clear,0.5,3.4,66,,Clear,False
2026-03-29,3,30.3,24.8,0.0,0.0,0.0,0.0,0,Clear sky,0.3,1.3,64,,Clear,False
2026-03-29,4,29.9,24.4,0.0,0.0,0.0,0.0,0,Clear sky,0.5,1.6,65,,Clear,False
2026-03-29,5,29.6,24.0,0.0,0.0,0.0,0.0,1,Mainly clear,0.9,2.2,71,,Clear,False
2026-03-29,6,29.2,23.7,0.0,0.0,0.0,0.0,1,Mainly clear,0.9,2.5,75,,Clear,False
2026-03-29,7,29.3,23.9,0.0,0.0,0.0,0.0,2,Partly cloudy,1.0,2.7,76,,Cloudy,False
2026-03-29,8,33.0,26.9,0.0,0.0,0.0,0.0,1,Mainly clear,2.7,4.7,68,,Clear,False
2026-03-29,9,37.3,31.5,0.0,0.0,0.0,0.0,1,Mainly clear,1.8,7.2,54,,Clear,False
2026-03-29,10,41.2,34.5,0.0,0.0,0.0,0.0,0,Clear sky,4.0,12.1,49,,Clear,False
2026-03-29,11,44.0,37.7,0.0,0.0,0.0,0.0,2,Partly cloudy,5.6,16.1,44,,Cloudy,False
2026-03-29,12,46.2,40.8,0.0,0.0,0.0,0.0,0,Clear sky,6.3,17.9,41,,Clear,False
2026-03-29,13,48.3,43.2,0.0,0.0,0.0,0.0,1,Mainly clear,7.8,20.8,41,,Clear,False
2026-03-29,14,51.6,45.5,0.0,0.0,0.0,0.0,2,Partly cloudy,9.1,23.7,33,,Cloudy,False
2026-03-29,15,53.0,46.3,0.0,0.0,0.0,0.0,1,Mainly clear,9.1,24.4,32,,Clear,False
2026-03-29,16,53.8,46.1,0.0,0.0,0.0,0.0,3,Overcast,8.5,23.0,32,,Cloudy,False
2026-03-29,17,53.9,46.0,0.0,0.0,0.0,0.0,2,Partly cloudy,7.5,21.3,33,,Cloudy,False
2026-03-29,18,52.6,45.8,0.0,0.0,0.0,0.0,2,Partly cloudy,5.5,18.1,38,,Cloudy,False
2026-03-29,19,48.3,42.5,0.0,0.0,0.0,0.0,3,Overcast,4.9,13.0,54,,Cloudy,False
2026-03-29,20,45.7,38.7,0.0,0.0,0.0,0.0,1,Mainly clear,7.7,12.1,60,,Clear,False
2026-03-29,21,44.8,37.1,0.0,0.0,0.0,0.0,2,Partly cloudy,9.1,19.2,60,,Cloudy,False
2026-03-29,22,44.6,37.0,0.0,0.0,0.0,0.0,2,Partly cloudy,8.6,19.7,58,,Cloudy,False
2026-03-29,23,44.3,37.0,0.0,0.0,0.0,0.0,3,Overcast,7.7,18.3,58,,Cloudy,False
2026-03-30,0,45.0,38.0,0.0,0.0,0.0,0.0,3,Overcast,7.1,17.0,57,,Cloudy,False
2026-03-30,1,44.7,37.9,0.0,0.0,0.0,0.0,3,Overcast,6.6,15.2,57,,Cloudy,False
2026-03-30,2,44.2,37.5,0.0,0.0,0.0,0.0,1,Mainly clear,6.3,14.1,61,,Clear,False
2026-03-30,3,43.6,37.3,0.0,0.0,0.0,0.0,1,Mainly clear,6.1,13.2,65,,Clear,False
2026-03-30,4,43.9,37.5,0.0,0.0,0.0,0.0,0,Clear sky,6.8,13.9,68,,Clear,False
2026-03-30,5,44.6,38.2,0.0,0.0,0.0,0.0,1,Mainly clear,7.5,15.7,72,,Clear,False
2026-03-30,6,45.1,38.9,0.0,0.0,0.0,0.0,2,Partly cloudy,7.7,16.1,75,,Cloudy,False
2026-03-30,7,45.9,39.7,0.0,0.0,0.0,0.0,3,Overcast,8.6,17.7,77,,Cloudy,False
2026-03-30,8,48.3,41.8,0.0,0.0,0.0,0.0,3,Overcast,9.7,20.4,73,,Cloudy,False
2026-03-30,9,50.9,44.4,0.0,0.0,0.0,0.0,3,Overcast,10.3,21.9,70,,Cloudy,False
2026-03-30,10,54.1,49.0,0.0,0.0,0.0,0.0,1,Mainly clear,8.1,21.9,67,,Clear,False
2026-03-30,11,58.3,52.6,0.0,0.0,0.0,0.0,2,Partly cloudy,10.4,25.3,59,,Cloudy,False
2026-03-30,12,60.9,56.4,0.0,0.0,0.0,0.0,2,Partly cloudy,10.4,25.5,56,,Cloudy,False
2026-03-30,13,63.3,59.6,0.0,0.0,0.0,0.0,2,Partly cloudy,10.4,25.9,53,,Cloudy,False
2026-03-30,14,67.4,63.3,0.0,0.0,0.0,0.0,2,Partly cloudy,10.3,27.5,42,,Cloudy,False
2026-03-30,15,68.7,64.2,0.0,0.0,0.0,0.0,2,Partly cloudy,11.3,26.8,41,,Cloudy,False
2026-03-30,16,69.1,63.3,0.0,0.0,0.0,0.0,2,Partly cloudy,12.1,28.4,42,,Cloudy,False
2026-03-30,17,67.8,61.7,0.0,0.0,0.0,0.0,1,Mainly clear,12.1,28.9,46,,Clear,False
2026-03-30,18,66.3,61.6,0.0,0.0,0.0,0.0,2,Partly cloudy,9.9,27.3,52,,Cloudy,False
2026-03-30,19,63.8,60.0,0.0,0.0,0.0,0.0,2,Partly cloudy,8.6,21.5,60,,Cloudy,False
2026-03-30,20,62.9,59.0,0.0,0.0,0.0,0.0,0,Clear sky,8.9,19.5,62,,Clear,False
2026-03-30,21,62.0,57.6,0.0,0.0,0.0,0.0,1,Mainly clear,9.7,21.0,63,,Clear,False
2026-03-30,22,61.3,57.2,0.0,0.0,0.0,0.0,0,Clear sky,8.9,21.0,64,,Clear,False
2026-03-30,23,60.8,56.6,0.0,0.0,0.0,0.0,0,Clear sky,9.4,20.1,65,,Clear,False
2026-03-31,0,60.1,56.1,0.0,0.0,0.0,0.0,0,Clear sky,9.3,20.1,69,,Clear,False
2026-03-31,1,59.5,55.9,0.0,0.0,0.0,0.0,1,Mainly clear,9.0,19.7,72,,Clear,False
2026-03-31,2,59.7,56.8,0.0,0.0,0.0,0.0,2,Partly cloudy,8.0,19.0,74,,Cloudy,False
2026-03-31,3,60.0,57.0,0.039,0.039,0.0,0.0,55,Dense drizzle,9.1,17.7,77,,Drizzle,False
2026-03-31,4,59.8,56.9,0.0,0.0,0.0,0.0,3,Overcast,9.2,19.2,78,,Cloudy,False
2026-03-31,5,59.8,57.0,0.0,0.0,0.0,0.0,1,Mainly clear,8.8,19.9,78,,Clear,False
2026-03-31,6,59.6,56.5,0.0,0.0,0.0,0.0,2,Partly cloudy,9.2,19.5,77,,Cloudy,False
2026-03-31,7,59.5,55.8,0.0,0.0,0.0,0.0,2,Partly cloudy,9.9,20.8,75,,Cloudy,False
2026-03-31,8,62.3,58.6,0.0,0.0,0.0,0.0,3,Overcast,9.6,23.3,66,,Cloudy,False
2026-03-31,9,65.7,62.6,0.0,0.0,0.0,0.0,3,Overcast,8.6,22.4,61,,Cloudy,False
2026-03-31,10,68.2,64.7,0.0,0.0,0.0,0.0,3,Overcast,9.6,22.4,56,,Cloudy,False
2026-03-31,11,71.4,68.4,0.0,0.0,0.0,0.0,3,Overcast,9.5,24.2,53,,Cloudy,False
2026-03-31,12,74.2,72.6,0.0,0.0,0.0,0.0,3,Overcast,10.3,25.5,50,,Cloudy,False
2026-03-31,13,76.6,75.0,0.0,0.0,0.0,0.0,1,Mainly clear,12.2,29.5,48,,Clear,False
2026-03-31,14,78.4,77.4,0.0,0.0,0.0,0.0,3,Overcast,10.8,31.8,43,,Cloudy,False
2026-03-31,15,78.9,75.5,0.0,0.0,0.0,0.0,3,Overcast,11.2,26.6,43,,Cloudy,False
2026-03-31,16,78.8,75.1,0.0,0.0,0.0,0.0,3,Overcast,12.4,30.0,44,,Cloudy,False
2026-03-31,17,78.8,74.9,0.0,0.0,0.0,0.0,3,Overcast,12.7,30.9,43,,Cloudy,False
2026-03-31,18,77.7,74.2,0.0,0.0,0.0,0.0,3,Overcast,11.5,29.1,44,,Cloudy,False
2026-03-31,19,75.0,71.3,0.0,0.0,0.0,0.0,3,Overcast,12.0,27.5,49,,Cloudy,False
2026-03-31,20,74.8,72.1,0.0,0.0,0.0,0.0,3,Overcast,9.4,26.8,49,,Cloudy,False
2026-03-31,21,74.4,71.0,0.0,0.0,0.0,0.0,3,Overcast,11.1,24.4,49,,Cloudy,False
2026-03-31,22,73.3,69.9,0.0,0.0,0.0,0.0,3,Overcast,11.0,25.7,51,,Cloudy,False
2026-03-31,23,71.6,68.3,0.0,0.0,0.0,0.0,3,Overcast,11.4,24.8,55,,Cloudy,False
2026-04-01,0,70.7,67.5,0.0,0.0,0.0,0.0,3,Overcast,11.5,25.1,58,,Cloudy,False
2026-04-01,1,70.2,66.8,0.0,0.0,0.0,0.0,3,Overcast,11.5,25.3,58,,Cloudy,False
2026-04-01,2,70.7,67.5,0.0,0.0,0.0,0.0,3,Overcast,10.7,25.5,56,,Cloudy,False
2026-04-01,3,69.9,66.6,0.0,0.0,0.0,0.0,3,Overcast,11.0,23.7,58,,Cloudy,False
2026-04-01,4,68.9,66.0,0.0,0.0,0.0,0.0,1,Mainly clear,10.0,23.9,60,,Clear,False
2026-04-01,5,67.1,64.7,0.0,0.0,0.0,0.0,3,Overcast,8.8,21.3,64,,Cloudy,False
2026-04-01,6,66.3,64.3,0.0,0.0,0.0,0.0,3,Overcast,8.0,18.6,66,,Cloudy,False
2026-04-01,7,65.2,63.1,0.0,0.0,0.0,0.0,3,Overcast,8.4,17.9,69,,Cloudy,False
2026-04-01,8,67.0,65.5,0.0,0.0,0.0,0.0,3,Overcast,6.8,18.1,64,,Cloudy,False
2026-04-01,9,68.9,68.2,0.0,0.0,0.0,0.0,1,Mainly clear,5.4,14.8,61,,Clear,False
2026-04-01,10,73.0,72.5,0.0,0.0,0.0,0.0,3,Overcast,5.9,16.8,55,,Cloudy,False
2026-04-01,11,75.6,74.6,0.0,0.0,0.0,0.0,2,Partly cloudy,7.7,20.4,52,,Cloudy,False
2026-04-01,12,77.1,76.9,0.0,0.0,0.0,0.0,3,Overcast,9.2,26.4,50,,Cloudy,False
2026-04-01,13,76.6,75.1,0.02,0.02,0.0,0.0,53,Moderate drizzle,9.1,26.4,51,,Drizzle,False
2026-04-01,14,77.5,77.1,0.0,0.0,0.0,0.0,3,Overcast,7.1,25.3,46,,Cloudy,False
2026-04-01,15,76.7,74.3,0.0,0.0,0.0,0.0,3,Overcast,9.3,22.8,47,,Cloudy,False
2026-04-01,16,72.4,72.0,0.0,0.0,0.0,0.0,2,Partly cloudy,7.2,25.5,61,,Cloudy,False
2026-04-01,17,72.3,71.8,0.004,0.004,0.0,0.0,51,Light drizzle,6.6,18.8,59,,Drizzle,False
2026-04-01,18,70.7,70.1,0.0,0.0,0.0,0.0,3,Overcast,7.2,17.4,63,,Cloudy,False
2026-04-01,19,65.7,61.7,0.0,0.0,0.0,0.0,2,Partly cloudy,10.6,23.9,61,,Cloudy,False
2026-04-01,20,62.1,57.8,0.0,0.0,0.0,0.0,1,Mainly clear,9.5,22.8,62,,Clear,False
2026-04-01,21,57.7,52.7,0.0,0.0,0.0,0.0,3,Overcast,8.9,20.6,64,,Cloudy,False
2026-04-01,22,55.4,50.9,0.0,0.0,0.0,0.0,3,Overcast,7.9,21.0,69,,Cloudy,False
2026-04-01,23,54.2,49.9,0.008,0.008,0.0,0.0,51,Light drizzle,8.3,18.3,77,,Drizzle,False
2026-04-02,0,53.7,50.0,0.028,0.028,0.0,0.0,53,Moderate drizzle,8.2,19.0,84,,Drizzle,False
2026-04-02,1,50.9,44.9,0.094,0.094,0.0,0.0,61,Slight rain,13.7,28.4,94,,Rain,True
2026-04-02,2,49.6,45.9,0.008,0.008,0.0,0.0,51,Light drizzle,7.8,29.1,97,,Drizzle,False
2026-04-02,3,47.9,42.3,0.0,0.0,0.0,0.0,3,Overcast,10.1,23.7,88,,Cloudy,False
2026-04-02,4,46.8,40.6,0.0,0.0,0.0,0.0,3,Overcast,10.2,25.3,85,,Cloudy,False
2026-04-02,5,46.0,40.3,0.016,0.016,0.0,0.0,51,Light drizzle,8.5,23.3,84,,Drizzle,False
2026-04-02,6,45.0,38.4,0.02,0.02,0.0,0.0,53,Moderate drizzle,10.2,23.5,86,,Drizzle,False
2026-04-02,7,44.3,37.9,0.004,0.004,0.0,0.0,51,Light drizzle,9.6,24.6,85,,Drizzle,False
2026-04-02,8,44.0,36.9,0.008,0.008,0.0,0.0,51,Light drizzle,10.7,22.6,82,,Drizzle,False
2026-04-02,9,43.9,36.6,0.004,0.004,0.0,0.0,51,Light drizzle,10.6,24.6,80,,Drizzle,False
2026-04-02,10,43.6,36.5,0.016,0.016,0.0,0.0,51,Light drizzle,10.3,24.2,81,,Drizzle,False
2026-04-02,11,43.9,36.7,0.004,0.004,0.0,0.0,51,Light drizzle,10.3,24.2,79,,Drizzle,False
2026-04-02,12,45.7,37.8,0.0,0.0,0.0,0.0,3,Overcast,11.7,28.9,72,,Cloudy,False
2026-04-02,13,45.7,38.7,0.0,0.0,0.0,0.0,3,Overcast,9.7,28.0,72,,Cloudy,False
2026-04-02,14,43.3,35.9,0.0,0.0,0.0,0.0,3,Overcast,10.3,24.6,76,,Cloudy,False
2026-04-02,15,44.4,37.4,0.0,0.0,0.0,0.0,3,Overcast,9.5,25.1,74,,Cloudy,False
2026-04-02,16,45.4,38.9,0.0,0.0,0.0,0.0,3,Overcast,8.4,22.8,72,,Cloudy,False
2026-04-02,17,46.0,40.0,0.0,0.0,0.0,0.0,3,Overcast,7.4,20.6,72,,Cloudy,False
2026-04-02,18,46.6,41.2,0.0,0.0,0.0,0.0,3,Overcast,6.3,17.9,73,,Cloudy,False
2026-04-02,19,46.0,40.9,0.0,0.0,0.0,0.0,3,Overcast,5.8,15.2,75,,Cloudy,False
2026-04-02,20,43.0,37.0,0.0,0.0,0.0,0.0,3,Overcast,7.1,14.1,79,,Cloudy,False
2026-04-02,21,42.6,36.6,0.0,0.0,0.0,0.0,3,Overcast,7.2,17.2,80,,Cloudy,False
2026-04-02,22,42.4,36.9,0.0,0.0,0.0,0.0,3,Overcast,5.9,16.8,81,,Cloudy,False
2026-04-02,23,42.3,36.9,0.0,0.0,0.0,0.0,3,Overcast,5.7,14.1,81,,Cloudy,False
2026-04-03,0,42.1,36.9,0.0,0.0,0.0,0.0,3,Overcast,5.2,13.4,82,,Cloudy,False
2026-04-03,1,42.0,36.7,0.0,0.0,0.0,0.0,3,Overcast,5.7,13.4,84,,Cloudy,False
2026-04-03,2,41.5,36.3,0.004,0.004,0.0,0.0,51,Light drizzle,5.3,13.4,86,,Drizzle,False
2026-04-03,3,41.4,36.5,0.0,0.0,0.0,0.0,3,Overcast,4.8,12.3,87,,Cloudy,False
2026-04-03,4,41.4,37.1,0.0,0.0,0.0,0.0,3,Overcast,3.6,11.2,88,,Cloudy,False
2026-04-03,5,41.5,37.3,0.0,0.0,0.0,0.0,3,Overcast,3.5,8.7,88,,Cloudy,False
2026-04-03,6,41.6,37.8,0.0,0.0,0.0,0.0,3,Overcast,2.8,8.5,90,,Cloudy,False
2026-04-03,7,42.1,37.9,0.0,0.0,0.0,0.0,3,Overcast,3.9,9.2,90,,Cloudy,False
2026-04-03,8,41.5,37.6,0.0,0.0,0.0,0.0,3,Overcast,2.9,10.7,89,,Cloudy,False
2026-04-03,9,43.1,39.4,0.0,0.0,0.0,0.0,3,Overcast,2.8,8.3,88,,Cloudy,False
2026-04-03,10,46.8,42.7,0.0,0.0,0.0,0.0,3,Overcast,5.1,13.0,85,,Cloudy,False
2026-04-03,11,50.8,46.7,0.0,0.0,0.0,0.0,3,Overcast,6.5,16.8,79,,Cloudy,False
2026-04-03,12,54.4,49.9,0.0,0.0,0.0,0.0,3,Overcast,8.6,21.3,75,,Cloudy,False
2026-04-03,13,63.9,59.9,0.0,0.0,0.0,0.0,3,Overcast,11.1,27.7,60,,Cloudy,False
2026-04-03,14,56.7,53.1,0.0,0.0,0.0,0.0,3,Overcast,8.9,27.1,71,,Cloudy,False
2026-04-03,15,59.3,54.7,0.0,0.0,0.0,0.0,3,Overcast,10.3,23.5,69,,Cloudy,False
2026-04-03,16,64.8,59.3,0.0,0.0,0.0,0.0,3,Overcast,13.4,31.5,60,,Cloudy,False
2026-04-03,17,66.2,62.1,0.0,0.0,0.0,0.0,3,Overcast,11.4,30.9,61,,Cloudy,False
2026-04-03,18,69.4,66.9,0.0,0.0,0.0,0.0,3,Overcast,9.4,26.6,59,,Cloudy,False
2026-04-03,19,66.7,64.7,0.0,0.0,0.0,0.0,3,Overcast,8.4,22.1,65,,Cloudy,False
2026-04-03,20,64.1,63.5,0.0,0.0,0.0,0.0,3,Overcast,5.4,18.3,73,,Cloudy,False
2026-04-03,21,63.0,62.8,0.0,0.0,0.0,0.0,3,Overcast,4.7,11.2,77,,Cloudy,False
2026-04-03,22,61.9,62.0,0.0,0.0,0.0,0.0,3,Overcast,4.0,9.6,80,,Cloudy,False
2026-04-03,23,61.4,61.1,0.0,0.0,0.0,0.0,2,Partly cloudy,5.2,10.5,82,,Cloudy,False
2026-04-04,0,60.7,60.3,0.0,0.0,0.0,0.0,2,Partly cloudy,5.5,11.2,84,,Cloudy,False
2026-04-04,1,60.4,59.8,0.0,0.0,0.0,0.0,1,Mainly clear,5.9,12.1,86,,Clear,False
2026-04-04,2,59.0,58.1,0.0,0.0,0.0,0.0,1,Mainly clear,5.2,11.9,84,,Clear,False
2026-04-04,3,58.2,56.9,0.0,0.0,0.0,0.0,1,Mainly clear,5.4,11.2,84,,Clear,False
2026-04-04,4,58.0,56.5,0.0,0.0,0.0,0.0,1,Mainly clear,5.7,11.2,83,,Clear,False
2026-04-04,5,57.9,56.6,0.0,0.0,0.0,0.0,1,Mainly clear,5.4,11.6,84,,Clear,False
2026-04-04,6,57.5,56.2,0.0,0.0,0.0,0.0,2,Partly cloudy,5.2,10.7,85,,Cloudy,False
2026-04-04,7,56.8,55.2,0.0,0.0,0.0,0.0,3,Overcast,6.2,12.3,87,,Cloudy,False
2026-04-04,8,61.4,61.0,0.0,0.0,0.0,0.0,1,Mainly clear,5.2,14.3,81,,Clear,False
2026-04-04,9,64.0,62.3,0.0,0.0,0.0,0.0,0,Clear sky,6.3,14.8,67,,Clear,False
2026-04-04,10,66.1,64.0,0.0,0.0,0.0,0.0,0,Clear sky,6.4,16.8,60,,Clear,False
2026-04-04,11,66.5,64.5,0.0,0.0,0.0,0.0,2,Partly cloudy,7.5,20.1,59,,Cloudy,False
2026-04-04,12,67.7,67.1,0.0,0.0,0.0,0.0,1,Mainly clear,6.0,20.1,54,,Clear,False
2026-04-04,13,70.0,70.5,0.0,0.0,0.0,0.0,2,Partly cloudy,5.4,17.7,50,,Cloudy,False
2026-04-04,14,70.1,70.4,0.0,0.0,0.0,0.0,1,Mainly clear,6.5,19.0,52,,Clear,False
2026-04-04,15,69.8,67.5,0.0,0.0,0.0,0.0,1,Mainly clear,7.8,21.0,49,,Clear,False
2026-04-04,16,64.0,58.1,0.0,0.0,0.0,0.0,3,Overcast,12.4,29.5,55,,Cloudy,False
2026-04-04,17,59.2,53.4,0.0,0.0,0.0,0.0,3,Overcast,10.3,30.6,58,,Cloudy,False
2026-04-04,18,56.0,49.9,0.0,0.0,0.0,0.0,3,Overcast,10.3,24.8,61,,Cloudy,False
2026-04-04,19,51.4,45.3,0.0,0.0,0.0,0.0,3,Overcast,9.3,24.8,67,,Cloudy,False
2026-04-04,20,48.6,42.2,0.0,0.0,0.0,0.0,3,Overcast,8.8,21.5,69,,Cloudy,False
2026-04-04,21,46.9,40.4,0.0,0.0,0.0,0.0,3,Overcast,8.7,20.4,70,,Cloudy,False
2026-04-04,22,45.5,39.2,0.0,0.0,0.0,0.0,3,Overcast,8.1,20.8,74,,Cloudy,False
2026-04-04,23,44.7,38.5,0.0,0.0,0.0,0.0,3,Overcast,7.9,19.5,77,,Cloudy,False
2026-04-05,0,44.2,38.0,0.0,0.0,0.0,0.0,3,Overcast,8.6,21.0,81,,Cloudy,False
2026-04-05,1,44.1,38.1,0.004,0.004,0.0,0.0,51,Light drizzle,8.3,19.9,84,,Drizzle,False
2026-04-05,2,43.3,37.6,0.008,0.008,0.0,0.0,51,Light drizzle,7.3,18.3,86,,Drizzle,False
2026-04-05,3,43.6,37.7,0.0,0.0,0.0,0.0,3,Overcast,8.4,17.9,88,,Cloudy,False
2026-04-05,4,44.4,39.3,0.0,0.0,0.0,0.0,3,Overcast,7.3,18.8,90,,Cloudy,False
2026-04-05,5,45.1,40.8,0.0,0.0,0.0,0.0,3,Overcast,5.8,15.9,92,,Cloudy,False
2026-04-05,6,46.0,43.3,0.0,0.0,0.0,0.0,3,Overcast,3.1,12.5,94,,Cloudy,False
2026-04-05,7,47.1,45.1,0.0,0.0,0.0,0.0,3,Overcast,2.3,7.8,96,,Cloudy,False
2026-04-05,8,45.9,43.4,0.0,0.0,0.0,0.0,3,Overcast,1.6,8.1,89,,Cloudy,False
2026-04-05,9,48.7,47.2,0.0,0.0,0.0,0.0,3,Overcast,0.1,5.6,85,,Cloudy,False
2026-04-05,10,52.2,50.6,0.0,0.0,0.0,0.0,2,Partly cloudy,1.5,6.5,81,,Cloudy,False
2026-04-05,11,58.9,57.8,0.0,0.0,0.0,0.0,3,Overcast,3.0,10.1,73,,Cloudy,False
2026-04-05,12,59.8,60.0,0.102,0.102,0.0,0.0,63,Moderate rain,2.0,15.0,79,,Rain,True
2026-04-05,13,59.7,60.6,0.063,0.063,0.0,0.0,61,Slight rain,3.6,13.9,92,,Rain,True
2026-04-05,14,57.9,57.6,0.031,0.031,0.0,0.0,53,Moderate drizzle,4.5,10.7,90,,Drizzle,False
2026-04-05,15,58.6,57.1,0.016,0.016,0.0,0.0,51,Light drizzle,6.8,16.8,86,,Drizzle,False
2026-04-05,16,56.6,54.1,0.075,0.075,0.0,0.0,61,Slight rain,9.0,18.8,92,,Rain,True
2026-04-05,17,55.9,53.2,0.039,0.039,0.0,0.0,55,Dense drizzle,8.1,18.8,88,,Drizzle,False
2026-04-05,18,55.9,52.7,0.0,0.0,0.0,0.0,3,Overcast,8.0,17.0,83,,Cloudy,False
2026-04-05,19,55.2,52.5,0.0,0.0,0.0,0.0,3,Overcast,6.6,17.2,83,,Cloudy,False
2026-04-05,20,53.4,48.7,0.004,0.004,0.0,0.0,51,Light drizzle,8.6,16.1,75,,Drizzle,False
2026-04-05,21,51.2,44.2,0.0,0.0,0.0,0.0,3,Overcast,9.5,22.8,59,,Cloudy,False
2026-04-05,22,50.1,44.0,0.0,0.0,0.0,0.0,3,Overcast,7.4,20.8,60,,Cloudy,False
2026-04-05,23,49.9,43.3,0.0,0.0,0.0,0.0,3,Overcast,8.4,18.6,60,,Cloudy,False
2026-04-06,0,48.7,41.5,0.0,0.0,0.0,0.0,2,Partly cloudy,9.3,21.3,60,,Cloudy,False
2026-04-06,1,47.1,40.6,0.0,0.0,0.0,0.0,3,Overcast,7.3,21.3,61,,Cloudy,False
2026-04-06,2,46.9,40.7,0.0,0.0,0.0,0.0,3,Overcast,6.6,16.1,62,,Cloudy,False
2026-04-06,3,46.7,40.2,0.0,0.0,0.0,0.0,3,Overcast,7.0,15.4,60,,Cloudy,False
2026-04-06,4,45.4,37.6,0.0,0.0,0.0,0.0,0,Clear sky,9.3,22.1,58,,Clear,False
2026-04-06,5,41.8,33.3,0.0,0.0,0.0,0.0,0,Clear sky,9.7,24.2,57,,Clear,False
2026-04-06,6,39.7,31.2,0.0,0.0,0.0,0.0,0,Clear sky,9.1,21.7,57,,Clear,False
2026-04-06,7,38.8,30.9,0.0,0.0,0.0,0.0,0,Clear sky,7.4,20.1,57,,Clear,False
2026-04-06,8,41.5,33.9,0.0,0.0,0.0,0.0,0,Clear sky,6.8,18.6,52,,Clear,False
2026-04-06,9,43.3,34.6,0.0,0.0,0.0,0.0,0,Clear sky,9.3,22.6,48,,Clear,False
2026-04-06,10,46.3,37.1,0.0,0.0,0.0,0.0,2,Partly cloudy,10.5,24.6,43,,Cloudy,False
2026-04-06,11,47.5,39.9,0.0,0.0,0.0,0.0,0,Clear sky,9.2,26.6,44,,Clear,False
2026-04-06,12,49.7,43.6,0.0,0.0,0.0,0.0,0,Clear sky,9.6,24.8,41,,Clear,False
2026-04-06,13,51.6,45.8,0.0,0.0,0.0,0.0,0,Clear sky,9.9,25.9,37,,Clear,False
2026-04-06,14,52.8,45.8,0.0,0.0,0.0,0.0,2,Partly cloudy,11.9,30.2,34,,Cloudy,False
2026-04-06,15,54.5,45.8,0.0,0.0,0.0,0.0,3,Overcast,13.1,32.0,31,,Cloudy,False
2026-04-06,16,54.1,44.8,0.0,0.0,0.0,0.0,2,Partly cloudy,11.2,31.1,32,,Cloudy,False
2026-04-06,17,53.2,44.3,0.0,0.0,0.0,0.0,3,Overcast,9.9,26.8,34,,Cloudy,False
2026-04-06,18,52.2,44.1,0.0,0.0,0.0,0.0,1,Mainly clear,8.5,25.3,38,,Clear,False
2026-04-06,19,49.9,43.0,0.0,0.0,0.0,0.0,0,Clear sky,6.5,19.2,46,,Clear,False
2026-04-06,20,48.4,44.6,0.0,0.0,0.0,0.0,0,Clear sky,1.4,14.3,62,,Clear,False
2026-04-06,21,47.8,44.0,0.0,0.0,0.0,0.0,0,Clear sky,0.6,2.0,59,,Clear,False
2026-04-06,22,46.6,42.7,0.0,0.0,0.0,0.0,0,Clear sky,0.7,1.1,60,,Clear,False
2026-04-06,23,44.9,41.0,0.0,0.0,0.0,0.0,0,Clear sky,1.2,2.2,67,,Clear,False
2026-04-07,0,43.0,38.7,0.0,0.0,0.0,0.0,3,Overcast,2.6,5.6,77,,Cloudy,False
2026-04-07,1,43.0,38.7,0.0,0.0,0.0,0.0,3,Overcast,3.3,8.7,80,,Cloudy,False
2026-04-07,2,43.3,39.3,0.0,0.0,0.0,0.0,3,Overcast,2.6,6.5,80,,Cloudy,False
2026-04-07,3,43.3,39.1,0.0,0.0,0.0,0.0,2,Partly cloudy,3.7,7.2,85,,Cloudy,False
2026-04-07,4,41.9,38.3,0.0,0.0,0.0,0.0,3,Overcast,2.2,6.9,88,,Cloudy,False
2026-04-07,5,43.6,40.1,0.0,0.0,0.0,0.0,3,Overcast,2.1,5.1,84,,Cloudy,False
2026-04-07,6,44.5,39.7,0.0,0.0,0.0,0.0,1,Mainly clear,4.7,8.9,78,,Clear,False
2026-04-07,7,44.7,37.7,0.0,0.0,0.0,0.0,0,Clear sky,8.7,18.6,70,,Clear,False
2026-04-07,8,46.8,40.7,0.0,0.0,0.0,0.0,0,Clear sky,6.6,20.4,64,,Clear,False
2026-04-07,9,49.2,42.4,0.0,0.0,0.0,0.0,0,Clear sky,8.0,18.3,57,,Clear,False
2026-04-07,10,50.3,41.6,0.0,0.0,0.0,0.0,0,Clear sky,10.8,25.7,46,,Clear,False
2026-04-07,11,51.0,43.2,0.0,0.0,0.0,0.0,1,Mainly clear,11.2,27.7,46,,Clear,False
2026-04-07,12,51.3,44.3,0.0,0.0,0.0,0.0,1,Mainly clear,11.1,28.0,44,,Clear,False
2026-04-07,13,51.8,43.5,0.0,0.0,0.0,0.0,3,Overcast,12.8,30.6,39,,Cloudy,False
2026-04-07,14,52.3,42.4,0.0,0.0,0.0,0.0,0,Clear sky,12.7,33.8,37,,Clear,False
2026-04-07,15,50.4,40.8,0.0,0.0,0.0,0.0,0,Clear sky,14.3,34.7,27,,Clear,False
2026-04-07,16,49.0,39.3,0.0,0.0,0.0,0.0,0,Clear sky,13.1,34.7,29,,Clear,False
2026-04-07,17,46.3,35.4,0.0,0.0,0.0,0.0,0,Clear sky,13.0,31.5,34,,Clear,False
2026-04-07,18,43.3,32.2,0.0,0.0,0.0,0.0,0,Clear sky,13.1,30.9,37,,Clear,False
2026-04-07,19,39.4,28.7,0.0,0.0,0.0,0.0,0,Clear sky,12.3,30.9,42,,Clear,False
2026-04-07,20,40.5,29.9,0.0,0.0,0.0,0.0,0,Clear sky,11.2,27.7,34,,Clear,False
2026-04-07,21,38.2,28.1,0.0,0.0,0.0,0.0,0,Clear sky,10.5,25.1,41,,Clear,False
2026-04-07,22,35.8,25.7,0.0,0.0,0.0,0.0,0,Clear sky,10.7,25.9,48,,Clear,False
2026-04-07,23,33.8,24.1,0.0,0.0,0.0,0.0,0,Clear sky,10.0,25.7,53,,Clear,False
2026-04-08,0,32.6,23.5,0.0,0.0,0.0,0.0,0,Clear sky,8.8,22.6,57,,Clear,False
2026-04-08,1,31.6,22.9,0.0,0.0,0.0,0.0,0,Clear sky,7.9,19.9,60,,Clear,False
2026-04-08,2,31.7,23.1,0.0,0.0,0.0,0.0,0,Clear sky,7.2,17.9,54,,Clear,False
2026-04-08,3,30.8,22.4,0.0,0.0,0.0,0.0,0,Clear sky,6.7,15.9,57,,Clear,False
2026-04-08,4,30.2,21.8,0.0,0.0,0.0,0.0,0,Clear sky,6.7,15.2,58,,Clear,False
2026-04-08,5,29.6,21.1,0.0,0.0,0.0,0.0,0,Clear sky,6.9,15.9,61,,Clear,False
2026-04-08,6,29.1,20.7,0.0,0.0,0.0,0.0,0,Clear sky,7.0,15.7,63,,Clear,False
2026-04-08,7,29.2,21.1,0.0,0.0,0.0,0.0,0,Clear sky,6.3,15.7,63,,Clear,False
2026-04-08,8,31.4,23.5,0.0,0.0,0.0,0.0,0,Clear sky,5.8,16.1,59,,Clear,False
2026-04-08,9,33.7,24.9,0.0,0.0,0.0,0.0,0,Clear sky,7.8,19.7,52,,Clear,False
2026-04-08,10,36.8,28.5,0.0,0.0,0.0,0.0,0,Clear sky,6.7,20.1,48,,Clear,False
2026-04-08,11,39.7,33.9,0.0,0.0,0.0,0.0,0,Clear sky,5.2,18.8,44,,Clear,False
2026-04-08,12,42.2,38.6,0.0,0.0,0.0,0.0,0,Clear sky,3.6,16.6,42,,Clear,False
2026-04-08,13,44.2,41.6,0.0,0.0,0.0,0.0,0,Clear sky,3.0,13.9,40,,Clear,False
2026-04-08,14,46.0,43.8,0.0,0.0,0.0,0.0,0,Clear sky,2.2,13.9,34,,Clear,False
2026-04-08,15,48.4,45.4,0.0,0.0,0.0,0.0,0,Clear sky,2.1,11.4,31,,Clear,False
2026-04-08,16,48.7,43.7,0.0,0.0,0.0,0.0,0,Clear sky,3.6,12.8,32,,Clear,False
2026-04-08,17,46.8,38.9,0.0,0.0,0.0,0.0,0,Clear sky,6.5,17.7,37,,Clear,False
2026-04-08,18,43.5,35.4,0.0,0.0,0.0,0.0,0,Clear sky,7.4,19.2,44,,Clear,False
2026-04-08,19,40.9,33.2,0.0,0.0,0.0,0.0,0,Clear sky,6.8,18.6,51,,Clear,False
2026-04-08,20,39.3,31.8,0.0,0.0,0.0,0.0,0,Clear sky,6.7,15.9,58,,Clear,False
2026-04-08,21,38.2,31.7,0.0,0.0,0.0,0.0,0,Clear sky,4.9,14.5,66,,Clear,False
2026-04-08,22,37.7,31.4,0.0,0.0,0.0,0.0,0,Clear sky,4.7,11.2,70,,Clear,False
2026-04-08,23,37.1,31.0,0.0,0.0,0.0,0.0,0,Clear sky,4.4,10.3,73,,Clear,False
2026-04-09,0,36.6,30.9,0.0,0.0,0.0,0.0,0,Clear sky,3.6,9.8,75,,Clear,False
2026-04-09,1,35.2,29.9,0.0,0.0,0.0,0.0,0,Clear sky,2.7,7.8,80,,Clear,False
2026-04-09,2,34.9,29.6,0.0,0.0,0.0,0.0,0,Clear sky,2.6,5.4,81,,Clear,False
2026-04-09,3,33.9,28.7,0.0,0.0,0.0,0.0,0,Clear sky,2.2,5.8,83,,Clear,False
2026-04-09,4,33.1,28.0,0.0,0.0,0.0,0.0,0,Clear sky,1.7,4.7,83,,Clear,False
2026-04-09,5,32.5,27.4,0.0,0.0,0.0,0.0,0,Clear sky,1.6,3.6,83,,Clear,False
2026-04-09,6,32.4,27.6,0.0,0.0,0.0,0.0,0,Clear sky,0.6,3.4,81,,Clear,False
2026-04-09,7,32.7,28.0,0.0,0.0,0.0,0.0,0,Clear sky,0.9,2.0,83,,Clear,False
2026-04-09,8,35.7,30.9,0.0,0.0,0.0,0.0,0,Clear sky,1.6,4.9,80,,Clear,False
2026-04-09,9,39.0,34.3,0.0,0.0,0.0,0.0,0,Clear sky,2.1,8.7,75,,Clear,False
2026-04-09,10,42.2,36.9,0.0,0.0,0.0,0.0,0,Clear sky,3.7,12.8,69,,Clear,False
2026-04-09,11,45.5,41.2,0.0,0.0,0.0,0.0,1,Mainly clear,5.0,15.9,61,,Clear,False
2026-04-09,12,47.9,44.3,0.0,0.0,0.0,0.0,2,Partly cloudy,6.1,18.6,54,,Cloudy,False
2026-04-09,13,49.1,45.4,0.0,0.0,0.0,0.0,1,Mainly clear,7.4,21.3,50,,Clear,False
2026-04-09,14,49.8,45.8,0.0,0.0,0.0,0.0,0,Clear sky,7.8,23.3,47,,Clear,False
2026-04-09,15,49.9,44.9,0.0,0.0,0.0,0.0,1,Mainly clear,8.2,22.6,46,,Clear,False
2026-04-09,16,49.2,43.0,0.0,0.0,0.0,0.0,1,Mainly clear,8.4,22.6,49,,Clear,False
2026-04-09,17,47.7,40.2,0.0,0.0,0.0,0.0,2,Partly cloudy,8.6,22.4,54,,Cloudy,False
2026-04-09,18,45.4,38.3,0.0,0.0,0.0,0.0,3,Overcast,8.1,22.1,62,,Cloudy,False
2026-04-09,19,43.3,36.8,0.0,0.0,0.0,0.0,3,Overcast,7.2,19.9,71,,Cloudy,False
2026-04-09,20,42.8,36.4,0.0,0.0,0.0,0.0,2,Partly cloudy,7.3,16.6,74,,Cloudy,False
2026-04-09,21,42.1,36.1,0.0,0.0,0.0,0.0,1,Mainly clear,6.8,16.1,79,,Clear,False
2026-04-09,22,41.5,36.1,0.0,0.0,0.0,0.0,0,Clear sky,5.6,15.0,82,,Clear,False
2026-04-09,23,41.0,35.9,0.0,0.0,0.0,0.0,0,Clear sky,4.9,12.3,86,,Clear,False
2026-04-10,0,40.4,35.9,0.0,0.0,0.0,0.0,0,Clear sky,3.7,10.5,89,,Clear,False
2026-04-10,1,39.7,35.4,0.0,0.0,0.0,0.0,0,Clear sky,3.1,8.3,91,,Clear,False
2026-04-10,2,39.7,35.5,0.0,0.0,0.0,0.0,0,Clear sky,3.0,6.7,93,,Clear,False
2026-04-10,3,39.6,35.5,0.0,0.0,0.0,0.0,0,Clear sky,2.9,7.4,93,,Clear,False
2026-04-10,4,39.2,35.1,0.0,0.0,0.0,0.0,0,Clear sky,3.0,6.7,94,,Clear,False
2026-04-10,5,38.4,34.4,0.0,0.0,0.0,0.0,0,Clear sky,2.5,6.5,95,,Clear,False
2026-04-10,6,37.7,33.6,0.0,0.0,0.0,0.0,0,Clear sky,2.2,5.1,95,,Clear,False
2026-04-10,7,38.7,34.8,0.0,0.0,0.0,0.0,0,Clear sky,2.3,4.7,96,,Clear,False
2026-04-10,8,40.4,36.3,0.0,0.0,0.0,0.0,1,Mainly clear,3.0,8.3,91,,Clear,False
2026-04-10,9,44.3,40.0,0.0,0.0,0.0,0.0,1,Mainly clear,3.9,13.0,80,,Clear,False
2026-04-10,10,48.4,44.2,0.0,0.0,0.0,0.0,1,Mainly clear,4.0,13.4,71,,Clear,False
2026-04-10,11,53.1,50.3,0.0,0.0,0.0,0.0,1,Mainly clear,4.5,14.8,62,,Clear,False
2026-04-10,12,57.2,55.4,0.0,0.0,0.0,0.0,0,Clear sky,5.5,17.0,56,,Clear,False
2026-04-10,13,60.7,59.2,0.0,0.0,0.0,0.0,0,Clear sky,6.4,18.8,51,,Clear,False
2026-04-10,14,63.4,61.0,0.0,0.0,0.0,0.0,0,Clear sky,7.0,19.7,42,,Clear,False
2026-04-10,15,63.4,59.7,0.0,0.0,0.0,0.0,1,Mainly clear,8.5,22.6,42,,Clear,False
2026-04-10,16,60.2,55.1,0.0,0.0,0.0,0.0,1,Mainly clear,9.0,23.5,47,,Clear,False
2026-04-10,17,57.2,51.3,0.0,0.0,0.0,0.0,3,Overcast,8.2,23.7,52,,Cloudy,False
2026-04-10,18,54.8,49.3,0.0,0.0,0.0,0.0,3,Overcast,7.0,21.3,56,,Cloudy,False
2026-04-10,19,52.3,47.3,0.0,0.0,0.0,0.0,2,Partly cloudy,6.1,17.7,62,,Cloudy,False
2026-04-10,20,50.9,45.8,0.0,0.0,0.0,0.0,3,Overcast,6.9,16.3,68,,Cloudy,False
2026-04-10,21,51.8,47.0,0.0,0.0,0.0,0.0,3,Overcast,6.5,16.1,69,,Cloudy,False
2026-04-10,22,53.9,49.1,0.0,0.0,0.0,0.0,3,Overcast,7.1,14.8,66,,Cloudy,False
2026-04-10,23,55.2,50.6,0.0,0.0,0.0,0.0,3,Overcast,7.1,16.1,65,,Cloudy,False
2026-04-11,0,55.3,51.8,0.0,0.0,0.0,0.0,3,Overcast,4.9,14.8,67,,Cloudy,False
2026-04-11,1,54.4,50.7,0.008,0.008,0.0,0.0,51,Light drizzle,5.8,11.6,71,,Drizzle,False
2026-04-11,2,54.8,50.9,0.004,0.004,0.0,0.0,51,Light drizzle,5.9,13.4,68,,Drizzle,False
2026-04-11,3,54.9,51.3,0.0,0.0,0.0,0.0,2,Partly cloudy,5.5,12.3,70,,Cloudy,False
2026-04-11,4,53.4,49.9,0.0,0.0,0.0,0.0,3,Overcast,5.9,11.9,76,,Cloudy,False
2026-04-11,5,55.2,51.1,0.0,0.0,0.0,0.0,0,Clear sky,8.4,18.1,76,,Clear,False
2026-04-11,6,51.9,46.8,0.0,0.0,0.0,0.0,0,Clear sky,8.8,19.0,76,,Clear,False
2026-04-11,7,49.6,43.3,0.0,0.0,0.0,0.0,0,Clear sky,9.7,21.0,72,,Clear,False
2026-04-11,8,50.9,43.8,0.0,0.0,0.0,0.0,0,Clear sky,10.2,21.7,61,,Clear,False
2026-04-11,9,52.5,45.0,0.0,0.0,0.0,0.0,0,Clear sky,10.6,25.3,55,,Clear,False
2026-04-11,10,54.7,46.7,0.0,0.0,0.0,0.0,0,Clear sky,10.4,25.9,45,,Clear,False
2026-04-11,11,56.3,49.4,0.0,0.0,0.0,0.0,0,Clear sky,10.5,26.8,39,,Clear,False
2026-04-11,12,57.3,52.1,0.0,0.0,0.0,0.0,0,Clear sky,10.0,27.1,40,,Clear,False
2026-04-11,13,59.4,54.5,0.0,0.0,0.0,0.0,0,Clear sky,9.8,26.2,36,,Clear,False
2026-04-11,14,61.7,56.8,0.0,0.0,0.0,0.0,0,Clear sky,9.3,26.2,30,,Clear,False
2026-04-11,15,62.8,57.0,0.0,0.0,0.0,0.0,0,Clear sky,9.5,25.3,28,,Clear,False
2026-04-11,16,62.3,55.2,0.0,0.0,0.0,0.0,0,Clear sky,9.7,25.5,28,,Clear,False
2026-04-11,17,62.0,53.7,0.0,0.0,0.0,0.0,0,Clear sky,9.3,24.8,28,,Clear,False
2026-04-11,18,60.7,51.9,0.0,0.0,0.0,0.0,0,Clear sky,10.1,23.7,28,,Clear,False
2026-04-11,19,58.0,49.3,0.0,0.0,0.0,0.0,0,Clear sky,10.0,23.9,30,,Clear,False
2026-04-11,20,57.2,49.1,0.0,0.0,0.0,0.0,0,Clear sky,7.4,22.1,27,,Clear,False
2026-04-11,21,56.0,48.0,0.0,0.0,0.0,0.0,0,Clear sky,7.3,16.3,29,,Clear,False
2026-04-11,22,54.6,46.4,0.0,0.0,0.0,0.0,0,Clear sky,7.8,17.9,31,,Clear,False
2026-04-11,23,52.0,44.5,0.0,0.0,0.0,0.0,0,Clear sky,6.8,17.2,37,,Clear,False
2026-04-12,0,48.7,41.5,0.0,0.0,0.0,0.0,0,Clear sky,7.1,16.6,46,,Clear,False
2026-04-12,1,46.6,39.2,0.0,0.0,0.0,0.0,0,Clear sky,7.1,16.3,49,,Clear,False
2026-04-12,2,46.3,39.2,0.0,0.0,0.0,0.0,0,Clear sky,6.2,16.1,48,,Clear,False
2026-04-12,3,45.2,38.1,0.0,0.0,0.0,0.0,0,Clear sky,6.0,13.6,47,,Clear,False
2026-04-12,4,44.0,36.9,0.0,0.0,0.0,0.0,0,Clear sky,5.5,13.4,48,,Clear,False
2026-04-12,5,42.8,36.1,0.0,0.0,0.0,0.0,0,Clear sky,4.6,12.1,50,,Clear,False
2026-04-12,6,41.5,35.2,0.0,0.0,0.0,0.0,0,Clear sky,4.0,10.1,53,,Clear,False
2026-04-12,7,41.3,35.0,0.0,0.0,0.0,0.0,0,Clear sky,4.0,8.5,55,,Clear,False
2026-04-12,8,43.3,37.2,0.0,0.0,0.0,0.0,0,Clear sky,3.3,10.7,51,,Clear,False
2026-04-12,9,47.0,40.6,0.0,0.0,0.0,0.0,3,Overcast,3.7,12.5,40,,Cloudy,False
2026-04-12,10,50.5,43.8,0.0,0.0,0.0,0.0,0,Clear sky,4.0,14.1,33,,Clear,False
2026-04-12,11,53.9,48.2,0.0,0.0,0.0,0.0,0,Clear sky,5.1,16.8,28,,Clear,False
2026-04-12,12,55.4,49.6,0.0,0.0,0.0,0.0,3,Overcast,7.7,22.1,26,,Cloudy,False
2026-04-12,13,55.8,50.2,0.0,0.0,0.0,0.0,3,Overcast,8.6,24.6,27,,Cloudy,False
2026-04-12,14,55.5,49.8,0.0,0.0,0.0,0.0,3,Overcast,8.9,24.8,30,,Cloudy,False
2026-04-12,15,55.3,48.8,0.0,0.0,0.0,0.0,2,Partly cloudy,9.6,26.2,32,,Cloudy,False
2026-04-12,16,53.8,45.6,0.0,0.0,0.0,0.0,3,Overcast,9.9,26.4,36,,Cloudy,False
2026-04-12,17,52.3,43.7,0.0,0.0,0.0,0.0,2,Partly cloudy,10.2,26.2,41,,Cloudy,False
2026-04-12,18,50.6,42.5,0.0,0.0,0.0,0.0,3,Overcast,9.8,26.2,46,,Cloudy,False
2026-04-12,19,48.7,41.2,0.0,0.0,0.0,0.0,3,Overcast,9.2,23.9,55,,Cloudy,False
2026-04-12,20,47.7,41.2,0.0,0.0,0.0,0.0,3,Overcast,8.2,21.9,66,,Cloudy,False
2026-04-12,21,47.2,41.5,0.0,0.0,0.0,0.0,3,Overcast,7.4,18.3,73,,Cloudy,False
2026-04-12,22,47.2,42.3,0.0,0.0,0.0,0.0,1,Mainly clear,6.1,16.6,77,,Clear,False
2026-04-12,23,46.9,42.8,0.0,0.0,0.0,0.0,3,Overcast,4.7,13.4,80,,Cloudy,False
2026-04-13,0,47.0,43.2,0.0,0.0,0.0,0.0,2,Partly cloudy,4.2,10.7,81,,Cloudy,False
2026-04-13,1,48.7,42.9,0.0,0.0,0.0,0.0,3,Overcast,6.7,16.1,66,,Cloudy,False
2026-04-13,2,49.0,43.3,0.0,0.0,0.0,0.0,2,Partly cloudy,6.5,15.0,63,,Cloudy,False
2026-04-13,3,49.0,43.5,0.0,0.0,0.0,0.0,2,Partly cloudy,6.2,13.9,65,,Cloudy,False
2026-04-13,4,49.2,44.3,0.0,0.0,0.0,0.0,2,Partly cloudy,5.5,13.2,68,,Cloudy,False
2026-04-13,5,49.4,45.0,0.0,0.0,0.0,0.0,3,Overcast,5.2,11.6,73,,Cloudy,False
2026-04-13,6,50.4,46.4,0.0,0.0,0.0,0.0,3,Overcast,5.8,11.9,79,,Cloudy,False
2026-04-13,7,52.3,48.6,0.0,0.0,0.0,0.0,3,Overcast,6.9,14.1,83,,Cloudy,False
2026-04-13,8,55.3,51.5,0.0,0.0,0.0,0.0,3,Overcast,8.8,18.8,81,,Cloudy,False
2026-04-13,9,59.4,56.9,0.0,0.0,0.0,0.0,3,Overcast,6.6,17.4,74,,Cloudy,False
2026-04-13,10,60.6,58.6,0.0,0.0,0.0,0.0,3,Overcast,6.2,16.8,73,,Cloudy,False
2026-04-13,11,67.5,65.5,0.0,0.0,0.0,0.0,3,Overcast,7.8,20.6,60,,Cloudy,False
2026-04-13,12,71.6,69.1,0.0,0.0,0.0,0.0,3,Overcast,9.0,23.0,54,,Cloudy,False
2026-04-13,13,75.0,72.3,0.0,0.0,0.0,0.0,3,Overcast,10.5,25.5,51,,Cloudy,False
2026-04-13,14,75.0,73.2,0.0,0.0,0.0,0.0,3,Overcast,9.4,30.6,53,,Cloudy,False
2026-04-13,15,77.4,74.0,0.0,0.0,0.0,0.0,3,Overcast,12.5,28.2,48,,Cloudy,False
2026-04-13,16,78.2,73.7,0.0,0.0,0.0,0.0,3,Overcast,13.7,32.2,44,,Cloudy,False
2026-04-13,17,78.7,73.1,0.0,0.0,0.0,0.0,2,Partly cloudy,15.7,35.8,41,,Cloudy,False
2026-04-13,18,77.1,72.7,0.0,0.0,0.0,0.0,0,Clear sky,14.6,37.4,48,,Clear,False
2026-04-13,19,75.8,72.4,0.0,0.0,0.0,0.0,0,Clear sky,12.3,32.2,50,,Clear,False
2026-04-13,20,75.6,72.1,0.0,0.0,0.0,0.0,1,Mainly clear,10.8,27.1,46,,Clear,False
2026-04-13,21,73.8,71.6,0.0,0.0,0.0,0.0,2,Partly cloudy,7.4,23.5,49,,Cloudy,False
2026-04-13,22,71.6,69.4,0.0,0.0,0.0,0.0,0,Clear sky,9.1,17.7,56,,Clear,False
2026-04-13,23,68.6,66.6,0.008,0.008,0.0,0.0,51,Light drizzle,9.1,21.0,63,,Drizzle,False
2026-04-14,0,67.7,66.5,0.0,0.0,0.0,0.0,2,Partly cloudy,7.6,19.0,66,,Cloudy,False
2026-04-14,1,67.0,66.0,0.0,0.0,0.0,0.0,3,Overcast,6.9,15.7,67,,Cloudy,False
2026-04-14,2,66.3,65.9,0.0,0.0,0.0,0.0,2,Partly cloudy,5.4,13.9,69,,Cloudy,False
2026-04-14,3,64.6,64.2,0.0,0.0,0.0,0.0,2,Partly cloudy,5.2,10.7,73,,Cloudy,False
2026-04-14,4,63.2,63.3,0.0,0.0,0.0,0.0,0,Clear sky,4.5,10.5,78,,Clear,False
2026-04-14,5,61.9,62.7,0.0,0.0,0.0,0.0,0,Clear sky,3.0,8.9,82,,Clear,False
2026-04-14,6,60.7,62.0,0.0,0.0,0.0,0.0,1,Mainly clear,1.6,6.0,85,,Clear,False
2026-04-14,7,61.3,61.6,0.0,0.0,0.0,0.0,2,Partly cloudy,4.4,7.8,84,,Cloudy,False
2026-04-14,8,65.2,66.2,0.0,0.0,0.0,0.0,0,Clear sky,2.2,8.3,72,,Clear,False
2026-04-14,9,70.7,71.3,0.0,0.0,0.0,0.0,0,Clear sky,2.6,9.4,58,,Clear,False
2026-04-14,10,75.6,75.1,0.0,0.0,0.0,0.0,0,Clear sky,4.7,14.3,49,,Clear,False
2026-04-14,11,79.7,80.5,0.0,0.0,0.0,0.0,1,Mainly clear,5.0,15.7,42,,Clear,False
2026-04-14,12,82.5,83.1,0.0,0.0,0.0,0.0,1,Mainly clear,7.6,23.5,39,,Clear,False
2026-04-14,13,83.8,83.4,0.0,0.0,0.0,0.0,1,Mainly clear,9.4,25.9,37,,Clear,False
2026-04-14,14,85.6,84.5,0.0,0.0,0.0,0.0,2,Partly cloudy,10.7,28.6,33,,Cloudy,False
2026-04-14,15,87.1,85.2,0.0,0.0,0.0,0.0,0,Clear sky,11.2,30.6,31,,Clear,False
2026-04-14,16,86.8,84.9,0.0,0.0,0.0,0.0,1,Mainly clear,8.8,29.5,31,,Clear,False
2026-04-14,17,86.5,82.8,0.0,0.0,0.0,0.0,2,Partly cloudy,10.6,26.2,32,,Cloudy,False
2026-04-14,18,84.6,80.0,0.0,0.0,0.0,0.0,3,Overcast,14.2,32.2,36,,Cloudy,False
2026-04-14,19,82.3,79.2,0.0,0.0,0.0,0.0,2,Partly cloudy,11.8,33.1,40,,Cloudy,False
2026-04-14,20,81.5,79.0,0.0,0.0,0.0,0.0,3,Overcast,9.6,26.6,40,,Cloudy,False
2026-04-14,21,81.3,78.3,0.0,0.0,0.0,0.0,3,Overcast,10.6,23.0,40,,Cloudy,False
2026-04-14,22,77.8,74.7,0.0,0.0,0.0,0.0,3,Overcast,10.4,23.9,44,,Cloudy,False
2026-04-14,23,75.1,73.2,0.0,0.0,0.0,0.0,3,Overcast,7.8,22.8,49,,Cloudy,False
2026-04-15,0,74.3,72.6,0.0,0.0,0.0,0.0,3,Overcast,8.3,17.9,52,,Cloudy,False
2026-04-15,1,72.9,71.9,0.0,0.0,0.0,0.0,3,Overcast,8.3,19.5,59,,Cloudy,False
2026-04-15,2,72.4,73.2,0.0,0.0,0.0,0.0,3,Overcast,5.1,17.4,62,,Cloudy,False
2026-04-15,3,69.7,70.9,0.0,0.0,0.0,0.0,3,Overcast,4.9,11.2,71,,Cloudy,False
2026-04-15,4,67.8,69.2,0.0,0.0,0.0,0.0,3,Overcast,4.8,10.3,77,,Cloudy,False
2026-04-15,5,66.4,68.1,0.0,0.0,0.0,0.0,3,Overcast,4.2,10.1,81,,Cloudy,False
2026-04-15,6,65.6,67.7,0.0,0.0,0.0,0.0,1,Mainly clear,3.1,8.5,83,,Clear,False
2026-04-15,7,65.5,66.8,0.0,0.0,0.0,0.0,0,Clear sky,4.9,10.1,83,,Clear,False
2026-04-15,8,68.6,69.4,0.0,0.0,0.0,0.0,1,Mainly clear,4.1,10.1,68,,Clear,False
2026-04-15,9,72.7,73.6,0.0,0.0,0.0,0.0,3,Overcast,4.1,12.5,60,,Cloudy,False
2026-04-15,10,77.7,78.0,0.0,0.0,0.0,0.0,3,Overcast,5.7,16.3,51,,Cloudy,False
2026-04-15,11,81.1,80.8,0.0,0.0,0.0,0.0,3,Overcast,8.2,21.0,46,,Cloudy,False
2026-04-15,12,83.3,84.2,0.0,0.0,0.0,0.0,3,Overcast,10.1,26.6,45,,Cloudy,False
2026-04-15,13,86.1,87.1,0.0,0.0,0.0,0.0,1,Mainly clear,9.7,26.2,41,,Clear,False
2026-04-15,14,87.8,89.3,0.0,0.0,0.0,0.0,2,Partly cloudy,9.1,29.3,37,,Cloudy,False
2026-04-15,15,89.4,89.8,0.0,0.0,0.0,0.0,3,Overcast,10.3,29.3,36,,Cloudy,False
2026-04-15,16,89.6,88.6,0.0,0.0,0.0,0.0,3,Overcast,9.8,28.9,35,,Cloudy,False
2026-04-15,17,89.4,88.1,0.0,0.0,0.0,0.0,3,Overcast,10.3,26.2,36,,Cloudy,False
2026-04-15,18,89.2,88.3,0.0,0.0,0.0,0.0,3,Overcast,7.9,25.7,35,,Cloudy,False
2026-04-15,19,87.3,85.8,0.008,0.008,0.0,0.0,51,Light drizzle,9.4,24.2,37,,Drizzle,False
2026-04-15,20,84.6,84.9,0.0,0.0,0.0,0.0,3,Overcast,4.7,22.6,40,,Cloudy,False
2026-04-15,21,85.3,84.9,0.004,0.004,0.0,0.0,51,Light drizzle,7.0,14.5,39,,Drizzle,False
2026-04-15,22,81.3,80.7,0.0,0.0,0.0,0.0,3,Overcast,9.4,25.3,48,,Cloudy,False
2026-04-15,23,80.2,81.4,0.0,0.0,0.0,0.0,3,Overcast,5.3,19.9,50,,Cloudy,False
2026-04-16,0,79.1,80.1,0.0,0.0,0.0,0.0,3,Overcast,5.3,11.6,52,,Cloudy,False
2026-04-16,1,75.9,79.4,0.0,0.0,0.0,0.0,3,Overcast,1.0,14.8,60,,Cloudy,False
2026-04-16,2,77.1,80.3,0.0,0.0,0.0,0.0,3,Overcast,1.3,8.1,57,,Cloudy,False
2026-04-16,3,76.6,80.0,0.0,0.0,0.0,0.0,3,Overcast,0.8,3.4,59,,Cloudy,False
2026-04-16,4,74.8,78.2,0.0,0.0,0.0,0.0,3,Overcast,1.4,5.8,63,,Cloudy,False
2026-04-16,5,73.3,76.3,0.0,0.0,0.0,0.0,3,Overcast,1.8,3.8,65,,Cloudy,False
2026-04-16,6,72.1,75.3,0.0,0.0,0.0,0.0,3,Overcast,1.1,4.0,68,,Cloudy,False
2026-04-16,7,72.5,75.0,0.0,0.0,0.0,0.0,2,Partly cloudy,2.1,4.5,65,,Cloudy,False
2026-04-16,8,73.3,76.5,0.0,0.0,0.0,0.0,2,Partly cloudy,2.5,6.5,68,,Cloudy,False
2026-04-16,9,77.4,79.8,0.0,0.0,0.0,0.0,3,Overcast,3.4,10.5,57,,Cloudy,False
2026-04-16,10,80.8,82.3,0.0,0.0,0.0,0.0,2,Partly cloudy,4.7,14.1,50,,Cloudy,False
2026-04-16,11,84.2,86.4,0.0,0.0,0.0,0.0,2,Partly cloudy,5.8,16.8,44,,Cloudy,False
2026-04-16,12,87.1,89.4,0.0,0.0,0.0,0.0,3,Overcast,6.6,19.0,38,,Cloudy,False
2026-04-16,13,89.9,91.3,0.0,0.0,0.0,0.0,3,Overcast,7.7,22.1,32,,Cloudy,False
2026-04-16,14,89.4,89.2,0.0,0.0,0.0,0.0,3,Overcast,8.5,23.5,30,,Cloudy,False
2026-04-16,15,89.2,87.9,0.0,0.0,0.0,0.0,3,Overcast,9.5,24.6,32,,Cloudy,False
2026-04-16,16,85.8,84.0,0.0,0.0,0.0,0.0,2,Partly cloudy,9.2,25.3,37,,Cloudy,False
2026-04-16,17,84.2,82.2,0.0,0.0,0.0,0.0,3,Overcast,8.1,23.5,36,,Cloudy,False
2026-04-16,18,78.8,76.3,0.0,0.0,0.0,0.0,3,Overcast,7.9,21.7,41,,Cloudy,False
2026-04-16,19,75.4,73.8,0.0,0.0,0.0,0.0,3,Overcast,5.3,19.0,44,,Cloudy,False
2026-04-16,20,80.0,78.3,0.0,0.0,0.0,0.0,3,Overcast,7.1,12.5,41,,Cloudy,False
2026-04-16,21,80.2,79.8,0.0,0.0,0.0,0.0,0,Clear sky,4.6,15.4,41,,Clear,False
2026-04-16,22,81.8,81.0,0.0,0.0,0.0,0.0,2,Partly cloudy,6.9,14.3,42,,Cloudy,False
2026-04-16,23,81.3,80.9,0.0,0.0,0.0,0.0,2,Partly cloudy,7.3,16.8,45,,Cloudy,False
2026-04-17,0,76.6,77.5,0.0,0.0,0.0,0.0,3,Overcast,3.9,19.9,52,,Cloudy,False
2026-04-17,1,75.7,74.5,0.0,0.0,0.0,0.0,0,Clear sky,7.8,17.4,52,,Clear,False
2026-04-17,2,74.4,73.1,0.0,0.0,0.0,0.0,3,Overcast,8.6,17.4,55,,Cloudy,False
2026-04-17,3,72.4,73.1,0.0,0.0,0.0,0.0,3,Overcast,4.2,18.8,60,,Cloudy,False
2026-04-17,4,69.9,71.9,0.024,0.024,0.0,0.0,53,Moderate drizzle,2.2,9.2,68,,Drizzle,False
2026-04-17,5,69.1,72.0,0.008,0.008,0.0,0.0,51,Light drizzle,0.9,8.9,72,,Drizzle,False
2026-04-17,6,67.6,70.3,0.0,0.0,0.0,0.0,3,Overcast,2.1,6.3,78,,Cloudy,False
2026-04-17,7,68.6,70.5,0.0,0.0,0.0,0.0,0,Clear sky,4.4,7.8,77,,Clear,False
2026-04-17,8,69.4,69.8,0.0,0.0,0.0,0.0,0,Clear sky,5.7,13.9,69,,Clear,False
2026-04-17,9,71.8,71.8,0.0,0.0,0.0,0.0,0,Clear sky,5.6,15.9,61,,Clear,False
2026-04-17,10,74.6,75.3,0.0,0.0,0.0,0.0,0,Clear sky,3.0,16.6,53,,Clear,False
2026-04-17,11,78.0,79.2,0.0,0.0,0.0,0.0,3,Overcast,3.9,14.1,45,,Cloudy,False
2026-04-17,12,71.3,72.7,0.063,0.063,0.0,0.0,61,Slight rain,6.0,21.5,60,,Rain,True
2026-04-17,13,76.7,77.8,0.0,0.0,0.0,0.0,0,Clear sky,2.7,17.9,46,,Clear,False
2026-04-17,14,79.0,82.0,0.0,0.0,0.0,0.0,1,Mainly clear,1.5,16.3,37,,Clear,False
2026-04-17,15,74.4,71.7,0.02,0.02,0.0,0.0,53,Moderate drizzle,8.9,24.2,46,,Drizzle,False
2026-04-17,16,74.9,75.9,0.016,0.016,0.0,0.0,51,Light drizzle,1.3,22.6,50,,Drizzle,False
2026-04-17,17,76.6,75.7,0.0,0.0,0.0,0.0,0,Clear sky,4.8,14.1,45,,Clear,False
2026-04-17,18,76.4,74.8,0.0,0.0,0.0,0.0,0,Clear sky,6.2,16.8,45,,Clear,False
2026-04-17,19,74.3,71.5,0.0,0.0,0.0,0.0,0,Clear sky,7.6,17.7,45,,Clear,False
2026-04-17,20,70.3,72.4,0.0,0.0,0.0,0.0,0,Clear sky,2.4,16.8,68,,Clear,False
2026-04-17,21,68.3,66.7,0.0,0.0,0.0,0.0,0,Clear sky,8.8,18.8,66,,Clear,False
2026-04-17,22,64.0,63.8,0.0,0.0,0.0,0.0,0,Clear sky,6.4,20.8,79,,Clear,False
2026-04-17,23,63.1,63.5,0.0,0.0,0.0,0.0,0,Clear sky,5.3,13.6,83,,Clear,False
2026-04-18,0,61.3,61.4,0.0,0.0,0.0,0.0,0,Clear sky,5.0,11.6,86,,Clear,False
2026-04-18,1,59.5,59.8,0.0,0.0,0.0,0.0,0,Clear sky,3.4,11.0,86,,Clear,False
2026-04-18,2,57.5,58.0,0.0,0.0,0.0,0.0,1,Mainly clear,2.1,7.2,89,,Clear,False
2026-04-18,3,56.5,56.4,0.0,0.0,0.0,0.0,0,Clear sky,3.0,6.9,91,,Clear,False
2026-04-18,4,55.3,54.7,0.0,0.0,0.0,0.0,0,Clear sky,3.3,8.3,91,,Clear,False
2026-04-18,5,54.1,52.7,0.0,0.0,0.0,0.0,0,Clear sky,4.4,10.7,91,,Clear,False
2026-04-18,6,52.5,51.2,0.0,0.0,0.0,0.0,2,Partly cloudy,3.8,11.0,94,,Cloudy,False
2026-04-18,7,52.1,50.5,0.0,0.0,0.0,0.0,3,Overcast,4.2,10.5,95,,Cloudy,False
2026-04-18,8,53.6,51.8,0.0,0.0,0.0,0.0,1,Mainly clear,4.7,13.6,89,,Clear,False
2026-04-18,9,57.5,55.6,0.0,0.0,0.0,0.0,2,Partly cloudy,4.7,14.3,77,,Cloudy,False
2026-04-18,10,60.9,57.9,0.0,0.0,0.0,0.0,2,Partly cloudy,6.4,18.3,65,,Cloudy,False
2026-04-18,11,64.2,62.9,0.0,0.0,0.0,0.0,0,Clear sky,6.3,19.9,57,,Clear,False
2026-04-18,12,67.0,67.7,0.0,0.0,0.0,0.0,0,Clear sky,4.6,18.8,52,,Clear,False
2026-04-18,13,68.2,68.7,0.0,0.0,0.0,0.0,2,Partly cloudy,5.9,18.8,50,,Cloudy,False
2026-04-18,14,66.1,65.5,0.0,0.0,0.0,0.0,3,Overcast,7.5,21.0,53,,Cloudy,False
2026-04-18,15,65.2,63.5,0.0,0.0,0.0,0.0,2,Partly cloudy,8.6,24.2,55,,Cloudy,False
2026-04-18,16,63.5,60.7,0.0,0.0,0.0,0.0,0,Clear sky,8.6,24.4,58,,Clear,False
2026-04-18,17,60.7,56.3,0.0,0.0,0.0,0.0,0,Clear sky,8.9,23.9,62,,Clear,False
2026-04-18,18,57.7,53.3,0.0,0.0,0.0,0.0,2,Partly cloudy,8.7,23.7,68,,Cloudy,False
2026-04-18,19,54.9,50.4,0.0,0.0,0.0,0.0,3,Overcast,8.7,22.6,75,,Cloudy,False
2026-04-18,20,53.2,48.6,0.0,0.0,0.0,0.0,3,Overcast,8.9,21.7,79,,Cloudy,False
2026-04-18,21,52.4,48.1,0.0,0.0,0.0,0.0,3,Overcast,8.2,21.3,81,,Cloudy,False
2026-04-18,22,51.8,47.1,0.0,0.0,0.0,0.0,3,Overcast,9.0,21.3,82,,Cloudy,False
2026-04-18,23,51.2,47.1,0.0,0.0,0.0,0.0,3,Overcast,7.4,21.5,84,,Cloudy,False
2026-04-19,0,50.9,46.8,0.0,0.0,0.0,0.0,3,Overcast,7.6,18.1,85,,Cloudy,False
2026-04-19,1,50.6,46.9,0.0,0.0,0.0,0.0,3,Overcast,7.0,18.1,87,,Cloudy,False
2026-04-19,2,50.1,47.2,0.0,0.0,0.0,0.0,3,Overcast,4.6,16.6,87,,Cloudy,False
2026-04-19,3,49.7,46.6,0.0,0.0,0.0,0.0,3,Overcast,5.1,12.1,89,,Cloudy,False
2026-04-19,4,49.8,46.5,0.0,0.0,0.0,0.0,3,Overcast,5.8,14.3,89,,Cloudy,False
2026-04-19,5,50.0,47.1,0.0,0.0,0.0,0.0,3,Overcast,5.0,13.9,89,,Cloudy,False
2026-04-19,6,50.2,47.6,0.02,0.02,0.0,0.0,53,Moderate drizzle,4.5,12.3,91,,Drizzle,False
2026-04-19,7,50.6,49.1,0.02,0.02,0.0,0.0,53,Moderate drizzle,2.6,10.1,92,,Drizzle,False
2026-04-19,8,50.5,49.0,0.004,0.004,0.0,0.0,51,Light drizzle,2.1,8.5,89,,Drizzle,False
2026-04-19,9,51.2,48.2,0.22,0.22,0.0,0.0,63,Moderate rain,6.0,13.6,90,,Rain,True
2026-04-19,10,52.7,48.7,0.165,0.165,0.0,0.0,63,Moderate rain,9.1,18.1,89,,Rain,True
2026-04-19,11,49.1,42.3,0.039,0.039,0.0,0.0,55,Dense drizzle,12.1,32.7,80,,Drizzle,False
2026-04-19,12,48.8,42.2,0.016,0.016,0.0,0.0,51,Light drizzle,11.0,25.5,76,,Drizzle,False
2026-04-19,13,47.2,39.7,0.02,0.02,0.0,0.0,53,Moderate drizzle,12.4,28.4,78,,Drizzle,False
2026-04-19,14,45.6,38.8,0.02,0.02,0.0,0.0,53,Moderate drizzle,10.4,28.6,81,,Drizzle,False
2026-04-19,15,44.7,37.9,0.031,0.031,0.0,0.0,53,Moderate drizzle,9.9,24.6,80,,Drizzle,False
2026-04-19,16,43.9,37.5,0.024,0.024,0.0,0.0,53,Moderate drizzle,8.5,22.4,80,,Drizzle,False
2026-04-19,17,45.3,37.1,0.0,0.0,0.0,0.0,3,Overcast,11.8,27.1,68,,Cloudy,False
2026-04-19,18,47.6,39.5,0.0,0.0,0.0,0.0,2,Partly cloudy,10.5,27.5,57,,Cloudy,False
2026-04-19,19,48.0,41.4,0.0,0.0,0.0,0.0,1,Mainly clear,6.5,23.9,53,,Clear,False
2026-04-19,20,48.2,42.3,0.0,0.0,0.0,0.0,0,Clear sky,5.4,14.3,56,,Clear,False
2026-04-19,21,46.8,40.3,0.0,0.0,0.0,0.0,0,Clear sky,6.7,15.0,58,,Clear,False
2026-04-19,22,45.1,39.1,0.0,0.0,0.0,0.0,0,Clear sky,5.6,15.0,63,,Clear,False
2026-04-19,23,43.7,38.2,0.0,0.0,0.0,0.0,0,Clear sky,4.5,12.3,68,,Clear,False
2026-04-20,0,42.3,37.4,0.0,0.0,0.0,0.0,0,Clear sky,3.3,10.1,73,,Clear,False
2026-04-20,1,40.6,36.1,0.0,0.0,0.0,0.0,0,Clear sky,2.3,7.4,78,,Clear,False
2026-04-20,2,39.2,34.7,0.0,0.0,0.0,0.0,0,Clear sky,2.2,4.7,79,,Clear,False
2026-04-20,3,38.3,33.8,0.0,0.0,0.0,0.0,0,Clear sky,2.2,6.0,83,,Clear,False
2026-04-20,4,38.0,33.6,0.0,0.0,0.0,0.0,0,Clear sky,2.4,6.3,86,,Clear,False
2026-04-20,5,37.5,33.1,0.0,0.0,0.0,0.0,0,Clear sky,2.3,6.0,89,,Clear,False
2026-04-20,6,37.1,32.7,0.0,0.0,0.0,0.0,0,Clear sky,2.5,5.8,90,,Clear,False
2026-04-20,7,38.4,33.7,0.0,0.0,0.0,0.0,1,Mainly clear,3.2,7.2,88,,Clear,False
2026-04-20,8,41.3,37.6,0.0,0.0,0.0,0.0,1,Mainly clear,2.0,8.7,87,,Clear,False
2026-04-20,9,44.5,40.0,0.0,0.0,0.0,0.0,2,Partly cloudy,3.8,11.4,76,,Cloudy,False
2026-04-20,10,45.9,40.0,0.012,0.012,0.0,0.0,51,Light drizzle,5.3,15.4,62,,Drizzle,False
2026-04-20,11,47.9,42.4,0.0,0.0,0.0,0.0,2,Partly cloudy,5.0,16.6,55,,Cloudy,False
2026-04-20,12,48.9,42.7,0.004,0.004,0.0,0.0,51,Light drizzle,6.3,18.1,53,,Drizzle,False
2026-04-20,13,49.6,42.0,0.0,0.0,0.0,0.0,3,Overcast,8.1,21.0,45,,Cloudy,False
2026-04-20,14,49.5,40.8,0.004,0.004,0.0,0.0,51,Light drizzle,9.8,21.9,42,,Drizzle,False
2026-04-20,15,50.4,43.4,0.0,0.0,0.0,0.0,1,Mainly clear,9.9,25.7,34,,Clear,False
2026-04-20,16,49.8,41.3,0.0,0.0,0.0,0.0,0,Clear sky,10.7,27.1,35,,Clear,False
2026-04-20,17,49.6,40.2,0.0,0.0,0.0,0.0,0,Clear sky,10.0,26.4,32,,Clear,False
2026-04-20,18,48.1,38.6,0.0,0.0,0.0,0.0,0,Clear sky,9.9,25.7,33,,Clear,False
2026-04-20,19,45.6,36.4,0.0,0.0,0.0,0.0,0,Clear sky,9.3,23.3,37,,Clear,False
2026-04-20,20,43.5,35.1,0.0,0.0,0.0,0.0,0,Clear sky,7.9,21.5,43,,Clear,False
2026-04-20,21,42.2,34.5,0.0,0.0,0.0,0.0,0,Clear sky,6.3,17.7,46,,Clear,False
2026-04-20,22,41.1,33.5,0.0,0.0,0.0,0.0,0,Clear sky,6.2,15.0,49,,Clear,False
2026-04-20,23,39.8,32.6,0.0,0.0,0.0,0.0,0,Clear sky,5.5,15.4,53,,Clear,False
2026-04-21,0,38.9,31.8,0.0,0.0,0.0,0.0,0,Clear sky,5.3,12.5,55,,Clear,False
2026-04-21,1,37.9,30.5,0.0,0.0,0.0,0.0,0,Clear sky,5.9,13.6,56,,Clear,False
2026-04-21,2,36.1,28.4,0.0,0.0,0.0,0.0,0,Clear sky,6.4,13.4,58,,Clear,False
2026-04-21,3,34.7,27.7,0.0,0.0,0.0,0.0,0,Clear sky,4.8,13.9,62,,Clear,False
2026-04-21,4,33.6,27.0,0.0,0.0,0.0,0.0,0,Clear sky,3.8,11.0,65,,Clear,False
2026-04-21,5,32.7,26.3,0.0,0.0,0.0,0.0,0,Clear sky,3.5,8.9,68,,Clear,False
2026-04-21,6,32.0,25.5,0.0,0.0,0.0,0.0,0,Clear sky,3.5,8.5,69,,Clear,False
2026-04-21,7,32.8,26.4,0.0,0.0,0.0,0.0,0,Clear sky,3.3,8.3,68,,Clear,False
2026-04-21,8,36.1,29.7,0.0,0.0,0.0,0.0,0,Clear sky,3.1,10.7,57,,Clear,False
2026-04-21,9,39.3,32.6,0.0,0.0,0.0,0.0,0,Clear sky,3.4,11.6,47,,Clear,False
2026-04-21,10,42.4,36.6,0.0,0.0,0.0,0.0,0,Clear sky,2.2,11.4,40,,Clear,False
2026-04-21,11,44.5,41.5,0.0,0.0,0.0,0.0,0,Clear sky,0.6,10.3,37,,Clear,False
2026-04-21,12,46.3,44.1,0.0,0.0,0.0,0.0,1,Mainly clear,1.6,10.3,34,,Clear,False
2026-04-21,13,47.9,45.9,0.0,0.0,0.0,0.0,1,Mainly clear,2.2,11.4,32,,Clear,False
2026-04-21,14,50.1,47.8,0.0,0.0,0.0,0.0,1,Mainly clear,2.5,11.9,29,,Clear,False
2026-04-21,15,52.0,48.2,0.0,0.0,0.0,0.0,1,Mainly clear,3.7,13.4,28,,Clear,False
2026-04-21,16,52.7,47.1,0.0,0.0,0.0,0.0,3,Overcast,4.3,14.1,25,,Cloudy,False
2026-04-21,17,51.0,42.8,0.0,0.0,0.0,0.0,2,Partly cloudy,6.3,16.8,27,,Cloudy,False
2026-04-21,18,47.0,38.4,0.0,0.0,0.0,0.0,2,Partly cloudy,8.2,20.6,36,,Cloudy,False
2026-04-21,19,45.6,37.4,0.0,0.0,0.0,0.0,2,Partly cloudy,8.0,20.4,43,,Cloudy,False
2026-04-21,20,44.4,36.0,0.0,0.0,0.0,0.0,1,Mainly clear,8.9,19.2,47,,Clear,False
2026-04-21,21,43.5,36.0,0.0,0.0,0.0,0.0,3,Overcast,7.2,20.6,53,,Cloudy,False
2026-04-21,22,44.4,37.5,0.0,0.0,0.0,0.0,3,Overcast,6.6,17.2,57,,Cloudy,False
2026-04-21,23,45.1,38.4,0.0,0.0,0.0,0.0,3,Overcast,6.6,16.8,59,,Cloudy,False
2026-04-22,0,44.1,37.5,0.004,0.004,0.0,0.0,51,Light drizzle,6.5,15.9,63,,Drizzle,False
2026-04-22,1,43.3,38.0,0.0,0.0,0.0,0.0,3,Overcast,4.7,15.7,72,,Cloudy,False
2026-04-22,2,44.3,39.1,0.0,0.0,0.0,0.0,3,Overcast,5.4,10.3,76,,Cloudy,False
2026-04-22,3,45.2,39.9,0.0,0.0,0.0,0.0,3,Overcast,5.8,13.0,74,,Cloudy,False
2026-04-22,4,45.3,39.4,0.0,0.0,0.0,0.0,3,Overcast,7.0,15.7,73,,Cloudy,False
2026-04-22,5,45.0,39.1,0.02,0.02,0.0,0.0,53,Moderate drizzle,7.2,15.9,77,,Drizzle,False
2026-04-22,6,44.9,38.8,0.008,0.008,0.0,0.0,51,Light drizzle,8.3,17.9,81,,Drizzle,False
2026-04-22,7,45.6,40.0,0.0,0.0,0.0,0.0,3,Overcast,7.4,18.1,80,,Cloudy,False
2026-04-22,8,46.2,40.8,0.0,0.0,0.0,0.0,3,Overcast,7.8,16.1,84,,Cloudy,False
2026-04-22,9,47.6,41.1,0.0,0.0,0.0,0.0,3,Overcast,10.2,24.6,78,,Cloudy,False
2026-04-22,10,48.2,41.8,0.008,0.008,0.0,0.0,51,Light drizzle,9.9,23.9,76,,Drizzle,False
2026-04-22,11,49.5,43.4,0.004,0.004,0.0,0.0,51,Light drizzle,9.1,23.5,72,,Drizzle,False
2026-04-22,12,50.5,44.2,0.0,0.0,0.0,0.0,3,Overcast,9.7,23.5,69,,Cloudy,False
2026-04-22,13,52.4,46.8,0.0,0.0,0.0,0.0,2,Partly cloudy,8.6,23.7,67,,Cloudy,False
2026-04-22,14,51.0,47.6,0.0,0.0,0.0,0.0,3,Overcast,7.3,21.9,71,,Cloudy,False
2026-04-22,15,53.8,49.6,0.0,0.0,0.0,0.0,3,Overcast,5.8,19.2,67,,Cloudy,False
2026-04-22,16,53.9,50.7,0.0,0.0,0.0,0.0,3,Overcast,3.7,16.6,68,,Cloudy,False
2026-04-22,17,54.1,51.3,0.0,0.0,0.0,0.0,3,Overcast,3.2,11.9,68,,Cloudy,False
2026-04-22,18,53.9,51.5,0.0,0.0,0.0,0.0,3,Overcast,2.0,10.5,69,,Cloudy,False
2026-04-22,19,53.2,50.4,0.0,0.0,0.0,0.0,1,Mainly clear,3.0,8.7,71,,Clear,False
2026-04-22,20,51.1,48.8,0.0,0.0,0.0,0.0,0,Clear sky,2.4,8.5,80,,Clear,False
2026-04-22,21,49.7,47.3,0.0,0.0,0.0,0.0,0,Clear sky,2.6,6.3,83,,Clear,False
2026-04-22,22,47.5,44.9,0.016,0.016,0.0,0.0,51,Light drizzle,2.3,6.0,87,,Drizzle,False
2026-04-22,23,47.6,44.6,0.126,0.126,0.0,0.0,63,Moderate rain,2.4,8.3,81,,Rain,True
2026-04-23,0,47.1,44.9,0.051,0.051,0.0,0.0,61,Slight rain,0.7,6.9,83,,Rain,True
2026-04-23,1,47.3,44.8,0.004,0.004,0.0,0.0,51,Light drizzle,1.4,3.4,83,,Drizzle,False
2026-04-23,2,47.0,45.1,0.0,0.0,0.0,0.0,0,Clear sky,0.3,2.7,85,,Clear,False
2026-04-23,3,45.5,43.4,0.0,0.0,0.0,0.0,0,Clear sky,0.3,1.3,87,,Clear,False
2026-04-23,4,44.3,41.6,0.0,0.0,0.0,0.0,0,Clear sky,1.7,3.1,90,,Clear,False
2026-04-23,5,44.9,42.2,0.0,0.0,0.0,0.0,0,Clear sky,1.9,3.8,91,,Clear,False
2026-04-23,6,44.5,42.1,0.0,0.0,0.0,0.0,0,Clear sky,1.2,3.4,93,,Clear,False
2026-04-23,7,45.5,42.5,0.0,0.0,0.0,0.0,0,Clear sky,3.4,5.6,94,,Clear,False
2026-04-23,8,47.7,46.0,0.0,0.0,0.0,0.0,0,Clear sky,1.8,7.8,96,,Clear,False
2026-04-23,9,53.6,52.7,0.0,0.0,0.0,0.0,0,Clear sky,1.1,8.1,82,,Clear,False
2026-04-23,10,59.7,59.2,0.0,0.0,0.0,0.0,0,Clear sky,1.5,8.3,67,,Clear,False
2026-04-23,11,64.9,64.6,0.0,0.0,0.0,0.0,1,Mainly clear,4.3,13.0,53,,Clear,False
2026-04-23,12,67.6,65.5,0.0,0.0,0.0,0.0,0,Clear sky,7.0,19.0,38,,Clear,False
2026-04-23,13,69.0,67.0,0.0,0.0,0.0,0.0,2,Partly cloudy,7.8,20.8,36,,Cloudy,False
2026-04-23,14,70.8,67.3,0.0,0.0,0.0,0.0,3,Overcast,9.6,22.1,31,,Cloudy,False
2026-04-23,15,72.1,67.0,0.0,0.0,0.0,0.0,3,Overcast,10.3,25.3,27,,Cloudy,False
2026-04-23,16,72.2,66.2,0.0,0.0,0.0,0.0,2,Partly cloudy,9.4,25.7,26,,Cloudy,False
2026-04-23,17,71.6,64.8,0.0,0.0,0.0,0.0,3,Overcast,8.5,22.8,27,,Cloudy,False
2026-04-23,18,69.6,64.1,0.0,0.0,0.0,0.0,3,Overcast,6.8,20.6,32,,Cloudy,False
2026-04-23,19,68.1,61.7,0.0,0.0,0.0,0.0,1,Mainly clear,7.9,17.4,31,,Clear,False
2026-04-23,20,67.4,61.9,0.0,0.0,0.0,0.0,3,Overcast,6.2,17.2,33,,Cloudy,False
2026-04-23,21,65.5,59.9,0.0,0.0,0.0,0.0,2,Partly cloudy,6.3,13.6,35,,Cloudy,False
2026-04-23,22,63.4,57.9,0.0,0.0,0.0,0.0,3,Overcast,6.2,13.4,38,,Cloudy,False
2026-04-23,23,62.6,56.7,0.0,0.0,0.0,0.0,3,Overcast,6.2,13.9,36,,Cloudy,False
2026-04-24,0,60.4,57.1,0.0,0.0,0.0,0.0,3,Overcast,2.6,13.4,49,,Cloudy,False
2026-04-24,1,59.5,55.7,0.0,0.0,0.0,0.0,3,Overcast,3.0,6.5,48,,Cloudy,False
2026-04-24,2,58.6,55.9,0.0,0.0,0.0,0.0,3,Overcast,2.3,6.3,55,,Cloudy,False
2026-04-24,3,57.8,54.7,0.0,0.0,0.0,0.0,3,Overcast,2.2,4.5,53,,Cloudy,False
2026-04-24,4,56.8,53.7,0.0,0.0,0.0,0.0,3,Overcast,2.3,4.7,56,,Cloudy,False
2026-04-24,5,56.0,52.4,0.0,0.0,0.0,0.0,3,Overcast,2.6,5.1,54,,Cloudy,False
2026-04-24,6,56.0,51.1,0.0,0.0,0.0,0.0,3,Overcast,4.1,8.3,47,,Cloudy,False
2026-04-24,7,56.7,50.4,0.0,0.0,0.0,0.0,3,Overcast,6.5,12.5,43,,Cloudy,False
2026-04-24,8,57.8,52.2,0.0,0.0,0.0,0.0,2,Partly cloudy,6.3,19.0,46,,Cloudy,False
2026-04-24,9,58.4,52.0,0.0,0.0,0.0,0.0,1,Mainly clear,7.1,18.1,41,,Clear,False
2026-04-24,10,59.7,53.0,0.0,0.0,0.0,0.0,2,Partly cloudy,6.7,19.2,33,,Cloudy,False
2026-04-24,11,60.6,54.8,0.0,0.0,0.0,0.0,2,Partly cloudy,7.6,21.5,29,,Cloudy,False
2026-04-24,12,60.5,54.2,0.0,0.0,0.0,0.0,2,Partly cloudy,6.3,21.7,27,,Cloudy,False
2026-04-24,13,63.0,59.0,0.0,0.0,0.0,0.0,1,Mainly clear,5.1,18.3,25,,Clear,False
2026-04-24,14,67.1,63.7,0.0,0.0,0.0,0.0,0,Clear sky,4.8,17.2,22,,Clear,False
2026-04-24,15,69.2,66.8,0.0,0.0,0.0,0.0,1,Mainly clear,2.6,15.0,21,,Clear,False
2026-04-24,16,69.6,65.6,0.0,0.0,0.0,0.0,3,Overcast,1.4,12.1,23,,Cloudy,False
2026-04-24,17,67.6,61.1,0.0,0.0,0.0,0.0,3,Overcast,6.4,18.3,26,,Cloudy,False
2026-04-24,18,62.9,56.4,0.0,0.0,0.0,0.0,1,Mainly clear,7.1,19.0,34,,Clear,False
2026-04-24,19,58.2,52.0,0.0,0.0,0.0,0.0,1,Mainly clear,6.8,19.2,41,,Clear,False
2026-04-24,20,52.8,46.5,0.0,0.0,0.0,0.0,0,Clear sky,7.2,16.8,51,,Clear,False
2026-04-24,21,51.3,46.4,0.0,0.0,0.0,0.0,0,Clear sky,4.4,16.1,58,,Clear,False
2026-04-24,22,50.8,46.2,0.0,0.0,0.0,0.0,2,Partly cloudy,4.6,11.2,63,,Cloudy,False
2026-04-24,23,50.0,45.5,0.0,0.0,0.0,0.0,3,Overcast,4.4,10.7,65,,Cloudy,False
2026-04-25,0,49.0,44.3,0.0,0.0,0.0,0.0,3,Overcast,5.0,12.1,69,,Cloudy,False
2026-04-25,1,48.5,44.1,0.0,0.0,0.0,0.0,3,Overcast,4.6,12.5,72,,Cloudy,False
2026-04-25,2,49.0,44.0,0.0,0.0,0.0,0.0,3,Overcast,5.7,12.1,69,,Cloudy,False
2026-04-25,3,48.5,43.1,0.0,0.0,0.0,0.0,3,Overcast,6.4,15.0,69,,Cloudy,False
2026-04-25,4,47.8,42.4,0.0,0.0,0.0,0.0,3,Overcast,6.3,15.4,69,,Cloudy,False
2026-04-25,5,47.6,41.7,0.0,0.0,0.0,0.0,3,Overcast,6.6,15.7,66,,Cloudy,False
2026-04-25,6,47.2,40.9,0.0,0.0,0.0,0.0,3,Overcast,6.6,15.7,60,,Cloudy,False
2026-04-25,7,47.3,40.9,0.0,0.0,0.0,0.0,3,Overcast,6.3,15.4,57,,Cloudy,False
2026-04-25,8,49.0,42.0,0.0,0.0,0.0,0.0,3,Overcast,7.4,17.4,51,,Cloudy,False
2026-04-25,9,50.2,42.9,0.0,0.0,0.0,0.0,3,Overcast,7.2,19.2,45,,Cloudy,False
2026-04-25,10,48.7,41.0,0.008,0.008,0.0,0.0,51,Light drizzle,8.9,20.8,49,,Drizzle,False
2026-04-25,11,48.1,40.8,0.02,0.02,0.0,0.0,53,Moderate drizzle,8.6,22.4,56,,Drizzle,False
2026-04-25,12,47.6,40.8,0.028,0.028,0.0,0.0,53,Moderate drizzle,7.8,20.8,60,,Drizzle,False
2026-04-25,13,45.1,39.6,0.079,0.079,0.0,0.0,61,Slight rain,6.9,18.8,78,,Rain,True
2026-04-25,14,44.8,38.3,0.02,0.02,0.0,0.0,53,Moderate drizzle,8.7,20.6,77,,Drizzle,False
2026-04-25,15,45.5,39.7,0.039,0.039,0.0,0.0,55,Dense drizzle,6.9,20.4,73,,Drizzle,False
2026-04-25,16,43.5,38.1,0.094,0.094,0.0,0.0,61,Slight rain,7.4,16.3,88,,Rain,True
2026-04-25,17,43.1,37.3,0.122,0.122,0.0,0.0,63,Moderate rain,8.2,17.4,90,,Rain,True
2026-04-25,18,43.1,37.3,0.087,0.087,0.0,0.0,61,Slight rain,8.3,18.1,91,,Rain,True
2026-04-25,19,42.8,37.4,0.094,0.094,0.0,0.0,61,Slight rain,7.4,17.2,92,,Rain,True
2026-04-25,20,42.7,37.9,0.091,0.091,0.0,0.0,61,Slight rain,5.5,16.3,89,,Rain,True
2026-04-25,21,42.6,38.0,0.122,0.122,0.0,0.0,63,Moderate rain,5.5,12.1,92,,Rain,True
2026-04-25,22,42.5,37.7,0.071,0.071,0.0,0.0,61,Slight rain,6.0,13.0,93,,Rain,True
2026-04-25,23,42.4,37.2,0.067,0.067,0.0,0.0,61,Slight rain,6.7,13.9,93,,Rain,True
2026-04-26,0,42.4,37.2,0.059,0.059,0.0,0.0,61,Slight rain,6.5,15.0,92,,Rain,True
2026-04-26,1,42.2,37.0,0.031,0.031,0.0,0.0,53,Moderate drizzle,6.6,13.9,92,,Drizzle,False
2026-04-26,2,41.5,36.4,0.059,0.059,0.0,0.0,61,Slight rain,6.4,15.4,96,,Rain,True
2026-04-26,3,41.7,36.2,0.051,0.051,0.0,0.0,61,Slight rain,7.4,15.9,93,,Rain,True
2026-04-26,4,41.9,36.4,0.008,0.008,0.0,0.0,51,Light drizzle,7.5,16.6,94,,Drizzle,False
2026-04-26,5,42.1,36.6,0.004,0.004,0.0,0.0,51,Light drizzle,7.4,16.3,94,,Drizzle,False
2026-04-26,6,42.3,37.2,0.0,0.0,0.0,0.0,3,Overcast,6.5,15.4,93,,Cloudy,False
2026-04-26,7,42.6,37.3,0.0,0.0,0.0,0.0,3,Overcast,6.9,15.7,89,,Cloudy,False
2026-04-26,8,43.3,37.8,0.0,0.0,0.0,0.0,3,Overcast,7.5,17.4,89,,Cloudy,False
2026-04-26,9,44.1,37.9,0.004,0.004,0.0,0.0,51,Light drizzle,8.8,19.7,85,,Drizzle,False
2026-04-26,10,45.1,39.1,0.0,0.0,0.0,0.0,3,Overcast,8.4,20.8,80,,Cloudy,False
2026-04-26,11,46.9,41.4,0.0,0.0,0.0,0.0,3,Overcast,7.0,21.5,74,,Cloudy,False
2026-04-26,12,51.2,44.5,0.0,0.0,0.0,0.0,3,Overcast,9.7,25.3,63,,Cloudy,False
2026-04-26,13,52.9,47.0,0.0,0.0,0.0,0.0,3,Overcast,8.4,23.9,62,,Cloudy,False
2026-04-26,14,54.7,49.2,0.0,0.0,0.0,0.0,2,Partly cloudy,8.0,20.8,60,,Cloudy,False
2026-04-26,15,55.6,51.9,0.0,0.0,0.0,0.0,1,Mainly clear,6.5,20.6,60,,Clear,False
2026-04-26,16,55.0,50.8,0.0,0.0,0.0,0.0,1,Mainly clear,5.3,18.1,61,,Clear,False
2026-04-26,17,55.4,51.1,0.0,0.0,0.0,0.0,0,Clear sky,5.3,15.2,59,,Clear,False
2026-04-26,18,55.8,51.3,0.0,0.0,0.0,0.0,0,Clear sky,5.3,14.3,57,,Clear,False
2026-04-26,19,54.9,51.9,0.0,0.0,0.0,0.0,0,Clear sky,2.5,13.2,63,,Clear,False
2026-04-26,20,50.9,46.9,0.0,0.0,0.0,0.0,0,Clear sky,5.3,7.2,75,,Clear,False
2026-04-26,21,48.0,44.3,0.0,0.0,0.0,0.0,0,Clear sky,4.4,12.1,81,,Clear,False
2026-04-26,22,46.4,43.4,0.0,0.0,0.0,0.0,0,Clear sky,2.4,9.6,85,,Clear,False
2026-04-26,23,45.4,42.4,0.0,0.0,0.0,0.0,0,Clear sky,2.3,5.6,87,,Clear,False
2026-04-27,0,45.5,42.1,0.0,0.0,0.0,0.0,0,Clear sky,3.1,6.7,86,,Clear,False
2026-04-27,1,45.2,41.7,0.0,0.0,0.0,0.0,0,Clear sky,3.4,7.8,86,,Clear,False
2026-04-27,2,43.6,40.1,0.0,0.0,0.0,0.0,0,Clear sky,2.8,7.2,88,,Clear,False
2026-04-27,3,43.7,40.0,0.0,0.0,0.0,0.0,0,Clear sky,2.9,6.3,86,,Clear,False
2026-04-27,4,43.3,39.2,0.0,0.0,0.0,0.0,0,Clear sky,3.8,8.1,86,,Clear,False
2026-04-27,5,43.3,39.2,0.0,0.0,0.0,0.0,0,Clear sky,3.8,8.5,87,,Clear,False
2026-04-27,6,42.4,38.6,0.0,0.0,0.0,0.0,0,Clear sky,2.8,7.8,88,,Clear,False
2026-04-27,7,44.6,40.9,0.0,0.0,0.0,0.0,0,Clear sky,3.4,6.5,86,,Clear,False
2026-04-27,8,47.5,44.5,0.0,0.0,0.0,0.0,0,Clear sky,2.5,8.7,82,,Clear,False
2026-04-27,9,51.6,49.2,0.0,0.0,0.0,0.0,0,Clear sky,2.1,8.7,76,,Clear,False
2026-04-27,10,56.1,54.6,0.0,0.0,0.0,0.0,0,Clear sky,2.4,10.3,68,,Clear,False
2026-04-27,11,59.8,59.2,0.0,0.0,0.0,0.0,0,Clear sky,3.5,12.3,56,,Clear,False
2026-04-27,12,61.8,61.2,0.0,0.0,0.0,0.0,0,Clear sky,4.7,15.2,48,,Clear,False
2026-04-27,13,63.4,63.4,0.0,0.0,0.0,0.0,0,Clear sky,4.6,15.2,45,,Clear,False
2026-04-27,14,65.5,65.2,0.0,0.0,0.0,0.0,0,Clear sky,4.3,16.1,39,,Clear,False
2026-04-27,15,66.7,65.2,0.0,0.0,0.0,0.0,0,Clear sky,5.0,15.2,36,,Clear,False
2026-04-27,16,66.9,64.5,0.0,0.0,0.0,0.0,0,Clear sky,4.1,15.2,36,,Clear,False
2026-04-27,17,65.4,61.5,0.0,0.0,0.0,0.0,0,Clear sky,4.6,13.4,41,,Clear,False
2026-04-27,18,61.5,57.1,0.0,0.0,0.0,0.0,0,Clear sky,6.4,16.1,51,,Clear,False
2026-04-27,19,57.3,52.6,0.0,0.0,0.0,0.0,0,Clear sky,5.3,16.1,52,,Clear,False
2026-04-27,20,54.1,48.8,0.0,0.0,0.0,0.0,0,Clear sky,6.2,12.8,55,,Clear,False
2026-04-27,21,52.5,47.2,0.0,0.0,0.0,0.0,0,Clear sky,6.1,13.2,59,,Clear,False
2026-04-27,22,51.4,46.6,0.0,0.0,0.0,0.0,0,Clear sky,5.0,13.0,60,,Clear,False
2026-04-27,23,50.2,46.2,0.0,0.0,0.0,0.0,0,Clear sky,3.2,10.5,65,,Clear,False
2026-04-28,0,49.0,45.6,0.0,0.0,0.0,0.0,0,Clear sky,2.2,6.7,69,,Clear,False
2026-04-28,1,48.2,44.4,0.0,0.0,0.0,0.0,0,Clear sky,2.8,5.1,70,,Clear,False
2026-04-28,2,48.9,44.2,0.0,0.0,0.0,0.0,0,Clear sky,4.4,7.8,65,,Clear,False
2026-04-28,3,47.7,43.6,0.0,0.0,0.0,0.0,1,Mainly clear,3.1,9.6,70,,Clear,False
2026-04-28,4,46.7,42.6,0.0,0.0,0.0,0.0,1,Mainly clear,3.0,6.5,72,,Clear,False
2026-04-28,5,45.5,41.5,0.0,0.0,0.0,0.0,0,Clear sky,2.8,6.7,74,,Clear,False
2026-04-28,6,45.1,41.4,0.0,0.0,0.0,0.0,0,Clear sky,1.8,6.0,74,,Clear,False
2026-04-28,7,47.6,44.7,0.0,0.0,0.0,0.0,0,Clear sky,0.8,3.1,73,,Clear,False
2026-04-28,8,50.8,47.6,0.0,0.0,0.0,0.0,2,Partly cloudy,1.3,4.3,63,,Cloudy,False
2026-04-28,9,55.0,51.8,0.0,0.0,0.0,0.0,3,Overcast,1.5,7.6,55,,Cloudy,False
2026-04-28,10,58.6,55.5,0.0,0.0,0.0,0.0,3,Overcast,2.6,10.3,49,,Cloudy,False
2026-04-28,11,61.2,58.5,0.0,0.0,0.0,0.0,3,Overcast,4.0,13.2,44,,Cloudy,False
2026-04-28,12,62.5,59.3,0.0,0.0,0.0,0.0,3,Overcast,4.6,14.8,42,,Cloudy,False
2026-04-28,13,64.1,61.9,0.0,0.0,0.0,0.0,3,Overcast,4.5,14.5,40,,Cloudy,False
2026-04-28,14,64.4,59.9,0.0,0.0,0.0,0.0,3,Overcast,5.0,14.5,37,,Cloudy,False
2026-04-28,15,62.9,57.9,0.0,0.0,0.0,0.0,3,Overcast,5.4,14.8,40,,Cloudy,False
2026-04-28,16,59.0,53.8,0.0,0.0,0.0,0.0,3,Overcast,5.7,15.0,46,,Cloudy,False
2026-04-28,17,58.1,53.3,0.0,0.0,0.0,0.0,3,Overcast,4.6,13.6,47,,Cloudy,False
2026-04-28,18,57.5,52.7,0.0,0.0,0.0,0.0,3,Overcast,4.7,11.4,48,,Cloudy,False
2026-04-28,19,55.9,51.0,0.0,0.0,0.0,0.0,3,Overcast,4.7,11.2,51,,Cloudy,False
2026-04-28,20,55.0,50.0,0.0,0.0,0.0,0.0,3,Overcast,5.3,10.5,53,,Cloudy,False
2026-04-28,21,54.2,49.3,0.0,0.0,0.0,0.0,3,Overcast,5.2,11.2,54,,Cloudy,False
2026-04-28,22,54.0,49.2,0.0,0.0,0.0,0.0,3,Overcast,4.7,11.2,55,,Cloudy,False
2026-04-28,23,53.0,48.3,0.0,0.0,0.0,0.0,3,Overcast,5.0,10.7,59,,Cloudy,False
2026-04-29,0,51.8,47.3,0.0,0.0,0.0,0.0,3,Overcast,5.1,11.2,65,,Cloudy,False
2026-04-29,1,50.9,46.8,0.0,0.0,0.0,0.0,3,Overcast,4.6,11.2,69,,Cloudy,False
2026-04-29,2,51.3,47.1,0.0,0.0,0.0,0.0,3,Overcast,4.3,10.1,66,,Cloudy,False
2026-04-29,3,51.2,47.8,0.0,0.0,0.0,0.0,3,Overcast,2.8,8.7,69,,Cloudy,False
2026-04-29,4,51.1,47.5,0.0,0.0,0.0,0.0,3,Overcast,3.2,7.2,69,,Cloudy,False
2026-04-29,5,50.9,47.7,0.0,0.0,0.0,0.0,2,Partly cloudy,2.6,7.4,70,,Cloudy,False
2026-04-29,6,50.4,47.8,0.0,0.0,0.0,0.0,3,Overcast,1.6,5.6,74,,Cloudy,False
2026-04-29,7,50.9,47.4,0.0,0.0,0.0,0.0,3,Overcast,3.1,6.5,69,,Cloudy,False
2026-04-29,8,52.6,49.2,0.0,0.0,0.0,0.0,3,Overcast,3.1,9.2,66,,Cloudy,False
2026-04-29,9,55.9,52.6,0.0,0.0,0.0,0.0,3,Overcast,2.1,10.7,55,,Cloudy,False
2026-04-29,10,58.9,55.9,0.0,0.0,0.0,0.0,3,Overcast,2.5,10.7,49,,Cloudy,False
2026-04-29,11,60.8,57.3,0.0,0.0,0.0,0.0,3,Overcast,4.5,14.5,47,,Cloudy,False
2026-04-29,12,62.9,60.6,0.0,0.0,0.0,0.0,3,Overcast,6.2,18.8,44,,Cloudy,False
2026-04-29,13,62.3,58.8,0.0,0.0,0.0,0.0,3,Overcast,7.7,21.5,43,,Cloudy,False
2026-04-29,14,60.1,56.6,0.0,0.0,0.0,0.0,3,Overcast,8.6,25.1,48,,Cloudy,False
2026-04-29,15,58.4,52.2,0.0,0.0,0.0,0.0,3,Overcast,9.1,24.2,51,,Cloudy,False
2026-04-29,16,56.8,50.7,0.0,0.0,0.0,0.0,3,Overcast,8.8,23.7,53,,Cloudy,False
2026-04-29,17,55.4,49.9,0.0,0.0,0.0,0.0,3,Overcast,7.9,22.6,58,,Cloudy,False
2026-04-29,18,53.9,48.9,0.0,0.0,0.0,0.0,3,Overcast,7.1,20.1,64,,Cloudy,False
2026-04-29,19,52.4,47.9,0.0,0.0,0.0,0.0,3,Overcast,6.5,17.4,70,,Cloudy,False
2026-04-29,20,51.1,47.4,0.043,0.043,0.0,0.0,55,Dense drizzle,6.0,16.3,81,,Drizzle,False
2026-04-29,21,50.2,47.2,0.0,0.0,0.0,0.0,3,Overcast,4.7,13.4,86,,Cloudy,False
2026-04-29,22,49.8,47.5,0.016,0.016,0.0,0.0,51,Light drizzle,3.1,11.0,87,,Drizzle,False
2026-04-29,23,49.3,46.7,0.043,0.043,0.0,0.0,55,Dense drizzle,4.5,9.8,94,,Drizzle,False
2026-04-30,0,48.9,47.0,0.11,0.11,0.0,0.0,63,Moderate rain,3.2,10.7,96,,Rain,True
2026-04-30,1,48.6,46.2,0.094,0.094,0.0,0.0,61,Slight rain,4.3,12.1,98,,Rain,True
2026-04-30,2,47.9,45.5,0.024,0.024,0.0,0.0,53,Moderate drizzle,4.0,11.0,97,,Drizzle,False
2026-04-30,3,47.8,45.3,0.079,0.079,0.0,0.0,61,Slight rain,4.1,11.4,98,,Rain,True
2026-04-30,4,47.8,45.4,0.004,0.004,0.0,0.0,51,Light drizzle,3.8,8.5,96,,Drizzle,False
2026-04-30,5,47.9,45.5,0.0,0.0,0.0,0.0,3,Overcast,3.7,8.5,95,,Cloudy,False
2026-04-30,6,48.1,45.7,0.0,0.0,0.0,0.0,3,Overcast,3.6,8.5,94,,Cloudy,False
2026-04-30,7,48.7,46.4,0.004,0.004,0.0,0.0,51,Light drizzle,3.3,8.3,93,,Drizzle,False
2026-04-30,8,48.8,47.0,0.0,0.0,0.0,0.0,3,Overcast,1.9,7.8,90,,Cloudy,False
2026-04-30,9,50.3,48.4,0.004,0.004,0.0,0.0,51,Light drizzle,2.0,7.2,86,,Drizzle,False
2026-04-30,10,51.6,49.7,0.004,0.004,0.0,0.0,51,Light drizzle,2.6,8.5,83,,Drizzle,False
2026-04-30,11,53.9,51.6,0.0,0.0,0.0,0.0,3,Overcast,3.6,11.2,78,,Cloudy,False
2026-04-30,12,55.7,53.2,0.0,0.0,0.0,0.0,3,Overcast,4.4,12.5,75,,Cloudy,False
2026-04-30,13,56.4,53.5,0.0,0.0,0.0,0.0,3,Overcast,5.6,14.5,73,,Cloudy,False
2026-04-30,14,56.8,54.5,0.0,0.0,0.0,0.0,3,Overcast,4.2,14.3,73,,Cloudy,False
2026-04-30,15,57.3,55.1,0.0,0.0,0.0,0.0,2,Partly cloudy,4.4,13.2,73,,Cloudy,False
2026-04-30,16,59.1,56.3,0.0,0.0,0.0,0.0,1,Mainly clear,5.6,17.0,67,,Clear,False
2026-04-30,17,59.7,56.5,0.0,0.0,0.0,0.0,2,Partly cloudy,5.5,16.6,61,,Cloudy,False
2026-04-30,18,59.8,56.3,0.0,0.0,0.0,0.0,1,Mainly clear,5.4,15.7,59,,Clear,False
2026-04-30,19,59.0,56.3,0.0,0.0,0.0,0.0,1,Mainly clear,3.8,14.8,61,,Clear,False
2026-04-30,20,56.6,53.4,0.0,0.0,0.0,0.0,0,Clear sky,4.1,9.6,64,,Clear,False
2026-04-30,21,54.7,50.9,0.0,0.0,0.0,0.0,2,Partly cloudy,5.1,10.1,66,,Cloudy,False
2026-04-30,22,54.1,49.2,0.0,0.0,0.0,0.0,3,Overcast,7.0,15.4,63,,Cloudy,False
2026-04-30,23,53.2,48.0,0.0,0.0,0.0,0.0,3,Overcast,7.1,15.4,62,,Cloudy,False
2026-05-01,0,52.1,46.2,0.0,0.0,0.0,0.0,3,Overcast,7.9,17.2,62,,Cloudy,False
2026-05-01,1,50.5,44.4,0.0,0.0,0.0,0.0,1,Mainly clear,7.9,17.9,62,,Clear,False
2026-05-01,2,49.8,43.5,0.0,0.0,0.0,0.0,0,Clear sky,7.9,17.7,61,,Clear,False
2026-05-01,3,47.8,41.7,0.0,0.0,0.0,0.0,0,Clear sky,7.0,17.4,63,,Clear,False
2026-05-01,4,46.5,40.5,0.0,0.0,0.0,0.0,0,Clear sky,6.6,15.4,65,,Clear,False
2026-05-01,5,45.2,39.2,0.0,0.0,0.0,0.0,0,Clear sky,6.3,14.3,67,,Clear,False
2026-05-01,6,44.1,38.2,0.0,0.0,0.0,0.0,0,Clear sky,5.8,13.9,70,,Clear,False
2026-05-01,7,44.9,39.1,0.0,0.0,0.0,0.0,0,Clear sky,5.9,13.9,69,,Clear,False
2026-05-01,8,47.7,42.0,0.0,0.0,0.0,0.0,0,Clear sky,6.1,15.0,65,,Clear,False
2026-05-01,9,50.5,45.1,0.0,0.0,0.0,0.0,0,Clear sky,5.8,15.9,60,,Clear,False
2026-05-01,10,53.0,48.2,0.0,0.0,0.0,0.0,0,Clear sky,5.4,16.8,51,,Clear,False
2026-05-01,11,55.1,52.5,0.0,0.0,0.0,0.0,0,Clear sky,4.2,15.9,46,,Clear,False
2026-05-01,12,57.2,56.0,0.0,0.0,0.0,0.0,0,Clear sky,3.8,14.1,43,,Clear,False
2026-05-01,13,59.6,57.6,0.0,0.0,0.0,0.0,2,Partly cloudy,5.9,16.3,38,,Cloudy,False
2026-05-01,14,62.0,57.5,0.0,0.0,0.0,0.0,3,Overcast,6.5,19.0,35,,Cloudy,False
2026-05-01,15,62.3,56.9,0.0,0.0,0.0,0.0,2,Partly cloudy,6.7,18.3,35,,Cloudy,False
2026-05-01,16,64.9,59.2,0.0,0.0,0.0,0.0,2,Partly cloudy,7.7,19.7,32,,Cloudy,False
2026-05-01,17,63.1,57.3,0.0,0.0,0.0,0.0,3,Overcast,5.7,19.5,35,,Cloudy,False
2026-05-01,18,56.9,50.9,0.0,0.0,0.0,0.0,2,Partly cloudy,9.7,22.8,57,,Cloudy,False
2026-05-01,19,53.8,49.3,0.0,0.0,0.0,0.0,0,Clear sky,6.9,22.4,69,,Clear,False
2026-05-01,20,52.2,47.8,0.0,0.0,0.0,0.0,2,Partly cloudy,7.2,15.7,76,,Cloudy,False
2026-05-01,21,51.9,48.2,0.0,0.0,0.0,0.0,0,Clear sky,5.6,15.0,77,,Clear,False
2026-05-01,22,51.0,47.7,0.0,0.0,0.0,0.0,1,Mainly clear,4.8,12.1,79,,Clear,False
2026-05-01,23,51.7,48.2,0.0,0.0,0.0,0.0,0,Clear sky,4.7,10.1,75,,Clear,False
2026-05-02,0,52.0,47.7,0.0,0.0,0.0,0.0,3,Overcast,5.6,11.2,70,,Cloudy,False
2026-05-02,1,51.9,46.8,0.004,0.004,0.0,0.0,51,Light drizzle,7.2,16.3,69,,Drizzle,False
2026-05-02,2,51.2,48.0,0.051,0.051,0.0,0.0,61,Slight rain,3.8,15.0,76,,Rain,True
2026-05-02,3,50.2,46.7,0.0,0.0,0.0,0.0,1,Mainly clear,5.3,10.7,83,,Clear,False
2026-05-02,4,48.2,45.4,0.016,0.016,0.0,0.0,51,Light drizzle,3.7,10.5,88,,Drizzle,False
2026-05-02,5,48.7,45.4,0.004,0.004,0.0,0.0,51,Light drizzle,5.1,11.4,89,,Drizzle,False
2026-05-02,6,49.1,46.0,0.016,0.016,0.0,0.0,51,Light drizzle,4.9,11.0,89,,Drizzle,False
2026-05-02,7,49.2,46.4,0.0,0.0,0.0,0.0,2,Partly cloudy,4.2,8.9,89,,Cloudy,False
2026-05-02,8,51.2,48.6,0.0,0.0,0.0,0.0,3,Overcast,3.4,11.9,81,,Cloudy,False
2026-05-02,9,53.2,50.0,0.0,0.0,0.0,0.0,3,Overcast,5.2,13.9,76,,Cloudy,False
2026-05-02,10,53.7,49.9,0.004,0.004,0.0,0.0,51,Light drizzle,5.7,16.3,71,,Drizzle,False
2026-05-02,11,53.4,49.7,0.0,0.0,0.0,0.0,3,Overcast,4.7,15.9,69,,Cloudy,False
2026-05-02,12,55.6,51.8,0.004,0.004,0.0,0.0,51,Light drizzle,4.4,14.3,61,,Drizzle,False
2026-05-02,13,57.9,55.4,0.0,0.0,0.0,0.0,3,Overcast,4.8,15.0,52,,Cloudy,False
2026-05-02,14,58.1,53.9,0.0,0.0,0.0,0.0,3,Overcast,4.5,16.1,47,,Cloudy,False
2026-05-02,15,59.3,54.6,0.0,0.0,0.0,0.0,3,Overcast,5.6,16.3,43,,Cloudy,False
2026-05-02,16,59.1,53.1,0.0,0.0,0.0,0.0,3,Overcast,6.1,16.8,40,,Cloudy,False
2026-05-02,17,58.5,52.3,0.0,0.0,0.0,0.0,3,Overcast,6.2,16.6,39,,Cloudy,False
2026-05-02,18,58.2,51.7,0.0,0.0,0.0,0.0,2,Partly cloudy,6.5,16.6,37,,Cloudy,False
2026-05-02,19,56.4,50.2,0.0,0.0,0.0,0.0,3,Overcast,6.0,17.9,41,,Cloudy,False
2026-05-02,20,55.9,49.6,0.0,0.0,0.0,0.0,3,Overcast,6.1,14.5,42,,Cloudy,False
2026-05-02,21,53.9,47.4,0.0,0.0,0.0,0.0,3,Overcast,7.0,15.2,46,,Cloudy,False
2026-05-02,22,52.1,44.8,0.0,0.0,0.0,0.0,3,Overcast,8.3,18.6,47,,Cloudy,False
2026-05-02,23,50.5,44.0,0.0,0.0,0.0,0.0,3,Overcast,6.4,18.3,49,,Cloudy,False
2026-05-03,0,49.5,43.1,0.0,0.0,0.0,0.0,3,Overcast,6.1,14.1,52,,Cloudy,False
2026-05-03,1,48.4,41.8,0.0,0.0,0.0,0.0,3,Overcast,6.5,15.0,54,,Cloudy,False
2026-05-03,2,48.7,42.3,0.0,0.0,0.0,0.0,3,Overcast,6.8,15.0,56,,Cloudy,False
2026-05-03,3,48.0,41.9,0.0,0.0,0.0,0.0,3,Overcast,6.1,14.8,58,,Cloudy,False
2026-05-03,4,47.0,40.3,0.0,0.0,0.0,0.0,2,Partly cloudy,7.3,16.6,58,,Cloudy,False
2026-05-03,5,45.4,38.1,0.0,0.0,0.0,0.0,1,Mainly clear,7.7,17.4,55,,Clear,False
2026-05-03,6,43.5,36.6,0.0,0.0,0.0,0.0,3,Overcast,6.5,17.4,58,,Cloudy,False
2026-05-03,7,44.0,37.1,0.0,0.0,0.0,0.0,3,Overcast,6.6,15.7,57,,Cloudy,False
2026-05-03,8,44.9,37.5,0.0,0.0,0.0,0.0,2,Partly cloudy,7.8,20.1,56,,Cloudy,False
2026-05-03,9,47.5,39.3,0.0,0.0,0.0,0.0,0,Clear sky,9.5,22.8,50,,Clear,False
2026-05-03,10,50.4,42.1,0.0,0.0,0.0,0.0,0,Clear sky,10.8,26.8,42,,Clear,False
2026-05-03,11,52.6,44.7,0.0,0.0,0.0,0.0,2,Partly cloudy,12.5,30.2,36,,Cloudy,False
2026-05-03,12,52.0,41.5,0.0,0.0,0.0,0.0,3,Overcast,13.6,32.7,36,,Cloudy,False
2026-05-03,13,52.8,42.6,0.0,0.0,0.0,0.0,3,Overcast,14.2,33.8,35,,Cloudy,False
2026-05-03,14,55.1,45.5,0.0,0.0,0.0,0.0,3,Overcast,14.3,36.0,31,,Cloudy,False
2026-05-03,15,55.9,45.5,0.0,0.0,0.0,0.0,3,Overcast,14.3,34.2,30,,Cloudy,False
2026-05-03,16,57.1,46.3,0.0,0.0,0.0,0.0,3,Overcast,14.5,34.4,28,,Cloudy,False
2026-05-03,17,57.4,46.5,0.0,0.0,0.0,0.0,2,Partly cloudy,14.3,34.4,28,,Cloudy,False
2026-05-03,18,57.7,46.8,0.0,0.0,0.0,0.0,2,Partly cloudy,14.5,33.6,28,,Cloudy,False
2026-05-03,19,56.8,49.2,0.0,0.0,0.0,0.0,1,Mainly clear,7.1,32.4,32,,Clear,False
2026-05-03,20,54.1,50.0,0.0,0.0,0.0,0.0,0,Clear sky,2.2,15.7,50,,Clear,False
2026-05-03,21,52.6,48.2,0.0,0.0,0.0,0.0,0,Clear sky,2.8,5.1,52,,Clear,False
2026-05-03,22,51.1,46.7,0.0,0.0,0.0,0.0,0,Clear sky,3.2,7.4,57,,Clear,False
2026-05-03,23,50.9,45.4,0.0,0.0,0.0,0.0,0,Clear sky,5.1,10.7,54,,Clear,False
2026-05-04,0,50.8,44.1,0.0,0.0,0.0,0.0,0,Clear sky,7.3,15.2,50,,Clear,False
2026-05-04,1,50.5,43.3,0.0,0.0,0.0,0.0,0,Clear sky,8.0,16.8,50,,Clear,False
2026-05-04,2,49.8,42.5,0.0,0.0,0.0,0.0,0,Clear sky,8.6,18.3,52,,Clear,False
2026-05-04,3,49.2,42.1,0.0,0.0,0.0,0.0,0,Clear sky,8.2,18.3,53,,Clear,False
2026-05-04,4,48.3,41.4,0.0,0.0,0.0,0.0,0,Clear sky,7.7,17.2,56,,Clear,False
2026-05-04,5,47.3,40.4,0.0,0.0,0.0,0.0,0,Clear sky,7.7,16.6,58,,Clear,False
2026-05-04,6,46.8,39.9,0.0,0.0,0.0,0.0,0,Clear sky,7.5,16.1,59,,Clear,False
2026-05-04,7,48.3,41.4,0.0,0.0,0.0,0.0,0,Clear sky,8.0,17.0,57,,Clear,False
2026-05-04,8,52.3,46.1,0.0,0.0,0.0,0.0,0,Clear sky,6.6,17.2,51,,Clear,False
2026-05-04,9,56.6,50.3,0.0,0.0,0.0,0.0,0,Clear sky,7.1,18.3,45,,Clear,False
2026-05-04,10,61.0,55.6,0.0,0.0,0.0,0.0,0,Clear sky,7.3,19.5,40,,Clear,False
2026-05-04,11,65.0,59.4,0.0,0.0,0.0,0.0,0,Clear sky,9.7,24.8,30,,Clear,False
2026-05-04,12,67.6,62.7,0.0,0.0,0.0,0.0,0,Clear sky,10.1,26.2,27,,Clear,False
2026-05-04,13,70.8,64.8,0.0,0.0,0.0,0.0,2,Partly cloudy,13.2,32.0,24,,Cloudy,False
2026-05-04,14,71.8,62.6,0.0,0.0,0.0,0.0,2,Partly cloudy,12.9,32.4,24,,Cloudy,False
2026-05-04,15,74.1,64.7,0.0,0.0,0.0,0.0,2,Partly cloudy,13.6,31.3,20,,Cloudy,False
2026-05-04,16,73.0,64.7,0.0,0.0,0.0,0.0,1,Mainly clear,11.1,31.8,24,,Clear,False
2026-05-04,17,75.5,67.7,0.0,0.0,0.0,0.0,3,Overcast,8.8,26.4,19,,Cloudy,False
2026-05-04,18,73.0,66.3,0.0,0.0,0.0,0.0,0,Clear sky,6.7,21.3,22,,Clear,False
2026-05-04,19,68.3,62.5,0.0,0.0,0.0,0.0,0,Clear sky,6.5,16.1,31,,Clear,False
2026-05-04,20,66.5,61.5,0.0,0.0,0.0,0.0,0,Clear sky,4.3,17.7,33,,Clear,False
2026-05-04,21,64.2,59.0,0.0,0.0,0.0,0.0,0,Clear sky,7.7,15.7,45,,Clear,False
2026-05-04,22,64.5,58.9,0.0,0.0,0.0,0.0,0,Clear sky,8.2,17.4,43,,Clear,False
2026-05-04,23,63.6,58.0,0.0,0.0,0.0,0.0,0,Clear sky,8.9,19.2,46,,Clear,False
2026-05-05,0,61.6,56.5,0.0,0.0,0.0,0.0,0,Clear sky,8.2,19.2,51,,Clear,False
2026-05-05,1,61.3,56.5,0.0,0.0,0.0,0.0,0,Clear sky,7.5,17.9,53,,Clear,False
2026-05-05,2,61.3,57.1,0.0,0.0,0.0,0.0,0,Clear sky,6.7,15.9,55,,Clear,False
2026-05-05,3,60.7,56.9,0.0,0.0,0.0,0.0,0,Clear sky,6.3,14.3,57,,Clear,False
2026-05-05,4,60.0,56.9,0.0,0.0,0.0,0.0,0,Clear sky,5.0,13.4,60,,Clear,False
2026-05-05,5,59.3,56.4,0.0,0.0,0.0,0.0,0,Clear sky,4.8,10.1,63,,Clear,False
2026-05-05,6,58.9,55.9,0.0,0.0,0.0,0.0,0,Clear sky,5.3,10.3,65,,Clear,False
2026-05-05,7,61.1,57.4,0.0,0.0,0.0,0.0,0,Clear sky,7.0,14.5,61,,Clear,False
2026-05-05,8,63.6,61.1,0.0,0.0,0.0,0.0,0,Clear sky,5.0,15.2,58,,Clear,False
2026-05-05,9,67.3,64.6,0.0,0.0,0.0,0.0,1,Mainly clear,6.1,15.7,53,,Clear,False
2026-05-05,10,71.8,69.3,0.0,0.0,0.0,0.0,1,Mainly clear,6.6,18.3,45,,Clear,False
2026-05-05,11,75.4,73.4,0.0,0.0,0.0,0.0,1,Mainly clear,7.7,20.6,39,,Clear,False
2026-05-05,12,79.4,78.1,0.0,0.0,0.0,0.0,0,Clear sky,8.0,21.5,33,,Clear,False
2026-05-05,13,83.2,81.0,0.0,0.0,0.0,0.0,0,Clear sky,10.1,28.4,26,,Clear,False
2026-05-05,14,83.8,79.5,0.0,0.0,0.0,0.0,1,Mainly clear,12.1,32.0,23,,Clear,False
2026-05-05,15,83.8,78.5,0.0,0.0,0.0,0.0,0,Clear sky,12.8,33.1,23,,Clear,False
2026-05-05,16,84.4,77.3,0.0,0.0,0.0,0.0,3,Overcast,14.0,34.9,21,,Cloudy,False
2026-05-05,17,84.1,76.2,0.0,0.0,0.0,0.0,3,Overcast,13.4,34.2,21,,Cloudy,False
2026-05-05,18,82.6,75.5,0.0,0.0,0.0,0.0,3,Overcast,11.0,32.0,22,,Cloudy,False
2026-05-05,19,80.2,74.4,0.0,0.0,0.0,0.0,2,Partly cloudy,9.0,24.8,26,,Cloudy,False
2026-05-05,20,78.1,72.4,0.0,0.0,0.0,0.0,2,Partly cloudy,10.9,25.7,32,,Cloudy,False
2026-05-05,21,74.8,69.6,0.0,0.0,0.0,0.0,3,Overcast,12.9,29.3,43,,Cloudy,False
2026-05-05,22,72.1,67.1,0.0,0.0,0.0,0.0,3,Overcast,12.8,29.3,48,,Cloudy,False
2026-05-05,23,70.4,65.5,0.0,0.0,0.0,0.0,3,Overcast,12.5,29.1,50,,Cloudy,False
2026-05-06,0,70.0,65.2,0.0,0.0,0.0,0.0,1,Mainly clear,12.1,28.2,51,,Clear,False
2026-05-06,1,69.3,64.8,0.0,0.0,0.0,0.0,3,Overcast,11.6,26.8,53,,Cloudy,False
2026-05-06,2,68.9,65.1,0.0,0.0,0.0,0.0,2,Partly cloudy,11.3,25.9,57,,Cloudy,False
2026-05-06,3,67.6,64.4,0.0,0.0,0.0,0.0,2,Partly cloudy,10.6,25.1,62,,Cloudy,False
2026-05-06,4,66.8,63.6,0.0,0.0,0.0,0.0,3,Overcast,11.0,24.2,65,,Cloudy,False
2026-05-06,5,65.6,62.5,0.0,0.0,0.0,0.0,1,Mainly clear,11.1,24.6,69,,Clear,False
2026-05-06,6,64.8,61.8,0.0,0.0,0.0,0.0,3,Overcast,10.9,24.6,71,,Cloudy,False
2026-05-06,7,65.8,62.6,0.0,0.0,0.0,0.0,3,Overcast,11.3,24.6,68,,Cloudy,False
2026-05-06,8,67.6,65.0,0.0,0.0,0.0,0.0,3,Overcast,9.7,25.3,64,,Cloudy,False
2026-05-06,9,68.8,65.5,0.0,0.0,0.0,0.0,3,Overcast,11.0,25.5,60,,Cloudy,False
2026-05-06,10,71.3,67.1,0.0,0.0,0.0,0.0,3,Overcast,12.9,30.2,54,,Cloudy,False
2026-05-06,11,72.7,68.3,0.0,0.0,0.0,0.0,3,Overcast,13.5,31.5,52,,Cloudy,False
2026-05-06,12,68.1,66.4,0.043,0.043,0.0,0.0,55,Dense drizzle,9.7,32.2,68,,Drizzle,False
2026-05-06,13,66.9,65.0,0.047,0.047,0.0,0.0,55,Dense drizzle,10.5,24.2,73,,Drizzle,False
2026-05-06,14,67.5,64.9,0.024,0.024,0.0,0.0,53,Moderate drizzle,12.1,26.6,71,,Drizzle,False
2026-05-06,15,67.5,63.9,0.008,0.008,0.0,0.0,51,Light drizzle,14.0,29.1,70,,Drizzle,False
2026-05-06,16,66.4,64.9,0.024,0.024,0.0,0.0,53,Moderate drizzle,10.6,32.0,77,,Drizzle,False
2026-05-06,17,65.8,64.6,0.012,0.012,0.0,0.0,51,Light drizzle,10.4,23.7,79,,Drizzle,False
2026-05-06,18,66.6,65.5,0.0,0.0,0.0,0.0,3,Overcast,9.9,27.1,78,,Cloudy,False
2026-05-06,19,66.5,66.6,0.0,0.0,0.0,0.0,3,Overcast,7.2,21.7,78,,Cloudy,False
2026-05-06,20,66.7,66.2,0.02,0.02,0.0,0.0,53,Moderate drizzle,7.1,20.4,74,,Drizzle,False
2026-05-06,21,65.8,65.9,0.004,0.004,0.0,0.0,51,Light drizzle,6.4,15.4,77,,Drizzle,False
2026-05-06,22,63.5,63.6,0.031,0.031,0.0,0.0,53,Moderate drizzle,6.9,17.4,85,,Drizzle,False
2026-05-06,23,58.5,55.8,0.004,0.004,0.0,0.0,51,Light drizzle,8.2,20.4,81,,Drizzle,False
2026-05-07,0,56.9,54.2,0.0,0.0,0.0,0.0,3,Overcast,6.6,17.9,77,,Cloudy,False
2026-05-07,1,55.9,52.4,0.0,0.0,0.0,0.0,3,Overcast,6.5,15.4,72,,Cloudy,False
2026-05-07,2,54.8,50.6,0.012,0.012,0.0,0.0,51,Light drizzle,7.7,16.6,74,,Drizzle,False
2026-05-07,3,53.2,48.3,0.012,0.012,0.0,0.0,51,Light drizzle,8.2,21.7,71,,Drizzle,False
2026-05-07,4,51.4,46.6,0.047,0.047,0.0,0.0,55,Dense drizzle,8.5,19.0,79,,Drizzle,False
2026-05-07,5,50.8,46.4,0.02,0.02,0.0,0.0,53,Moderate drizzle,7.9,17.7,83,,Drizzle,False
2026-05-07,6,50.9,46.8,0.0,0.0,0.0,0.0,3,Overcast,6.9,17.0,81,,Cloudy,False
2026-05-07,7,51.0,46.6,0.004,0.004,0.0,0.0,51,Light drizzle,7.2,15.9,79,,Drizzle,False
2026-05-07,8,52.0,47.4,0.0,0.0,0.0,0.0,2,Partly cloudy,7.4,19.0,74,,Cloudy,False
2026-05-07,9,52.7,47.8,0.0,0.0,0.0,0.0,0,Clear sky,6.9,17.7,67,,Clear,False
2026-05-07,10,55.9,50.5,0.0,0.0,0.0,0.0,0,Clear sky,7.2,19.7,48,,Clear,False
2026-05-07,11,57.7,53.4,0.0,0.0,0.0,0.0,0,Clear sky,7.0,20.4,39,,Clear,False
2026-05-07,12,59.5,56.5,0.0,0.0,0.0,0.0,0,Clear sky,6.2,19.7,35,,Clear,False
2026-05-07,13,61.0,58.5,0.0,0.0,0.0,0.0,0,Clear sky,6.6,19.0,34,,Clear,False
2026-05-07,14,61.3,58.7,0.0,0.0,0.0,0.0,0,Clear sky,7.0,21.7,34,,Clear,False
2026-05-07,15,62.5,59.2,0.0,0.0,0.0,0.0,0,Clear sky,6.5,20.6,31,,Clear,False
2026-05-07,16,66.4,61.2,0.0,0.0,0.0,0.0,1,Mainly clear,6.5,18.6,24,,Clear,False
2026-05-07,17,64.2,55.2,0.0,0.0,0.0,0.0,1,Mainly clear,11.4,27.1,27,,Clear,False
2026-05-07,18,63.0,54.4,0.0,0.0,0.0,0.0,0,Clear sky,10.2,28.6,28,,Clear,False
2026-05-07,19,59.4,51.4,0.0,0.0,0.0,0.0,1,Mainly clear,10.1,26.2,37,,Clear,False
2026-05-07,20,59.5,53.3,0.0,0.0,0.0,0.0,0,Clear sky,5.7,22.8,35,,Clear,False
2026-05-07,21,57.4,52.6,0.0,0.0,0.0,0.0,0,Clear sky,3.6,12.1,43,,Clear,False
2026-05-07,22,55.0,51.6,0.0,0.0,0.0,0.0,0,Clear sky,2.2,7.8,56,,Clear,False
2026-05-07,23,53.9,50.9,0.0,0.0,0.0,0.0,0,Clear sky,1.0,4.5,57,,Clear,False
2026-05-08,0,52.8,50.1,0.0,0.0,0.0,0.0,0,Clear sky,0.9,2.7,62,,Clear,False
2026-05-08,1,51.7,47.5,0.0,0.0,0.0,0.0,3,Overcast,4.0,8.5,62,,Cloudy,False
2026-05-08,2,51.5,47.3,0.0,0.0,0.0,0.0,3,Overcast,3.9,9.8,62,,Cloudy,False
2026-05-08,3,51.6,45.6,0.004,0.004,0.0,0.0,51,Light drizzle,7.2,16.1,57,,Drizzle,False
2026-05-08,4,48.3,42.3,0.0,0.0,0.0,0.0,2,Partly cloudy,7.2,18.8,65,,Cloudy,False
2026-05-08,5,47.1,42.9,0.0,0.0,0.0,0.0,0,Clear sky,3.6,16.1,72,,Clear,False
2026-05-08,6,46.5,42.7,0.0,0.0,0.0,0.0,0,Clear sky,2.9,7.6,76,,Clear,False
2026-05-08,7,48.1,44.3,0.0,0.0,0.0,0.0,0,Clear sky,3.3,7.8,74,,Clear,False
2026-05-08,8,51.4,46.5,0.0,0.0,0.0,0.0,0,Clear sky,5.6,14.5,62,,Clear,False
2026-05-08,9,55.0,48.7,0.0,0.0,0.0,0.0,0,Clear sky,6.7,18.3,44,,Clear,False
2026-05-08,10,57.7,51.6,0.0,0.0,0.0,0.0,0,Clear sky,6.8,19.2,35,,Clear,False
2026-05-08,11,59.9,55.0,0.0,0.0,0.0,0.0,1,Mainly clear,7.2,20.6,30,,Clear,False
2026-05-08,12,62.7,56.6,0.004,0.004,0.0,0.0,51,Light drizzle,11.5,28.4,27,,Drizzle,False
2026-05-08,13,62.6,54.6,0.0,0.0,0.0,0.0,3,Overcast,13.3,33.1,28,,Cloudy,False
2026-05-08,14,61.9,52.0,0.0,0.0,0.0,0.0,2,Partly cloudy,13.0,33.3,28,,Cloudy,False
2026-05-08,15,64.7,56.7,0.004,0.004,0.0,0.0,51,Light drizzle,13.3,32.4,24,,Drizzle,False
2026-05-08,16,64.2,54.4,0.0,0.0,0.0,0.0,1,Mainly clear,12.6,33.6,25,,Clear,False
2026-05-08,17,64.0,55.0,0.0,0.0,0.0,0.0,2,Partly cloudy,11.5,30.6,28,,Cloudy,False
2026-05-08,18,62.5,54.6,0.0,0.0,0.0,0.0,1,Mainly clear,9.6,28.2,31,,Clear,False
2026-05-08,19,61.1,54.5,0.0,0.0,0.0,0.0,0,Clear sky,7.3,23.5,36,,Clear,False
2026-05-08,20,58.9,55.0,0.0,0.0,0.0,0.0,0,Clear sky,1.7,17.0,42,,Clear,False
2026-05-08,21,59.0,55.3,0.0,0.0,0.0,0.0,2,Partly cloudy,1.1,3.4,41,,Cloudy,False
2026-05-08,22,58.6,54.1,0.0,0.0,0.0,0.0,3,Overcast,2.9,6.3,42,,Cloudy,False
2026-05-08,23,57.7,53.9,0.0,0.0,0.0,0.0,3,Overcast,1.9,7.8,46,,Cloudy,False
2026-05-09,0,57.7,54.8,0.0,0.0,0.0,0.0,3,Overcast,0.6,4.9,49,,Cloudy,False
2026-05-09,1,56.6,53.5,0.0,0.0,0.0,0.0,2,Partly cloudy,0.7,2.9,50,,Cloudy,False
2026-05-09,2,55.4,52.4,0.0,0.0,0.0,0.0,3,Overcast,1.6,4.9,57,,Cloudy,False
2026-05-09,3,52.5,50.8,0.217,0.217,0.0,0.0,63,Moderate rain,3.1,6.5,86,,Rain,True
2026-05-09,4,53.1,51.5,0.0,0.0,0.0,0.0,3,Overcast,2.4,6.7,83,,Cloudy,False
2026-05-09,5,52.8,51.5,0.0,0.0,0.0,0.0,3,Overcast,1.4,5.1,81,,Cloudy,False
2026-05-09,6,53.0,51.3,0.0,0.0,0.0,0.0,3,Overcast,2.0,4.0,80,,Cloudy,False
2026-05-09,7,53.9,51.4,0.0,0.0,0.0,0.0,3,Overcast,4.1,7.6,78,,Cloudy,False
2026-05-09,8,55.1,52.9,0.0,0.0,0.0,0.0,3,Overcast,2.1,11.2,68,,Cloudy,False
2026-05-09,9,56.2,53.5,0.004,0.004,0.0,0.0,51,Light drizzle,3.3,7.6,66,,Drizzle,False
2026-05-09,10,58.5,55.6,0.0,0.0,0.0,0.0,3,Overcast,4.1,10.5,62,,Cloudy,False
2026-05-09,11,61.9,59.1,0.0,0.0,0.0,0.0,3,Overcast,4.8,13.0,59,,Cloudy,False
2026-05-09,12,65.3,63.2,0.0,0.0,0.0,0.0,3,Overcast,4.5,20.6,56,,Cloudy,False
2026-05-09,13,59.9,57.0,0.102,0.102,0.0,0.0,63,Moderate rain,9.1,28.2,79,,Rain,True
2026-05-09,14,57.7,57.7,0.016,0.016,0.0,0.0,51,Light drizzle,2.3,26.6,86,,Drizzle,False
2026-05-09,15,59.4,60.4,0.063,0.063,0.0,0.0,61,Slight rain,1.9,7.6,88,,Rain,True
2026-05-09,16,58.8,59.4,0.063,0.063,0.0,0.0,61,Slight rain,1.2,10.3,83,,Rain,True
2026-05-09,17,59.7,59.2,0.012,0.012,0.0,0.0,51,Light drizzle,2.8,8.9,76,,Drizzle,False
2026-05-09,18,58.5,58.8,0.016,0.016,0.0,0.0,51,Light drizzle,0.9,8.7,80,,Drizzle,False
2026-05-09,19,58.3,57.7,0.004,0.004,0.0,0.0,51,Light drizzle,3.0,7.6,80,,Drizzle,False
2026-05-09,20,56.4,56.7,0.0,0.0,0.0,0.0,1,Mainly clear,2.2,7.6,91,,Clear,False
2026-05-09,21,54.1,54.0,0.0,0.0,0.0,0.0,0,Clear sky,2.6,5.1,95,,Clear,False
2026-05-09,22,53.0,52.6,0.0,0.0,0.0,0.0,0,Clear sky,2.6,5.8,97,,Clear,False
2026-05-09,23,51.3,50.5,0.0,0.0,0.0,0.0,0,Clear sky,2.4,5.4,98,,Clear,False
2026-05-10,0,50.4,49.6,0.0,0.0,0.0,0.0,0,Clear sky,1.9,5.4,99,,Clear,False
2026-05-10,1,50.1,49.6,0.0,0.0,0.0,0.0,3,Overcast,1.3,3.8,99,,Cloudy,False
2026-05-10,2,52.2,52.5,0.0,0.0,0.0,0.0,3,Overcast,0.6,2.7,99,,Cloudy,False
2026-05-10,3,52.2,52.0,0.0,0.0,0.0,0.0,3,Overcast,1.6,5.1,98,,Cloudy,False
2026-05-10,4,51.9,51.5,0.0,0.0,0.0,0.0,3,Overcast,1.7,5.1,97,,Cloudy,False
2026-05-10,5,51.8,51.1,0.0,0.0,0.0,0.0,3,Overcast,2.3,6.9,97,,Cloudy,False
2026-05-10,6,51.7,51.3,0.0,0.0,0.0,0.0,3,Overcast,1.8,6.3,98,,Cloudy,False
2026-05-10,7,52.3,52.2,0.0,0.0,0.0,0.0,3,Overcast,1.6,6.5,99,,Cloudy,False
2026-05-10,8,51.8,51.7,0.0,0.0,0.0,0.0,3,Overcast,1.4,7.4,98,,Cloudy,False
2026-05-10,9,55.7,55.5,0.0,0.0,0.0,0.0,3,Overcast,2.1,8.7,89,,Cloudy,False
2026-05-10,10,57.1,56.7,0.0,0.0,0.0,0.0,2,Partly cloudy,3.4,9.8,87,,Cloudy,False
2026-05-10,11,63.5,64.5,0.0,0.0,0.0,0.0,2,Partly cloudy,2.5,11.9,71,,Cloudy,False
2026-05-10,12,67.8,71.3,0.0,0.0,0.0,0.0,2,Partly cloudy,3.0,12.8,63,,Cloudy,False
2026-05-10,13,70.7,74.0,0.0,0.0,0.0,0.0,3,Overcast,2.8,12.8,57,,Cloudy,False
2026-05-10,14,73.0,75.5,0.0,0.0,0.0,0.0,3,Overcast,3.4,18.3,54,,Cloudy,False
2026-05-10,15,74.8,71.8,0.004,0.004,0.0,0.0,51,Light drizzle,9.4,24.8,44,,Drizzle,False
2026-05-10,16,74.2,70.2,0.0,0.0,0.0,0.0,1,Mainly clear,9.6,26.8,43,,Clear,False
2026-05-10,17,72.2,69.9,0.0,0.0,0.0,0.0,2,Partly cloudy,6.7,25.5,48,,Cloudy,False
2026-05-10,18,69.4,70.7,0.008,0.008,0.0,0.0,51,Light drizzle,2.1,19.2,64,,Drizzle,False
2026-05-10,19,68.6,69.6,0.039,0.039,0.0,0.0,55,Dense drizzle,1.9,10.5,63,,Drizzle,False
2026-05-10,20,68.2,68.1,0.0,0.0,0.0,0.0,2,Partly cloudy,2.9,4.9,60,,Cloudy,False
2026-05-10,21,66.1,65.1,0.0,0.0,0.0,0.0,3,Overcast,5.7,11.2,66,,Cloudy,False
2026-05-10,22,63.8,62.4,0.0,0.0,0.0,0.0,3,Overcast,7.5,16.3,75,,Cloudy,False
2026-05-10,23,63.1,63.7,0.0,0.0,0.0,0.0,3,Overcast,3.7,16.1,80,,Cloudy,False
2026-05-11,0,62.7,62.9,0.0,0.0,0.0,0.0,3,Overcast,4.3,8.5,80,,Cloudy,False
2026-05-11,1,56.2,49.2,0.0,0.0,0.0,0.0,3,Overcast,10.6,27.7,53,,Cloudy,False
2026-05-11,2,56.3,49.1,0.0,0.0,0.0,0.0,3,Overcast,9.7,23.7,46,,Cloudy,False
2026-05-11,3,55.0,47.8,0.0,0.0,0.0,0.0,3,Overcast,8.2,21.0,43,,Cloudy,False
2026-05-11,4,54.0,46.7,0.0,0.0,0.0,0.0,3,Overcast,7.9,19.9,42,,Cloudy,False
2026-05-11,5,53.4,46.3,0.0,0.0,0.0,0.0,3,Overcast,7.3,18.1,42,,Cloudy,False
2026-05-11,6,52.3,45.7,0.0,0.0,0.0,0.0,3,Overcast,6.1,16.6,44,,Cloudy,False
2026-05-11,7,52.3,45.9,0.0,0.0,0.0,0.0,3,Overcast,5.6,13.6,43,,Cloudy,False
2026-05-11,8,53.3,45.8,0.0,0.0,0.0,0.0,3,Overcast,7.1,17.4,36,,Cloudy,False
2026-05-11,9,55.0,47.1,0.0,0.0,0.0,0.0,3,Overcast,7.2,18.6,31,,Cloudy,False
2026-05-11,10,57.4,49.8,0.0,0.0,0.0,0.0,3,Overcast,7.1,19.7,28,,Cloudy,False
2026-05-11,11,57.7,50.4,0.0,0.0,0.0,0.0,3,Overcast,6.2,19.5,30,,Cloudy,False
2026-05-11,12,58.4,52.0,0.0,0.0,0.0,0.0,3,Overcast,4.4,17.2,30,,Cloudy,False
2026-05-11,13,59.5,53.7,0.0,0.0,0.0,0.0,3,Overcast,3.3,13.4,29,,Cloudy,False
2026-05-11,14,60.0,54.1,0.0,0.0,0.0,0.0,3,Overcast,2.7,11.6,27,,Cloudy,False
2026-05-11,15,61.3,55.2,0.0,0.0,0.0,0.0,3,Overcast,3.6,12.1,27,,Cloudy,False
2026-05-11,16,61.3,54.7,0.0,0.0,0.0,0.0,3,Overcast,5.1,13.0,27,,Cloudy,False
2026-05-11,17,61.8,54.7,0.0,0.0,0.0,0.0,3,Overcast,6.6,17.0,28,,Cloudy,False
2026-05-11,18,61.8,54.0,0.0,0.0,0.0,0.0,3,Overcast,8.0,18.8,27,,Cloudy,False
2026-05-11,19,60.4,52.3,0.0,0.0,0.0,0.0,0,Clear sky,9.4,21.9,31,,Clear,False
2026-05-11,20,59.2,54.6,0.0,0.0,0.0,0.0,0,Clear sky,2.9,20.6,40,,Clear,False
2026-05-11,21,56.5,53.1,0.0,0.0,0.0,0.0,0,Clear sky,0.2,5.1,44,,Clear,False
2026-05-11,22,54.7,51.4,0.0,0.0,0.0,0.0,1,Mainly clear,0.3,2.0,49,,Clear,False
2026-05-11,23,54.0,48.5,0.0,0.0,0.0,0.0,3,Overcast,4.3,7.2,45,,Cloudy,False
2026-05-12,0,52.8,45.1,0.0,0.0,0.0,0.0,1,Mainly clear,11.3,26.4,56,,Clear,False
2026-05-12,1,50.1,44.4,0.004,0.004,0.0,0.0,51,Light drizzle,7.4,26.4,65,,Drizzle,False
2026-05-12,2,51.0,46.0,0.0,0.0,0.0,0.0,1,Mainly clear,5.3,15.9,61,,Clear,False
2026-05-12,3,50.1,43.0,0.0,0.0,0.0,0.0,0,Clear sky,7.8,17.7,49,,Clear,False
2026-05-12,4,48.0,40.9,0.0,0.0,0.0,0.0,0,Clear sky,6.7,17.9,48,,Clear,False
2026-05-12,5,46.5,39.9,0.0,0.0,0.0,0.0,0,Clear sky,5.4,15.0,49,,Clear,False
2026-05-12,6,45.3,39.1,0.0,0.0,0.0,0.0,0,Clear sky,4.5,11.9,51,,Clear,False
2026-05-12,7,46.7,40.2,0.0,0.0,0.0,0.0,0,Clear sky,4.9,11.6,48,,Clear,False
2026-05-12,8,50.0,43.3,0.0,0.0,0.0,0.0,0,Clear sky,5.4,15.4,42,,Clear,False
2026-05-12,9,53.6,46.8,0.0,0.0,0.0,0.0,0,Clear sky,5.6,16.6,36,,Clear,False
2026-05-12,10,56.7,51.1,0.0,0.0,0.0,0.0,0,Clear sky,5.2,16.8,30,,Clear,False
2026-05-12,11,59.4,55.5,0.0,0.0,0.0,0.0,0,Clear sky,4.5,16.8,25,,Clear,False
2026-05-12,12,61.5,58.9,0.0,0.0,0.0,0.0,0,Clear sky,4.3,16.1,22,,Clear,False
2026-05-12,13,63.5,61.1,0.0,0.0,0.0,0.0,0,Clear sky,4.8,17.0,20,,Clear,False
2026-05-12,14,65.7,63.3,0.0,0.0,0.0,0.0,0,Clear sky,4.8,17.2,20,,Clear,False
2026-05-12,15,66.6,63.1,0.0,0.0,0.0,0.0,0,Clear sky,5.8,18.3,20,,Clear,False
2026-05-12,16,67.7,63.0,0.0,0.0,0.0,0.0,0,Clear sky,5.7,18.8,19,,Clear,False
2026-05-12,17,68.2,62.3,0.0,0.0,0.0,0.0,0,Clear sky,4.7,17.4,19,,Clear,False
2026-05-12,18,64.5,57.8,0.0,0.0,0.0,0.0,0,Clear sky,7.0,19.5,30,,Clear,False
2026-05-12,19,59.8,53.2,0.0,0.0,0.0,0.0,1,Mainly clear,8.8,22.1,43,,Clear,False
2026-05-12,20,56.1,50.0,0.0,0.0,0.0,0.0,3,Overcast,7.8,21.3,50,,Cloudy,False
2026-05-12,21,55.0,49.9,0.0,0.0,0.0,0.0,2,Partly cloudy,5.9,16.6,55,,Cloudy,False
2026-05-12,22,55.1,49.8,0.0,0.0,0.0,0.0,2,Partly cloudy,7.2,15.0,58,,Cloudy,False
2026-05-12,23,55.0,49.7,0.0,0.0,0.0,0.0,3,Overcast,7.3,17.0,58,,Cloudy,False
2026-05-13,0,55.1,49.8,0.0,0.0,0.0,0.0,3,Overcast,7.2,16.8,58,,Cloudy,False
2026-05-13,1,54.7,49.6,0.0,0.0,0.0,0.0,2,Partly cloudy,6.1,15.9,57,,Cloudy,False
2026-05-13,2,53.1,48.1,0.0,0.0,0.0,0.0,3,Overcast,6.5,13.2,63,,Cloudy,False
2026-05-13,3,53.0,48.8,0.0,0.0,0.0,0.0,3,Overcast,5.3,12.8,66,,Cloudy,False
2026-05-13,4,52.8,48.9,0.0,0.0,0.0,0.0,3,Overcast,5.1,11.6,70,,Cloudy,False
2026-05-13,5,53.1,49.1,0.0,0.0,0.0,0.0,3,Overcast,5.8,12.5,71,,Cloudy,False
2026-05-13,6,53.2,49.4,0.0,0.0,0.0,0.0,3,Overcast,5.4,12.8,71,,Cloudy,False
2026-05-13,7,54.7,51.2,0.0,0.0,0.0,0.0,3,Overcast,4.7,12.1,68,,Cloudy,False
2026-05-13,8,57.3,53.6,0.0,0.0,0.0,0.0,3,Overcast,5.2,15.2,61,,Cloudy,False
2026-05-13,9,60.4,56.3,0.0,0.0,0.0,0.0,3,Overcast,6.5,16.8,57,,Cloudy,False
2026-05-13,10,62.8,58.3,0.0,0.0,0.0,0.0,2,Partly cloudy,7.3,18.1,51,,Cloudy,False
2026-05-13,11,69.2,65.1,0.0,0.0,0.0,0.0,3,Overcast,9.8,25.3,40,,Cloudy,False
2026-05-13,12,72.1,68.1,0.0,0.0,0.0,0.0,3,Overcast,10.4,27.1,36,,Cloudy,False
2026-05-13,13,74.9,70.9,0.0,0.0,0.0,0.0,2,Partly cloudy,11.8,29.8,32,,Cloudy,False
2026-05-13,14,76.5,70.7,0.0,0.0,0.0,0.0,3,Overcast,12.5,33.1,26,,Cloudy,False
2026-05-13,15,72.0,65.5,0.0,0.0,0.0,0.0,3,Overcast,11.3,29.8,36,,Cloudy,False
2026-05-13,16,71.4,64.2,0.0,0.0,0.0,0.0,3,Overcast,13.2,31.5,36,,Cloudy,False
2026-05-13,17,70.4,62.6,0.0,0.0,0.0,0.0,3,Overcast,13.2,31.3,34,,Cloudy,False
2026-05-13,18,67.5,60.0,0.0,0.0,0.0,0.0,3,Overcast,13.8,32.9,42,,Cloudy,False
2026-05-13,19,64.9,58.7,0.0,0.0,0.0,0.0,3,Overcast,12.5,31.8,52,,Cloudy,False
2026-05-13,20,64.4,58.1,0.0,0.0,0.0,0.0,3,Overcast,11.7,28.2,49,,Cloudy,False
2026-05-13,21,62.2,56.5,0.0,0.0,0.0,0.0,3,Overcast,11.0,27.5,55,,Cloudy,False
2026-05-13,22,61.4,56.8,0.0,0.0,0.0,0.0,3,Overcast,9.4,25.7,60,,Cloudy,False
2026-05-13,23,61.1,56.7,0.0,0.0,0.0,0.0,3,Overcast,9.1,22.1,62,,Cloudy,False
2026-05-14,0,57.9,55.1,0.039,0.039,0.0,0.0,55,Dense drizzle,8.0,20.8,80,,Drizzle,False
2026-05-14,1,57.4,54.8,0.024,0.024,0.0,0.0,53,Moderate drizzle,8.0,17.0,84,,Drizzle,False
2026-05-14,2,58.3,56.6,0.016,0.016,0.0,0.0,51,Light drizzle,6.0,16.6,82,,Drizzle,False
2026-05-14,3,57.4,56.8,0.016,0.016,0.0,0.0,51,Light drizzle,3.7,13.0,86,,Drizzle,False
2026-05-14,4,56.7,56.4,0.012,0.012,0.0,0.0,51,Light drizzle,3.4,7.4,90,,Drizzle,False
2026-05-14,5,55.7,55.7,0.0,0.0,0.0,0.0,2,Partly cloudy,2.5,6.7,92,,Cloudy,False
2026-05-14,6,55.2,55.2,0.0,0.0,0.0,0.0,3,Overcast,2.5,5.4,94,,Cloudy,False
2026-05-14,7,55.9,55.9,0.0,0.0,0.0,0.0,3,Overcast,2.8,7.8,93,,Cloudy,False
2026-05-14,8,56.7,56.8,0.0,0.0,0.0,0.0,3,Overcast,3.0,6.7,93,,Cloudy,False
2026-05-14,9,56.6,55.6,0.008,0.008,0.0,0.0,51,Light drizzle,5.0,12.1,90,,Drizzle,False
2026-05-14,10,59.2,56.6,0.0,0.0,0.0,0.0,3,Overcast,6.0,15.9,71,,Cloudy,False
2026-05-14,11,62.9,60.7,0.0,0.0,0.0,0.0,3,Overcast,4.9,16.3,58,,Cloudy,False
2026-05-14,12,61.8,58.7,0.0,0.0,0.0,0.0,3,Overcast,4.5,15.9,55,,Cloudy,False
2026-05-14,13,62.0,58.6,0.004,0.004,0.0,0.0,51,Light drizzle,4.8,13.9,53,,Drizzle,False
2026-05-14,14,64.1,60.1,0.0,0.0,0.0,0.0,3,Overcast,5.2,15.4,46,,Cloudy,False
2026-05-14,15,64.2,59.8,0.0,0.0,0.0,0.0,1,Mainly clear,5.5,17.9,43,,Clear,False
2026-05-14,16,65.2,60.5,0.0,0.0,0.0,0.0,1,Mainly clear,5.2,16.6,39,,Clear,False
2026-05-14,17,66.3,60.1,0.0,0.0,0.0,0.0,1,Mainly clear,7.5,19.0,34,,Clear,False
2026-05-14,18,63.1,55.9,0.0,0.0,0.0,0.0,2,Partly cloudy,11.0,26.4,41,,Cloudy,False
2026-05-14,19,60.9,54.3,0.0,0.0,0.0,0.0,1,Mainly clear,9.4,26.6,44,,Clear,False
2026-05-14,20,61.0,55.1,0.0,0.0,0.0,0.0,1,Mainly clear,8.1,21.5,46,,Clear,False
2026-05-14,21,59.0,53.3,0.0,0.0,0.0,0.0,1,Mainly clear,7.8,19.7,49,,Clear,False
2026-05-14,22,57.3,52.2,0.0,0.0,0.0,0.0,1,Mainly clear,7.1,17.4,55,,Clear,False
2026-05-14,23,55.6,50.0,0.0,0.0,0.0,0.0,0,Clear sky,8.2,19.0,59,,Clear,False
2026-05-15,0,53.6,48.4,0.0,0.0,0.0,0.0,0,Clear sky,7.2,19.2,62,,Clear,False
2026-05-15,1,52.2,47.4,0.0,0.0,0.0,0.0,0,Clear sky,6.3,16.6,67,,Clear,False
2026-05-15,2,51.8,47.4,0.0,0.0,0.0,0.0,0,Clear sky,5.6,14.1,68,,Clear,False
2026-05-15,3,51.2,46.6,0.0,0.0,0.0,0.0,0,Clear sky,5.9,12.8,70,,Clear,False
2026-05-15,4,50.4,45.8,0.0,0.0,0.0,0.0,0,Clear sky,6.0,13.2,72,,Clear,False
2026-05-15,5,49.6,45.4,0.0,0.0,0.0,0.0,0,Clear sky,5.4,13.0,75,,Clear,False
2026-05-15,6,49.4,45.2,0.0,0.0,0.0,0.0,1,Mainly clear,5.3,11.9,77,,Clear,False
2026-05-15,7,51.6,47.1,0.0,0.0,0.0,0.0,1,Mainly clear,6.2,15.0,71,,Clear,False
2026-05-15,8,55.0,50.3,0.0,0.0,0.0,0.0,0,Clear sky,6.5,17.2,62,,Clear,False
2026-05-15,9,57.7,52.8,0.0,0.0,0.0,0.0,0,Clear sky,6.6,18.3,55,,Clear,False
2026-05-15,10,60.6,55.9,0.0,0.0,0.0,0.0,1,Mainly clear,7.3,20.1,47,,Clear,False
2026-05-15,11,62.9,58.1,0.0,0.0,0.0,0.0,1,Mainly clear,8.7,23.0,44,,Clear,False
2026-05-15,12,63.7,59.2,0.0,0.0,0.0,0.0,3,Overcast,8.9,24.6,45,,Cloudy,False
2026-05-15,13,64.9,60.1,0.0,0.0,0.0,0.0,3,Overcast,9.6,25.3,42,,Cloudy,False
2026-05-15,14,64.3,59.0,0.0,0.0,0.0,0.0,3,Overcast,8.0,25.5,44,,Cloudy,False
2026-05-15,15,64.9,59.8,0.0,0.0,0.0,0.0,3,Overcast,7.4,20.4,44,,Cloudy,False
2026-05-15,16,66.8,61.7,0.0,0.0,0.0,0.0,3,Overcast,7.9,21.3,42,,Cloudy,False
2026-05-15,17,66.7,61.5,0.0,0.0,0.0,0.0,3,Overcast,8.2,20.8,43,,Cloudy,False
2026-05-15,18,66.7,61.5,0.0,0.0,0.0,0.0,2,Partly cloudy,8.6,20.6,43,,Cloudy,False
2026-05-15,19,66.5,61.2,0.0,0.0,0.0,0.0,2,Partly cloudy,8.9,21.7,44,,Cloudy,False
2026-05-15,20,65.4,61.5,0.0,0.0,0.0,0.0,2,Partly cloudy,6.9,20.1,50,,Cloudy,False
2026-05-15,21,64.2,61.5,0.0,0.0,0.0,0.0,3,Overcast,4.0,15.0,52,,Cloudy,False
2026-05-15,22,63.2,60.6,0.0,0.0,0.0,0.0,3,Overcast,4.1,8.3,54,,Cloudy,False
2026-05-15,23,62.3,59.8,0.0,0.0,0.0,0.0,2,Partly cloudy,4.2,8.9,57,,Cloudy,False
2026-05-16,0,60.3,58.3,0.0,0.0,0.0,0.0,0,Clear sky,3.1,8.9,63,,Clear,False
2026-05-16,1,58.2,56.7,0.0,0.0,0.0,0.0,0,Clear sky,2.2,6.5,69,,Clear,False
2026-05-16,2,56.5,55.4,0.0,0.0,0.0,0.0,0,Clear sky,0.9,4.3,71,,Clear,False
2026-05-16,3,55.8,53.8,0.0,0.0,0.0,0.0,0,Clear sky,3.0,6.5,74,,Clear,False
2026-05-16,4,54.4,52.8,0.0,0.0,0.0,0.0,0,Clear sky,2.5,6.7,78,,Clear,False
2026-05-16,5,53.4,51.9,0.0,0.0,0.0,0.0,0,Clear sky,2.1,5.4,81,,Clear,False
2026-05-16,6,52.8,51.3,0.0,0.0,0.0,0.0,0,Clear sky,2.2,4.7,83,,Clear,False
2026-05-16,7,55.2,53.2,0.0,0.0,0.0,0.0,0,Clear sky,3.6,7.8,77,,Clear,False
2026-05-16,8,59.5,58.2,0.0,0.0,0.0,0.0,0,Clear sky,1.3,8.9,64,,Clear,False
2026-05-16,9,65.7,63.1,0.0,0.0,0.0,0.0,0,Clear sky,3.5,11.9,49,,Clear,False
2026-05-16,10,69.1,66.5,0.0,0.0,0.0,0.0,0,Clear sky,5.6,17.2,42,,Clear,False
2026-05-16,11,72.7,70.9,0.0,0.0,0.0,0.0,0,Clear sky,7.0,20.1,36,,Clear,False
2026-05-16,12,75.7,73.4,0.0,0.0,0.0,0.0,0,Clear sky,8.8,23.9,30,,Clear,False
2026-05-16,13,77.9,76.1,0.0,0.0,0.0,0.0,0,Clear sky,9.4,25.5,29,,Clear,False
2026-05-16,14,80.6,78.8,0.0,0.0,0.0,0.0,0,Clear sky,9.2,25.7,27,,Clear,False
2026-05-16,15,81.6,79.2,0.0,0.0,0.0,0.0,0,Clear sky,8.8,25.3,25,,Clear,False
2026-05-16,16,82.3,78.8,0.0,0.0,0.0,0.0,0,Clear sky,9.0,24.6,25,,Clear,False
2026-05-16,17,82.9,77.8,0.0,0.0,0.0,0.0,0,Clear sky,9.2,24.2,24,,Clear,False
2026-05-16,18,82.9,76.4,0.0,0.0,0.0,0.0,0,Clear sky,10.7,26.6,23,,Clear,False
2026-05-16,19,82.0,74.8,0.0,0.0,0.0,0.0,0,Clear sky,11.0,26.8,22,,Clear,False
2026-05-16,20,80.3,74.1,0.0,0.0,0.0,0.0,0,Clear sky,9.3,25.7,24,,Clear,False
2026-05-16,21,78.8,72.8,0.0,0.0,0.0,0.0,1,Mainly clear,9.9,23.5,28,,Clear,False
2026-05-16,22,77.5,72.4,0.0,0.0,0.0,0.0,1,Mainly clear,8.5,23.0,31,,Clear,False
2026-05-16,23,74.6,70.0,0.0,0.0,0.0,0.0,3,Overcast,8.9,20.4,37,,Cloudy,False
2026-05-17,0,72.8,68.7,0.0,0.0,0.0,0.0,3,Overcast,9.2,20.8,43,,Cloudy,False
2026-05-17,1,71.9,68.4,0.0,0.0,0.0,0.0,3,Overcast,8.2,21.0,46,,Cloudy,False
2026-05-17,2,72.2,69.5,0.0,0.0,0.0,0.0,2,Partly cloudy,7.2,17.9,47,,Cloudy,False
2026-05-17,3,71.4,69.1,0.0,0.0,0.0,0.0,1,Mainly clear,6.9,15.4,50,,Clear,False
2026-05-17,4,70.2,68.9,0.0,0.0,0.0,0.0,0,Clear sky,6.0,14.8,57,,Clear,False
2026-05-17,5,69.0,68.7,0.0,0.0,0.0,0.0,0,Clear sky,5.1,12.5,63,,Clear,False
2026-05-17,6,67.6,68.0,0.0,0.0,0.0,0.0,1,Mainly clear,4.2,10.5,69,,Clear,False
2026-05-17,7,68.9,69.6,0.0,0.0,0.0,0.0,3,Overcast,4.1,9.8,67,,Cloudy,False
2026-05-17,8,70.4,70.4,0.0,0.0,0.0,0.0,1,Mainly clear,5.9,14.1,64,,Clear,False
2026-05-17,9,73.5,74.0,0.0,0.0,0.0,0.0,1,Mainly clear,4.7,16.3,58,,Clear,False
2026-05-17,10,77.5,79.1,0.0,0.0,0.0,0.0,0,Clear sky,4.1,14.8,49,,Clear,False
2026-05-17,11,81.9,84.5,0.0,0.0,0.0,0.0,0,Clear sky,3.5,14.5,39,,Clear,False
2026-05-17,12,85.8,88.3,0.0,0.0,0.0,0.0,0,Clear sky,4.0,15.2,30,,Clear,False
2026-05-17,13,88.7,90.3,0.0,0.0,0.0,0.0,0,Clear sky,5.1,17.4,25,,Clear,False
2026-05-17,14,90.5,90.4,0.0,0.0,0.0,0.0,2,Partly cloudy,8.0,20.8,23,,Cloudy,False
2026-05-17,15,90.5,88.4,0.0,0.0,0.0,0.0,1,Mainly clear,8.9,24.8,23,,Clear,False
2026-05-17,16,90.0,87.8,0.0,0.0,0.0,0.0,2,Partly cloudy,7.7,24.6,25,,Cloudy,False
2026-05-17,17,89.3,87.7,0.0,0.0,0.0,0.0,0,Clear sky,5.7,23.0,29,,Clear,False
2026-05-17,18,88.0,88.3,0.0,0.0,0.0,0.0,0,Clear sky,4.8,16.8,36,,Clear,False
2026-05-17,19,85.9,87.6,0.0,0.0,0.0,0.0,0,Clear sky,4.3,14.8,42,,Clear,False
2026-05-17,20,84.6,86.2,0.0,0.0,0.0,0.0,3,Overcast,4.1,12.1,43,,Cloudy,False
2026-05-17,21,83.6,83.9,0.0,0.0,0.0,0.0,3,Overcast,3.0,9.6,38,,Cloudy,False
2026-05-17,22,83.8,82.6,0.0,0.0,0.0,0.0,3,Overcast,4.7,9.6,34,,Cloudy,False
2026-05-17,23,82.4,81.1,0.0,0.0,0.0,0.0,3,Overcast,6.3,13.6,38,,Cloudy,False
2026-05-18,0,80.2,79.3,0.0,0.0,0.0,0.0,3,Overcast,6.3,13.6,43,,Cloudy,False
2026-05-18,1,77.7,77.9,0.0,0.0,0.0,0.0,3,Overcast,6.0,13.6,51,,Cloudy,False
2026-05-18,2,75.4,76.2,0.0,0.0,0.0,0.0,3,Overcast,6.2,13.4,59,,Cloudy,False
2026-05-18,3,73.8,75.3,0.0,0.0,0.0,0.0,2,Partly cloudy,5.5,13.0,65,,Cloudy,False
2026-05-18,4,72.4,74.6,0.0,0.0,0.0,0.0,1,Mainly clear,4.3,11.4,69,,Clear,False
2026-05-18,5,71.2,73.8,0.0,0.0,0.0,0.0,0,Clear sky,3.3,8.9,72,,Clear,False
2026-05-18,6,70.3,73.4,0.0,0.0,0.0,0.0,2,Partly cloudy,2.3,6.9,74,,Cloudy,False
2026-05-18,7,72.5,75.7,0.0,0.0,0.0,0.0,0,Clear sky,1.9,6.0,68,,Clear,False
2026-05-18,8,76.4,80.0,0.0,0.0,0.0,0.0,2,Partly cloudy,1.5,8.9,62,,Cloudy,False
2026-05-18,9,80.3,83.5,0.0,0.0,0.0,0.0,1,Mainly clear,2.1,10.1,53,,Clear,False
2026-05-18,10,84.5,87.8,0.0,0.0,0.0,0.0,2,Partly cloudy,3.1,12.8,45,,Cloudy,False
2026-05-18,11,87.4,90.9,0.0,0.0,0.0,0.0,3,Overcast,5.0,16.6,41,,Cloudy,False
2026-05-18,12,89.6,92.9,0.0,0.0,0.0,0.0,3,Overcast,7.2,20.8,37,,Cloudy,False
2026-05-18,13,90.2,92.8,0.0,0.0,0.0,0.0,1,Mainly clear,9.0,24.8,37,,Clear,False
2026-05-18,14,90.1,92.3,0.0,0.0,0.0,0.0,1,Mainly clear,9.9,28.0,36,,Clear,False
2026-05-18,15,89.0,90.0,0.0,0.0,0.0,0.0,1,Mainly clear,10.4,27.7,36,,Clear,False
2026-05-18,16,86.8,86.8,0.0,0.0,0.0,0.0,0,Clear sky,10.6,28.6,39,,Clear,False
2026-05-18,17,84.4,83.3,0.0,0.0,0.0,0.0,0,Clear sky,9.9,27.1,42,,Clear,False
2026-05-18,18,82.1,81.6,0.0,0.0,0.0,0.0,0,Clear sky,8.7,25.3,46,,Clear,False
2026-05-18,19,81.6,81.9,0.0,0.0,0.0,0.0,0,Clear sky,7.0,21.9,47,,Clear,False
2026-05-18,20,80.1,81.1,0.0,0.0,0.0,0.0,0,Clear sky,6.9,17.7,53,,Clear,False
2026-05-18,21,78.2,79.1,0.0,0.0,0.0,0.0,0,Clear sky,6.8,14.8,55,,Clear,False
2026-05-18,22,82.4,83.7,0.0,0.0,0.0,0.0,0,Clear sky,7.7,17.2,52,,Clear,False
2026-05-18,23,82.6,83.5,0.0,0.0,0.0,0.0,0,Clear sky,8.3,18.6,51,,Clear,False
2026-05-19,0,81.1,81.8,0.0,0.0,0.0,0.0,0,Clear sky,8.5,18.8,52,,Clear,False
2026-05-19,1,80.0,80.6,0.0,0.0,0.0,0.0,0,Clear sky,8.2,18.6,54,,Clear,False
2026-05-19,2,78.3,79.7,0.0,0.0,0.0,0.0,0,Clear sky,7.3,17.9,59,,Clear,False
2026-05-19,3,76.8,78.6,0.0,0.0,0.0,0.0,0,Clear sky,6.9,15.9,63,,Clear,False
2026-05-19,4,75.7,78.0,0.0,0.0,0.0,0.0,0,Clear sky,6.4,14.8,66,,Clear,False
2026-05-19,5,74.8,77.3,0.0,0.0,0.0,0.0,0,Clear sky,6.1,13.6,69,,Clear,False
2026-05-19,6,74.3,77.0,0.0,0.0,0.0,0.0,0,Clear sky,6.0,13.0,71,,Clear,False
2026-05-19,7,75.7,79.0,0.0,0.0,0.0,0.0,0,Clear sky,5.1,13.4,69,,Clear,False
2026-05-19,8,78.4,81.9,0.0,0.0,0.0,0.0,0,Clear sky,5.1,15.2,65,,Clear,False
2026-05-19,9,81.4,85.1,0.0,0.0,0.0,0.0,0,Clear sky,5.3,15.4,59,,Clear,False
2026-05-19,10,85.4,89.7,0.0,0.0,0.0,0.0,0,Clear sky,5.7,17.0,52,,Clear,False
2026-05-19,11,89.2,94.3,0.0,0.0,0.0,0.0,0,Clear sky,6.6,19.2,45,,Clear,False
2026-05-19,12,92.7,97.3,0.0,0.0,0.0,0.0,0,Clear sky,7.5,24.6,38,,Clear,False
2026-05-19,13,91.6,93.4,0.012,0.012,0.0,0.0,51,Light drizzle,13.2,32.2,38,,Drizzle,False
2026-05-19,14,95.6,94.9,0.012,0.012,0.0,0.0,51,Light drizzle,11.5,32.9,30,,Drizzle,False
2026-05-19,15,96.4,96.1,0.0,0.0,0.0,0.0,0,Clear sky,11.8,31.8,28,,Clear,False
2026-05-19,16,96.5,96.2,0.0,0.0,0.0,0.0,1,Mainly clear,10.5,30.9,29,,Clear,False
2026-05-19,17,95.2,94.2,0.004,0.004,0.0,0.0,51,Light drizzle,7.7,28.2,28,,Drizzle,False
2026-05-19,18,96.0,94.3,0.0,0.0,0.0,0.0,3,Overcast,9.6,23.9,28,,Cloudy,False
2026-05-19,19,94.9,92.6,0.0,0.0,0.0,0.0,0,Clear sky,10.2,27.1,27,,Clear,False
2026-05-19,20,92.3,90.3,0.0,0.0,0.0,0.0,3,Overcast,10.7,24.4,31,,Cloudy,False
2026-05-19,21,88.5,87.2,0.0,0.0,0.0,0.0,2,Partly cloudy,9.5,23.9,36,,Cloudy,False
2026-05-19,22,86.6,86.5,0.0,0.0,0.0,0.0,0,Clear sky,7.5,20.6,39,,Clear,False
2026-05-19,23,84.7,85.1,0.0,0.0,0.0,0.0,1,Mainly clear,7.5,16.3,44,,Clear,False
2026-05-20,0,82.9,83.8,0.0,0.0,0.0,0.0,2,Partly cloudy,7.8,17.0,50,,Cloudy,False
2026-05-20,1,81.9,83.1,0.0,0.0,0.0,0.0,3,Overcast,7.2,17.7,51,,Cloudy,False
2026-05-20,2,80.5,83.0,0.0,0.0,0.0,0.0,2,Partly cloudy,6.0,15.7,57,,Cloudy,False
2026-05-20,3,78.9,81.6,0.0,0.0,0.0,0.0,2,Partly cloudy,5.9,12.8,61,,Cloudy,False
2026-05-20,4,77.6,80.6,0.0,0.0,0.0,0.0,2,Partly cloudy,5.5,12.5,64,,Cloudy,False
2026-05-20,5,76.4,79.4,0.0,0.0,0.0,0.0,2,Partly cloudy,5.5,11.6,67,,Cloudy,False
2026-05-20,6,75.6,78.5,0.0,0.0,0.0,0.0,1,Mainly clear,6.0,12.8,70,,Clear,False
2026-05-20,7,76.8,80.2,0.0,0.0,0.0,0.0,1,Mainly clear,5.4,13.4,68,,Clear,False
2026-05-20,8,81.1,83.5,0.0,0.0,0.0,0.0,0,Clear sky,6.9,15.9,58,,Clear,False
2026-05-20,9,83.7,85.2,0.0,0.0,0.0,0.0,0,Clear sky,8.3,20.6,52,,Clear,False
2026-05-20,10,86.1,88.0,0.0,0.0,0.0,0.0,0,Clear sky,7.8,21.5,45,,Clear,False
2026-05-20,11,88.5,91.0,0.0,0.0,0.0,0.0,0,Clear sky,8.2,22.1,40,,Clear,False
2026-05-20,12,90.8,93.9,0.0,0.0,0.0,0.0,0,Clear sky,7.9,22.1,36,,Clear,False
2026-05-20,13,92.7,95.6,0.0,0.0,0.0,0.0,0,Clear sky,8.3,25.5,32,,Clear,False
2026-05-20,14,92.0,95.0,0.0,0.0,0.0,0.0,2,Partly cloudy,8.3,25.9,33,,Cloudy,False
2026-05-20,15,92.1,93.9,0.02,0.02,0.0,0.0,53,Moderate drizzle,7.1,24.2,33,,Drizzle,False
2026-05-20,16,90.0,88.5,0.012,0.012,0.0,0.0,51,Light drizzle,11.5,29.3,35,,Drizzle,False
2026-05-20,17,90.1,89.5,0.016,0.016,0.0,0.0,51,Light drizzle,8.2,28.2,35,,Drizzle,False
2026-05-20,18,78.1,80.6,0.047,0.047,0.0,0.0,55,Dense drizzle,9.3,31.1,69,,Drizzle,False
2026-05-20,19,77.8,82.5,0.051,0.051,0.0,0.0,61,Slight rain,6.8,19.7,75,,Rain,True
2026-05-20,20,74.4,79.5,0.012,0.012,0.0,0.0,51,Light drizzle,5.7,14.8,84,,Drizzle,False
2026-05-20,21,74.5,77.6,0.016,0.016,0.0,0.0,51,Light drizzle,6.6,14.8,75,,Drizzle,False
2026-05-20,22,72.5,74.3,0.02,0.02,0.0,0.0,53,Moderate drizzle,7.3,17.0,73,,Drizzle,False
2026-05-20,23,71.3,71.5,0.0,0.0,0.0,0.0,3,Overcast,6.8,16.6,66,,Cloudy,False
2026-05-21,0,69.9,68.6,0.0,0.0,0.0,0.0,2,Partly cloudy,6.9,17.2,59,,Cloudy,False
2026-05-21,1,68.6,66.6,0.0,0.0,0.0,0.0,3,Overcast,6.0,16.3,55,,Cloudy,False
2026-05-21,2,67.6,65.0,0.0,0.0,0.0,0.0,3,Overcast,6.4,14.8,54,,Cloudy,False
2026-05-21,3,66.4,62.9,0.0,0.0,0.0,0.0,3,Overcast,7.1,16.3,52,,Cloudy,False
2026-05-21,4,65.1,60.4,0.0,0.0,0.0,0.0,3,Overcast,7.5,17.7,46,,Cloudy,False
2026-05-21,5,64.2,58.8,0.0,0.0,0.0,0.0,3,Overcast,7.0,17.2,40,,Cloudy,False
2026-05-21,6,63.1,57.7,0.0,0.0,0.0,0.0,3,Overcast,6.6,16.6,40,,Cloudy,False
2026-05-21,7,63.5,57.7,0.0,0.0,0.0,0.0,3,Overcast,7.4,17.7,40,,Cloudy,False
2026-05-21,8,64.1,58.3,0.0,0.0,0.0,0.0,3,Overcast,8.2,19.9,42,,Cloudy,False
2026-05-21,9,62.0,56.9,0.004,0.004,0.0,0.0,51,Light drizzle,8.2,21.7,51,,Drizzle,False
2026-05-21,10,59.8,55.6,0.012,0.012,0.0,0.0,51,Light drizzle,8.0,21.3,62,,Drizzle,False
2026-05-21,11,57.6,55.3,0.067,0.067,0.0,0.0,61,Slight rain,6.8,19.5,81,,Rain,True
2026-05-21,12,57.3,56.3,0.122,0.122,0.0,0.0,63,Moderate rain,5.7,15.7,90,,Rain,True
2026-05-21,13,58.0,57.2,0.083,0.083,0.0,0.0,61,Slight rain,5.6,12.8,90,,Rain,True
2026-05-21,14,58.7,58.2,0.047,0.047,0.0,0.0,55,Dense drizzle,5.3,16.6,89,,Drizzle,False
2026-05-21,15,58.6,57.7,0.043,0.043,0.0,0.0,55,Dense drizzle,6.1,14.8,88,,Drizzle,False
2026-05-21,16,58.9,58.6,0.028,0.028,0.0,0.0,53,Moderate drizzle,3.7,14.8,84,,Drizzle,False
2026-05-21,17,58.9,58.6,0.012,0.012,0.0,0.0,51,Light drizzle,3.0,10.5,81,,Drizzle,False
2026-05-21,18,59.5,59.7,0.0,0.0,0.0,0.0,3,Overcast,1.7,8.9,78,,Cloudy,False
2026-05-21,19,59.9,60.0,0.0,0.0,0.0,0.0,3,Overcast,1.6,5.6,77,,Cloudy,False
2026-05-21,20,60.9,60.4,0.0,0.0,0.0,0.0,3,Overcast,1.3,4.3,68,,Cloudy,False
2026-05-21,21,60.9,61.1,0.0,0.0,0.0,0.0,3,Overcast,0.0,2.5,69,,Cloudy,False
2026-05-21,22,60.7,60.7,0.0,0.0,0.0,0.0,3,Overcast,0.4,1.3,69,,Cloudy,False
2026-05-21,23,60.5,60.9,0.0,0.0,0.0,0.0,3,Overcast,0.0,1.3,71,,Cloudy,False
2026-05-22,0,60.0,59.8,0.0,0.0,0.0,0.0,3,Overcast,1.0,2.2,71,,Cloudy,False
2026-05-22,1,59.4,58.8,0.0,0.0,0.0,0.0,3,Overcast,2.5,5.4,75,,Cloudy,False
2026-05-22,2,58.2,56.6,0.0,0.0,0.0,0.0,3,Overcast,3.7,8.7,73,,Cloudy,False
2026-05-22,3,57.4,54.8,0.0,0.0,0.0,0.0,3,Overcast,4.1,8.9,67,,Cloudy,False
2026-05-22,4,56.8,52.9,0.0,0.0,0.0,0.0,3,Overcast,6.0,12.8,64,,Cloudy,False
2026-05-22,5,56.1,50.8,0.0,0.0,0.0,0.0,3,Overcast,7.6,16.8,58,,Cloudy,False
2026-05-22,6,55.1,49.7,0.0,0.0,0.0,0.0,3,Overcast,7.8,17.4,60,,Cloudy,False
2026-05-22,7,55.1,49.4,0.0,0.0,0.0,0.0,3,Overcast,8.2,18.8,58,,Cloudy,False
2026-05-22,8,57.2,50.4,0.0,0.0,0.0,0.0,3,Overcast,8.9,21.5,46,,Cloudy,False
2026-05-22,9,59.5,52.8,0.0,0.0,0.0,0.0,3,Overcast,9.0,23.0,43,,Cloudy,False
2026-05-22,10,61.7,55.6,0.0,0.0,0.0,0.0,3,Overcast,9.0,24.4,41,,Cloudy,False
2026-05-22,11,61.2,54.4,0.0,0.0,0.0,0.0,3,Overcast,9.0,24.4,41,,Cloudy,False
2026-05-22,12,61.4,54.6,0.0,0.0,0.0,0.0,3,Overcast,8.7,23.3,39,,Cloudy,False
2026-05-22,13,63.2,56.4,0.0,0.0,0.0,0.0,3,Overcast,8.9,23.7,37,,Cloudy,False
2026-05-22,14,67.5,61.3,0.0,0.0,0.0,0.0,2,Partly cloudy,8.5,23.9,27,,Cloudy,False
2026-05-22,15,68.4,64.9,0.0,0.0,0.0,0.0,3,Overcast,7.6,24.2,27,,Cloudy,False
2026-05-22,16,69.1,65.3,0.0,0.0,0.0,0.0,3,Overcast,5.8,22.4,28,,Cloudy,False
2026-05-22,17,68.3,63.0,0.0,0.0,0.0,0.0,3,Overcast,5.7,18.3,31,,Cloudy,False
2026-05-22,18,64.6,58.2,0.0,0.0,0.0,0.0,3,Overcast,8.4,21.9,37,,Cloudy,False
2026-05-22,19,61.1,54.7,0.0,0.0,0.0,0.0,3,Overcast,8.1,22.4,41,,Cloudy,False
2026-05-22,20,59.8,54.0,0.0,0.0,0.0,0.0,3,Overcast,6.7,20.4,42,,Cloudy,False
2026-05-22,21,58.7,53.4,0.0,0.0,0.0,0.0,3,Overcast,5.9,16.1,46,,Cloudy,False
2026-05-22,22,58.2,53.3,0.0,0.0,0.0,0.0,3,Overcast,4.8,14.5,47,,Cloudy,False
2026-05-22,23,57.8,53.4,0.0,0.0,0.0,0.0,3,Overcast,3.9,12.1,47,,Cloudy,False
2026-05-23,0,57.4,52.6,0.0,0.0,0.0,0.0,3,Overcast,4.5,11.4,47,,Cloudy,False
2026-05-23,1,57.0,52.2,0.0,0.0,0.0,0.0,3,Overcast,4.4,11.4,47,,Cloudy,False
2026-05-23,2,56.8,51.7,0.0,0.0,0.0,0.0,3,Overcast,5.0,11.0,47,,Cloudy,False
2026-05-23,3,56.7,51.9,0.0,0.0,0.0,0.0,3,Overcast,4.3,11.9,48,,Cloudy,False
2026-05-23,4,56.5,51.8,0.0,0.0,0.0,0.0,3,Overcast,4.3,10.5,49,,Cloudy,False
2026-05-23,5,56.1,51.1,0.0,0.0,0.0,0.0,3,Overcast,4.8,11.6,49,,Cloudy,False
2026-05-23,6,54.9,50.1,0.008,0.008,0.0,0.0,51,Light drizzle,4.4,11.6,51,,Drizzle,False
2026-05-23,7,54.0,49.2,0.012,0.012,0.0,0.0,51,Light drizzle,4.9,11.4,56,,Drizzle,False
2026-05-23,8,55.0,50.1,0.0,0.0,0.0,0.0,3,Overcast,5.6,13.0,56,,Cloudy,False
2026-05-23,9,55.9,52.2,0.0,0.0,0.0,0.0,3,Overcast,4.4,13.2,61,,Cloudy,False
2026-05-23,10,55.8,51.9,0.008,0.008,0.0,0.0,51,Light drizzle,6.4,15.9,68,,Drizzle,False
2026-05-23,11,55.2,51.3,0.031,0.031,0.0,0.0,53,Moderate drizzle,7.1,16.3,72,,Drizzle,False
2026-05-23,12,55.0,50.6,0.031,0.031,0.0,0.0,53,Moderate drizzle,7.4,17.0,69,,Drizzle,False
2026-05-23,13,53.7,49.0,0.067,0.067,0.0,0.0,61,Slight rain,8.4,17.9,73,,Rain,True
2026-05-23,14,53.0,48.1,0.059,0.059,0.0,0.0,61,Slight rain,8.9,19.2,76,,Rain,True
2026-05-23,15,53.0,48.5,0.035,0.035,0.0,0.0,53,Moderate drizzle,7.3,19.9,74,,Drizzle,False
2026-05-23,16,52.2,48.2,0.051,0.051,0.0,0.0,61,Slight rain,7.1,16.3,81,,Rain,True
2026-05-23,17,51.3,47.2,0.063,0.063,0.0,0.0,61,Slight rain,7.4,16.3,84,,Rain,True
2026-05-23,18,50.6,46.6,0.091,0.091,0.0,0.0,61,Slight rain,7.5,17.7,87,,Rain,True
2026-05-23,19,50.5,46.5,0.075,0.075,0.0,0.0,61,Slight rain,7.6,16.1,89,,Rain,True
2026-05-23,20,51.2,47.5,0.031,0.031,0.0,0.0,53,Moderate drizzle,7.6,16.8,90,,Drizzle,False
2026-05-23,21,50.7,46.7,0.031,0.031,0.0,0.0,53,Moderate drizzle,8.3,17.2,90,,Drizzle,False
2026-05-23,22,50.5,46.3,0.008,0.008,0.0,0.0,51,Light drizzle,8.0,17.9,87,,Drizzle,False
2026-05-23,23,50.8,46.6,0.0,0.0,0.0,0.0,3,Overcast,7.8,17.9,85,,Cloudy,False
2026-05-24,0,51.3,47.0,0.004,0.004,0.0,0.0,51,Light drizzle,7.6,17.9,82,,Drizzle,False
2026-05-24,1,51.5,47.5,0.012,0.012,0.0,0.0,51,Light drizzle,7.4,17.9,83,,Drizzle,False
2026-05-24,2,51.3,47.3,0.055,0.055,0.0,0.0,61,Slight rain,8.7,17.0,92,,Rain,True
2026-05-24,3,50.7,46.5,0.098,0.098,0.0,0.0,63,Moderate rain,9.4,19.5,93,,Rain,True
2026-05-24,4,50.5,46.3,0.094,0.094,0.0,0.0,61,Slight rain,9.3,19.5,93,,Rain,True
2026-05-24,5,50.5,46.3,0.091,0.091,0.0,0.0,61,Slight rain,8.9,19.9,94,,Rain,True
2026-05-24,6,50.5,46.8,0.106,0.106,0.0,0.0,63,Moderate rain,8.2,18.3,94,,Rain,True
2026-05-24,7,50.9,46.7,0.079,0.079,0.0,0.0,61,Slight rain,9.5,19.7,94,,Rain,True
2026-05-24,8,52.0,48.6,0.024,0.024,0.0,0.0,53,Moderate drizzle,8.6,20.8,95,,Drizzle,False
2026-05-24,9,52.6,50.1,0.051,0.051,0.0,0.0,61,Slight rain,7.2,19.0,96,,Rain,True
2026-05-24,10,53.2,51.4,0.106,0.106,0.0,0.0,63,Moderate rain,5.9,16.8,96,,Rain,True
2026-05-24,11,53.9,52.1,0.122,0.122,0.0,0.0,63,Moderate rain,6.1,14.8,96,,Rain,True
2026-05-24,12,55.5,52.8,0.083,0.083,0.0,0.0,61,Slight rain,8.5,18.3,91,,Rain,True
2026-05-24,13,56.3,53.5,0.043,0.043,0.0,0.0,55,Dense drizzle,9.4,20.8,91,,Drizzle,False
2026-05-24,14,56.8,53.3,0.047,0.047,0.0,0.0,55,Dense drizzle,10.2,24.6,86,,Drizzle,False
2026-05-24,15,58.3,55.3,0.0,0.0,0.0,0.0,3,Overcast,9.3,23.0,83,,Cloudy,False
2026-05-24,16,59.3,56.8,0.0,0.0,0.0,0.0,3,Overcast,8.7,21.9,82,,Cloudy,False
2026-05-24,17,58.8,56.6,0.0,0.0,0.0,0.0,3,Overcast,8.5,20.8,85,,Cloudy,False
2026-05-24,18,58.7,57.3,0.0,0.0,0.0,0.0,3,Overcast,6.9,20.4,87,,Cloudy,False
2026-05-24,19,58.6,57.3,0.02,0.02,0.0,0.0,53,Moderate drizzle,7.0,18.8,90,,Drizzle,False
2026-05-24,20,56.9,55.3,0.055,0.055,0.0,0.0,61,Slight rain,7.4,16.3,93,,Rain,True
2026-05-24,21,56.8,55.8,0.008,0.008,0.0,0.0,51,Light drizzle,6.0,15.9,94,,Drizzle,False
2026-05-24,22,56.8,56.4,0.008,0.008,0.0,0.0,51,Light drizzle,5.2,12.5,95,,Drizzle,False
2026-05-24,23,56.9,57.0,0.0,0.0,0.0,0.0,3,Overcast,4.2,10.5,96,,Cloudy,False
2026-05-25,0,56.9,57.3,0.0,0.0,0.0,0.0,3,Overcast,3.8,8.5,97,,Cloudy,False
2026-05-25,1,56.9,57.8,0.004,0.004,0.0,0.0,51,Light drizzle,2.7,7.6,97,,Drizzle,False
2026-05-25,2,56.9,58.4,0.0,0.0,0.0,0.0,3,Overcast,1.1,5.6,97,,Cloudy,False
2026-05-25,3,57.2,58.9,0.0,0.0,0.0,0.0,3,Overcast,0.6,1.6,96,,Cloudy,False
2026-05-25,4,57.2,58.8,0.004,0.004,0.0,0.0,51,Light drizzle,0.9,2.0,96,,Drizzle,False
2026-05-25,5,57.2,59.0,0.0,0.0,0.0,0.0,3,Overcast,0.5,2.7,96,,Cloudy,False
2026-05-25,6,57.4,58.5,0.004,0.004,0.0,0.0,51,Light drizzle,2.4,5.1,97,,Drizzle,False
2026-05-25,7,57.7,59.0,0.028,0.028,0.0,0.0,53,Moderate drizzle,2.3,5.4,97,,Drizzle,False
2026-05-25,8,57.7,58.9,0.071,0.071,0.0,0.0,61,Slight rain,2.8,7.2,98,,Rain,True
2026-05-25,9,59.3,60.7,0.028,0.028,0.0,0.0,53,Moderate drizzle,3.0,8.1,96,,Drizzle,False
2026-05-25,10,60.5,61.8,0.035,0.035,0.0,0.0,53,Moderate drizzle,4.0,10.3,95,,Drizzle,False
2026-05-25,11,61.5,62.4,0.012,0.012,0.0,0.0,51,Light drizzle,5.4,13.0,93,,Drizzle,False
2026-05-25,12,64.6,65.2,0.004,0.004,0.0,0.0,51,Light drizzle,6.8,16.6,86,,Drizzle,False
2026-05-25,13,66.2,67.0,0.0,0.0,0.0,0.0,3,Overcast,6.5,17.4,82,,Cloudy,False
2026-05-25,14,69.1,69.9,0.0,0.0,0.0,0.0,3,Overcast,6.8,16.8,75,,Cloudy,False
2026-05-25,15,70.0,71.3,0.0,0.0,0.0,0.0,3,Overcast,6.0,17.7,74,,Cloudy,False
2026-05-25,16,71.4,74.7,0.0,0.0,0.0,0.0,3,Overcast,2.2,15.2,72,,Cloudy,False
2026-05-25,17,73.6,76.3,0.0,0.0,0.0,0.0,2,Partly cloudy,4.4,12.3,69,,Cloudy,False
2026-05-25,18,73.0,75.9,0.0,0.0,0.0,0.0,3,Overcast,5.4,13.4,73,,Cloudy,False
2026-05-25,19,71.3,74.2,0.0,0.0,0.0,0.0,3,Overcast,5.9,13.4,80,,Cloudy,False
2026-05-25,20,70.4,73.4,0.0,0.0,0.0,0.0,3,Overcast,5.7,13.4,82,,Cloudy,False
2026-05-25,21,68.3,71.0,0.0,0.0,0.0,0.0,3,Overcast,5.6,12.3,86,,Cloudy,False
2026-05-25,22,67.2,70.1,0.0,0.0,0.0,0.0,2,Partly cloudy,5.1,11.2,89,,Cloudy,False
2026-05-25,23,66.1,69.4,0.0,0.0,0.0,0.0,2,Partly cloudy,4.0,10.1,92,,Cloudy,False
2026-05-26,0,64.4,67.8,0.0,0.0,0.0,0.0,1,Mainly clear,2.6,7.8,94,,Clear,False
2026-05-26,1,62.9,65.4,0.0,0.0,0.0,0.0,1,Mainly clear,2.6,5.1,92,,Clear,False
2026-05-26,2,62.9,63.6,0.0,0.0,0.0,0.0,0,Clear sky,4.0,7.2,83,,Clear,False
2026-05-26,3,61.8,61.9,0.0,0.0,0.0,0.0,0,Clear sky,4.8,9.4,83,,Clear,False
2026-05-26,4,60.6,60.3,0.0,0.0,0.0,0.0,0,Clear sky,5.5,11.2,85,,Clear,False
2026-05-26,5,59.3,59.2,0.0,0.0,0.0,0.0,3,Overcast,4.7,11.2,89,,Cloudy,False
2026-05-26,6,58.5,58.6,0.0,0.0,0.0,0.0,1,Mainly clear,3.9,9.4,90,,Clear,False
2026-05-26,7,60.3,60.8,0.0,0.0,0.0,0.0,1,Mainly clear,3.4,7.6,87,,Clear,False
2026-05-26,8,63.7,64.0,0.0,0.0,0.0,0.0,2,Partly cloudy,3.1,9.4,74,,Cloudy,False
2026-05-26,9,67.0,67.4,0.0,0.0,0.0,0.0,2,Partly cloudy,3.4,10.5,67,,Cloudy,False
2026-05-26,10,70.2,71.5,0.0,0.0,0.0,0.0,3,Overcast,4.1,12.8,61,,Cloudy,False
2026-05-26,11,72.6,76.1,0.0,0.0,0.0,0.0,3,Overcast,2.4,12.8,56,,Cloudy,False
2026-05-26,12,74.8,79.9,0.0,0.0,0.0,0.0,2,Partly cloudy,1.7,9.8,51,,Cloudy,False
2026-05-26,13,76.4,81.9,0.0,0.0,0.0,0.0,2,Partly cloudy,1.1,9.2,46,,Cloudy,False
2026-05-26,14,78.8,82.6,0.0,0.0,0.0,0.0,3,Overcast,1.9,8.7,37,,Cloudy,False
2026-05-26,15,78.8,81.1,0.0,0.0,0.0,0.0,3,Overcast,3.7,12.1,39,,Cloudy,False
2026-05-26,16,78.5,79.5,0.0,0.0,0.0,0.0,3,Overcast,5.7,15.4,43,,Cloudy,False
2026-05-26,17,77.6,76.6,0.0,0.0,0.0,0.0,3,Overcast,6.3,16.6,43,,Cloudy,False
2026-05-26,18,76.0,74.4,0.0,0.0,0.0,0.0,3,Overcast,5.5,16.1,44,,Cloudy,False
2026-05-26,19,72.9,72.0,0.0,0.0,0.0,0.0,3,Overcast,4.9,13.0,52,,Cloudy,False
2026-05-26,20,70.4,69.1,0.0,0.0,0.0,0.0,3,Overcast,5.8,11.6,55,,Cloudy,False
2026-05-26,21,67.5,66.6,0.0,0.0,0.0,0.0,3,Overcast,6.1,13.2,65,,Cloudy,False
2026-05-26,22,66.8,66.5,0.0,0.0,0.0,0.0,3,Overcast,6.1,13.2,71,,Cloudy,False
2026-05-26,23,66.3,66.2,0.0,0.0,0.0,0.0,3,Overcast,5.8,12.5,73,,Cloudy,False
2026-05-27,0,66.1,66.1,0.0,0.0,0.0,0.0,3,Overcast,6.3,13.0,76,,Cloudy,False
2026-05-27,1,65.8,65.7,0.0,0.0,0.0,0.0,3,Overcast,6.6,13.6,76,,Cloudy,False
2026-05-27,2,66.2,66.5,0.0,0.0,0.0,0.0,3,Overcast,5.3,13.4,74,,Cloudy,False
2026-05-27,3,66.4,66.8,0.0,0.0,0.0,0.0,3,Overcast,5.6,11.6,76,,Cloudy,False
2026-05-27,4,66.2,67.1,0.0,0.0,0.0,0.0,3,Overcast,5.1,11.6,78,,Cloudy,False
2026-05-27,5,66.3,67.2,0.0,0.0,0.0,0.0,3,Overcast,5.6,11.4,79,,Cloudy,False
2026-05-27,6,66.2,67.3,0.0,0.0,0.0,0.0,3,Overcast,5.6,11.4,81,,Cloudy,False
2026-05-27,7,66.9,68.5,0.0,0.0,0.0,0.0,3,Overcast,5.3,11.6,82,,Cloudy,False
2026-05-27,8,70.4,73.2,0.0,0.0,0.0,0.0,3,Overcast,4.2,11.9,77,,Cloudy,False
2026-05-27,9,72.3,75.6,0.0,0.0,0.0,0.0,3,Overcast,4.5,12.1,76,,Cloudy,False
2026-05-27,10,74.9,78.8,0.0,0.0,0.0,0.0,3,Overcast,4.7,13.4,73,,Cloudy,False
2026-05-27,11,75.6,79.8,0.0,0.0,0.0,0.0,3,Overcast,4.8,13.4,74,,Cloudy,False
2026-05-27,12,74.5,78.4,0.0,0.0,0.0,0.0,3,Overcast,6.4,15.4,79,,Cloudy,False
2026-05-27,13,77.2,81.6,0.0,0.0,0.0,0.0,3,Overcast,6.6,17.0,75,,Cloudy,False
2026-05-27,14,78.4,82.3,0.0,0.0,0.0,0.0,3,Overcast,6.8,18.3,70,,Cloudy,False
2026-05-27,15,78.5,82.2,0.0,0.0,0.0,0.0,3,Overcast,7.2,17.9,69,,Cloudy,False
2026-05-27,16,79.9,83.5,0.0,0.0,0.0,0.0,2,Partly cloudy,7.4,18.6,66,,Cloudy,False
2026-05-27,17,81.4,84.5,0.0,0.0,0.0,0.0,1,Mainly clear,7.8,23.3,60,,Clear,False
2026-05-27,18,81.6,83.1,0.0,0.0,0.0,0.0,1,Mainly clear,8.5,22.1,55,,Clear,False
2026-05-27,19,80.1,82.6,0.0,0.0,0.0,0.0,2,Partly cloudy,7.7,18.6,61,,Cloudy,False
2026-05-27,20,78.0,80.2,0.0,0.0,0.0,0.0,1,Mainly clear,8.2,17.0,65,,Clear,False
2026-05-27,21,76.7,79.0,0.0,0.0,0.0,0.0,3,Overcast,7.7,17.7,67,,Cloudy,False
2026-05-27,22,75.7,78.0,0.0,0.0,0.0,0.0,3,Overcast,6.7,16.1,68,,Cloudy,False
2026-05-27,23,75.2,75.7,0.0,0.0,0.0,0.0,3,Overcast,7.3,15.4,60,,Cloudy,False
2026-05-28,0,73.9,72.1,0.0,0.0,0.0,0.0,3,Overcast,7.9,17.0,51,,Cloudy,False
2026-05-28,1,71.7,69.5,0.0,0.0,0.0,0.0,3,Overcast,7.2,16.8,51,,Cloudy,False
2026-05-28,2,70.2,67.7,0.0,0.0,0.0,0.0,3,Overcast,6.5,15.4,51,,Cloudy,False
2026-05-28,3,69.3,66.5,0.0,0.0,0.0,0.0,2,Partly cloudy,6.8,14.5,51,,Cloudy,False
2026-05-28,4,68.7,66.2,0.0,0.0,0.0,0.0,0,Clear sky,6.5,15.2,52,,Clear,False
2026-05-28,5,66.7,64.9,0.0,0.0,0.0,0.0,1,Mainly clear,5.1,13.9,57,,Clear,False
2026-05-28,6,65.3,63.5,0.0,0.0,0.0,0.0,0,Clear sky,5.2,10.5,61,,Clear,False
2026-05-28,7,66.5,64.6,0.0,0.0,0.0,0.0,0,Clear sky,5.6,13.0,59,,Clear,False
2026-05-28,8,69.0,67.2,0.0,0.0,0.0,0.0,0,Clear sky,5.7,15.9,54,,Clear,False
2026-05-28,9,71.8,69.5,0.0,0.0,0.0,0.0,0,Clear sky,5.9,15.7,47,,Clear,False
2026-05-28,10,73.6,71.7,0.0,0.0,0.0,0.0,1,Mainly clear,6.7,17.9,43,,Clear,False
2026-05-28,11,74.5,69.8,0.0,0.0,0.0,0.0,1,Mainly clear,9.1,22.8,34,,Clear,False
2026-05-28,12,76.5,71.6,0.0,0.0,0.0,0.0,1,Mainly clear,10.5,25.7,27,,Clear,False
2026-05-28,13,75.8,68.7,0.0,0.0,0.0,0.0,1,Mainly clear,15.3,36.0,29,,Clear,False
2026-05-28,14,74.8,69.1,0.0,0.0,0.0,0.0,1,Mainly clear,12.8,36.2,32,,Clear,False
2026-05-28,15,75.8,69.2,0.0,0.0,0.0,0.0,1,Mainly clear,13.0,30.4,30,,Clear,False
2026-05-28,16,74.5,67.9,0.0,0.0,0.0,0.0,2,Partly cloudy,12.3,31.8,33,,Cloudy,False
2026-05-28,17,73.5,66.6,0.0,0.0,0.0,0.0,1,Mainly clear,12.9,30.0,35,,Clear,False
2026-05-28,18,72.4,65.6,0.0,0.0,0.0,0.0,2,Partly cloudy,12.7,30.6,36,,Cloudy,False
2026-05-28,19,70.3,63.9,0.0,0.0,0.0,0.0,2,Partly cloudy,12.2,34.0,40,,Cloudy,False
2026-05-28,20,69.5,63.9,0.0,0.0,0.0,0.0,3,Overcast,9.9,27.5,40,,Cloudy,False
2026-05-28,21,68.2,63.2,0.0,0.0,0.0,0.0,2,Partly cloudy,8.6,22.4,43,,Cloudy,False
2026-05-28,22,66.4,61.7,0.0,0.0,0.0,0.0,0,Clear sky,8.0,19.7,46,,Clear,False
2026-05-28,23,64.5,59.7,0.0,0.0,0.0,0.0,0,Clear sky,8.1,18.3,48,,Clear,False
2026-05-29,0,63.1,58.4,0.0,0.0,0.0,0.0,0,Clear sky,7.6,18.3,49,,Clear,False
2026-05-29,1,61.9,57.3,0.0,0.0,0.0,0.0,0,Clear sky,7.2,17.2,52,,Clear,False
2026-05-29,2,60.4,56.2,0.0,0.0,0.0,0.0,2,Partly cloudy,6.8,16.1,56,,Cloudy,False
2026-05-29,3,59.6,55.7,0.0,0.0,0.0,0.0,1,Mainly clear,6.3,14.8,58,,Clear,False
2026-05-29,4,58.6,55.0,0.0,0.0,0.0,0.0,0,Clear sky,5.7,13.9,61,,Clear,False
2026-05-29,5,58.1,54.4,0.0,0.0,0.0,0.0,1,Mainly clear,5.9,13.0,62,,Clear,False
2026-05-29,6,57.8,54.0,0.0,0.0,0.0,0.0,0,Clear sky,6.0,13.0,62,,Clear,False
2026-05-29,7,59.4,55.8,0.0,0.0,0.0,0.0,0,Clear sky,5.4,14.1,59,,Clear,False
2026-05-29,8,62.9,59.0,0.0,0.0,0.0,0.0,0,Clear sky,6.0,15.2,52,,Clear,False
2026-05-29,9,66.1,61.9,0.0,0.0,0.0,0.0,2,Partly cloudy,6.5,17.4,45,,Cloudy,False
2026-05-29,10,67.8,63.2,0.0,0.0,0.0,0.0,0,Clear sky,5.6,17.7,37,,Clear,False
2026-05-29,11,71.2,69.2,0.0,0.0,0.0,0.0,0,Clear sky,4.9,16.3,32,,Clear,False
2026-05-29,12,73.4,72.7,0.0,0.0,0.0,0.0,0,Clear sky,5.0,16.6,29,,Clear,False
2026-05-29,13,75.7,74.4,0.0,0.0,0.0,0.0,1,Mainly clear,6.6,19.7,26,,Clear,False
2026-05-29,14,76.6,75.4,0.0,0.0,0.0,0.0,2,Partly cloudy,6.8,22.1,26,,Cloudy,False
2026-05-29,15,78.2,74.7,0.0,0.0,0.0,0.0,3,Overcast,8.0,22.1,23,,Cloudy,False
2026-05-29,16,79.0,72.6,0.0,0.0,0.0,0.0,3,Overcast,8.2,22.1,22,,Cloudy,False
2026-05-29,17,80.2,73.4,0.0,0.0,0.0,0.0,3,Overcast,10.5,25.9,22,,Cloudy,False
2026-05-29,18,79.0,72.2,0.0,0.0,0.0,0.0,3,Overcast,10.2,25.9,25,,Cloudy,False
2026-05-29,19,78.5,72.2,0.0,0.0,0.0,0.0,3,Overcast,8.5,23.9,24,,Cloudy,False
2026-05-29,20,75.9,69.9,0.0,0.0,0.0,0.0,3,Overcast,8.6,25.5,27,,Cloudy,False
2026-05-29,21,74.8,68.8,0.0,0.0,0.0,0.0,3,Overcast,9.7,22.1,31,,Cloudy,False
2026-05-29,22,73.5,68.4,0.0,0.0,0.0,0.0,3,Overcast,10.3,23.9,39,,Cloudy,False
2026-05-29,23,70.0,66.4,0.004,0.004,0.0,0.0,51,Light drizzle,8.5,23.7,49,,Drizzle,False
2026-05-30,0,67.6,65.3,0.0,0.0,0.0,0.0,3,Overcast,7.4,19.5,59,,Cloudy,False
2026-05-30,1,68.6,66.3,0.0,0.0,0.0,0.0,0,Clear sky,6.7,16.6,54,,Clear,False
2026-05-30,2,69.1,63.3,0.0,0.0,0.0,0.0,3,Overcast,11.4,27.3,44,,Cloudy,False
2026-05-30,3,65.4,58.4,0.0,0.0,0.0,0.0,0,Clear sky,12.1,28.4,44,,Clear,False
2026-05-30,4,61.3,52.6,0.0,0.0,0.0,0.0,0,Clear sky,12.8,29.5,38,,Clear,False
2026-05-30,5,57.0,48.0,0.0,0.0,0.0,0.0,0,Clear sky,12.8,30.4,41,,Clear,False
2026-05-30,6,53.3,44.0,0.0,0.0,0.0,0.0,1,Mainly clear,14.1,32.4,49,,Clear,False
2026-05-30,7,53.9,45.4,0.0,0.0,0.0,0.0,0,Clear sky,12.6,32.4,50,,Clear,False
2026-05-30,8,56.5,47.2,0.0,0.0,0.0,0.0,3,Overcast,14.6,34.7,47,,Cloudy,False
2026-05-30,9,57.7,48.5,0.0,0.0,0.0,0.0,2,Partly cloudy,15.0,39.4,47,,Cloudy,False
2026-05-30,10,59.6,49.6,0.0,0.0,0.0,0.0,2,Partly cloudy,16.5,39.6,41,,Cloudy,False
2026-05-30,11,60.4,51.4,0.0,0.0,0.0,0.0,3,Overcast,17.2,41.6,39,,Cloudy,False
2026-05-30,12,60.4,51.6,0.0,0.0,0.0,0.0,3,Overcast,17.1,41.8,41,,Cloudy,False
2026-05-30,13,59.5,49.9,0.0,0.0,0.0,0.0,3,Overcast,15.4,41.2,42,,Cloudy,False
2026-05-30,14,59.5,50.0,0.0,0.0,0.0,0.0,3,Overcast,15.5,37.4,43,,Cloudy,False
2026-05-30,15,59.8,50.6,0.0,0.0,0.0,0.0,3,Overcast,14.9,36.9,44,,Cloudy,False
2026-05-30,16,60.9,52.0,0.0,0.0,0.0,0.0,3,Overcast,14.5,35.8,42,,Cloudy,False
2026-05-30,17,61.2,52.2,0.0,0.0,0.0,0.0,3,Overcast,14.4,34.7,42,,Cloudy,False
2026-05-30,18,61.7,54.2,0.0,0.0,0.0,0.0,0,Clear sky,10.8,34.0,40,,Clear,False
2026-05-30,19,61.9,55.3,0.0,0.0,0.0,0.0,0,Clear sky,8.6,25.3,40,,Clear,False
2026-05-30,20,60.7,55.3,0.0,0.0,0.0,0.0,0,Clear sky,7.1,20.8,47,,Clear,False
2026-05-30,21,55.2,49.8,0.0,0.0,0.0,0.0,0,Clear sky,7.6,20.4,58,,Clear,False
2026-05-30,22,53.2,50.2,0.0,0.0,0.0,0.0,0,Clear sky,2.2,17.4,64,,Clear,False
2026-05-30,23,53.1,51.3,0.0,0.0,0.0,0.0,0,Clear sky,0.0,5.6,69,,Clear,False
2026-05-31,0,52.6,50.2,0.0,0.0,0.0,0.0,0,Clear sky,1.2,3.6,68,,Clear,False
2026-05-31,1,52.2,49.5,0.0,0.0,0.0,0.0,0,Clear sky,2.0,5.1,71,,Clear,False
2026-05-31,2,50.0,48.0,0.0,0.0,0.0,0.0,0,Clear sky,1.4,4.9,81,,Clear,False
2026-05-31,3,50.0,47.6,0.0,0.0,0.0,0.0,0,Clear sky,2.1,4.5,81,,Clear,False
2026-05-31,4,49.9,46.9,0.0,0.0,0.0,0.0,0,Clear sky,2.7,6.0,76,,Clear,False
2026-05-31,5,49.6,45.9,0.0,0.0,0.0,0.0,0,Clear sky,3.2,7.2,70,,Clear,False
2026-05-31,6,49.7,46.2,0.0,0.0,0.0,0.0,0,Clear sky,2.8,7.2,70,,Clear,False
2026-05-31,7,52.3,48.6,0.0,0.0,0.0,0.0,1,Mainly clear,3.3,8.5,65,,Clear,False
2026-05-31,8,55.1,51.7,0.0,0.0,0.0,0.0,2,Partly cloudy,2.7,11.0,58,,Cloudy,False
2026-05-31,9,60.4,56.9,0.0,0.0,0.0,0.0,1,Mainly clear,2.6,10.3,48,,Clear,False
2026-05-31,10,64.9,62.6,0.0,0.0,0.0,0.0,1,Mainly clear,3.4,12.5,41,,Clear,False
2026-05-31,11,68.6,67.7,0.0,0.0,0.0,0.0,2,Partly cloudy,4.3,14.5,37,,Cloudy,False
2026-05-31,12,72.1,71.0,0.0,0.0,0.0,0.0,2,Partly cloudy,6.3,18.3,32,,Cloudy,False
2026-05-31,13,75.9,72.4,0.0,0.0,0.0,0.0,3,Overcast,10.1,25.1,25,,Cloudy,False
2026-05-31,14,75.4,68.2,0.0,0.0,0.0,0.0,3,Overcast,9.8,26.4,24,,Cloudy,False
2026-05-31,15,76.6,69.0,0.0,0.0,0.0,0.0,3,Overcast,10.9,26.4,24,,Cloudy,False
2026-05-31,16,77.2,68.9,0.0,0.0,0.0,0.0,3,Overcast,11.9,27.7,22,,Cloudy,False
2026-05-31,17,77.2,69.1,0.0,0.0,0.0,0.0,3,Overcast,10.7,28.0,21,,Cloudy,False
2026-05-31,18,78.0,69.9,0.0,0.0,0.0,0.0,3,Overcast,10.8,27.5,20,,Cloudy,False
2026-05-31,19,76.3,69.5,0.0,0.0,0.0,0.0,2,Partly cloudy,8.1,23.3,22,,Cloudy,False
2026-05-31,20,73.7,68.9,0.0,0.0,0.0,0.0,2,Partly cloudy,4.9,22.4,28,,Cloudy,False
2026-05-31,21,70.1,67.1,0.0,0.0,0.0,0.0,1,Mainly clear,2.7,10.1,37,,Clear,False
2026-05-31,22,68.5,66.9,0.0,0.0,0.0,0.0,1,Mainly clear,1.2,4.7,44,,Clear,False
2026-05-31,23,66.9,64.9,0.0,0.0,0.0,0.0,2,Partly cloudy,0.9,2.0,43,,Cloudy,False
